{
  "accepted": [],
  "rejected": [
    "tp_080_10__180_15__be1_000",
    "tp_080_15__200_20__be1_000",
    "tp_100_10__200_15__be1_010",
    "tp_100_15__220_20__be1_010",
    "tp1_only_090_15__be1_000",
    "tp1_only_100_15__be1_010"
  ],
  "final_score": 0.6514725815406749,
  "base_score": 0.6514725815406749,
  "rounds": 1,
  "elapsed_seconds": 0.0
}