timestamp,equity
2026-02-25T08:00:00+00:00,10000.00
2026-02-25T08:15:00+00:00,10000.00
2026-02-25T08:15:00+00:00,10000.00
2026-02-25T08:15:00+00:00,10000.00
2026-02-25T08:30:00+00:00,10000.00
2026-02-25T08:30:00+00:00,10000.00
2026-02-25T08:30:00+00:00,10000.00
2026-02-25T08:45:00+00:00,10000.00
2026-02-25T08:45:00+00:00,10000.00
2026-02-25T08:45:00+00:00,10000.00
2026-02-25T09:00:00+00:00,10000.00
2026-02-25T09:00:00+00:00,10000.00
2026-02-25T09:00:00+00:00,10000.00
2026-02-25T09:15:00+00:00,10000.00
2026-02-25T09:15:00+00:00,10000.00
2026-02-25T09:15:00+00:00,10000.00
2026-02-25T09:30:00+00:00,10000.00
2026-02-25T09:30:00+00:00,10000.00
2026-02-25T09:30:00+00:00,10000.00
2026-02-25T09:45:00+00:00,10000.00
2026-02-25T09:45:00+00:00,10000.00
2026-02-25T09:45:00+00:00,10000.00
2026-02-25T10:00:00+00:00,10000.00
2026-02-25T10:00:00+00:00,10000.00
2026-02-25T10:00:00+00:00,10000.00
2026-02-25T10:15:00+00:00,10000.00
2026-02-25T10:15:00+00:00,10000.00
2026-02-25T10:15:00+00:00,10000.00
2026-02-25T10:30:00+00:00,10000.00
2026-02-25T10:30:00+00:00,10000.00
2026-02-25T10:30:00+00:00,10000.00
2026-02-25T10:45:00+00:00,10000.00
2026-02-25T10:45:00+00:00,10000.00
2026-02-25T10:45:00+00:00,10000.00
2026-02-25T11:00:00+00:00,10000.00
2026-02-25T11:00:00+00:00,10000.00
2026-02-25T11:00:00+00:00,10000.00
2026-02-25T11:15:00+00:00,10000.00
2026-02-25T11:15:00+00:00,10000.00
2026-02-25T11:15:00+00:00,10000.00
2026-02-25T11:30:00+00:00,10000.00
2026-02-25T11:30:00+00:00,10000.00
2026-02-25T11:30:00+00:00,10000.00
2026-02-25T11:45:00+00:00,10000.00
2026-02-25T11:45:00+00:00,10000.00
2026-02-25T11:45:00+00:00,10000.00
2026-02-25T12:00:00+00:00,10000.00
2026-02-25T12:00:00+00:00,10000.00
2026-02-25T12:00:00+00:00,10000.00
2026-02-25T12:15:00+00:00,10000.00
2026-02-25T12:15:00+00:00,10000.00
2026-02-25T12:15:00+00:00,10000.00
2026-02-25T12:30:00+00:00,10000.00
2026-02-25T12:30:00+00:00,10000.00
2026-02-25T12:30:00+00:00,10000.00
2026-02-25T12:45:00+00:00,10000.00
2026-02-25T12:45:00+00:00,10000.00
2026-02-25T12:45:00+00:00,10000.00
2026-02-25T13:00:00+00:00,10000.00
2026-02-25T13:00:00+00:00,10000.00
2026-02-25T13:00:00+00:00,10000.00
2026-02-25T13:15:00+00:00,10000.00
2026-02-25T13:15:00+00:00,10000.00
2026-02-25T13:15:00+00:00,10000.00
2026-02-25T13:30:00+00:00,10000.00
2026-02-25T13:30:00+00:00,10000.00
2026-02-25T13:30:00+00:00,10000.00
2026-02-25T13:45:00+00:00,10000.00
2026-02-25T13:45:00+00:00,10000.00
2026-02-25T13:45:00+00:00,10000.00
2026-02-25T14:00:00+00:00,10000.00
2026-02-25T14:00:00+00:00,10000.00
2026-02-25T14:00:00+00:00,10000.00
2026-02-25T14:15:00+00:00,10000.00
2026-02-25T14:15:00+00:00,10000.00
2026-02-25T14:15:00+00:00,10000.00
2026-02-25T14:30:00+00:00,10000.00
2026-02-25T14:30:00+00:00,10000.00
2026-02-25T14:30:00+00:00,10000.00
2026-02-25T14:45:00+00:00,10000.00
2026-02-25T14:45:00+00:00,10000.00
2026-02-25T14:45:00+00:00,10000.00
2026-02-25T15:00:00+00:00,10000.00
2026-02-25T15:00:00+00:00,10000.00
2026-02-25T15:00:00+00:00,10000.00
2026-02-25T15:15:00+00:00,10000.00
2026-02-25T15:15:00+00:00,10000.00
2026-02-25T15:15:00+00:00,10000.00
2026-02-25T15:30:00+00:00,10000.00
2026-02-25T15:30:00+00:00,10000.00
2026-02-25T15:30:00+00:00,10000.00
2026-02-25T15:45:00+00:00,10000.00
2026-02-25T15:45:00+00:00,10000.00
2026-02-25T15:45:00+00:00,10000.00
2026-02-25T16:00:00+00:00,10000.00
2026-02-25T16:00:00+00:00,10000.00
2026-02-25T16:00:00+00:00,10000.00
2026-02-25T16:15:00+00:00,10000.00
2026-02-25T16:15:00+00:00,10000.00
2026-02-25T16:15:00+00:00,10000.00
2026-02-25T16:30:00+00:00,10000.00
2026-02-25T16:30:00+00:00,10000.00
2026-02-25T16:30:00+00:00,10000.00
2026-02-25T16:45:00+00:00,10000.00
2026-02-25T16:45:00+00:00,10000.00
2026-02-25T16:45:00+00:00,10000.00
2026-02-25T17:00:00+00:00,10000.00
2026-02-25T17:00:00+00:00,10000.00
2026-02-25T17:00:00+00:00,10000.00
2026-02-25T17:15:00+00:00,10000.00
2026-02-25T17:15:00+00:00,10000.00
2026-02-25T17:15:00+00:00,10000.00
2026-02-25T17:30:00+00:00,10000.00
2026-02-25T17:30:00+00:00,10000.00
2026-02-25T17:30:00+00:00,10000.00
2026-02-25T17:45:00+00:00,10000.00
2026-02-25T17:45:00+00:00,10000.00
2026-02-25T17:45:00+00:00,10000.00
2026-02-25T18:00:00+00:00,10000.00
2026-02-25T18:00:00+00:00,10000.00
2026-02-25T18:00:00+00:00,10000.00
2026-02-25T18:15:00+00:00,10000.00
2026-02-25T18:15:00+00:00,10000.00
2026-02-25T18:15:00+00:00,10000.00
2026-02-25T18:30:00+00:00,10000.00
2026-02-25T18:30:00+00:00,10000.00
2026-02-25T18:30:00+00:00,10000.00
2026-02-25T18:45:00+00:00,10000.00
2026-02-25T18:45:00+00:00,10000.00
2026-02-25T18:45:00+00:00,10000.00
2026-02-25T19:00:00+00:00,10000.00
2026-02-25T19:00:00+00:00,10000.00
2026-02-25T19:00:00+00:00,10000.00
2026-02-25T19:15:00+00:00,10000.00
2026-02-25T19:15:00+00:00,10000.00
2026-02-25T19:15:00+00:00,10000.00
2026-02-25T19:30:00+00:00,10000.00
2026-02-25T19:30:00+00:00,10000.00
2026-02-25T19:30:00+00:00,10000.00
2026-02-25T19:45:00+00:00,10000.00
2026-02-25T19:45:00+00:00,10000.00
2026-02-25T19:45:00+00:00,10000.00
2026-02-25T20:00:00+00:00,10000.00
2026-02-25T20:00:00+00:00,10000.00
2026-02-25T20:00:00+00:00,10000.00
2026-02-25T20:15:00+00:00,10000.00
2026-02-25T20:15:00+00:00,10000.00
2026-02-25T20:15:00+00:00,10000.00
2026-02-25T20:30:00+00:00,10000.00
2026-02-25T20:30:00+00:00,10000.00
2026-02-25T20:30:00+00:00,10000.00
2026-02-25T20:45:00+00:00,10000.00
2026-02-25T20:45:00+00:00,10000.00
2026-02-25T20:45:00+00:00,10000.00
2026-02-25T21:00:00+00:00,10000.00
2026-02-25T21:00:00+00:00,10000.00
2026-02-25T21:00:00+00:00,10000.00
2026-02-25T21:15:00+00:00,10000.00
2026-02-25T21:15:00+00:00,10000.00
2026-02-25T21:15:00+00:00,10000.00
2026-02-25T21:30:00+00:00,10000.00
2026-02-25T21:30:00+00:00,10000.00
2026-02-25T21:30:00+00:00,10000.00
2026-02-25T21:45:00+00:00,10000.00
2026-02-25T21:45:00+00:00,10000.00
2026-02-25T21:45:00+00:00,10000.00
2026-02-25T22:00:00+00:00,10000.00
2026-02-25T22:00:00+00:00,10000.00
2026-02-25T22:00:00+00:00,10000.00
2026-02-25T22:15:00+00:00,10000.00
2026-02-25T22:15:00+00:00,10000.00
2026-02-25T22:15:00+00:00,10000.00
2026-02-25T22:30:00+00:00,10000.00
2026-02-25T22:30:00+00:00,10000.00
2026-02-25T22:30:00+00:00,10000.00
2026-02-25T22:45:00+00:00,10000.00
2026-02-25T22:45:00+00:00,10000.00
2026-02-25T22:45:00+00:00,10000.00
2026-02-25T23:00:00+00:00,10000.00
2026-02-25T23:00:00+00:00,10000.00
2026-02-25T23:00:00+00:00,10000.00
2026-02-25T23:15:00+00:00,10000.00
2026-02-25T23:15:00+00:00,10000.00
2026-02-25T23:15:00+00:00,10000.00
2026-02-25T23:30:00+00:00,10000.00
2026-02-25T23:30:00+00:00,10000.00
2026-02-25T23:30:00+00:00,10000.00
2026-02-25T23:45:00+00:00,10000.00
2026-02-25T23:45:00+00:00,10000.00
2026-02-25T23:45:00+00:00,10000.00
2026-02-26T00:00:00+00:00,10000.00
2026-02-26T00:00:00+00:00,10000.00
2026-02-26T00:00:00+00:00,10000.00
2026-02-26T00:15:00+00:00,10000.00
2026-02-26T00:15:00+00:00,10000.00
2026-02-26T00:15:00+00:00,10000.00
2026-02-26T00:30:00+00:00,10000.00
2026-02-26T00:30:00+00:00,10000.00
2026-02-26T00:30:00+00:00,10000.00
2026-02-26T00:45:00+00:00,10000.00
2026-02-26T00:45:00+00:00,10000.00
2026-02-26T00:45:00+00:00,10000.00
2026-02-26T01:00:00+00:00,10000.00
2026-02-26T01:00:00+00:00,10000.00
2026-02-26T01:00:00+00:00,10000.00
2026-02-26T01:15:00+00:00,10000.00
2026-02-26T01:15:00+00:00,10000.00
2026-02-26T01:15:00+00:00,10000.00
2026-02-26T01:30:00+00:00,10000.00
2026-02-26T01:30:00+00:00,10000.00
2026-02-26T01:30:00+00:00,10000.00
2026-02-26T01:45:00+00:00,10000.00
2026-02-26T01:45:00+00:00,10000.00
2026-02-26T01:45:00+00:00,10000.00
2026-02-26T02:00:00+00:00,10000.00
2026-02-26T02:00:00+00:00,10000.00
2026-02-26T02:00:00+00:00,10000.00
2026-02-26T02:15:00+00:00,10000.00
2026-02-26T02:15:00+00:00,10000.00
2026-02-26T02:15:00+00:00,10000.00
2026-02-26T02:30:00+00:00,10000.00
2026-02-26T02:30:00+00:00,10000.00
2026-02-26T02:30:00+00:00,10000.00
2026-02-26T02:45:00+00:00,10000.00
2026-02-26T02:45:00+00:00,10000.00
2026-02-26T02:45:00+00:00,10000.00
2026-02-26T03:00:00+00:00,10000.00
2026-02-26T03:00:00+00:00,10000.00
2026-02-26T03:00:00+00:00,10000.00
2026-02-26T03:15:00+00:00,10000.00
2026-02-26T03:15:00+00:00,10000.00
2026-02-26T03:15:00+00:00,10000.00
2026-02-26T03:30:00+00:00,10000.00
2026-02-26T03:30:00+00:00,10000.00
2026-02-26T03:30:00+00:00,10000.00
2026-02-26T03:45:00+00:00,10000.00
2026-02-26T03:45:00+00:00,10000.00
2026-02-26T03:45:00+00:00,10000.00
2026-02-26T04:00:00+00:00,10000.00
2026-02-26T04:00:00+00:00,10000.00
2026-02-26T04:00:00+00:00,10000.00
2026-02-26T04:15:00+00:00,10000.00
2026-02-26T04:15:00+00:00,10000.00
2026-02-26T04:15:00+00:00,10000.00
2026-02-26T04:30:00+00:00,10000.00
2026-02-26T04:30:00+00:00,10000.00
2026-02-26T04:30:00+00:00,10000.00
2026-02-26T04:45:00+00:00,10000.00
2026-02-26T04:45:00+00:00,10000.00
2026-02-26T04:45:00+00:00,10000.00
2026-02-26T05:00:00+00:00,10000.00
2026-02-26T05:00:00+00:00,10000.00
2026-02-26T05:00:00+00:00,10000.00
2026-02-26T05:15:00+00:00,10000.00
2026-02-26T05:15:00+00:00,10000.00
2026-02-26T05:15:00+00:00,10000.00
2026-02-26T05:30:00+00:00,10000.00
2026-02-26T05:30:00+00:00,10000.00
2026-02-26T05:30:00+00:00,10000.00
2026-02-26T05:45:00+00:00,10000.00
2026-02-26T05:45:00+00:00,10000.00
2026-02-26T05:45:00+00:00,10000.00
2026-02-26T06:00:00+00:00,10000.00
2026-02-26T06:00:00+00:00,10000.00
2026-02-26T06:00:00+00:00,10000.00
2026-02-26T06:15:00+00:00,10000.00
2026-02-26T06:15:00+00:00,10000.00
2026-02-26T06:15:00+00:00,10000.00
2026-02-26T06:30:00+00:00,10000.00
2026-02-26T06:30:00+00:00,10000.00
2026-02-26T06:30:00+00:00,10000.00
2026-02-26T06:45:00+00:00,10000.00
2026-02-26T06:45:00+00:00,10000.00
2026-02-26T06:45:00+00:00,10000.00
2026-02-26T07:00:00+00:00,10000.00
2026-02-26T07:00:00+00:00,10000.00
2026-02-26T07:00:00+00:00,10000.00
2026-02-26T07:15:00+00:00,10000.00
2026-02-26T07:15:00+00:00,10000.00
2026-02-26T07:15:00+00:00,10000.00
2026-02-26T07:30:00+00:00,10000.00
2026-02-26T07:30:00+00:00,10000.00
2026-02-26T07:30:00+00:00,10000.00
2026-02-26T07:45:00+00:00,10000.00
2026-02-26T07:45:00+00:00,10000.00
2026-02-26T07:45:00+00:00,10000.00
2026-02-26T08:00:00+00:00,10000.00
2026-02-26T08:00:00+00:00,10000.00
2026-02-26T08:00:00+00:00,10000.00
2026-02-26T08:15:00+00:00,10000.00
2026-02-26T08:15:00+00:00,10000.00
2026-02-26T08:15:00+00:00,10000.00
2026-02-26T08:30:00+00:00,10000.00
2026-02-26T08:30:00+00:00,10000.00
2026-02-26T08:30:00+00:00,10000.00
2026-02-26T08:45:00+00:00,10000.00
2026-02-26T08:45:00+00:00,10000.00
2026-02-26T08:45:00+00:00,10000.00
2026-02-26T09:00:00+00:00,10000.00
2026-02-26T09:00:00+00:00,10000.00
2026-02-26T09:00:00+00:00,10000.00
2026-02-26T09:15:00+00:00,10000.00
2026-02-26T09:15:00+00:00,10000.00
2026-02-26T09:15:00+00:00,10000.00
2026-02-26T09:30:00+00:00,10000.00
2026-02-26T09:30:00+00:00,10000.00
2026-02-26T09:30:00+00:00,10000.00
2026-02-26T09:45:00+00:00,10000.00
2026-02-26T09:45:00+00:00,10000.00
2026-02-26T09:45:00+00:00,10000.00
2026-02-26T10:00:00+00:00,10000.00
2026-02-26T10:00:00+00:00,10000.00
2026-02-26T10:00:00+00:00,10000.00
2026-02-26T10:15:00+00:00,10000.00
2026-02-26T10:15:00+00:00,10000.00
2026-02-26T10:15:00+00:00,10000.00
2026-02-26T10:30:00+00:00,10000.00
2026-02-26T10:30:00+00:00,10000.00
2026-02-26T10:30:00+00:00,10000.00
2026-02-26T10:45:00+00:00,10000.00
2026-02-26T10:45:00+00:00,10000.00
2026-02-26T10:45:00+00:00,10000.00
2026-02-26T11:00:00+00:00,10000.00
2026-02-26T11:00:00+00:00,10000.00
2026-02-26T11:00:00+00:00,10000.00
2026-02-26T11:15:00+00:00,10000.00
2026-02-26T11:15:00+00:00,10000.00
2026-02-26T11:15:00+00:00,10000.00
2026-02-26T11:30:00+00:00,10000.00
2026-02-26T11:30:00+00:00,10000.00
2026-02-26T11:30:00+00:00,10000.00
2026-02-26T11:45:00+00:00,10000.00
2026-02-26T11:45:00+00:00,10000.00
2026-02-26T11:45:00+00:00,10000.00
2026-02-26T12:00:00+00:00,10000.00
2026-02-26T12:00:00+00:00,10000.00
2026-02-26T12:00:00+00:00,10000.00
2026-02-26T12:15:00+00:00,10000.00
2026-02-26T12:15:00+00:00,10000.00
2026-02-26T12:15:00+00:00,10000.00
2026-02-26T12:30:00+00:00,10000.00
2026-02-26T12:30:00+00:00,10000.00
2026-02-26T12:30:00+00:00,10000.00
2026-02-26T12:45:00+00:00,10000.00
2026-02-26T12:45:00+00:00,10000.00
2026-02-26T12:45:00+00:00,10000.00
2026-02-26T13:00:00+00:00,10000.00
2026-02-26T13:00:00+00:00,10000.00
2026-02-26T13:00:00+00:00,10000.00
2026-02-26T13:15:00+00:00,10000.00
2026-02-26T13:15:00+00:00,10000.00
2026-02-26T13:15:00+00:00,10000.00
2026-02-26T13:30:00+00:00,10000.00
2026-02-26T13:30:00+00:00,10000.00
2026-02-26T13:30:00+00:00,10000.00
2026-02-26T13:45:00+00:00,10000.00
2026-02-26T13:45:00+00:00,10000.00
2026-02-26T13:45:00+00:00,10000.00
2026-02-26T14:00:00+00:00,10000.00
2026-02-26T14:00:00+00:00,10000.00
2026-02-26T14:00:00+00:00,10000.00
2026-02-26T14:15:00+00:00,10000.00
2026-02-26T14:15:00+00:00,10000.00
2026-02-26T14:15:00+00:00,10000.00
2026-02-26T14:30:00+00:00,10000.00
2026-02-26T14:30:00+00:00,10000.00
2026-02-26T14:30:00+00:00,10000.00
2026-02-26T14:45:00+00:00,10000.00
2026-02-26T14:45:00+00:00,10000.00
2026-02-26T14:45:00+00:00,10000.00
2026-02-26T15:00:00+00:00,10000.00
2026-02-26T15:00:00+00:00,10000.00
2026-02-26T15:00:00+00:00,10000.00
2026-02-26T15:15:00+00:00,10000.00
2026-02-26T15:15:00+00:00,10000.00
2026-02-26T15:15:00+00:00,10000.00
2026-02-26T15:30:00+00:00,10000.00
2026-02-26T15:30:00+00:00,10000.00
2026-02-26T15:30:00+00:00,10000.00
2026-02-26T15:45:00+00:00,10000.00
2026-02-26T15:45:00+00:00,10000.00
2026-02-26T15:45:00+00:00,10000.00
2026-02-26T16:00:00+00:00,10000.00
2026-02-26T16:00:00+00:00,10000.00
2026-02-26T16:00:00+00:00,10000.00
2026-02-26T16:15:00+00:00,10000.00
2026-02-26T16:15:00+00:00,10000.00
2026-02-26T16:15:00+00:00,10000.00
2026-02-26T16:30:00+00:00,10000.00
2026-02-26T16:30:00+00:00,10000.00
2026-02-26T16:30:00+00:00,10000.00
2026-02-26T16:45:00+00:00,10000.00
2026-02-26T16:45:00+00:00,10000.00
2026-02-26T16:45:00+00:00,10000.00
2026-02-26T17:00:00+00:00,10000.00
2026-02-26T17:00:00+00:00,10000.00
2026-02-26T17:00:00+00:00,10000.00
2026-02-26T17:15:00+00:00,10000.00
2026-02-26T17:15:00+00:00,10000.00
2026-02-26T17:15:00+00:00,10000.00
2026-02-26T17:30:00+00:00,10000.00
2026-02-26T17:30:00+00:00,10000.00
2026-02-26T17:30:00+00:00,10000.00
2026-02-26T17:45:00+00:00,10000.00
2026-02-26T17:45:00+00:00,10000.00
2026-02-26T17:45:00+00:00,10000.00
2026-02-26T18:00:00+00:00,10000.00
2026-02-26T18:00:00+00:00,10000.00
2026-02-26T18:00:00+00:00,10000.00
2026-02-26T18:15:00+00:00,10000.00
2026-02-26T18:15:00+00:00,10000.00
2026-02-26T18:15:00+00:00,10000.00
2026-02-26T18:30:00+00:00,10000.00
2026-02-26T18:30:00+00:00,10000.00
2026-02-26T18:30:00+00:00,10000.00
2026-02-26T18:45:00+00:00,10000.00
2026-02-26T18:45:00+00:00,10000.00
2026-02-26T18:45:00+00:00,10000.00
2026-02-26T19:00:00+00:00,10000.00
2026-02-26T19:00:00+00:00,10000.00
2026-02-26T19:00:00+00:00,10000.00
2026-02-26T19:15:00+00:00,10000.00
2026-02-26T19:15:00+00:00,10000.00
2026-02-26T19:15:00+00:00,10000.00
2026-02-26T19:30:00+00:00,10000.00
2026-02-26T19:30:00+00:00,10000.00
2026-02-26T19:30:00+00:00,10000.00
2026-02-26T19:45:00+00:00,10000.00
2026-02-26T19:45:00+00:00,10000.00
2026-02-26T19:45:00+00:00,10000.00
2026-02-26T20:00:00+00:00,10000.00
2026-02-26T20:00:00+00:00,10000.00
2026-02-26T20:00:00+00:00,10000.00
2026-02-26T20:15:00+00:00,10000.00
2026-02-26T20:15:00+00:00,10000.00
2026-02-26T20:15:00+00:00,10000.00
2026-02-26T20:30:00+00:00,10000.00
2026-02-26T20:30:00+00:00,10000.00
2026-02-26T20:30:00+00:00,10000.00
2026-02-26T20:45:00+00:00,10000.00
2026-02-26T20:45:00+00:00,10000.00
2026-02-26T20:45:00+00:00,10000.00
2026-02-26T21:00:00+00:00,10000.00
2026-02-26T21:00:00+00:00,10000.00
2026-02-26T21:00:00+00:00,10000.00
2026-02-26T21:15:00+00:00,10000.00
2026-02-26T21:15:00+00:00,10000.00
2026-02-26T21:15:00+00:00,10000.00
2026-02-26T21:30:00+00:00,10000.00
2026-02-26T21:30:00+00:00,10000.00
2026-02-26T21:30:00+00:00,10000.00
2026-02-26T21:45:00+00:00,10000.00
2026-02-26T21:45:00+00:00,10000.00
2026-02-26T21:45:00+00:00,10000.00
2026-02-26T22:00:00+00:00,10000.00
2026-02-26T22:00:00+00:00,10000.00
2026-02-26T22:00:00+00:00,10000.00
2026-02-26T22:15:00+00:00,10000.00
2026-02-26T22:15:00+00:00,10000.00
2026-02-26T22:15:00+00:00,10000.00
2026-02-26T22:30:00+00:00,10000.00
2026-02-26T22:30:00+00:00,10000.00
2026-02-26T22:30:00+00:00,10000.00
2026-02-26T22:45:00+00:00,10000.00
2026-02-26T22:45:00+00:00,10000.00
2026-02-26T22:45:00+00:00,10000.00
2026-02-26T23:00:00+00:00,10000.00
2026-02-26T23:00:00+00:00,10000.00
2026-02-26T23:00:00+00:00,10000.00
2026-02-26T23:15:00+00:00,10000.00
2026-02-26T23:15:00+00:00,10000.00
2026-02-26T23:15:00+00:00,10000.00
2026-02-26T23:30:00+00:00,10000.00
2026-02-26T23:30:00+00:00,10000.00
2026-02-26T23:30:00+00:00,10000.00
2026-02-26T23:45:00+00:00,10000.00
2026-02-26T23:45:00+00:00,10000.00
2026-02-26T23:45:00+00:00,10000.00
2026-02-27T00:00:00+00:00,10000.00
2026-02-27T00:00:00+00:00,10000.00
2026-02-27T00:00:00+00:00,10000.00
2026-02-27T00:15:00+00:00,10000.00
2026-02-27T00:15:00+00:00,10000.00
2026-02-27T00:15:00+00:00,10000.00
2026-02-27T00:30:00+00:00,10000.00
2026-02-27T00:30:00+00:00,10000.00
2026-02-27T00:30:00+00:00,10000.00
2026-02-27T00:45:00+00:00,10000.00
2026-02-27T00:45:00+00:00,10000.00
2026-02-27T00:45:00+00:00,10000.00
2026-02-27T01:00:00+00:00,10000.00
2026-02-27T01:00:00+00:00,10000.00
2026-02-27T01:00:00+00:00,10000.00
2026-02-27T01:15:00+00:00,10000.00
2026-02-27T01:15:00+00:00,10000.00
2026-02-27T01:15:00+00:00,10000.00
2026-02-27T01:30:00+00:00,10000.00
2026-02-27T01:30:00+00:00,10000.00
2026-02-27T01:30:00+00:00,10000.00
2026-02-27T01:45:00+00:00,10000.00
2026-02-27T01:45:00+00:00,10000.00
2026-02-27T01:45:00+00:00,10000.00
2026-02-27T02:00:00+00:00,10000.00
2026-02-27T02:00:00+00:00,10000.00
2026-02-27T02:00:00+00:00,10000.00
2026-02-27T02:15:00+00:00,10000.00
2026-02-27T02:15:00+00:00,10000.00
2026-02-27T02:15:00+00:00,10000.00
2026-02-27T02:30:00+00:00,10000.00
2026-02-27T02:30:00+00:00,10000.00
2026-02-27T02:30:00+00:00,10000.00
2026-02-27T02:45:00+00:00,10000.00
2026-02-27T02:45:00+00:00,10000.00
2026-02-27T02:45:00+00:00,10000.00
2026-02-27T03:00:00+00:00,10000.00
2026-02-27T03:00:00+00:00,10000.00
2026-02-27T03:00:00+00:00,10000.00
2026-02-27T03:15:00+00:00,10000.00
2026-02-27T03:15:00+00:00,10000.00
2026-02-27T03:15:00+00:00,10000.00
2026-02-27T03:30:00+00:00,10000.00
2026-02-27T03:30:00+00:00,10000.00
2026-02-27T03:30:00+00:00,10000.00
2026-02-27T03:45:00+00:00,10000.00
2026-02-27T03:45:00+00:00,10000.00
2026-02-27T03:45:00+00:00,10000.00
2026-02-27T04:00:00+00:00,10000.00
2026-02-27T04:00:00+00:00,10000.00
2026-02-27T04:00:00+00:00,10000.00
2026-02-27T04:15:00+00:00,10000.00
2026-02-27T04:15:00+00:00,10000.00
2026-02-27T04:15:00+00:00,10000.00
2026-02-27T04:30:00+00:00,10000.00
2026-02-27T04:30:00+00:00,10000.00
2026-02-27T04:30:00+00:00,10000.00
2026-02-27T04:45:00+00:00,10000.00
2026-02-27T04:45:00+00:00,10000.00
2026-02-27T04:45:00+00:00,10000.00
2026-02-27T05:00:00+00:00,10000.00
2026-02-27T05:00:00+00:00,10000.00
2026-02-27T05:00:00+00:00,10000.00
2026-02-27T05:15:00+00:00,10000.00
2026-02-27T05:15:00+00:00,10000.00
2026-02-27T05:15:00+00:00,10000.00
2026-02-27T05:30:00+00:00,10000.00
2026-02-27T05:30:00+00:00,10000.00
2026-02-27T05:30:00+00:00,10000.00
2026-02-27T05:45:00+00:00,10000.00
2026-02-27T05:45:00+00:00,10000.00
2026-02-27T05:45:00+00:00,10000.00
2026-02-27T06:00:00+00:00,10000.00
2026-02-27T06:00:00+00:00,10000.00
2026-02-27T06:00:00+00:00,10000.00
2026-02-27T06:15:00+00:00,10000.00
2026-02-27T06:15:00+00:00,10000.00
2026-02-27T06:15:00+00:00,10000.00
2026-02-27T06:30:00+00:00,10000.00
2026-02-27T06:30:00+00:00,10000.00
2026-02-27T06:30:00+00:00,10000.00
2026-02-27T06:45:00+00:00,10000.00
2026-02-27T06:45:00+00:00,10000.00
2026-02-27T06:45:00+00:00,10000.00
2026-02-27T07:00:00+00:00,10000.00
2026-02-27T07:00:00+00:00,10000.00
2026-02-27T07:00:00+00:00,10000.00
2026-02-27T07:15:00+00:00,10000.00
2026-02-27T07:15:00+00:00,10000.00
2026-02-27T07:15:00+00:00,10000.00
2026-02-27T07:30:00+00:00,10000.00
2026-02-27T07:30:00+00:00,10000.00
2026-02-27T07:30:00+00:00,10000.00
2026-02-27T07:45:00+00:00,10000.00
2026-02-27T07:45:00+00:00,10000.00
2026-02-27T07:45:00+00:00,10000.00
2026-02-27T08:00:00+00:00,10000.00
2026-02-27T08:00:00+00:00,10000.00
2026-02-27T08:00:00+00:00,10000.00
2026-02-27T08:15:00+00:00,10000.00
2026-02-27T08:15:00+00:00,10000.00
2026-02-27T08:15:00+00:00,10000.00
2026-02-27T08:30:00+00:00,10000.00
2026-02-27T08:30:00+00:00,10000.00
2026-02-27T08:30:00+00:00,10000.00
2026-02-27T08:45:00+00:00,10000.00
2026-02-27T08:45:00+00:00,10000.00
2026-02-27T08:45:00+00:00,10000.00
2026-02-27T09:00:00+00:00,10000.00
2026-02-27T09:00:00+00:00,10000.00
2026-02-27T09:00:00+00:00,10000.00
2026-02-27T09:15:00+00:00,10000.00
2026-02-27T09:15:00+00:00,10000.00
2026-02-27T09:15:00+00:00,10000.00
2026-02-27T09:30:00+00:00,10000.00
2026-02-27T09:30:00+00:00,10000.00
2026-02-27T09:30:00+00:00,10000.00
2026-02-27T09:45:00+00:00,10000.00
2026-02-27T09:45:00+00:00,10000.00
2026-02-27T09:45:00+00:00,10000.00
2026-02-27T10:00:00+00:00,10000.00
2026-02-27T10:00:00+00:00,10000.00
2026-02-27T10:00:00+00:00,10000.00
2026-02-27T10:15:00+00:00,10000.00
2026-02-27T10:15:00+00:00,10000.00
2026-02-27T10:15:00+00:00,10000.00
2026-02-27T10:30:00+00:00,10000.00
2026-02-27T10:30:00+00:00,10000.00
2026-02-27T10:30:00+00:00,10000.00
2026-02-27T10:45:00+00:00,10000.00
2026-02-27T10:45:00+00:00,10000.00
2026-02-27T10:45:00+00:00,10000.00
2026-02-27T11:00:00+00:00,10000.00
2026-02-27T11:00:00+00:00,10000.00
2026-02-27T11:00:00+00:00,10000.00
2026-02-27T11:15:00+00:00,10000.00
2026-02-27T11:15:00+00:00,10000.00
2026-02-27T11:15:00+00:00,10000.00
2026-02-27T11:30:00+00:00,10000.00
2026-02-27T11:30:00+00:00,10000.00
2026-02-27T11:30:00+00:00,10000.00
2026-02-27T11:45:00+00:00,10000.00
2026-02-27T11:45:00+00:00,10000.00
2026-02-27T11:45:00+00:00,10000.00
2026-02-27T12:00:00+00:00,10000.00
2026-02-27T12:00:00+00:00,10000.00
2026-02-27T12:00:00+00:00,10000.00
2026-02-27T12:15:00+00:00,10000.00
2026-02-27T12:15:00+00:00,10000.00
2026-02-27T12:15:00+00:00,10000.00
2026-02-27T12:30:00+00:00,10000.00
2026-02-27T12:30:00+00:00,10000.00
2026-02-27T12:30:00+00:00,10000.00
2026-02-27T12:45:00+00:00,10000.00
2026-02-27T12:45:00+00:00,10000.00
2026-02-27T12:45:00+00:00,10000.00
2026-02-27T13:00:00+00:00,10000.00
2026-02-27T13:00:00+00:00,10000.00
2026-02-27T13:00:00+00:00,10000.00
2026-02-27T13:15:00+00:00,10000.00
2026-02-27T13:15:00+00:00,10000.00
2026-02-27T13:15:00+00:00,10000.00
2026-02-27T13:30:00+00:00,10000.00
2026-02-27T13:30:00+00:00,10000.00
2026-02-27T13:30:00+00:00,10000.00
2026-02-27T13:45:00+00:00,10000.00
2026-02-27T13:45:00+00:00,10000.00
2026-02-27T13:45:00+00:00,10000.00
2026-02-27T14:00:00+00:00,10000.00
2026-02-27T14:00:00+00:00,10000.00
2026-02-27T14:00:00+00:00,10000.00
2026-02-27T14:15:00+00:00,10000.00
2026-02-27T14:15:00+00:00,10000.00
2026-02-27T14:15:00+00:00,10000.00
2026-02-27T14:30:00+00:00,10000.00
2026-02-27T14:30:00+00:00,10000.00
2026-02-27T14:30:00+00:00,10000.00
2026-02-27T14:45:00+00:00,10000.00
2026-02-27T14:45:00+00:00,10000.00
2026-02-27T14:45:00+00:00,10000.00
2026-02-27T15:00:00+00:00,10000.00
2026-02-27T15:00:00+00:00,10000.00
2026-02-27T15:00:00+00:00,10000.00
2026-02-27T15:15:00+00:00,10000.00
2026-02-27T15:15:00+00:00,10000.00
2026-02-27T15:15:00+00:00,10000.00
2026-02-27T15:30:00+00:00,10000.00
2026-02-27T15:30:00+00:00,10000.00
2026-02-27T15:30:00+00:00,10000.00
2026-02-27T15:45:00+00:00,10000.00
2026-02-27T15:45:00+00:00,10000.00
2026-02-27T15:45:00+00:00,10000.00
2026-02-27T16:00:00+00:00,10000.00
2026-02-27T16:00:00+00:00,10000.00
2026-02-27T16:00:00+00:00,10000.00
2026-02-27T16:15:00+00:00,10000.00
2026-02-27T16:15:00+00:00,10000.00
2026-02-27T16:15:00+00:00,10000.00
2026-02-27T16:30:00+00:00,10000.00
2026-02-27T16:30:00+00:00,10000.00
2026-02-27T16:30:00+00:00,10000.00
2026-02-27T16:45:00+00:00,10000.00
2026-02-27T16:45:00+00:00,10000.00
2026-02-27T16:45:00+00:00,10000.00
2026-02-27T17:00:00+00:00,10000.00
2026-02-27T17:00:00+00:00,10000.00
2026-02-27T17:00:00+00:00,10000.00
2026-02-27T17:15:00+00:00,10000.00
2026-02-27T17:15:00+00:00,10000.00
2026-02-27T17:15:00+00:00,10000.00
2026-02-27T17:30:00+00:00,10000.00
2026-02-27T17:30:00+00:00,10000.00
2026-02-27T17:30:00+00:00,10000.00
2026-02-27T17:45:00+00:00,10000.00
2026-02-27T17:45:00+00:00,10000.00
2026-02-27T17:45:00+00:00,10000.00
2026-02-27T18:00:00+00:00,10000.00
2026-02-27T18:00:00+00:00,10000.00
2026-02-27T18:00:00+00:00,10000.00
2026-02-27T18:15:00+00:00,10000.00
2026-02-27T18:15:00+00:00,10000.00
2026-02-27T18:15:00+00:00,10000.00
2026-02-27T18:30:00+00:00,10000.00
2026-02-27T18:30:00+00:00,10000.00
2026-02-27T18:30:00+00:00,10000.00
2026-02-27T18:45:00+00:00,10000.00
2026-02-27T18:45:00+00:00,10000.00
2026-02-27T18:45:00+00:00,10000.00
2026-02-27T19:00:00+00:00,10000.00
2026-02-27T19:00:00+00:00,10000.00
2026-02-27T19:00:00+00:00,10000.00
2026-02-27T19:15:00+00:00,10000.00
2026-02-27T19:15:00+00:00,10000.00
2026-02-27T19:15:00+00:00,10000.00
2026-02-27T19:30:00+00:00,10000.00
2026-02-27T19:30:00+00:00,10000.00
2026-02-27T19:30:00+00:00,10000.00
2026-02-27T19:45:00+00:00,10000.00
2026-02-27T19:45:00+00:00,10000.00
2026-02-27T19:45:00+00:00,10000.00
2026-02-27T20:00:00+00:00,10000.00
2026-02-27T20:00:00+00:00,10000.00
2026-02-27T20:00:00+00:00,10000.00
2026-02-27T20:15:00+00:00,10000.00
2026-02-27T20:15:00+00:00,10000.00
2026-02-27T20:15:00+00:00,10000.00
2026-02-27T20:30:00+00:00,10000.00
2026-02-27T20:30:00+00:00,10000.00
2026-02-27T20:30:00+00:00,10000.00
2026-02-27T20:45:00+00:00,10000.00
2026-02-27T20:45:00+00:00,10000.00
2026-02-27T20:45:00+00:00,10000.00
2026-02-27T21:00:00+00:00,10000.00
2026-02-27T21:00:00+00:00,10000.00
2026-02-27T21:00:00+00:00,10000.00
2026-02-27T21:15:00+00:00,10000.00
2026-02-27T21:15:00+00:00,10000.00
2026-02-27T21:15:00+00:00,10000.00
2026-02-27T21:30:00+00:00,10000.00
2026-02-27T21:30:00+00:00,10000.00
2026-02-27T21:30:00+00:00,10000.00
2026-02-27T21:45:00+00:00,10000.00
2026-02-27T21:45:00+00:00,10000.00
2026-02-27T21:45:00+00:00,10000.00
2026-02-27T22:00:00+00:00,10000.00
2026-02-27T22:00:00+00:00,10000.00
2026-02-27T22:00:00+00:00,10000.00
2026-02-27T22:15:00+00:00,10000.00
2026-02-27T22:15:00+00:00,10000.00
2026-02-27T22:15:00+00:00,10000.00
2026-02-27T22:30:00+00:00,10000.00
2026-02-27T22:30:00+00:00,10000.00
2026-02-27T22:30:00+00:00,10000.00
2026-02-27T22:45:00+00:00,10000.00
2026-02-27T22:45:00+00:00,10000.00
2026-02-27T22:45:00+00:00,10000.00
2026-02-27T23:00:00+00:00,10000.00
2026-02-27T23:00:00+00:00,10000.00
2026-02-27T23:00:00+00:00,10000.00
2026-02-27T23:15:00+00:00,10000.00
2026-02-27T23:15:00+00:00,10000.00
2026-02-27T23:15:00+00:00,10000.00
2026-02-27T23:30:00+00:00,10000.00
2026-02-27T23:30:00+00:00,10000.00
2026-02-27T23:30:00+00:00,10000.00
2026-02-27T23:45:00+00:00,10000.00
2026-02-27T23:45:00+00:00,10000.00
2026-02-27T23:45:00+00:00,10000.00
2026-02-28T00:00:00+00:00,10000.00
2026-02-28T00:00:00+00:00,10000.00
2026-02-28T00:00:00+00:00,10000.00
2026-02-28T00:15:00+00:00,10000.00
2026-02-28T00:15:00+00:00,10000.00
2026-02-28T00:15:00+00:00,10000.00
2026-02-28T00:30:00+00:00,10000.00
2026-02-28T00:30:00+00:00,10000.00
2026-02-28T00:30:00+00:00,10000.00
2026-02-28T00:45:00+00:00,10000.00
2026-02-28T00:45:00+00:00,10000.00
2026-02-28T00:45:00+00:00,10000.00
2026-02-28T01:00:00+00:00,10000.00
2026-02-28T01:00:00+00:00,10000.00
2026-02-28T01:00:00+00:00,10000.00
2026-02-28T01:15:00+00:00,10000.00
2026-02-28T01:15:00+00:00,10000.00
2026-02-28T01:15:00+00:00,10000.00
2026-02-28T01:30:00+00:00,10000.00
2026-02-28T01:30:00+00:00,10000.00
2026-02-28T01:30:00+00:00,10000.00
2026-02-28T01:45:00+00:00,10000.00
2026-02-28T01:45:00+00:00,10000.00
2026-02-28T01:45:00+00:00,10000.00
2026-02-28T02:00:00+00:00,10000.00
2026-02-28T02:00:00+00:00,10000.00
2026-02-28T02:00:00+00:00,10000.00
2026-02-28T02:15:00+00:00,10000.00
2026-02-28T02:15:00+00:00,10000.00
2026-02-28T02:15:00+00:00,10000.00
2026-02-28T02:30:00+00:00,10000.00
2026-02-28T02:30:00+00:00,10000.00
2026-02-28T02:30:00+00:00,10000.00
2026-02-28T02:45:00+00:00,10000.00
2026-02-28T02:45:00+00:00,10000.00
2026-02-28T02:45:00+00:00,10000.00
2026-02-28T03:00:00+00:00,10000.00
2026-02-28T03:00:00+00:00,10000.00
2026-02-28T03:00:00+00:00,10000.00
2026-02-28T03:15:00+00:00,10000.00
2026-02-28T03:15:00+00:00,10000.00
2026-02-28T03:15:00+00:00,10000.00
2026-02-28T03:30:00+00:00,10000.00
2026-02-28T03:30:00+00:00,10000.00
2026-02-28T03:30:00+00:00,10000.00
2026-02-28T03:45:00+00:00,10000.00
2026-02-28T03:45:00+00:00,10000.00
2026-02-28T03:45:00+00:00,10000.00
2026-02-28T04:00:00+00:00,10000.00
2026-02-28T04:00:00+00:00,10000.00
2026-02-28T04:00:00+00:00,10000.00
2026-02-28T04:15:00+00:00,10000.00
2026-02-28T04:15:00+00:00,10000.00
2026-02-28T04:15:00+00:00,10000.00
2026-02-28T04:30:00+00:00,10000.00
2026-02-28T04:30:00+00:00,10000.00
2026-02-28T04:30:00+00:00,10000.00
2026-02-28T04:45:00+00:00,10000.00
2026-02-28T04:45:00+00:00,10000.00
2026-02-28T04:45:00+00:00,10000.00
2026-02-28T05:00:00+00:00,10000.00
2026-02-28T05:00:00+00:00,10000.00
2026-02-28T05:00:00+00:00,10000.00
2026-02-28T05:15:00+00:00,10000.00
2026-02-28T05:15:00+00:00,10000.00
2026-02-28T05:15:00+00:00,10000.00
2026-02-28T05:30:00+00:00,10000.00
2026-02-28T05:30:00+00:00,10000.00
2026-02-28T05:30:00+00:00,10000.00
2026-02-28T05:45:00+00:00,10000.00
2026-02-28T05:45:00+00:00,10000.00
2026-02-28T05:45:00+00:00,10000.00
2026-02-28T06:00:00+00:00,10000.00
2026-02-28T06:00:00+00:00,10000.00
2026-02-28T06:00:00+00:00,10000.00
2026-02-28T06:15:00+00:00,10000.00
2026-02-28T06:15:00+00:00,10000.00
2026-02-28T06:15:00+00:00,10000.00
2026-02-28T06:30:00+00:00,10000.00
2026-02-28T06:30:00+00:00,10000.00
2026-02-28T06:30:00+00:00,10000.00
2026-02-28T06:45:00+00:00,10000.00
2026-02-28T06:45:00+00:00,10000.00
2026-02-28T06:45:00+00:00,10000.00
2026-02-28T07:00:00+00:00,10000.00
2026-02-28T07:00:00+00:00,10000.00
2026-02-28T07:00:00+00:00,10000.00
2026-02-28T07:15:00+00:00,10000.00
2026-02-28T07:15:00+00:00,10000.00
2026-02-28T07:15:00+00:00,10000.00
2026-02-28T07:30:00+00:00,10000.00
2026-02-28T07:30:00+00:00,10000.00
2026-02-28T07:30:00+00:00,10000.00
2026-02-28T07:45:00+00:00,10000.00
2026-02-28T07:45:00+00:00,10000.00
2026-02-28T07:45:00+00:00,10000.00
2026-02-28T08:00:00+00:00,10000.00
2026-02-28T08:00:00+00:00,10000.00
2026-02-28T08:00:00+00:00,10000.00
2026-02-28T08:15:00+00:00,10000.00
2026-02-28T08:15:00+00:00,10000.00
2026-02-28T08:15:00+00:00,10000.00
2026-02-28T08:30:00+00:00,10000.00
2026-02-28T08:30:00+00:00,10000.00
2026-02-28T08:30:00+00:00,10000.00
2026-02-28T08:45:00+00:00,10000.00
2026-02-28T08:45:00+00:00,10000.00
2026-02-28T08:45:00+00:00,10000.00
2026-02-28T09:00:00+00:00,10000.00
2026-02-28T09:00:00+00:00,10000.00
2026-02-28T09:00:00+00:00,10000.00
2026-02-28T09:15:00+00:00,10000.00
2026-02-28T09:15:00+00:00,10000.00
2026-02-28T09:15:00+00:00,10000.00
2026-02-28T09:30:00+00:00,10000.00
2026-02-28T09:30:00+00:00,10000.00
2026-02-28T09:30:00+00:00,10000.00
2026-02-28T09:45:00+00:00,10000.00
2026-02-28T09:45:00+00:00,10000.00
2026-02-28T09:45:00+00:00,10000.00
2026-02-28T10:00:00+00:00,10000.00
2026-02-28T10:00:00+00:00,10000.00
2026-02-28T10:00:00+00:00,10000.00
2026-02-28T10:15:00+00:00,10000.00
2026-02-28T10:15:00+00:00,10000.00
2026-02-28T10:15:00+00:00,10000.00
2026-02-28T10:30:00+00:00,10000.00
2026-02-28T10:30:00+00:00,10000.00
2026-02-28T10:30:00+00:00,10000.00
2026-02-28T10:45:00+00:00,10000.00
2026-02-28T10:45:00+00:00,10000.00
2026-02-28T10:45:00+00:00,10000.00
2026-02-28T11:00:00+00:00,10000.00
2026-02-28T11:00:00+00:00,10000.00
2026-02-28T11:00:00+00:00,10000.00
2026-02-28T11:15:00+00:00,10000.00
2026-02-28T11:15:00+00:00,10000.00
2026-02-28T11:15:00+00:00,10000.00
2026-02-28T11:30:00+00:00,10000.00
2026-02-28T11:30:00+00:00,10000.00
2026-02-28T11:30:00+00:00,10000.00
2026-02-28T11:45:00+00:00,10000.00
2026-02-28T11:45:00+00:00,10000.00
2026-02-28T11:45:00+00:00,10000.00
2026-02-28T12:00:00+00:00,10000.00
2026-02-28T12:00:00+00:00,10000.00
2026-02-28T12:00:00+00:00,10000.00
2026-02-28T12:15:00+00:00,10000.00
2026-02-28T12:15:00+00:00,10000.00
2026-02-28T12:15:00+00:00,10000.00
2026-02-28T12:30:00+00:00,10000.00
2026-02-28T12:30:00+00:00,10000.00
2026-02-28T12:30:00+00:00,10000.00
2026-02-28T12:45:00+00:00,10000.00
2026-02-28T12:45:00+00:00,10000.00
2026-02-28T12:45:00+00:00,10000.00
2026-02-28T13:00:00+00:00,10000.00
2026-02-28T13:00:00+00:00,10000.00
2026-02-28T13:00:00+00:00,10000.00
2026-02-28T13:15:00+00:00,10000.00
2026-02-28T13:15:00+00:00,10000.00
2026-02-28T13:15:00+00:00,10000.00
2026-02-28T13:30:00+00:00,10000.00
2026-02-28T13:30:00+00:00,10000.00
2026-02-28T13:30:00+00:00,10000.00
2026-02-28T13:45:00+00:00,10000.00
2026-02-28T13:45:00+00:00,10000.00
2026-02-28T13:45:00+00:00,10000.00
2026-02-28T14:00:00+00:00,10000.00
2026-02-28T14:00:00+00:00,10000.00
2026-02-28T14:00:00+00:00,10000.00
2026-02-28T14:15:00+00:00,10000.00
2026-02-28T14:15:00+00:00,10000.00
2026-02-28T14:15:00+00:00,10000.00
2026-02-28T14:30:00+00:00,10000.00
2026-02-28T14:30:00+00:00,10000.00
2026-02-28T14:30:00+00:00,10000.00
2026-02-28T14:45:00+00:00,10000.00
2026-02-28T14:45:00+00:00,10000.00
2026-02-28T14:45:00+00:00,10000.00
2026-02-28T15:00:00+00:00,10000.00
2026-02-28T15:00:00+00:00,10000.00
2026-02-28T15:00:00+00:00,10000.00
2026-02-28T15:15:00+00:00,10000.00
2026-02-28T15:15:00+00:00,10000.00
2026-02-28T15:15:00+00:00,10000.00
2026-02-28T15:30:00+00:00,10000.00
2026-02-28T15:30:00+00:00,10000.00
2026-02-28T15:30:00+00:00,10000.00
2026-02-28T15:45:00+00:00,10000.00
2026-02-28T15:45:00+00:00,10000.00
2026-02-28T15:45:00+00:00,10000.00
2026-02-28T16:00:00+00:00,10000.00
2026-02-28T16:00:00+00:00,10000.00
2026-02-28T16:00:00+00:00,10000.00
2026-02-28T16:15:00+00:00,10000.00
2026-02-28T16:15:00+00:00,10000.00
2026-02-28T16:15:00+00:00,10000.00
2026-02-28T16:30:00+00:00,10000.00
2026-02-28T16:30:00+00:00,10000.00
2026-02-28T16:30:00+00:00,10000.00
2026-02-28T16:45:00+00:00,10000.00
2026-02-28T16:45:00+00:00,10000.00
2026-02-28T16:45:00+00:00,10000.00
2026-02-28T17:00:00+00:00,10000.00
2026-02-28T17:00:00+00:00,10000.00
2026-02-28T17:00:00+00:00,10000.00
2026-02-28T17:15:00+00:00,10000.00
2026-02-28T17:15:00+00:00,10000.00
2026-02-28T17:15:00+00:00,10000.00
2026-02-28T17:30:00+00:00,10000.00
2026-02-28T17:30:00+00:00,10000.00
2026-02-28T17:30:00+00:00,10000.00
2026-02-28T17:45:00+00:00,10000.00
2026-02-28T17:45:00+00:00,10000.00
2026-02-28T17:45:00+00:00,10000.00
2026-02-28T18:00:00+00:00,10000.00
2026-02-28T18:00:00+00:00,10000.00
2026-02-28T18:00:00+00:00,10000.00
2026-02-28T18:15:00+00:00,10000.00
2026-02-28T18:15:00+00:00,10000.00
2026-02-28T18:15:00+00:00,10000.00
2026-02-28T18:30:00+00:00,10000.00
2026-02-28T18:30:00+00:00,10000.00
2026-02-28T18:30:00+00:00,10000.00
2026-02-28T18:45:00+00:00,10000.00
2026-02-28T18:45:00+00:00,10000.00
2026-02-28T18:45:00+00:00,10000.00
2026-02-28T19:00:00+00:00,10000.00
2026-02-28T19:00:00+00:00,10000.00
2026-02-28T19:00:00+00:00,10000.00
2026-02-28T19:15:00+00:00,10000.00
2026-02-28T19:15:00+00:00,10000.00
2026-02-28T19:15:00+00:00,10000.00
2026-02-28T19:30:00+00:00,10000.00
2026-02-28T19:30:00+00:00,10000.00
2026-02-28T19:30:00+00:00,10000.00
2026-02-28T19:45:00+00:00,10000.00
2026-02-28T19:45:00+00:00,10000.00
2026-02-28T19:45:00+00:00,10000.00
2026-02-28T20:00:00+00:00,10000.00
2026-02-28T20:00:00+00:00,10000.00
2026-02-28T20:00:00+00:00,10000.00
2026-02-28T20:15:00+00:00,10000.00
2026-02-28T20:15:00+00:00,10000.00
2026-02-28T20:15:00+00:00,10000.00
2026-02-28T20:30:00+00:00,10000.00
2026-02-28T20:30:00+00:00,10000.00
2026-02-28T20:30:00+00:00,10000.00
2026-02-28T20:45:00+00:00,10000.00
2026-02-28T20:45:00+00:00,10000.00
2026-02-28T20:45:00+00:00,10000.00
2026-02-28T21:00:00+00:00,10000.00
2026-02-28T21:00:00+00:00,10000.00
2026-02-28T21:00:00+00:00,10000.00
2026-02-28T21:15:00+00:00,10000.00
2026-02-28T21:15:00+00:00,10000.00
2026-02-28T21:15:00+00:00,10000.00
2026-02-28T21:30:00+00:00,10000.00
2026-02-28T21:30:00+00:00,10000.00
2026-02-28T21:30:00+00:00,10000.00
2026-02-28T21:45:00+00:00,10000.00
2026-02-28T21:45:00+00:00,10000.00
2026-02-28T21:45:00+00:00,10000.00
2026-02-28T22:00:00+00:00,10000.00
2026-02-28T22:00:00+00:00,10000.00
2026-02-28T22:00:00+00:00,10000.00
2026-02-28T22:15:00+00:00,10000.00
2026-02-28T22:15:00+00:00,10000.00
2026-02-28T22:15:00+00:00,10000.00
2026-02-28T22:30:00+00:00,10000.00
2026-02-28T22:30:00+00:00,10000.00
2026-02-28T22:30:00+00:00,10000.00
2026-02-28T22:45:00+00:00,10000.00
2026-02-28T22:45:00+00:00,10000.00
2026-02-28T22:45:00+00:00,10000.00
2026-02-28T23:00:00+00:00,10000.00
2026-02-28T23:00:00+00:00,10000.00
2026-02-28T23:00:00+00:00,10000.00
2026-02-28T23:15:00+00:00,10000.00
2026-02-28T23:15:00+00:00,10000.00
2026-02-28T23:15:00+00:00,10000.00
2026-02-28T23:30:00+00:00,10000.00
2026-02-28T23:30:00+00:00,10000.00
2026-02-28T23:30:00+00:00,10000.00
2026-02-28T23:45:00+00:00,10000.00
2026-02-28T23:45:00+00:00,10000.00
2026-02-28T23:45:00+00:00,10000.00
2026-03-01T00:00:00+00:00,10000.00
2026-03-01T00:00:00+00:00,10000.00
2026-03-01T00:00:00+00:00,10000.00
2026-03-01T00:15:00+00:00,10000.00
2026-03-01T00:15:00+00:00,10000.00
2026-03-01T00:15:00+00:00,10000.00
2026-03-01T00:30:00+00:00,10000.00
2026-03-01T00:30:00+00:00,10000.00
2026-03-01T00:30:00+00:00,10000.00
2026-03-01T00:45:00+00:00,10000.00
2026-03-01T00:45:00+00:00,10000.00
2026-03-01T00:45:00+00:00,10000.00
2026-03-01T01:00:00+00:00,10000.00
2026-03-01T01:00:00+00:00,10000.00
2026-03-01T01:00:00+00:00,10000.00
2026-03-01T01:15:00+00:00,10000.00
2026-03-01T01:15:00+00:00,10000.00
2026-03-01T01:15:00+00:00,10000.00
2026-03-01T01:30:00+00:00,10000.00
2026-03-01T01:30:00+00:00,10000.00
2026-03-01T01:30:00+00:00,10000.00
2026-03-01T01:45:00+00:00,10000.00
2026-03-01T01:45:00+00:00,10000.00
2026-03-01T01:45:00+00:00,10000.00
2026-03-01T02:00:00+00:00,10000.00
2026-03-01T02:00:00+00:00,10000.00
2026-03-01T02:00:00+00:00,10000.00
2026-03-01T02:15:00+00:00,10000.00
2026-03-01T02:15:00+00:00,10000.00
2026-03-01T02:15:00+00:00,10000.00
2026-03-01T02:30:00+00:00,10000.00
2026-03-01T02:30:00+00:00,10000.00
2026-03-01T02:30:00+00:00,10000.00
2026-03-01T02:45:00+00:00,10000.00
2026-03-01T02:45:00+00:00,10000.00
2026-03-01T02:45:00+00:00,10000.00
2026-03-01T03:00:00+00:00,10000.00
2026-03-01T03:00:00+00:00,10000.00
2026-03-01T03:00:00+00:00,10000.00
2026-03-01T03:15:00+00:00,10000.00
2026-03-01T03:15:00+00:00,10000.00
2026-03-01T03:15:00+00:00,10000.00
2026-03-01T03:30:00+00:00,10000.00
2026-03-01T03:30:00+00:00,10000.00
2026-03-01T03:30:00+00:00,10000.00
2026-03-01T03:45:00+00:00,10000.00
2026-03-01T03:45:00+00:00,10000.00
2026-03-01T03:45:00+00:00,10000.00
2026-03-01T04:00:00+00:00,10000.00
2026-03-01T04:00:00+00:00,10000.00
2026-03-01T04:00:00+00:00,10000.00
2026-03-01T04:15:00+00:00,10000.00
2026-03-01T04:15:00+00:00,10000.00
2026-03-01T04:15:00+00:00,10000.00
2026-03-01T04:30:00+00:00,10000.00
2026-03-01T04:30:00+00:00,10000.00
2026-03-01T04:30:00+00:00,10000.00
2026-03-01T04:45:00+00:00,10000.00
2026-03-01T04:45:00+00:00,10000.00
2026-03-01T04:45:00+00:00,10000.00
2026-03-01T05:00:00+00:00,10000.00
2026-03-01T05:00:00+00:00,10000.00
2026-03-01T05:00:00+00:00,10000.00
2026-03-01T05:15:00+00:00,10000.00
2026-03-01T05:15:00+00:00,10000.00
2026-03-01T05:15:00+00:00,10000.00
2026-03-01T05:30:00+00:00,10000.00
2026-03-01T05:30:00+00:00,10000.00
2026-03-01T05:30:00+00:00,10000.00
2026-03-01T05:45:00+00:00,10000.00
2026-03-01T05:45:00+00:00,10000.00
2026-03-01T05:45:00+00:00,10000.00
2026-03-01T06:00:00+00:00,10000.00
2026-03-01T06:00:00+00:00,10000.00
2026-03-01T06:00:00+00:00,10000.00
2026-03-01T06:15:00+00:00,10000.00
2026-03-01T06:15:00+00:00,10000.00
2026-03-01T06:15:00+00:00,10000.00
2026-03-01T06:30:00+00:00,10000.00
2026-03-01T06:30:00+00:00,10000.00
2026-03-01T06:30:00+00:00,10000.00
2026-03-01T06:45:00+00:00,10000.00
2026-03-01T06:45:00+00:00,10000.00
2026-03-01T06:45:00+00:00,10000.00
2026-03-01T07:00:00+00:00,10000.00
2026-03-01T07:00:00+00:00,10000.00
2026-03-01T07:00:00+00:00,10000.00
2026-03-01T07:15:00+00:00,10000.00
2026-03-01T07:15:00+00:00,10000.00
2026-03-01T07:15:00+00:00,10000.00
2026-03-01T07:30:00+00:00,10000.00
2026-03-01T07:30:00+00:00,10000.00
2026-03-01T07:30:00+00:00,10000.00
2026-03-01T07:45:00+00:00,10000.00
2026-03-01T07:45:00+00:00,10000.00
2026-03-01T07:45:00+00:00,10000.00
2026-03-01T08:00:00+00:00,10000.00
2026-03-01T08:00:00+00:00,10000.00
2026-03-01T08:00:00+00:00,10000.00
2026-03-01T08:15:00+00:00,10000.00
2026-03-01T08:15:00+00:00,10000.00
2026-03-01T08:15:00+00:00,10000.00
2026-03-01T08:30:00+00:00,10000.00
2026-03-01T08:30:00+00:00,10000.00
2026-03-01T08:30:00+00:00,10000.00
2026-03-01T08:45:00+00:00,10000.00
2026-03-01T08:45:00+00:00,10000.00
2026-03-01T08:45:00+00:00,10000.00
2026-03-01T09:00:00+00:00,10000.00
2026-03-01T09:00:00+00:00,10000.00
2026-03-01T09:00:00+00:00,10000.00
2026-03-01T09:15:00+00:00,10000.00
2026-03-01T09:15:00+00:00,10000.00
2026-03-01T09:15:00+00:00,10000.00
2026-03-01T09:30:00+00:00,10000.00
2026-03-01T09:30:00+00:00,10000.00
2026-03-01T09:30:00+00:00,10000.00
2026-03-01T09:45:00+00:00,10000.00
2026-03-01T09:45:00+00:00,10000.00
2026-03-01T09:45:00+00:00,10000.00
2026-03-01T10:00:00+00:00,10000.00
2026-03-01T10:00:00+00:00,10000.00
2026-03-01T10:00:00+00:00,10000.00
2026-03-01T10:15:00+00:00,10000.00
2026-03-01T10:15:00+00:00,10000.00
2026-03-01T10:15:00+00:00,10000.00
2026-03-01T10:30:00+00:00,10000.00
2026-03-01T10:30:00+00:00,10000.00
2026-03-01T10:30:00+00:00,10000.00
2026-03-01T10:45:00+00:00,10000.00
2026-03-01T10:45:00+00:00,10000.00
2026-03-01T10:45:00+00:00,10000.00
2026-03-01T11:00:00+00:00,10000.00
2026-03-01T11:00:00+00:00,10000.00
2026-03-01T11:00:00+00:00,10000.00
2026-03-01T11:15:00+00:00,10000.00
2026-03-01T11:15:00+00:00,10000.00
2026-03-01T11:15:00+00:00,10000.00
2026-03-01T11:30:00+00:00,10000.00
2026-03-01T11:30:00+00:00,10000.00
2026-03-01T11:30:00+00:00,10000.00
2026-03-01T11:45:00+00:00,10000.00
2026-03-01T11:45:00+00:00,10000.00
2026-03-01T11:45:00+00:00,10000.00
2026-03-01T12:00:00+00:00,10000.00
2026-03-01T12:00:00+00:00,10000.00
2026-03-01T12:00:00+00:00,10000.00
2026-03-01T12:15:00+00:00,10000.00
2026-03-01T12:15:00+00:00,10000.00
2026-03-01T12:15:00+00:00,10000.00
2026-03-01T12:30:00+00:00,10000.00
2026-03-01T12:30:00+00:00,10000.00
2026-03-01T12:30:00+00:00,10000.00
2026-03-01T12:45:00+00:00,10000.00
2026-03-01T12:45:00+00:00,10000.00
2026-03-01T12:45:00+00:00,10000.00
2026-03-01T13:00:00+00:00,10000.00
2026-03-01T13:00:00+00:00,10000.00
2026-03-01T13:00:00+00:00,10000.00
2026-03-01T13:15:00+00:00,10000.00
2026-03-01T13:15:00+00:00,10000.00
2026-03-01T13:15:00+00:00,10000.00
2026-03-01T13:30:00+00:00,10000.00
2026-03-01T13:30:00+00:00,10000.00
2026-03-01T13:30:00+00:00,10000.00
2026-03-01T13:45:00+00:00,10000.00
2026-03-01T13:45:00+00:00,10000.00
2026-03-01T13:45:00+00:00,10000.00
2026-03-01T14:00:00+00:00,10000.00
2026-03-01T14:00:00+00:00,10000.00
2026-03-01T14:00:00+00:00,10000.00
2026-03-01T14:15:00+00:00,10000.00
2026-03-01T14:15:00+00:00,10000.00
2026-03-01T14:15:00+00:00,10000.00
2026-03-01T14:30:00+00:00,10000.00
2026-03-01T14:30:00+00:00,10000.00
2026-03-01T14:30:00+00:00,10000.00
2026-03-01T14:45:00+00:00,10000.00
2026-03-01T14:45:00+00:00,10000.00
2026-03-01T14:45:00+00:00,10000.00
2026-03-01T15:00:00+00:00,10000.00
2026-03-01T15:00:00+00:00,10000.00
2026-03-01T15:00:00+00:00,10000.00
2026-03-01T15:15:00+00:00,10000.00
2026-03-01T15:15:00+00:00,10000.00
2026-03-01T15:15:00+00:00,10000.00
2026-03-01T15:30:00+00:00,10000.00
2026-03-01T15:30:00+00:00,10000.00
2026-03-01T15:30:00+00:00,10000.00
2026-03-01T15:45:00+00:00,10000.00
2026-03-01T15:45:00+00:00,10000.00
2026-03-01T15:45:00+00:00,10000.00
2026-03-01T16:00:00+00:00,10000.00
2026-03-01T16:00:00+00:00,10000.00
2026-03-01T16:00:00+00:00,10000.00
2026-03-01T16:15:00+00:00,10000.00
2026-03-01T16:15:00+00:00,10000.00
2026-03-01T16:15:00+00:00,10000.00
2026-03-01T16:30:00+00:00,10000.00
2026-03-01T16:30:00+00:00,10000.00
2026-03-01T16:30:00+00:00,10000.00
2026-03-01T16:45:00+00:00,10000.00
2026-03-01T16:45:00+00:00,10000.00
2026-03-01T16:45:00+00:00,10000.00
2026-03-01T17:00:00+00:00,10000.00
2026-03-01T17:00:00+00:00,10000.00
2026-03-01T17:00:00+00:00,10000.00
2026-03-01T17:15:00+00:00,10000.00
2026-03-01T17:15:00+00:00,10000.00
2026-03-01T17:15:00+00:00,10000.00
2026-03-01T17:30:00+00:00,10000.00
2026-03-01T17:30:00+00:00,10000.00
2026-03-01T17:30:00+00:00,10000.00
2026-03-01T17:45:00+00:00,10000.00
2026-03-01T17:45:00+00:00,10000.00
2026-03-01T17:45:00+00:00,10000.00
2026-03-01T18:00:00+00:00,10000.00
2026-03-01T18:00:00+00:00,10000.00
2026-03-01T18:00:00+00:00,10000.00
2026-03-01T18:15:00+00:00,10000.00
2026-03-01T18:15:00+00:00,10000.00
2026-03-01T18:15:00+00:00,10000.00
2026-03-01T18:30:00+00:00,10000.00
2026-03-01T18:30:00+00:00,10000.00
2026-03-01T18:30:00+00:00,10000.00
2026-03-01T18:45:00+00:00,10000.00
2026-03-01T18:45:00+00:00,10000.00
2026-03-01T18:45:00+00:00,10000.00
2026-03-01T19:00:00+00:00,10000.00
2026-03-01T19:00:00+00:00,10000.00
2026-03-01T19:00:00+00:00,10000.00
2026-03-01T19:15:00+00:00,10000.00
2026-03-01T19:15:00+00:00,10000.00
2026-03-01T19:15:00+00:00,10000.00
2026-03-01T19:30:00+00:00,10000.00
2026-03-01T19:30:00+00:00,10000.00
2026-03-01T19:30:00+00:00,10000.00
2026-03-01T19:45:00+00:00,10000.00
2026-03-01T19:45:00+00:00,10000.00
2026-03-01T19:45:00+00:00,10000.00
2026-03-01T20:00:00+00:00,10000.00
2026-03-01T20:00:00+00:00,10000.00
2026-03-01T20:00:00+00:00,10000.00
2026-03-01T20:15:00+00:00,10000.00
2026-03-01T20:15:00+00:00,10000.00
2026-03-01T20:15:00+00:00,10000.00
2026-03-01T20:30:00+00:00,10000.00
2026-03-01T20:30:00+00:00,10000.00
2026-03-01T20:30:00+00:00,10000.00
2026-03-01T20:45:00+00:00,10000.00
2026-03-01T20:45:00+00:00,10000.00
2026-03-01T20:45:00+00:00,10000.00
2026-03-01T21:00:00+00:00,10000.00
2026-03-01T21:00:00+00:00,10000.00
2026-03-01T21:00:00+00:00,10000.00
2026-03-01T21:15:00+00:00,10000.00
2026-03-01T21:15:00+00:00,10000.00
2026-03-01T21:15:00+00:00,10000.00
2026-03-01T21:30:00+00:00,10000.00
2026-03-01T21:30:00+00:00,10000.00
2026-03-01T21:30:00+00:00,10000.00
2026-03-01T21:45:00+00:00,10000.00
2026-03-01T21:45:00+00:00,10000.00
2026-03-01T21:45:00+00:00,10000.00
2026-03-01T22:00:00+00:00,10000.00
2026-03-01T22:00:00+00:00,10000.00
2026-03-01T22:00:00+00:00,10000.00
2026-03-01T22:15:00+00:00,10000.00
2026-03-01T22:15:00+00:00,10000.00
2026-03-01T22:15:00+00:00,10000.00
2026-03-01T22:30:00+00:00,10000.00
2026-03-01T22:30:00+00:00,10000.00
2026-03-01T22:30:00+00:00,10000.00
2026-03-01T22:45:00+00:00,10000.00
2026-03-01T22:45:00+00:00,10000.00
2026-03-01T22:45:00+00:00,10000.00
2026-03-01T23:00:00+00:00,10000.00
2026-03-01T23:00:00+00:00,10000.00
2026-03-01T23:00:00+00:00,10000.00
2026-03-01T23:15:00+00:00,10000.00
2026-03-01T23:15:00+00:00,10000.00
2026-03-01T23:15:00+00:00,10000.00
2026-03-01T23:30:00+00:00,10000.00
2026-03-01T23:30:00+00:00,10000.00
2026-03-01T23:30:00+00:00,10000.00
2026-03-01T23:45:00+00:00,10000.00
2026-03-01T23:45:00+00:00,10000.00
2026-03-01T23:45:00+00:00,10000.00
2026-03-02T00:00:00+00:00,10000.00
2026-03-02T00:00:00+00:00,10000.00
2026-03-02T00:00:00+00:00,10000.00
2026-03-02T00:15:00+00:00,10000.00
2026-03-02T00:15:00+00:00,10000.00
2026-03-02T00:15:00+00:00,10000.00
2026-03-02T00:30:00+00:00,10000.00
2026-03-02T00:30:00+00:00,10000.00
2026-03-02T00:30:00+00:00,10000.00
2026-03-02T00:45:00+00:00,10000.00
2026-03-02T00:45:00+00:00,10000.00
2026-03-02T00:45:00+00:00,10000.00
2026-03-02T01:00:00+00:00,10000.00
2026-03-02T01:00:00+00:00,10000.00
2026-03-02T01:00:00+00:00,10000.00
2026-03-02T01:15:00+00:00,10000.00
2026-03-02T01:15:00+00:00,10000.00
2026-03-02T01:15:00+00:00,10000.00
2026-03-02T01:30:00+00:00,10000.00
2026-03-02T01:30:00+00:00,10000.00
2026-03-02T01:30:00+00:00,10000.00
2026-03-02T01:45:00+00:00,10000.00
2026-03-02T01:45:00+00:00,10000.00
2026-03-02T01:45:00+00:00,10000.00
2026-03-02T02:00:00+00:00,10000.00
2026-03-02T02:00:00+00:00,10000.00
2026-03-02T02:00:00+00:00,10000.00
2026-03-02T02:15:00+00:00,10000.00
2026-03-02T02:15:00+00:00,10000.00
2026-03-02T02:15:00+00:00,10000.00
2026-03-02T02:30:00+00:00,10000.00
2026-03-02T02:30:00+00:00,10000.00
2026-03-02T02:30:00+00:00,10000.00
2026-03-02T02:45:00+00:00,10000.00
2026-03-02T02:45:00+00:00,10000.00
2026-03-02T02:45:00+00:00,10000.00
2026-03-02T03:00:00+00:00,10000.00
2026-03-02T03:00:00+00:00,10000.00
2026-03-02T03:00:00+00:00,10000.00
2026-03-02T03:15:00+00:00,10000.00
2026-03-02T03:15:00+00:00,10000.00
2026-03-02T03:15:00+00:00,10000.00
2026-03-02T03:30:00+00:00,10000.00
2026-03-02T03:30:00+00:00,10000.00
2026-03-02T03:30:00+00:00,10000.00
2026-03-02T03:45:00+00:00,10000.00
2026-03-02T03:45:00+00:00,10000.00
2026-03-02T03:45:00+00:00,10000.00
2026-03-02T04:00:00+00:00,10000.00
2026-03-02T04:00:00+00:00,10000.00
2026-03-02T04:00:00+00:00,10000.00
2026-03-02T04:15:00+00:00,10000.00
2026-03-02T04:15:00+00:00,10000.00
2026-03-02T04:15:00+00:00,10000.00
2026-03-02T04:30:00+00:00,10000.00
2026-03-02T04:30:00+00:00,10000.00
2026-03-02T04:30:00+00:00,10000.00
2026-03-02T04:45:00+00:00,10000.00
2026-03-02T04:45:00+00:00,10000.00
2026-03-02T04:45:00+00:00,10000.00
2026-03-02T05:00:00+00:00,10000.00
2026-03-02T05:00:00+00:00,10000.00
2026-03-02T05:00:00+00:00,10000.00
2026-03-02T05:15:00+00:00,10000.00
2026-03-02T05:15:00+00:00,10000.00
2026-03-02T05:15:00+00:00,10000.00
2026-03-02T05:30:00+00:00,10000.00
2026-03-02T05:30:00+00:00,10000.00
2026-03-02T05:30:00+00:00,10000.00
2026-03-02T05:45:00+00:00,10000.00
2026-03-02T05:45:00+00:00,10000.00
2026-03-02T05:45:00+00:00,10000.00
2026-03-02T06:00:00+00:00,10000.00
2026-03-02T06:00:00+00:00,10000.00
2026-03-02T06:00:00+00:00,10000.00
2026-03-02T06:15:00+00:00,10000.00
2026-03-02T06:15:00+00:00,10000.00
2026-03-02T06:15:00+00:00,10000.00
2026-03-02T06:30:00+00:00,10000.00
2026-03-02T06:30:00+00:00,10000.00
2026-03-02T06:30:00+00:00,10000.00
2026-03-02T06:45:00+00:00,10000.00
2026-03-02T06:45:00+00:00,10000.00
2026-03-02T06:45:00+00:00,10000.00
2026-03-02T07:00:00+00:00,10000.00
2026-03-02T07:00:00+00:00,10000.00
2026-03-02T07:00:00+00:00,10000.00
2026-03-02T07:15:00+00:00,10000.00
2026-03-02T07:15:00+00:00,10000.00
2026-03-02T07:15:00+00:00,10000.00
2026-03-02T07:30:00+00:00,10000.00
2026-03-02T07:30:00+00:00,10000.00
2026-03-02T07:30:00+00:00,10000.00
2026-03-02T07:45:00+00:00,10000.00
2026-03-02T07:45:00+00:00,10000.00
2026-03-02T07:45:00+00:00,10000.00
2026-03-02T08:00:00+00:00,10000.00
2026-03-02T08:00:00+00:00,10000.00
2026-03-02T08:00:00+00:00,10000.00
2026-03-02T08:15:00+00:00,10000.00
2026-03-02T08:15:00+00:00,10000.00
2026-03-02T08:15:00+00:00,10000.00
2026-03-02T08:30:00+00:00,10000.00
2026-03-02T08:30:00+00:00,10000.00
2026-03-02T08:30:00+00:00,10000.00
2026-03-02T08:45:00+00:00,10000.00
2026-03-02T08:45:00+00:00,10000.00
2026-03-02T08:45:00+00:00,10000.00
2026-03-02T09:00:00+00:00,10000.00
2026-03-02T09:00:00+00:00,10000.00
2026-03-02T09:00:00+00:00,10000.00
2026-03-02T09:15:00+00:00,10000.00
2026-03-02T09:15:00+00:00,10000.00
2026-03-02T09:15:00+00:00,10000.00
2026-03-02T09:30:00+00:00,10000.00
2026-03-02T09:30:00+00:00,10000.00
2026-03-02T09:30:00+00:00,10000.00
2026-03-02T09:45:00+00:00,10000.00
2026-03-02T09:45:00+00:00,10000.00
2026-03-02T09:45:00+00:00,10000.00
2026-03-02T10:00:00+00:00,10000.00
2026-03-02T10:00:00+00:00,10000.00
2026-03-02T10:00:00+00:00,10000.00
2026-03-02T10:15:00+00:00,10000.00
2026-03-02T10:15:00+00:00,10000.00
2026-03-02T10:15:00+00:00,10000.00
2026-03-02T10:30:00+00:00,10000.00
2026-03-02T10:30:00+00:00,10000.00
2026-03-02T10:30:00+00:00,10000.00
2026-03-02T10:45:00+00:00,10000.00
2026-03-02T10:45:00+00:00,10000.00
2026-03-02T10:45:00+00:00,10000.00
2026-03-02T11:00:00+00:00,10000.00
2026-03-02T11:00:00+00:00,10000.00
2026-03-02T11:00:00+00:00,10000.00
2026-03-02T11:15:00+00:00,10000.00
2026-03-02T11:15:00+00:00,10000.00
2026-03-02T11:15:00+00:00,10000.00
2026-03-02T11:30:00+00:00,10000.00
2026-03-02T11:30:00+00:00,10000.00
2026-03-02T11:30:00+00:00,10000.00
2026-03-02T11:45:00+00:00,10000.00
2026-03-02T11:45:00+00:00,10000.00
2026-03-02T11:45:00+00:00,10000.00
2026-03-02T12:00:00+00:00,10000.00
2026-03-02T12:00:00+00:00,10000.00
2026-03-02T12:00:00+00:00,10000.00
2026-03-02T12:15:00+00:00,10000.00
2026-03-02T12:15:00+00:00,10000.00
2026-03-02T12:15:00+00:00,10000.00
2026-03-02T12:30:00+00:00,10000.00
2026-03-02T12:30:00+00:00,10000.00
2026-03-02T12:30:00+00:00,10000.00
2026-03-02T12:45:00+00:00,10000.00
2026-03-02T12:45:00+00:00,10000.00
2026-03-02T12:45:00+00:00,10000.00
2026-03-02T13:00:00+00:00,10000.00
2026-03-02T13:00:00+00:00,10000.00
2026-03-02T13:00:00+00:00,10000.00
2026-03-02T13:15:00+00:00,10000.00
2026-03-02T13:15:00+00:00,10000.00
2026-03-02T13:15:00+00:00,10000.00
2026-03-02T13:30:00+00:00,10000.00
2026-03-02T13:30:00+00:00,10000.00
2026-03-02T13:30:00+00:00,10000.00
2026-03-02T13:45:00+00:00,10000.00
2026-03-02T13:45:00+00:00,10000.00
2026-03-02T13:45:00+00:00,10000.00
2026-03-02T14:00:00+00:00,10000.00
2026-03-02T14:00:00+00:00,10000.00
2026-03-02T14:00:00+00:00,10000.00
2026-03-02T14:15:00+00:00,10000.00
2026-03-02T14:15:00+00:00,10000.00
2026-03-02T14:15:00+00:00,10000.00
2026-03-02T14:30:00+00:00,10000.00
2026-03-02T14:30:00+00:00,10000.00
2026-03-02T14:30:00+00:00,10000.00
2026-03-02T14:45:00+00:00,10000.00
2026-03-02T14:45:00+00:00,10000.00
2026-03-02T14:45:00+00:00,10000.00
2026-03-02T15:00:00+00:00,10000.00
2026-03-02T15:00:00+00:00,10000.00
2026-03-02T15:00:00+00:00,10000.00
2026-03-02T15:15:00+00:00,10000.00
2026-03-02T15:15:00+00:00,10000.00
2026-03-02T15:15:00+00:00,10000.00
2026-03-02T15:30:00+00:00,10000.00
2026-03-02T15:30:00+00:00,10000.00
2026-03-02T15:30:00+00:00,10000.00
2026-03-02T15:45:00+00:00,10000.00
2026-03-02T15:45:00+00:00,10000.00
2026-03-02T15:45:00+00:00,10000.00
2026-03-02T16:00:00+00:00,10000.00
2026-03-02T16:00:00+00:00,10000.00
2026-03-02T16:00:00+00:00,10000.00
2026-03-02T16:15:00+00:00,10000.00
2026-03-02T16:15:00+00:00,10000.00
2026-03-02T16:15:00+00:00,10000.00
2026-03-02T16:30:00+00:00,10000.00
2026-03-02T16:30:00+00:00,10000.00
2026-03-02T16:30:00+00:00,10000.00
2026-03-02T16:45:00+00:00,10000.00
2026-03-02T16:45:00+00:00,10000.00
2026-03-02T16:45:00+00:00,10000.00
2026-03-02T17:00:00+00:00,10000.00
2026-03-02T17:00:00+00:00,10000.00
2026-03-02T17:00:00+00:00,10000.00
2026-03-02T17:15:00+00:00,10000.00
2026-03-02T17:15:00+00:00,10000.00
2026-03-02T17:15:00+00:00,10000.00
2026-03-02T17:30:00+00:00,10000.00
2026-03-02T17:30:00+00:00,10000.00
2026-03-02T17:30:00+00:00,10000.00
2026-03-02T17:45:00+00:00,10000.00
2026-03-02T17:45:00+00:00,10000.00
2026-03-02T17:45:00+00:00,10000.00
2026-03-02T18:00:00+00:00,10000.00
2026-03-02T18:00:00+00:00,10000.00
2026-03-02T18:00:00+00:00,10000.00
2026-03-02T18:15:00+00:00,10000.00
2026-03-02T18:15:00+00:00,10000.00
2026-03-02T18:15:00+00:00,10000.00
2026-03-02T18:30:00+00:00,10000.00
2026-03-02T18:30:00+00:00,10000.00
2026-03-02T18:30:00+00:00,10000.00
2026-03-02T18:45:00+00:00,10000.00
2026-03-02T18:45:00+00:00,10000.00
2026-03-02T18:45:00+00:00,10000.00
2026-03-02T19:00:00+00:00,10000.00
2026-03-02T19:00:00+00:00,10000.00
2026-03-02T19:00:00+00:00,10000.00
2026-03-02T19:15:00+00:00,10000.00
2026-03-02T19:15:00+00:00,10000.00
2026-03-02T19:15:00+00:00,10000.00
2026-03-02T19:30:00+00:00,10000.00
2026-03-02T19:30:00+00:00,10000.00
2026-03-02T19:30:00+00:00,10000.00
2026-03-02T19:45:00+00:00,10000.00
2026-03-02T19:45:00+00:00,10000.00
2026-03-02T19:45:00+00:00,10000.00
2026-03-02T20:00:00+00:00,10000.00
2026-03-02T20:00:00+00:00,10000.00
2026-03-02T20:00:00+00:00,10000.00
2026-03-02T20:15:00+00:00,10000.00
2026-03-02T20:15:00+00:00,10000.00
2026-03-02T20:15:00+00:00,10000.00
2026-03-02T20:30:00+00:00,10000.00
2026-03-02T20:30:00+00:00,10000.00
2026-03-02T20:30:00+00:00,10000.00
2026-03-02T20:45:00+00:00,10000.00
2026-03-02T20:45:00+00:00,10000.00
2026-03-02T20:45:00+00:00,10000.00
2026-03-02T21:00:00+00:00,10000.00
2026-03-02T21:00:00+00:00,10000.00
2026-03-02T21:00:00+00:00,10000.00
2026-03-02T21:15:00+00:00,10000.00
2026-03-02T21:15:00+00:00,10000.00
2026-03-02T21:15:00+00:00,10000.00
2026-03-02T21:30:00+00:00,10000.00
2026-03-02T21:30:00+00:00,10000.00
2026-03-02T21:30:00+00:00,10000.00
2026-03-02T21:45:00+00:00,10000.00
2026-03-02T21:45:00+00:00,10000.00
2026-03-02T21:45:00+00:00,10000.00
2026-03-02T22:00:00+00:00,10000.00
2026-03-02T22:00:00+00:00,10000.00
2026-03-02T22:00:00+00:00,10000.00
2026-03-02T22:15:00+00:00,10000.00
2026-03-02T22:15:00+00:00,10000.00
2026-03-02T22:15:00+00:00,10000.00
2026-03-02T22:30:00+00:00,10000.00
2026-03-02T22:30:00+00:00,10000.00
2026-03-02T22:30:00+00:00,10000.00
2026-03-02T22:45:00+00:00,10000.00
2026-03-02T22:45:00+00:00,10000.00
2026-03-02T22:45:00+00:00,10000.00
2026-03-02T23:00:00+00:00,10000.00
2026-03-02T23:00:00+00:00,10000.00
2026-03-02T23:00:00+00:00,10000.00
2026-03-02T23:15:00+00:00,10000.00
2026-03-02T23:15:00+00:00,10000.00
2026-03-02T23:15:00+00:00,10000.00
2026-03-02T23:30:00+00:00,10000.00
2026-03-02T23:30:00+00:00,10000.00
2026-03-02T23:30:00+00:00,10000.00
2026-03-02T23:45:00+00:00,10000.00
2026-03-02T23:45:00+00:00,10000.00
2026-03-02T23:45:00+00:00,10000.00
2026-03-03T00:00:00+00:00,10000.00
2026-03-03T00:00:00+00:00,10000.00
2026-03-03T00:00:00+00:00,10000.00
2026-03-03T00:15:00+00:00,10000.00
2026-03-03T00:15:00+00:00,10000.00
2026-03-03T00:15:00+00:00,10000.00
2026-03-03T00:30:00+00:00,10000.00
2026-03-03T00:30:00+00:00,10000.00
2026-03-03T00:30:00+00:00,10000.00
2026-03-03T00:45:00+00:00,10000.00
2026-03-03T00:45:00+00:00,10000.00
2026-03-03T00:45:00+00:00,10000.00
2026-03-03T01:00:00+00:00,10000.00
2026-03-03T01:00:00+00:00,10000.00
2026-03-03T01:00:00+00:00,10000.00
2026-03-03T01:15:00+00:00,10000.00
2026-03-03T01:15:00+00:00,10000.00
2026-03-03T01:15:00+00:00,10000.00
2026-03-03T01:30:00+00:00,10000.00
2026-03-03T01:30:00+00:00,10000.00
2026-03-03T01:30:00+00:00,10000.00
2026-03-03T01:45:00+00:00,10000.00
2026-03-03T01:45:00+00:00,10000.00
2026-03-03T01:45:00+00:00,10000.00
2026-03-03T02:00:00+00:00,10000.00
2026-03-03T02:00:00+00:00,10000.00
2026-03-03T02:00:00+00:00,10000.00
2026-03-03T02:15:00+00:00,10000.00
2026-03-03T02:15:00+00:00,10000.00
2026-03-03T02:15:00+00:00,10000.00
2026-03-03T02:30:00+00:00,10000.00
2026-03-03T02:30:00+00:00,10000.00
2026-03-03T02:30:00+00:00,10000.00
2026-03-03T02:45:00+00:00,10000.00
2026-03-03T02:45:00+00:00,10000.00
2026-03-03T02:45:00+00:00,10000.00
2026-03-03T03:00:00+00:00,10000.00
2026-03-03T03:00:00+00:00,10000.00
2026-03-03T03:00:00+00:00,10000.00
2026-03-03T03:15:00+00:00,10000.00
2026-03-03T03:15:00+00:00,10000.00
2026-03-03T03:15:00+00:00,10000.00
2026-03-03T03:30:00+00:00,10000.00
2026-03-03T03:30:00+00:00,10000.00
2026-03-03T03:30:00+00:00,10000.00
2026-03-03T03:45:00+00:00,10000.00
2026-03-03T03:45:00+00:00,10000.00
2026-03-03T03:45:00+00:00,10000.00
2026-03-03T04:00:00+00:00,10000.00
2026-03-03T04:00:00+00:00,10000.00
2026-03-03T04:00:00+00:00,10000.00
2026-03-03T04:15:00+00:00,10000.00
2026-03-03T04:15:00+00:00,10000.00
2026-03-03T04:15:00+00:00,10000.00
2026-03-03T04:30:00+00:00,10000.00
2026-03-03T04:30:00+00:00,10000.00
2026-03-03T04:30:00+00:00,10000.00
2026-03-03T04:45:00+00:00,10000.00
2026-03-03T04:45:00+00:00,10000.00
2026-03-03T04:45:00+00:00,10000.00
2026-03-03T05:00:00+00:00,10000.00
2026-03-03T05:00:00+00:00,10000.00
2026-03-03T05:00:00+00:00,10000.00
2026-03-03T05:15:00+00:00,10000.00
2026-03-03T05:15:00+00:00,10000.00
2026-03-03T05:15:00+00:00,10000.00
2026-03-03T05:30:00+00:00,10000.00
2026-03-03T05:30:00+00:00,10000.00
2026-03-03T05:30:00+00:00,10000.00
2026-03-03T05:45:00+00:00,10000.00
2026-03-03T05:45:00+00:00,10000.00
2026-03-03T05:45:00+00:00,10000.00
2026-03-03T06:00:00+00:00,10000.00
2026-03-03T06:00:00+00:00,10000.00
2026-03-03T06:00:00+00:00,10000.00
2026-03-03T06:15:00+00:00,10000.00
2026-03-03T06:15:00+00:00,10000.00
2026-03-03T06:15:00+00:00,10000.00
2026-03-03T06:30:00+00:00,10000.00
2026-03-03T06:30:00+00:00,10000.00
2026-03-03T06:30:00+00:00,10000.00
2026-03-03T06:45:00+00:00,10000.00
2026-03-03T06:45:00+00:00,10000.00
2026-03-03T06:45:00+00:00,10000.00
2026-03-03T07:00:00+00:00,10000.00
2026-03-03T07:00:00+00:00,10000.00
2026-03-03T07:00:00+00:00,10000.00
2026-03-03T07:15:00+00:00,10000.00
2026-03-03T07:15:00+00:00,10000.00
2026-03-03T07:15:00+00:00,10000.00
2026-03-03T07:30:00+00:00,10000.00
2026-03-03T07:30:00+00:00,10000.00
2026-03-03T07:30:00+00:00,10000.00
2026-03-03T07:45:00+00:00,10000.00
2026-03-03T07:45:00+00:00,10000.00
2026-03-03T07:45:00+00:00,10000.00
2026-03-03T08:00:00+00:00,10000.00
2026-03-03T08:00:00+00:00,10000.00
2026-03-03T08:00:00+00:00,10000.00
2026-03-03T08:15:00+00:00,10000.00
2026-03-03T08:15:00+00:00,10000.00
2026-03-03T08:15:00+00:00,10000.00
2026-03-03T08:30:00+00:00,10000.00
2026-03-03T08:30:00+00:00,10000.00
2026-03-03T08:30:00+00:00,10000.00
2026-03-03T08:45:00+00:00,10000.00
2026-03-03T08:45:00+00:00,10000.00
2026-03-03T08:45:00+00:00,10000.00
2026-03-03T09:00:00+00:00,10000.00
2026-03-03T09:00:00+00:00,10000.00
2026-03-03T09:00:00+00:00,10000.00
2026-03-03T09:15:00+00:00,10000.00
2026-03-03T09:15:00+00:00,10000.00
2026-03-03T09:15:00+00:00,10000.00
2026-03-03T09:30:00+00:00,10000.00
2026-03-03T09:30:00+00:00,10000.00
2026-03-03T09:30:00+00:00,10000.00
2026-03-03T09:45:00+00:00,10000.00
2026-03-03T09:45:00+00:00,10000.00
2026-03-03T09:45:00+00:00,10000.00
2026-03-03T10:00:00+00:00,10000.00
2026-03-03T10:00:00+00:00,10000.00
2026-03-03T10:00:00+00:00,10000.00
2026-03-03T10:15:00+00:00,10000.00
2026-03-03T10:15:00+00:00,10000.00
2026-03-03T10:15:00+00:00,10000.00
2026-03-03T10:30:00+00:00,10000.00
2026-03-03T10:30:00+00:00,10000.00
2026-03-03T10:30:00+00:00,10000.00
2026-03-03T10:45:00+00:00,10000.00
2026-03-03T10:45:00+00:00,10000.00
2026-03-03T10:45:00+00:00,10000.00
2026-03-03T11:00:00+00:00,10000.00
2026-03-03T11:00:00+00:00,10000.00
2026-03-03T11:00:00+00:00,10000.00
2026-03-03T11:15:00+00:00,10000.00
2026-03-03T11:15:00+00:00,10000.00
2026-03-03T11:15:00+00:00,10000.00
2026-03-03T11:30:00+00:00,10000.00
2026-03-03T11:30:00+00:00,10000.00
2026-03-03T11:30:00+00:00,10000.00
2026-03-03T11:45:00+00:00,10000.00
2026-03-03T11:45:00+00:00,10000.00
2026-03-03T11:45:00+00:00,10000.00
2026-03-03T12:00:00+00:00,10000.00
2026-03-03T12:00:00+00:00,10000.00
2026-03-03T12:00:00+00:00,10000.00
2026-03-03T12:15:00+00:00,10000.00
2026-03-03T12:15:00+00:00,10000.00
2026-03-03T12:15:00+00:00,10000.00
2026-03-03T12:30:00+00:00,10000.00
2026-03-03T12:30:00+00:00,10000.00
2026-03-03T12:30:00+00:00,10000.00
2026-03-03T12:45:00+00:00,10000.00
2026-03-03T12:45:00+00:00,10000.00
2026-03-03T12:45:00+00:00,10000.00
2026-03-03T13:00:00+00:00,10000.00
2026-03-03T13:00:00+00:00,10000.00
2026-03-03T13:00:00+00:00,10000.00
2026-03-03T13:15:00+00:00,10000.00
2026-03-03T13:15:00+00:00,10000.00
2026-03-03T13:15:00+00:00,10000.00
2026-03-03T13:30:00+00:00,10000.00
2026-03-03T13:30:00+00:00,10000.00
2026-03-03T13:30:00+00:00,10000.00
2026-03-03T13:45:00+00:00,10000.00
2026-03-03T13:45:00+00:00,10000.00
2026-03-03T13:45:00+00:00,10000.00
2026-03-03T14:00:00+00:00,10000.00
2026-03-03T14:00:00+00:00,10000.00
2026-03-03T14:00:00+00:00,10000.00
2026-03-03T14:15:00+00:00,10000.00
2026-03-03T14:15:00+00:00,10000.00
2026-03-03T14:15:00+00:00,10000.00
2026-03-03T14:30:00+00:00,10000.00
2026-03-03T14:30:00+00:00,10000.00
2026-03-03T14:30:00+00:00,10000.00
2026-03-03T14:45:00+00:00,10000.00
2026-03-03T14:45:00+00:00,10000.00
2026-03-03T14:45:00+00:00,10000.00
2026-03-03T15:00:00+00:00,10000.00
2026-03-03T15:00:00+00:00,10000.00
2026-03-03T15:00:00+00:00,10000.00
2026-03-03T15:15:00+00:00,10000.00
2026-03-03T15:15:00+00:00,10000.00
2026-03-03T15:15:00+00:00,10000.00
2026-03-03T15:30:00+00:00,10000.00
2026-03-03T15:30:00+00:00,10000.00
2026-03-03T15:30:00+00:00,10000.00
2026-03-03T15:45:00+00:00,10000.00
2026-03-03T15:45:00+00:00,10000.00
2026-03-03T15:45:00+00:00,10000.00
2026-03-03T16:00:00+00:00,10000.00
2026-03-03T16:00:00+00:00,10000.00
2026-03-03T16:00:00+00:00,10000.00
2026-03-03T16:15:00+00:00,10000.00
2026-03-03T16:15:00+00:00,10000.00
2026-03-03T16:15:00+00:00,10000.00
2026-03-03T16:30:00+00:00,10000.00
2026-03-03T16:30:00+00:00,10000.00
2026-03-03T16:30:00+00:00,10000.00
2026-03-03T16:45:00+00:00,10000.00
2026-03-03T16:45:00+00:00,10000.00
2026-03-03T16:45:00+00:00,10000.00
2026-03-03T17:00:00+00:00,10000.00
2026-03-03T17:00:00+00:00,10000.00
2026-03-03T17:00:00+00:00,10000.00
2026-03-03T17:15:00+00:00,10000.00
2026-03-03T17:15:00+00:00,10000.00
2026-03-03T17:15:00+00:00,10000.00
2026-03-03T17:30:00+00:00,10000.00
2026-03-03T17:30:00+00:00,10000.00
2026-03-03T17:30:00+00:00,10000.00
2026-03-03T17:45:00+00:00,10000.00
2026-03-03T17:45:00+00:00,10000.00
2026-03-03T17:45:00+00:00,10000.00
2026-03-03T18:00:00+00:00,10000.00
2026-03-03T18:00:00+00:00,10000.00
2026-03-03T18:00:00+00:00,10000.00
2026-03-03T18:15:00+00:00,10000.00
2026-03-03T18:15:00+00:00,10000.00
2026-03-03T18:15:00+00:00,10000.00
2026-03-03T18:30:00+00:00,10000.00
2026-03-03T18:30:00+00:00,10000.00
2026-03-03T18:30:00+00:00,10000.00
2026-03-03T18:45:00+00:00,10000.00
2026-03-03T18:45:00+00:00,10000.00
2026-03-03T18:45:00+00:00,10000.00
2026-03-03T19:00:00+00:00,10000.00
2026-03-03T19:00:00+00:00,10000.00
2026-03-03T19:00:00+00:00,10000.00
2026-03-03T19:15:00+00:00,10000.00
2026-03-03T19:15:00+00:00,10000.00
2026-03-03T19:15:00+00:00,10000.00
2026-03-03T19:30:00+00:00,10000.00
2026-03-03T19:30:00+00:00,10000.00
2026-03-03T19:30:00+00:00,10000.00
2026-03-03T19:45:00+00:00,10000.00
2026-03-03T19:45:00+00:00,10000.00
2026-03-03T19:45:00+00:00,10000.00
2026-03-03T20:00:00+00:00,10000.00
2026-03-03T20:00:00+00:00,10000.00
2026-03-03T20:00:00+00:00,10000.00
2026-03-03T20:15:00+00:00,10000.00
2026-03-03T20:15:00+00:00,10000.00
2026-03-03T20:15:00+00:00,10000.00
2026-03-03T20:30:00+00:00,10000.00
2026-03-03T20:30:00+00:00,10000.00
2026-03-03T20:30:00+00:00,10000.00
2026-03-03T20:45:00+00:00,10000.00
2026-03-03T20:45:00+00:00,10000.00
2026-03-03T20:45:00+00:00,10000.00
2026-03-03T21:00:00+00:00,10000.00
2026-03-03T21:00:00+00:00,10000.00
2026-03-03T21:00:00+00:00,10000.00
2026-03-03T21:15:00+00:00,10000.00
2026-03-03T21:15:00+00:00,10000.00
2026-03-03T21:15:00+00:00,10000.00
2026-03-03T21:30:00+00:00,10000.00
2026-03-03T21:30:00+00:00,10000.00
2026-03-03T21:30:00+00:00,10000.00
2026-03-03T21:45:00+00:00,10000.00
2026-03-03T21:45:00+00:00,10000.00
2026-03-03T21:45:00+00:00,10000.00
2026-03-03T22:00:00+00:00,10000.00
2026-03-03T22:00:00+00:00,10000.00
2026-03-03T22:00:00+00:00,10000.00
2026-03-03T22:15:00+00:00,10000.00
2026-03-03T22:15:00+00:00,10000.00
2026-03-03T22:15:00+00:00,10000.00
2026-03-03T22:30:00+00:00,10000.00
2026-03-03T22:30:00+00:00,10000.00
2026-03-03T22:30:00+00:00,10000.00
2026-03-03T22:45:00+00:00,10000.00
2026-03-03T22:45:00+00:00,10000.00
2026-03-03T22:45:00+00:00,10000.00
2026-03-03T23:00:00+00:00,10000.00
2026-03-03T23:00:00+00:00,10000.00
2026-03-03T23:00:00+00:00,10000.00
2026-03-03T23:15:00+00:00,10000.00
2026-03-03T23:15:00+00:00,10000.00
2026-03-03T23:15:00+00:00,10000.00
2026-03-03T23:30:00+00:00,10000.00
2026-03-03T23:30:00+00:00,10000.00
2026-03-03T23:30:00+00:00,10000.00
2026-03-03T23:45:00+00:00,10000.00
2026-03-03T23:45:00+00:00,10000.00
2026-03-03T23:45:00+00:00,10000.00
2026-03-04T00:00:00+00:00,10000.00
2026-03-04T00:00:00+00:00,10000.00
2026-03-04T00:00:00+00:00,10000.00
2026-03-04T00:15:00+00:00,10000.00
2026-03-04T00:15:00+00:00,10000.00
2026-03-04T00:15:00+00:00,10000.00
2026-03-04T00:30:00+00:00,10000.00
2026-03-04T00:30:00+00:00,10000.00
2026-03-04T00:30:00+00:00,10000.00
2026-03-04T00:45:00+00:00,10000.00
2026-03-04T00:45:00+00:00,10000.00
2026-03-04T00:45:00+00:00,10000.00
2026-03-04T01:00:00+00:00,10000.00
2026-03-04T01:00:00+00:00,10000.00
2026-03-04T01:00:00+00:00,10000.00
2026-03-04T01:15:00+00:00,10000.00
2026-03-04T01:15:00+00:00,10000.00
2026-03-04T01:15:00+00:00,10000.00
2026-03-04T01:30:00+00:00,10000.00
2026-03-04T01:30:00+00:00,10000.00
2026-03-04T01:30:00+00:00,10000.00
2026-03-04T01:45:00+00:00,10000.00
2026-03-04T01:45:00+00:00,10000.00
2026-03-04T01:45:00+00:00,10000.00
2026-03-04T02:00:00+00:00,10000.00
2026-03-04T02:00:00+00:00,10000.00
2026-03-04T02:00:00+00:00,10000.00
2026-03-04T02:15:00+00:00,10000.00
2026-03-04T02:15:00+00:00,10000.00
2026-03-04T02:15:00+00:00,10000.00
2026-03-04T02:30:00+00:00,10000.00
2026-03-04T02:30:00+00:00,10000.00
2026-03-04T02:30:00+00:00,10000.00
2026-03-04T02:45:00+00:00,10000.00
2026-03-04T02:45:00+00:00,10000.00
2026-03-04T02:45:00+00:00,10000.00
2026-03-04T03:00:00+00:00,10000.00
2026-03-04T03:00:00+00:00,10000.00
2026-03-04T03:00:00+00:00,10000.00
2026-03-04T03:15:00+00:00,10000.00
2026-03-04T03:15:00+00:00,10000.00
2026-03-04T03:15:00+00:00,10000.00
2026-03-04T03:30:00+00:00,10000.00
2026-03-04T03:30:00+00:00,10000.00
2026-03-04T03:30:00+00:00,10000.00
2026-03-04T03:45:00+00:00,10000.00
2026-03-04T03:45:00+00:00,10000.00
2026-03-04T03:45:00+00:00,10000.00
2026-03-04T04:00:00+00:00,10000.00
2026-03-04T04:00:00+00:00,10000.00
2026-03-04T04:00:00+00:00,10000.00
2026-03-04T04:15:00+00:00,10000.00
2026-03-04T04:15:00+00:00,10000.00
2026-03-04T04:15:00+00:00,10000.00
2026-03-04T04:30:00+00:00,10000.00
2026-03-04T04:30:00+00:00,10000.00
2026-03-04T04:30:00+00:00,10000.00
2026-03-04T04:45:00+00:00,10000.00
2026-03-04T04:45:00+00:00,10000.00
2026-03-04T04:45:00+00:00,10000.00
2026-03-04T05:00:00+00:00,10000.00
2026-03-04T05:00:00+00:00,10000.00
2026-03-04T05:00:00+00:00,10000.00
2026-03-04T05:15:00+00:00,10000.00
2026-03-04T05:15:00+00:00,10000.00
2026-03-04T05:15:00+00:00,10000.00
2026-03-04T05:30:00+00:00,10000.00
2026-03-04T05:30:00+00:00,10000.00
2026-03-04T05:30:00+00:00,10000.00
2026-03-04T05:45:00+00:00,10000.00
2026-03-04T05:45:00+00:00,10000.00
2026-03-04T05:45:00+00:00,10000.00
2026-03-04T06:00:00+00:00,10000.00
2026-03-04T06:00:00+00:00,10000.00
2026-03-04T06:00:00+00:00,10000.00
2026-03-04T06:15:00+00:00,10000.00
2026-03-04T06:15:00+00:00,10000.00
2026-03-04T06:15:00+00:00,10000.00
2026-03-04T06:30:00+00:00,10000.00
2026-03-04T06:30:00+00:00,10000.00
2026-03-04T06:30:00+00:00,10000.00
2026-03-04T06:45:00+00:00,10000.00
2026-03-04T06:45:00+00:00,10000.00
2026-03-04T06:45:00+00:00,10000.00
2026-03-04T07:00:00+00:00,10000.00
2026-03-04T07:00:00+00:00,10000.00
2026-03-04T07:00:00+00:00,10000.00
2026-03-04T07:15:00+00:00,10000.00
2026-03-04T07:15:00+00:00,10000.00
2026-03-04T07:15:00+00:00,10000.00
2026-03-04T07:30:00+00:00,10000.00
2026-03-04T07:30:00+00:00,10000.00
2026-03-04T07:30:00+00:00,10000.00
2026-03-04T07:45:00+00:00,10000.00
2026-03-04T07:45:00+00:00,10000.00
2026-03-04T07:45:00+00:00,10000.00
2026-03-04T08:00:00+00:00,10000.00
2026-03-04T08:00:00+00:00,10000.00
2026-03-04T08:00:00+00:00,10000.00
2026-03-04T08:15:00+00:00,10000.00
2026-03-04T08:15:00+00:00,10000.00
2026-03-04T08:15:00+00:00,10000.00
2026-03-04T08:30:00+00:00,10000.00
2026-03-04T08:30:00+00:00,10000.00
2026-03-04T08:30:00+00:00,10000.00
2026-03-04T08:45:00+00:00,10000.00
2026-03-04T08:45:00+00:00,10000.00
2026-03-04T08:45:00+00:00,10000.00
2026-03-04T09:00:00+00:00,10000.00
2026-03-04T09:00:00+00:00,10000.00
2026-03-04T09:00:00+00:00,10000.00
2026-03-04T09:15:00+00:00,10000.00
2026-03-04T09:15:00+00:00,10000.00
2026-03-04T09:15:00+00:00,10000.00
2026-03-04T09:30:00+00:00,10000.00
2026-03-04T09:30:00+00:00,10000.00
2026-03-04T09:30:00+00:00,10000.00
2026-03-04T09:45:00+00:00,10000.00
2026-03-04T09:45:00+00:00,10000.00
2026-03-04T09:45:00+00:00,10000.00
2026-03-04T10:00:00+00:00,10000.00
2026-03-04T10:00:00+00:00,10000.00
2026-03-04T10:00:00+00:00,10000.00
2026-03-04T10:15:00+00:00,10000.00
2026-03-04T10:15:00+00:00,10000.00
2026-03-04T10:15:00+00:00,10000.00
2026-03-04T10:30:00+00:00,10000.00
2026-03-04T10:30:00+00:00,10000.00
2026-03-04T10:30:00+00:00,10000.00
2026-03-04T10:45:00+00:00,10000.00
2026-03-04T10:45:00+00:00,10000.00
2026-03-04T10:45:00+00:00,10000.00
2026-03-04T11:00:00+00:00,10000.00
2026-03-04T11:00:00+00:00,10000.00
2026-03-04T11:00:00+00:00,10000.00
2026-03-04T11:15:00+00:00,10000.00
2026-03-04T11:15:00+00:00,10000.00
2026-03-04T11:15:00+00:00,10000.00
2026-03-04T11:30:00+00:00,10000.00
2026-03-04T11:30:00+00:00,10000.00
2026-03-04T11:30:00+00:00,10000.00
2026-03-04T11:45:00+00:00,10000.00
2026-03-04T11:45:00+00:00,10000.00
2026-03-04T11:45:00+00:00,10000.00
2026-03-04T12:00:00+00:00,10000.00
2026-03-04T12:00:00+00:00,10000.00
2026-03-04T12:00:00+00:00,10000.00
2026-03-04T12:15:00+00:00,10000.00
2026-03-04T12:15:00+00:00,10000.00
2026-03-04T12:15:00+00:00,10000.00
2026-03-04T12:30:00+00:00,10000.00
2026-03-04T12:30:00+00:00,10000.00
2026-03-04T12:30:00+00:00,10000.00
2026-03-04T12:45:00+00:00,10000.00
2026-03-04T12:45:00+00:00,10000.00
2026-03-04T12:45:00+00:00,10000.00
2026-03-04T13:00:00+00:00,10000.00
2026-03-04T13:00:00+00:00,10000.00
2026-03-04T13:00:00+00:00,10000.00
2026-03-04T13:15:00+00:00,10000.00
2026-03-04T13:15:00+00:00,10000.00
2026-03-04T13:15:00+00:00,10000.00
2026-03-04T13:30:00+00:00,10000.00
2026-03-04T13:30:00+00:00,10000.00
2026-03-04T13:30:00+00:00,10000.00
2026-03-04T13:45:00+00:00,10000.00
2026-03-04T13:45:00+00:00,10000.00
2026-03-04T13:45:00+00:00,10000.00
2026-03-04T14:00:00+00:00,10000.00
2026-03-04T14:00:00+00:00,10000.00
2026-03-04T14:00:00+00:00,10000.00
2026-03-04T14:15:00+00:00,10000.00
2026-03-04T14:15:00+00:00,10000.00
2026-03-04T14:15:00+00:00,10000.00
2026-03-04T14:30:00+00:00,10000.00
2026-03-04T14:30:00+00:00,10000.00
2026-03-04T14:30:00+00:00,10000.00
2026-03-04T14:45:00+00:00,10000.00
2026-03-04T14:45:00+00:00,10000.00
2026-03-04T14:45:00+00:00,10000.00
2026-03-04T15:00:00+00:00,10000.00
2026-03-04T15:00:00+00:00,10000.00
2026-03-04T15:00:00+00:00,10000.00
2026-03-04T15:15:00+00:00,10000.00
2026-03-04T15:15:00+00:00,10000.00
2026-03-04T15:15:00+00:00,10000.00
2026-03-04T15:30:00+00:00,10000.00
2026-03-04T15:30:00+00:00,10000.00
2026-03-04T15:30:00+00:00,10000.00
2026-03-04T15:45:00+00:00,10000.00
2026-03-04T15:45:00+00:00,10000.00
2026-03-04T15:45:00+00:00,10000.00
2026-03-04T16:00:00+00:00,10000.00
2026-03-04T16:00:00+00:00,10000.00
2026-03-04T16:00:00+00:00,10000.00
2026-03-04T16:15:00+00:00,10000.00
2026-03-04T16:15:00+00:00,10000.00
2026-03-04T16:15:00+00:00,10000.00
2026-03-04T16:30:00+00:00,10000.00
2026-03-04T16:30:00+00:00,10000.00
2026-03-04T16:30:00+00:00,10000.00
2026-03-04T16:45:00+00:00,10000.00
2026-03-04T16:45:00+00:00,10000.00
2026-03-04T16:45:00+00:00,10000.00
2026-03-04T17:00:00+00:00,10000.00
2026-03-04T17:00:00+00:00,10000.00
2026-03-04T17:00:00+00:00,10000.00
2026-03-04T17:15:00+00:00,10000.00
2026-03-04T17:15:00+00:00,10000.00
2026-03-04T17:15:00+00:00,10000.00
2026-03-04T17:30:00+00:00,10000.00
2026-03-04T17:30:00+00:00,10000.00
2026-03-04T17:30:00+00:00,10000.00
2026-03-04T17:45:00+00:00,10000.00
2026-03-04T17:45:00+00:00,10000.00
2026-03-04T17:45:00+00:00,10000.00
2026-03-04T18:00:00+00:00,10000.00
2026-03-04T18:00:00+00:00,10000.00
2026-03-04T18:00:00+00:00,10000.00
2026-03-04T18:15:00+00:00,10000.00
2026-03-04T18:15:00+00:00,10000.00
2026-03-04T18:15:00+00:00,10000.00
2026-03-04T18:30:00+00:00,10000.00
2026-03-04T18:30:00+00:00,10000.00
2026-03-04T18:30:00+00:00,10000.00
2026-03-04T18:45:00+00:00,10000.00
2026-03-04T18:45:00+00:00,10000.00
2026-03-04T18:45:00+00:00,10000.00
2026-03-04T19:00:00+00:00,10000.00
2026-03-04T19:00:00+00:00,10000.00
2026-03-04T19:00:00+00:00,10000.00
2026-03-04T19:15:00+00:00,10000.00
2026-03-04T19:15:00+00:00,10000.00
2026-03-04T19:15:00+00:00,10000.00
2026-03-04T19:30:00+00:00,10000.00
2026-03-04T19:30:00+00:00,10000.00
2026-03-04T19:30:00+00:00,10000.00
2026-03-04T19:45:00+00:00,10000.00
2026-03-04T19:45:00+00:00,10000.00
2026-03-04T19:45:00+00:00,10000.00
2026-03-04T20:00:00+00:00,10000.00
2026-03-04T20:00:00+00:00,10000.00
2026-03-04T20:00:00+00:00,10000.00
2026-03-04T20:15:00+00:00,10000.00
2026-03-04T20:15:00+00:00,10000.00
2026-03-04T20:15:00+00:00,10000.00
2026-03-04T20:30:00+00:00,10000.00
2026-03-04T20:30:00+00:00,10000.00
2026-03-04T20:30:00+00:00,10000.00
2026-03-04T20:45:00+00:00,10000.00
2026-03-04T20:45:00+00:00,10000.00
2026-03-04T20:45:00+00:00,10000.00
2026-03-04T21:00:00+00:00,10000.00
2026-03-04T21:00:00+00:00,10000.00
2026-03-04T21:00:00+00:00,10000.00
2026-03-04T21:15:00+00:00,10000.00
2026-03-04T21:15:00+00:00,10000.00
2026-03-04T21:15:00+00:00,10000.00
2026-03-04T21:30:00+00:00,10000.00
2026-03-04T21:30:00+00:00,10000.00
2026-03-04T21:30:00+00:00,10000.00
2026-03-04T21:45:00+00:00,10000.00
2026-03-04T21:45:00+00:00,10000.00
2026-03-04T21:45:00+00:00,10000.00
2026-03-04T22:00:00+00:00,10000.00
2026-03-04T22:00:00+00:00,10000.00
2026-03-04T22:00:00+00:00,10000.00
2026-03-04T22:15:00+00:00,10000.00
2026-03-04T22:15:00+00:00,10000.00
2026-03-04T22:15:00+00:00,10000.00
2026-03-04T22:30:00+00:00,10000.00
2026-03-04T22:30:00+00:00,10000.00
2026-03-04T22:30:00+00:00,10000.00
2026-03-04T22:45:00+00:00,10000.00
2026-03-04T22:45:00+00:00,10000.00
2026-03-04T22:45:00+00:00,10000.00
2026-03-04T23:00:00+00:00,10000.00
2026-03-04T23:00:00+00:00,10000.00
2026-03-04T23:00:00+00:00,10000.00
2026-03-04T23:15:00+00:00,10000.00
2026-03-04T23:15:00+00:00,10000.00
2026-03-04T23:15:00+00:00,10000.00
2026-03-04T23:30:00+00:00,10000.00
2026-03-04T23:30:00+00:00,10000.00
2026-03-04T23:30:00+00:00,10000.00
2026-03-04T23:45:00+00:00,10000.00
2026-03-04T23:45:00+00:00,10000.00
2026-03-04T23:45:00+00:00,10000.00
2026-03-05T00:00:00+00:00,10000.00
2026-03-05T00:00:00+00:00,10000.00
2026-03-05T00:00:00+00:00,10000.00
2026-03-05T00:15:00+00:00,10000.00
2026-03-05T00:15:00+00:00,10000.00
2026-03-05T00:15:00+00:00,10000.00
2026-03-05T00:30:00+00:00,10000.00
2026-03-05T00:30:00+00:00,10000.00
2026-03-05T00:30:00+00:00,10000.00
2026-03-05T00:45:00+00:00,10000.00
2026-03-05T00:45:00+00:00,10000.00
2026-03-05T00:45:00+00:00,10000.00
2026-03-05T01:00:00+00:00,10000.00
2026-03-05T01:00:00+00:00,10000.00
2026-03-05T01:00:00+00:00,10000.00
2026-03-05T01:15:00+00:00,10000.00
2026-03-05T01:15:00+00:00,10000.00
2026-03-05T01:15:00+00:00,10000.00
2026-03-05T01:30:00+00:00,10000.00
2026-03-05T01:30:00+00:00,10000.00
2026-03-05T01:30:00+00:00,10000.00
2026-03-05T01:45:00+00:00,10000.00
2026-03-05T01:45:00+00:00,10000.00
2026-03-05T01:45:00+00:00,10000.00
2026-03-05T02:00:00+00:00,10000.00
2026-03-05T02:00:00+00:00,10000.00
2026-03-05T02:00:00+00:00,10000.00
2026-03-05T02:15:00+00:00,10000.00
2026-03-05T02:15:00+00:00,10000.00
2026-03-05T02:15:00+00:00,10000.00
2026-03-05T02:30:00+00:00,10000.00
2026-03-05T02:30:00+00:00,10000.00
2026-03-05T02:30:00+00:00,10000.00
2026-03-05T02:45:00+00:00,10000.00
2026-03-05T02:45:00+00:00,10000.00
2026-03-05T02:45:00+00:00,10000.00
2026-03-05T03:00:00+00:00,10000.00
2026-03-05T03:00:00+00:00,10000.00
2026-03-05T03:00:00+00:00,10000.00
2026-03-05T03:15:00+00:00,10000.00
2026-03-05T03:15:00+00:00,10000.00
2026-03-05T03:15:00+00:00,10000.00
2026-03-05T03:30:00+00:00,10000.00
2026-03-05T03:30:00+00:00,10000.00
2026-03-05T03:30:00+00:00,10000.00
2026-03-05T03:45:00+00:00,10000.00
2026-03-05T03:45:00+00:00,10000.00
2026-03-05T03:45:00+00:00,10000.00
2026-03-05T04:00:00+00:00,10000.00
2026-03-05T04:00:00+00:00,10000.00
2026-03-05T04:00:00+00:00,10000.00
2026-03-05T04:15:00+00:00,10000.00
2026-03-05T04:15:00+00:00,10000.00
2026-03-05T04:15:00+00:00,10000.00
2026-03-05T04:30:00+00:00,10000.00
2026-03-05T04:30:00+00:00,10000.00
2026-03-05T04:30:00+00:00,10000.00
2026-03-05T04:45:00+00:00,10000.00
2026-03-05T04:45:00+00:00,10000.00
2026-03-05T04:45:00+00:00,10000.00
2026-03-05T05:00:00+00:00,10000.00
2026-03-05T05:00:00+00:00,10000.00
2026-03-05T05:00:00+00:00,10000.00
2026-03-05T05:15:00+00:00,10000.00
2026-03-05T05:15:00+00:00,10000.00
2026-03-05T05:15:00+00:00,10000.00
2026-03-05T05:30:00+00:00,10000.00
2026-03-05T05:30:00+00:00,10000.00
2026-03-05T05:30:00+00:00,10000.00
2026-03-05T05:45:00+00:00,10000.00
2026-03-05T05:45:00+00:00,10000.00
2026-03-05T05:45:00+00:00,10000.00
2026-03-05T06:00:00+00:00,10000.00
2026-03-05T06:00:00+00:00,10000.00
2026-03-05T06:00:00+00:00,10000.00
2026-03-05T06:15:00+00:00,10000.00
2026-03-05T06:15:00+00:00,10000.00
2026-03-05T06:15:00+00:00,10000.00
2026-03-05T06:30:00+00:00,10000.00
2026-03-05T06:30:00+00:00,10000.00
2026-03-05T06:30:00+00:00,10000.00
2026-03-05T06:45:00+00:00,10000.00
2026-03-05T06:45:00+00:00,10000.00
2026-03-05T06:45:00+00:00,10000.00
2026-03-05T07:00:00+00:00,10000.00
2026-03-05T07:00:00+00:00,10000.00
2026-03-05T07:00:00+00:00,10000.00
2026-03-05T07:15:00+00:00,10000.00
2026-03-05T07:15:00+00:00,10000.00
2026-03-05T07:15:00+00:00,10000.00
2026-03-05T07:30:00+00:00,10000.00
2026-03-05T07:30:00+00:00,10000.00
2026-03-05T07:30:00+00:00,10000.00
2026-03-05T07:45:00+00:00,10000.00
2026-03-05T07:45:00+00:00,10000.00
2026-03-05T07:45:00+00:00,10000.00
2026-03-05T08:00:00+00:00,10000.00
2026-03-05T08:00:00+00:00,10000.00
2026-03-05T08:00:00+00:00,10000.00
2026-03-05T08:15:00+00:00,10000.00
2026-03-05T08:15:00+00:00,10000.00
2026-03-05T08:15:00+00:00,10000.00
2026-03-05T08:30:00+00:00,10000.00
2026-03-05T08:30:00+00:00,10000.00
2026-03-05T08:30:00+00:00,10000.00
2026-03-05T08:45:00+00:00,10000.00
2026-03-05T08:45:00+00:00,10000.00
2026-03-05T08:45:00+00:00,10000.00
2026-03-05T09:00:00+00:00,10000.00
2026-03-05T09:00:00+00:00,10000.00
2026-03-05T09:00:00+00:00,10000.00
2026-03-05T09:15:00+00:00,10000.00
2026-03-05T09:15:00+00:00,10000.00
2026-03-05T09:15:00+00:00,10000.00
2026-03-05T09:30:00+00:00,10000.00
2026-03-05T09:30:00+00:00,10000.00
2026-03-05T09:30:00+00:00,10000.00
2026-03-05T09:45:00+00:00,10000.00
2026-03-05T09:45:00+00:00,10000.00
2026-03-05T09:45:00+00:00,10000.00
2026-03-05T10:00:00+00:00,10000.00
2026-03-05T10:00:00+00:00,10000.00
2026-03-05T10:00:00+00:00,10000.00
2026-03-05T10:15:00+00:00,10000.00
2026-03-05T10:15:00+00:00,10000.00
2026-03-05T10:15:00+00:00,10000.00
2026-03-05T10:30:00+00:00,10000.00
2026-03-05T10:30:00+00:00,10000.00
2026-03-05T10:30:00+00:00,10000.00
2026-03-05T10:45:00+00:00,10000.00
2026-03-05T10:45:00+00:00,10000.00
2026-03-05T10:45:00+00:00,10000.00
2026-03-05T11:00:00+00:00,10000.00
2026-03-05T11:00:00+00:00,10000.00
2026-03-05T11:00:00+00:00,10000.00
2026-03-05T11:15:00+00:00,10000.00
2026-03-05T11:15:00+00:00,10000.00
2026-03-05T11:15:00+00:00,10000.00
2026-03-05T11:30:00+00:00,10000.00
2026-03-05T11:30:00+00:00,10000.00
2026-03-05T11:30:00+00:00,10000.00
2026-03-05T11:45:00+00:00,10000.00
2026-03-05T11:45:00+00:00,10000.00
2026-03-05T11:45:00+00:00,10000.00
2026-03-05T12:00:00+00:00,10000.00
2026-03-05T12:00:00+00:00,10000.00
2026-03-05T12:00:00+00:00,10000.00
2026-03-05T12:15:00+00:00,10000.00
2026-03-05T12:15:00+00:00,10000.00
2026-03-05T12:15:00+00:00,10000.00
2026-03-05T12:30:00+00:00,10000.00
2026-03-05T12:30:00+00:00,10000.00
2026-03-05T12:30:00+00:00,10000.00
2026-03-05T12:45:00+00:00,10000.00
2026-03-05T12:45:00+00:00,10000.00
2026-03-05T12:45:00+00:00,10000.00
2026-03-05T13:00:00+00:00,10000.00
2026-03-05T13:00:00+00:00,10000.00
2026-03-05T13:00:00+00:00,10000.00
2026-03-05T13:15:00+00:00,10000.00
2026-03-05T13:15:00+00:00,10000.00
2026-03-05T13:15:00+00:00,10000.00
2026-03-05T13:30:00+00:00,10000.00
2026-03-05T13:30:00+00:00,10000.00
2026-03-05T13:30:00+00:00,10000.00
2026-03-05T13:45:00+00:00,10000.00
2026-03-05T13:45:00+00:00,10000.00
2026-03-05T13:45:00+00:00,10000.00
2026-03-05T14:00:00+00:00,10000.00
2026-03-05T14:00:00+00:00,10000.00
2026-03-05T14:00:00+00:00,10000.00
2026-03-05T14:15:00+00:00,10000.00
2026-03-05T14:15:00+00:00,10000.00
2026-03-05T14:15:00+00:00,10000.00
2026-03-05T14:30:00+00:00,10000.00
2026-03-05T14:30:00+00:00,10000.00
2026-03-05T14:30:00+00:00,10000.00
2026-03-05T14:45:00+00:00,10000.00
2026-03-05T14:45:00+00:00,10000.00
2026-03-05T14:45:00+00:00,10000.00
2026-03-05T15:00:00+00:00,10000.00
2026-03-05T15:00:00+00:00,10000.00
2026-03-05T15:00:00+00:00,10000.00
2026-03-05T15:15:00+00:00,10000.00
2026-03-05T15:15:00+00:00,10000.00
2026-03-05T15:15:00+00:00,10000.00
2026-03-05T15:30:00+00:00,10000.00
2026-03-05T15:30:00+00:00,10000.00
2026-03-05T15:30:00+00:00,10000.00
2026-03-05T15:45:00+00:00,10000.00
2026-03-05T15:45:00+00:00,10000.00
2026-03-05T15:45:00+00:00,10000.00
2026-03-05T16:00:00+00:00,10000.00
2026-03-05T16:00:00+00:00,10000.00
2026-03-05T16:00:00+00:00,10000.00
2026-03-05T16:15:00+00:00,10000.00
2026-03-05T16:15:00+00:00,10000.00
2026-03-05T16:15:00+00:00,10000.00
2026-03-05T16:30:00+00:00,10000.00
2026-03-05T16:30:00+00:00,10000.00
2026-03-05T16:30:00+00:00,10000.00
2026-03-05T16:45:00+00:00,10000.00
2026-03-05T16:45:00+00:00,10000.00
2026-03-05T16:45:00+00:00,10000.00
2026-03-05T17:00:00+00:00,10000.00
2026-03-05T17:00:00+00:00,10000.00
2026-03-05T17:00:00+00:00,10000.00
2026-03-05T17:15:00+00:00,10000.00
2026-03-05T17:15:00+00:00,10000.00
2026-03-05T17:15:00+00:00,10000.00
2026-03-05T17:30:00+00:00,10000.00
2026-03-05T17:30:00+00:00,10000.00
2026-03-05T17:30:00+00:00,10000.00
2026-03-05T17:45:00+00:00,10000.00
2026-03-05T17:45:00+00:00,10000.00
2026-03-05T17:45:00+00:00,10000.00
2026-03-05T18:00:00+00:00,10000.00
2026-03-05T18:00:00+00:00,10000.00
2026-03-05T18:00:00+00:00,10000.00
2026-03-05T18:15:00+00:00,10000.00
2026-03-05T18:15:00+00:00,10000.00
2026-03-05T18:15:00+00:00,10000.00
2026-03-05T18:30:00+00:00,10000.00
2026-03-05T18:30:00+00:00,10000.00
2026-03-05T18:30:00+00:00,10000.00
2026-03-05T18:45:00+00:00,10000.00
2026-03-05T18:45:00+00:00,10000.00
2026-03-05T18:45:00+00:00,10000.00
2026-03-05T19:00:00+00:00,10000.00
2026-03-05T19:00:00+00:00,10000.00
2026-03-05T19:00:00+00:00,10000.00
2026-03-05T19:15:00+00:00,10000.00
2026-03-05T19:15:00+00:00,10000.00
2026-03-05T19:15:00+00:00,10000.00
2026-03-05T19:30:00+00:00,10000.00
2026-03-05T19:30:00+00:00,10000.00
2026-03-05T19:30:00+00:00,10000.00
2026-03-05T19:45:00+00:00,10000.00
2026-03-05T19:45:00+00:00,10000.00
2026-03-05T19:45:00+00:00,10000.00
2026-03-05T20:00:00+00:00,10000.00
2026-03-05T20:00:00+00:00,10000.00
2026-03-05T20:00:00+00:00,10000.00
2026-03-05T20:15:00+00:00,10000.00
2026-03-05T20:15:00+00:00,10000.00
2026-03-05T20:15:00+00:00,10000.00
2026-03-05T20:30:00+00:00,10000.00
2026-03-05T20:30:00+00:00,10000.00
2026-03-05T20:30:00+00:00,10000.00
2026-03-05T20:45:00+00:00,10000.00
2026-03-05T20:45:00+00:00,10000.00
2026-03-05T20:45:00+00:00,10000.00
2026-03-05T21:00:00+00:00,10000.00
2026-03-05T21:00:00+00:00,10000.00
2026-03-05T21:00:00+00:00,10000.00
2026-03-05T21:15:00+00:00,10000.00
2026-03-05T21:15:00+00:00,10000.00
2026-03-05T21:15:00+00:00,10000.00
2026-03-05T21:30:00+00:00,10000.00
2026-03-05T21:30:00+00:00,10000.00
2026-03-05T21:30:00+00:00,10000.00
2026-03-05T21:45:00+00:00,10000.00
2026-03-05T21:45:00+00:00,10000.00
2026-03-05T21:45:00+00:00,10000.00
2026-03-05T22:00:00+00:00,10000.00
2026-03-05T22:00:00+00:00,10000.00
2026-03-05T22:00:00+00:00,10000.00
2026-03-05T22:15:00+00:00,10000.00
2026-03-05T22:15:00+00:00,10000.00
2026-03-05T22:15:00+00:00,10000.00
2026-03-05T22:30:00+00:00,10000.00
2026-03-05T22:30:00+00:00,10000.00
2026-03-05T22:30:00+00:00,10000.00
2026-03-05T22:45:00+00:00,10000.00
2026-03-05T22:45:00+00:00,10000.00
2026-03-05T22:45:00+00:00,10000.00
2026-03-05T23:00:00+00:00,10000.00
2026-03-05T23:00:00+00:00,10000.00
2026-03-05T23:00:00+00:00,10000.00
2026-03-05T23:15:00+00:00,10000.00
2026-03-05T23:15:00+00:00,10000.00
2026-03-05T23:15:00+00:00,10000.00
2026-03-05T23:30:00+00:00,10000.00
2026-03-05T23:30:00+00:00,10000.00
2026-03-05T23:30:00+00:00,10000.00
2026-03-05T23:45:00+00:00,10000.00
2026-03-05T23:45:00+00:00,10000.00
2026-03-05T23:45:00+00:00,10000.00
2026-03-06T00:00:00+00:00,10000.00
2026-03-06T00:00:00+00:00,10000.00
2026-03-06T00:00:00+00:00,10000.00
2026-03-06T00:15:00+00:00,10000.00
2026-03-06T00:15:00+00:00,10000.00
2026-03-06T00:15:00+00:00,10000.00
2026-03-06T00:30:00+00:00,10000.00
2026-03-06T00:30:00+00:00,10000.00
2026-03-06T00:30:00+00:00,10000.00
2026-03-06T00:45:00+00:00,10000.00
2026-03-06T00:45:00+00:00,10000.00
2026-03-06T00:45:00+00:00,10000.00
2026-03-06T01:00:00+00:00,10000.00
2026-03-06T01:00:00+00:00,10000.00
2026-03-06T01:00:00+00:00,10000.00
2026-03-06T01:15:00+00:00,10000.00
2026-03-06T01:15:00+00:00,10000.00
2026-03-06T01:15:00+00:00,10000.00
2026-03-06T01:30:00+00:00,10000.00
2026-03-06T01:30:00+00:00,10000.00
2026-03-06T01:30:00+00:00,10000.00
2026-03-06T01:45:00+00:00,10000.00
2026-03-06T01:45:00+00:00,10000.00
2026-03-06T01:45:00+00:00,10000.00
2026-03-06T02:00:00+00:00,10000.00
2026-03-06T02:00:00+00:00,10000.00
2026-03-06T02:00:00+00:00,10000.00
2026-03-06T02:15:00+00:00,10000.00
2026-03-06T02:15:00+00:00,10000.00
2026-03-06T02:15:00+00:00,10000.00
2026-03-06T02:30:00+00:00,10000.00
2026-03-06T02:30:00+00:00,10000.00
2026-03-06T02:30:00+00:00,10000.00
2026-03-06T02:45:00+00:00,10000.00
2026-03-06T02:45:00+00:00,10000.00
2026-03-06T02:45:00+00:00,10000.00
2026-03-06T03:00:00+00:00,10000.00
2026-03-06T03:00:00+00:00,10000.00
2026-03-06T03:00:00+00:00,10000.00
2026-03-06T03:15:00+00:00,10000.00
2026-03-06T03:15:00+00:00,10000.00
2026-03-06T03:15:00+00:00,10000.00
2026-03-06T03:30:00+00:00,10000.00
2026-03-06T03:30:00+00:00,10000.00
2026-03-06T03:30:00+00:00,10000.00
2026-03-06T03:45:00+00:00,10000.00
2026-03-06T03:45:00+00:00,10000.00
2026-03-06T03:45:00+00:00,10000.00
2026-03-06T04:00:00+00:00,10000.00
2026-03-06T04:00:00+00:00,10000.00
2026-03-06T04:00:00+00:00,10000.00
2026-03-06T04:15:00+00:00,10000.00
2026-03-06T04:15:00+00:00,10000.00
2026-03-06T04:15:00+00:00,10000.00
2026-03-06T04:30:00+00:00,10000.00
2026-03-06T04:30:00+00:00,10000.00
2026-03-06T04:30:00+00:00,10000.00
2026-03-06T04:45:00+00:00,10000.00
2026-03-06T04:45:00+00:00,10000.00
2026-03-06T04:45:00+00:00,10000.00
2026-03-06T05:00:00+00:00,10000.00
2026-03-06T05:00:00+00:00,10000.00
2026-03-06T05:00:00+00:00,10000.00
2026-03-06T05:15:00+00:00,10000.00
2026-03-06T05:15:00+00:00,10000.00
2026-03-06T05:15:00+00:00,10000.00
2026-03-06T05:30:00+00:00,10000.00
2026-03-06T05:30:00+00:00,10000.00
2026-03-06T05:30:00+00:00,10000.00
2026-03-06T05:45:00+00:00,10000.00
2026-03-06T05:45:00+00:00,10000.00
2026-03-06T05:45:00+00:00,10000.00
2026-03-06T06:00:00+00:00,10000.00
2026-03-06T06:00:00+00:00,10000.00
2026-03-06T06:00:00+00:00,10000.00
2026-03-06T06:15:00+00:00,10000.00
2026-03-06T06:15:00+00:00,10000.00
2026-03-06T06:15:00+00:00,10000.00
2026-03-06T06:30:00+00:00,10000.00
2026-03-06T06:30:00+00:00,10000.00
2026-03-06T06:30:00+00:00,10000.00
2026-03-06T06:45:00+00:00,10000.00
2026-03-06T06:45:00+00:00,10000.00
2026-03-06T06:45:00+00:00,10000.00
2026-03-06T07:00:00+00:00,10000.00
2026-03-06T07:00:00+00:00,10000.00
2026-03-06T07:00:00+00:00,10000.00
2026-03-06T07:15:00+00:00,10000.00
2026-03-06T07:15:00+00:00,10000.00
2026-03-06T07:15:00+00:00,10000.00
2026-03-06T07:30:00+00:00,10000.00
2026-03-06T07:30:00+00:00,10000.00
2026-03-06T07:30:00+00:00,10000.00
2026-03-06T07:45:00+00:00,10000.00
2026-03-06T07:45:00+00:00,10000.00
2026-03-06T07:45:00+00:00,10000.00
2026-03-06T08:00:00+00:00,10000.00
2026-03-06T08:00:00+00:00,10000.00
2026-03-06T08:00:00+00:00,10000.00
2026-03-06T08:15:00+00:00,10000.00
2026-03-06T08:15:00+00:00,10000.00
2026-03-06T08:15:00+00:00,10000.00
2026-03-06T08:30:00+00:00,10000.00
2026-03-06T08:30:00+00:00,10000.00
2026-03-06T08:30:00+00:00,10000.00
2026-03-06T08:45:00+00:00,10000.00
2026-03-06T08:45:00+00:00,10000.00
2026-03-06T08:45:00+00:00,10000.00
2026-03-06T09:00:00+00:00,10000.00
2026-03-06T09:00:00+00:00,10000.00
2026-03-06T09:00:00+00:00,10000.00
2026-03-06T09:15:00+00:00,10000.00
2026-03-06T09:15:00+00:00,10000.00
2026-03-06T09:15:00+00:00,10000.00
2026-03-06T09:30:00+00:00,10000.00
2026-03-06T09:30:00+00:00,10000.00
2026-03-06T09:30:00+00:00,10000.00
2026-03-06T09:45:00+00:00,10000.00
2026-03-06T09:45:00+00:00,10000.00
2026-03-06T09:45:00+00:00,10000.00
2026-03-06T10:00:00+00:00,10000.00
2026-03-06T10:00:00+00:00,10000.00
2026-03-06T10:00:00+00:00,10000.00
2026-03-06T10:15:00+00:00,10000.00
2026-03-06T10:15:00+00:00,10000.00
2026-03-06T10:15:00+00:00,10000.00
2026-03-06T10:30:00+00:00,10000.00
2026-03-06T10:30:00+00:00,10000.00
2026-03-06T10:30:00+00:00,10000.00
2026-03-06T10:45:00+00:00,10000.00
2026-03-06T10:45:00+00:00,10000.00
2026-03-06T10:45:00+00:00,10000.00
2026-03-06T11:00:00+00:00,10000.00
2026-03-06T11:00:00+00:00,10000.00
2026-03-06T11:00:00+00:00,10000.00
2026-03-06T11:15:00+00:00,10000.00
2026-03-06T11:15:00+00:00,10000.00
2026-03-06T11:15:00+00:00,10000.00
2026-03-06T11:30:00+00:00,10000.00
2026-03-06T11:30:00+00:00,10000.00
2026-03-06T11:30:00+00:00,10000.00
2026-03-06T11:45:00+00:00,10000.00
2026-03-06T11:45:00+00:00,10000.00
2026-03-06T11:45:00+00:00,10000.00
2026-03-06T12:00:00+00:00,10000.00
2026-03-06T12:00:00+00:00,10000.00
2026-03-06T12:00:00+00:00,10000.00
2026-03-06T12:15:00+00:00,10000.00
2026-03-06T12:15:00+00:00,10000.00
2026-03-06T12:15:00+00:00,10000.00
2026-03-06T12:30:00+00:00,10000.00
2026-03-06T12:30:00+00:00,10000.00
2026-03-06T12:30:00+00:00,10000.00
2026-03-06T12:45:00+00:00,10000.00
2026-03-06T12:45:00+00:00,10000.00
2026-03-06T12:45:00+00:00,10000.00
2026-03-06T13:00:00+00:00,10000.00
2026-03-06T13:00:00+00:00,10000.00
2026-03-06T13:00:00+00:00,10000.00
2026-03-06T13:15:00+00:00,10000.00
2026-03-06T13:15:00+00:00,10000.00
2026-03-06T13:15:00+00:00,10000.00
2026-03-06T13:30:00+00:00,10000.00
2026-03-06T13:30:00+00:00,10000.00
2026-03-06T13:30:00+00:00,10000.00
2026-03-06T13:45:00+00:00,10000.00
2026-03-06T13:45:00+00:00,10000.00
2026-03-06T13:45:00+00:00,10000.00
2026-03-06T14:00:00+00:00,10000.00
2026-03-06T14:00:00+00:00,10000.00
2026-03-06T14:00:00+00:00,10000.00
2026-03-06T14:15:00+00:00,10000.00
2026-03-06T14:15:00+00:00,10000.00
2026-03-06T14:15:00+00:00,10000.00
2026-03-06T14:30:00+00:00,10000.00
2026-03-06T14:30:00+00:00,10000.00
2026-03-06T14:30:00+00:00,10000.00
2026-03-06T14:45:00+00:00,10000.00
2026-03-06T14:45:00+00:00,10000.00
2026-03-06T14:45:00+00:00,10000.00
2026-03-06T15:00:00+00:00,10000.00
2026-03-06T15:00:00+00:00,10000.00
2026-03-06T15:00:00+00:00,10000.00
2026-03-06T15:15:00+00:00,10000.00
2026-03-06T15:15:00+00:00,10000.00
2026-03-06T15:15:00+00:00,10000.00
2026-03-06T15:30:00+00:00,10000.00
2026-03-06T15:30:00+00:00,10000.00
2026-03-06T15:30:00+00:00,10000.00
2026-03-06T15:45:00+00:00,10000.00
2026-03-06T15:45:00+00:00,10000.00
2026-03-06T15:45:00+00:00,10000.00
2026-03-06T16:00:00+00:00,10000.00
2026-03-06T16:00:00+00:00,10000.00
2026-03-06T16:00:00+00:00,10000.00
2026-03-06T16:15:00+00:00,10000.00
2026-03-06T16:15:00+00:00,10000.00
2026-03-06T16:15:00+00:00,10000.00
2026-03-06T16:30:00+00:00,10000.00
2026-03-06T16:30:00+00:00,10000.00
2026-03-06T16:30:00+00:00,10000.00
2026-03-06T16:45:00+00:00,10000.00
2026-03-06T16:45:00+00:00,10000.00
2026-03-06T16:45:00+00:00,10000.00
2026-03-06T17:00:00+00:00,10000.00
2026-03-06T17:00:00+00:00,10000.00
2026-03-06T17:00:00+00:00,10000.00
2026-03-06T17:15:00+00:00,10000.00
2026-03-06T17:15:00+00:00,10000.00
2026-03-06T17:15:00+00:00,10000.00
2026-03-06T17:30:00+00:00,10000.00
2026-03-06T17:30:00+00:00,10000.00
2026-03-06T17:30:00+00:00,10000.00
2026-03-06T17:45:00+00:00,10000.00
2026-03-06T17:45:00+00:00,10000.00
2026-03-06T17:45:00+00:00,10000.00
2026-03-06T18:00:00+00:00,10000.00
2026-03-06T18:00:00+00:00,10000.00
2026-03-06T18:00:00+00:00,10000.00
2026-03-06T18:15:00+00:00,10000.00
2026-03-06T18:15:00+00:00,10000.00
2026-03-06T18:15:00+00:00,10000.00
2026-03-06T18:30:00+00:00,10000.00
2026-03-06T18:30:00+00:00,10000.00
2026-03-06T18:30:00+00:00,10000.00
2026-03-06T18:45:00+00:00,10000.00
2026-03-06T18:45:00+00:00,10000.00
2026-03-06T18:45:00+00:00,10000.00
2026-03-06T19:00:00+00:00,10000.00
2026-03-06T19:00:00+00:00,10000.00
2026-03-06T19:00:00+00:00,10000.00
2026-03-06T19:15:00+00:00,10000.00
2026-03-06T19:15:00+00:00,10000.00
2026-03-06T19:15:00+00:00,10000.00
2026-03-06T19:30:00+00:00,10000.00
2026-03-06T19:30:00+00:00,10000.00
2026-03-06T19:30:00+00:00,10000.00
2026-03-06T19:45:00+00:00,10000.00
2026-03-06T19:45:00+00:00,10000.00
2026-03-06T19:45:00+00:00,10000.00
2026-03-06T20:00:00+00:00,10000.00
2026-03-06T20:00:00+00:00,10000.00
2026-03-06T20:00:00+00:00,10000.00
2026-03-06T20:15:00+00:00,10000.00
2026-03-06T20:15:00+00:00,10000.00
2026-03-06T20:15:00+00:00,10000.00
2026-03-06T20:30:00+00:00,10000.00
2026-03-06T20:30:00+00:00,10000.00
2026-03-06T20:30:00+00:00,10000.00
2026-03-06T20:45:00+00:00,10000.00
2026-03-06T20:45:00+00:00,10000.00
2026-03-06T20:45:00+00:00,10000.00
2026-03-06T21:00:00+00:00,10000.00
2026-03-06T21:00:00+00:00,10000.00
2026-03-06T21:00:00+00:00,10000.00
2026-03-06T21:15:00+00:00,10000.00
2026-03-06T21:15:00+00:00,10000.00
2026-03-06T21:15:00+00:00,10000.00
2026-03-06T21:30:00+00:00,10000.00
2026-03-06T21:30:00+00:00,10000.00
2026-03-06T21:30:00+00:00,10000.00
2026-03-06T21:45:00+00:00,10000.00
2026-03-06T21:45:00+00:00,10000.00
2026-03-06T21:45:00+00:00,10000.00
2026-03-06T22:00:00+00:00,10000.00
2026-03-06T22:00:00+00:00,10000.00
2026-03-06T22:00:00+00:00,10000.00
2026-03-06T22:15:00+00:00,10000.00
2026-03-06T22:15:00+00:00,10000.00
2026-03-06T22:15:00+00:00,10000.00
2026-03-06T22:30:00+00:00,10000.00
2026-03-06T22:30:00+00:00,10000.00
2026-03-06T22:30:00+00:00,10000.00
2026-03-06T22:45:00+00:00,10000.00
2026-03-06T22:45:00+00:00,10000.00
2026-03-06T22:45:00+00:00,10000.00
2026-03-06T23:00:00+00:00,10000.00
2026-03-06T23:00:00+00:00,10000.00
2026-03-06T23:00:00+00:00,10000.00
2026-03-06T23:15:00+00:00,10000.00
2026-03-06T23:15:00+00:00,10000.00
2026-03-06T23:15:00+00:00,10000.00
2026-03-06T23:30:00+00:00,10000.00
2026-03-06T23:30:00+00:00,10000.00
2026-03-06T23:30:00+00:00,10000.00
2026-03-06T23:45:00+00:00,10000.00
2026-03-06T23:45:00+00:00,10000.00
2026-03-06T23:45:00+00:00,10000.00
2026-03-07T00:00:00+00:00,10000.00
2026-03-07T00:00:00+00:00,10000.00
2026-03-07T00:00:00+00:00,10000.00
2026-03-07T00:15:00+00:00,10000.00
2026-03-07T00:15:00+00:00,10000.00
2026-03-07T00:15:00+00:00,10000.00
2026-03-07T00:30:00+00:00,10000.00
2026-03-07T00:30:00+00:00,10000.00
2026-03-07T00:30:00+00:00,10000.00
2026-03-07T00:45:00+00:00,10000.00
2026-03-07T00:45:00+00:00,10000.00
2026-03-07T00:45:00+00:00,10000.00
2026-03-07T01:00:00+00:00,10000.00
2026-03-07T01:00:00+00:00,10000.00
2026-03-07T01:00:00+00:00,10000.00
2026-03-07T01:15:00+00:00,10000.00
2026-03-07T01:15:00+00:00,10000.00
2026-03-07T01:15:00+00:00,10000.00
2026-03-07T01:30:00+00:00,10000.00
2026-03-07T01:30:00+00:00,10000.00
2026-03-07T01:30:00+00:00,10000.00
2026-03-07T01:45:00+00:00,10000.00
2026-03-07T01:45:00+00:00,10000.00
2026-03-07T01:45:00+00:00,10000.00
2026-03-07T02:00:00+00:00,10000.00
2026-03-07T02:00:00+00:00,10000.00
2026-03-07T02:00:00+00:00,10000.00
2026-03-07T02:15:00+00:00,10000.00
2026-03-07T02:15:00+00:00,10000.00
2026-03-07T02:15:00+00:00,10000.00
2026-03-07T02:30:00+00:00,10000.00
2026-03-07T02:30:00+00:00,10000.00
2026-03-07T02:30:00+00:00,10000.00
2026-03-07T02:45:00+00:00,10000.00
2026-03-07T02:45:00+00:00,10000.00
2026-03-07T02:45:00+00:00,10000.00
2026-03-07T03:00:00+00:00,10000.00
2026-03-07T03:00:00+00:00,10000.00
2026-03-07T03:00:00+00:00,10000.00
2026-03-07T03:15:00+00:00,10000.00
2026-03-07T03:15:00+00:00,10000.00
2026-03-07T03:15:00+00:00,10000.00
2026-03-07T03:30:00+00:00,10000.00
2026-03-07T03:30:00+00:00,10000.00
2026-03-07T03:30:00+00:00,10000.00
2026-03-07T03:45:00+00:00,10000.00
2026-03-07T03:45:00+00:00,10000.00
2026-03-07T03:45:00+00:00,10000.00
2026-03-07T04:00:00+00:00,10000.00
2026-03-07T04:00:00+00:00,10000.00
2026-03-07T04:00:00+00:00,10000.00
2026-03-07T04:15:00+00:00,10000.00
2026-03-07T04:15:00+00:00,10000.00
2026-03-07T04:15:00+00:00,10000.00
2026-03-07T04:30:00+00:00,10000.00
2026-03-07T04:30:00+00:00,10000.00
2026-03-07T04:30:00+00:00,10000.00
2026-03-07T04:45:00+00:00,10000.00
2026-03-07T04:45:00+00:00,10000.00
2026-03-07T04:45:00+00:00,10000.00
2026-03-07T05:00:00+00:00,10000.00
2026-03-07T05:00:00+00:00,10000.00
2026-03-07T05:00:00+00:00,10000.00
2026-03-07T05:15:00+00:00,10000.00
2026-03-07T05:15:00+00:00,10000.00
2026-03-07T05:15:00+00:00,10000.00
2026-03-07T05:30:00+00:00,10000.00
2026-03-07T05:30:00+00:00,10000.00
2026-03-07T05:30:00+00:00,10000.00
2026-03-07T05:45:00+00:00,10000.00
2026-03-07T05:45:00+00:00,10000.00
2026-03-07T05:45:00+00:00,10000.00
2026-03-07T06:00:00+00:00,10000.00
2026-03-07T06:00:00+00:00,10000.00
2026-03-07T06:00:00+00:00,10000.00
2026-03-07T06:15:00+00:00,10000.00
2026-03-07T06:15:00+00:00,10000.00
2026-03-07T06:15:00+00:00,10000.00
2026-03-07T06:30:00+00:00,10000.00
2026-03-07T06:30:00+00:00,10000.00
2026-03-07T06:30:00+00:00,10000.00
2026-03-07T06:45:00+00:00,10000.00
2026-03-07T06:45:00+00:00,10000.00
2026-03-07T06:45:00+00:00,10000.00
2026-03-07T07:00:00+00:00,10000.00
2026-03-07T07:00:00+00:00,10000.00
2026-03-07T07:00:00+00:00,10000.00
2026-03-07T07:15:00+00:00,10000.00
2026-03-07T07:15:00+00:00,10000.00
2026-03-07T07:15:00+00:00,10000.00
2026-03-07T07:30:00+00:00,10000.00
2026-03-07T07:30:00+00:00,10000.00
2026-03-07T07:30:00+00:00,10000.00
2026-03-07T07:45:00+00:00,10000.00
2026-03-07T07:45:00+00:00,10000.00
2026-03-07T07:45:00+00:00,10000.00
2026-03-07T08:00:00+00:00,10000.00
2026-03-07T08:00:00+00:00,10000.00
2026-03-07T08:00:00+00:00,10000.00
2026-03-07T08:15:00+00:00,10000.00
2026-03-07T08:15:00+00:00,10000.00
2026-03-07T08:15:00+00:00,10000.00
2026-03-07T08:30:00+00:00,10000.00
2026-03-07T08:30:00+00:00,10000.00
2026-03-07T08:30:00+00:00,10000.00
2026-03-07T08:45:00+00:00,10000.00
2026-03-07T08:45:00+00:00,10000.00
2026-03-07T08:45:00+00:00,10000.00
2026-03-07T09:00:00+00:00,10000.00
2026-03-07T09:00:00+00:00,10000.00
2026-03-07T09:00:00+00:00,10000.00
2026-03-07T09:15:00+00:00,10000.00
2026-03-07T09:15:00+00:00,10000.00
2026-03-07T09:15:00+00:00,10000.00
2026-03-07T09:30:00+00:00,10000.00
2026-03-07T09:30:00+00:00,10000.00
2026-03-07T09:30:00+00:00,10000.00
2026-03-07T09:45:00+00:00,10000.00
2026-03-07T09:45:00+00:00,10000.00
2026-03-07T09:45:00+00:00,10000.00
2026-03-07T10:00:00+00:00,10000.00
2026-03-07T10:00:00+00:00,10000.00
2026-03-07T10:00:00+00:00,10000.00
2026-03-07T10:15:00+00:00,10000.00
2026-03-07T10:15:00+00:00,10000.00
2026-03-07T10:15:00+00:00,10000.00
2026-03-07T10:30:00+00:00,10000.00
2026-03-07T10:30:00+00:00,10000.00
2026-03-07T10:30:00+00:00,10000.00
2026-03-07T10:45:00+00:00,10000.00
2026-03-07T10:45:00+00:00,10000.00
2026-03-07T10:45:00+00:00,10000.00
2026-03-07T11:00:00+00:00,10000.00
2026-03-07T11:00:00+00:00,10000.00
2026-03-07T11:00:00+00:00,10000.00
2026-03-07T11:15:00+00:00,10000.00
2026-03-07T11:15:00+00:00,10000.00
2026-03-07T11:15:00+00:00,10000.00
2026-03-07T11:30:00+00:00,10000.00
2026-03-07T11:30:00+00:00,10000.00
2026-03-07T11:30:00+00:00,10000.00
2026-03-07T11:45:00+00:00,10000.00
2026-03-07T11:45:00+00:00,10000.00
2026-03-07T11:45:00+00:00,10000.00
2026-03-07T12:00:00+00:00,10000.00
2026-03-07T12:00:00+00:00,10000.00
2026-03-07T12:00:00+00:00,10000.00
2026-03-07T12:15:00+00:00,10000.00
2026-03-07T12:15:00+00:00,10000.00
2026-03-07T12:15:00+00:00,10000.00
2026-03-07T12:30:00+00:00,10000.00
2026-03-07T12:30:00+00:00,10000.00
2026-03-07T12:30:00+00:00,10000.00
2026-03-07T12:45:00+00:00,10000.00
2026-03-07T12:45:00+00:00,10000.00
2026-03-07T12:45:00+00:00,10000.00
2026-03-07T13:00:00+00:00,10000.00
2026-03-07T13:00:00+00:00,10000.00
2026-03-07T13:00:00+00:00,10000.00
2026-03-07T13:15:00+00:00,10000.00
2026-03-07T13:15:00+00:00,10000.00
2026-03-07T13:15:00+00:00,10000.00
2026-03-07T13:30:00+00:00,10000.00
2026-03-07T13:30:00+00:00,10000.00
2026-03-07T13:30:00+00:00,10000.00
2026-03-07T13:45:00+00:00,10000.00
2026-03-07T13:45:00+00:00,10000.00
2026-03-07T13:45:00+00:00,10000.00
2026-03-07T14:00:00+00:00,10000.00
2026-03-07T14:00:00+00:00,10000.00
2026-03-07T14:00:00+00:00,10000.00
2026-03-07T14:15:00+00:00,10000.00
2026-03-07T14:15:00+00:00,10000.00
2026-03-07T14:15:00+00:00,10000.00
2026-03-07T14:30:00+00:00,10000.00
2026-03-07T14:30:00+00:00,10000.00
2026-03-07T14:30:00+00:00,10000.00
2026-03-07T14:45:00+00:00,10000.00
2026-03-07T14:45:00+00:00,10000.00
2026-03-07T14:45:00+00:00,10000.00
2026-03-07T15:00:00+00:00,10000.00
2026-03-07T15:00:00+00:00,10000.00
2026-03-07T15:00:00+00:00,10000.00
2026-03-07T15:15:00+00:00,10000.00
2026-03-07T15:15:00+00:00,10000.00
2026-03-07T15:15:00+00:00,10000.00
2026-03-07T15:30:00+00:00,10000.00
2026-03-07T15:30:00+00:00,10000.00
2026-03-07T15:30:00+00:00,10000.00
2026-03-07T15:45:00+00:00,10000.00
2026-03-07T15:45:00+00:00,10000.00
2026-03-07T15:45:00+00:00,10000.00
2026-03-07T16:00:00+00:00,10000.00
2026-03-07T16:00:00+00:00,10000.00
2026-03-07T16:00:00+00:00,10000.00
2026-03-07T16:15:00+00:00,10000.00
2026-03-07T16:15:00+00:00,10000.00
2026-03-07T16:15:00+00:00,10000.00
2026-03-07T16:30:00+00:00,10000.00
2026-03-07T16:30:00+00:00,10000.00
2026-03-07T16:30:00+00:00,10000.00
2026-03-07T16:45:00+00:00,10000.00
2026-03-07T16:45:00+00:00,10000.00
2026-03-07T16:45:00+00:00,10000.00
2026-03-07T17:00:00+00:00,10000.00
2026-03-07T17:00:00+00:00,10000.00
2026-03-07T17:00:00+00:00,10000.00
2026-03-07T17:15:00+00:00,10000.00
2026-03-07T17:15:00+00:00,10000.00
2026-03-07T17:15:00+00:00,10000.00
2026-03-07T17:30:00+00:00,10000.00
2026-03-07T17:30:00+00:00,10000.00
2026-03-07T17:30:00+00:00,10000.00
2026-03-07T17:45:00+00:00,10000.00
2026-03-07T17:45:00+00:00,10000.00
2026-03-07T17:45:00+00:00,10000.00
2026-03-07T18:00:00+00:00,10000.00
2026-03-07T18:00:00+00:00,10000.00
2026-03-07T18:00:00+00:00,10000.00
2026-03-07T18:15:00+00:00,10000.00
2026-03-07T18:15:00+00:00,10000.00
2026-03-07T18:15:00+00:00,10000.00
2026-03-07T18:30:00+00:00,10000.00
2026-03-07T18:30:00+00:00,10000.00
2026-03-07T18:30:00+00:00,10000.00
2026-03-07T18:45:00+00:00,10000.00
2026-03-07T18:45:00+00:00,10000.00
2026-03-07T18:45:00+00:00,10000.00
2026-03-07T19:00:00+00:00,10000.00
2026-03-07T19:00:00+00:00,10000.00
2026-03-07T19:00:00+00:00,10000.00
2026-03-07T19:15:00+00:00,10000.00
2026-03-07T19:15:00+00:00,10000.00
2026-03-07T19:15:00+00:00,10000.00
2026-03-07T19:30:00+00:00,10000.00
2026-03-07T19:30:00+00:00,10000.00
2026-03-07T19:30:00+00:00,10000.00
2026-03-07T19:45:00+00:00,10000.00
2026-03-07T19:45:00+00:00,10000.00
2026-03-07T19:45:00+00:00,10000.00
2026-03-07T20:00:00+00:00,10000.00
2026-03-07T20:00:00+00:00,10000.00
2026-03-07T20:00:00+00:00,10000.00
2026-03-07T20:15:00+00:00,10000.00
2026-03-07T20:15:00+00:00,10000.00
2026-03-07T20:15:00+00:00,10000.00
2026-03-07T20:30:00+00:00,10000.00
2026-03-07T20:30:00+00:00,10000.00
2026-03-07T20:30:00+00:00,10000.00
2026-03-07T20:45:00+00:00,10000.00
2026-03-07T20:45:00+00:00,10000.00
2026-03-07T20:45:00+00:00,10000.00
2026-03-07T21:00:00+00:00,10000.00
2026-03-07T21:00:00+00:00,10000.00
2026-03-07T21:00:00+00:00,10000.00
2026-03-07T21:15:00+00:00,10000.00
2026-03-07T21:15:00+00:00,10000.00
2026-03-07T21:15:00+00:00,10000.00
2026-03-07T21:30:00+00:00,10000.00
2026-03-07T21:30:00+00:00,10000.00
2026-03-07T21:30:00+00:00,10000.00
2026-03-07T21:45:00+00:00,10000.00
2026-03-07T21:45:00+00:00,10000.00
2026-03-07T21:45:00+00:00,10000.00
2026-03-07T22:00:00+00:00,10000.00
2026-03-07T22:00:00+00:00,10000.00
2026-03-07T22:00:00+00:00,10000.00
2026-03-07T22:15:00+00:00,10000.00
2026-03-07T22:15:00+00:00,10000.00
2026-03-07T22:15:00+00:00,10000.00
2026-03-07T22:30:00+00:00,10000.00
2026-03-07T22:30:00+00:00,10000.00
2026-03-07T22:30:00+00:00,10000.00
2026-03-07T22:45:00+00:00,10000.00
2026-03-07T22:45:00+00:00,10000.00
2026-03-07T22:45:00+00:00,10000.00
2026-03-07T23:00:00+00:00,10000.00
2026-03-07T23:00:00+00:00,10000.00
2026-03-07T23:00:00+00:00,10000.00
2026-03-07T23:15:00+00:00,10000.00
2026-03-07T23:15:00+00:00,10000.00
2026-03-07T23:15:00+00:00,10000.00
2026-03-07T23:30:00+00:00,10000.00
2026-03-07T23:30:00+00:00,10000.00
2026-03-07T23:30:00+00:00,10000.00
2026-03-07T23:45:00+00:00,10000.00
2026-03-07T23:45:00+00:00,10000.00
2026-03-07T23:45:00+00:00,10000.00
2026-03-08T00:00:00+00:00,10000.00
2026-03-08T00:00:00+00:00,10000.00
2026-03-08T00:00:00+00:00,10000.00
2026-03-08T00:15:00+00:00,10000.00
2026-03-08T00:15:00+00:00,10000.00
2026-03-08T00:15:00+00:00,10000.00
2026-03-08T00:30:00+00:00,10000.00
2026-03-08T00:30:00+00:00,10000.00
2026-03-08T00:30:00+00:00,10000.00
2026-03-08T00:45:00+00:00,10000.00
2026-03-08T00:45:00+00:00,10000.00
2026-03-08T00:45:00+00:00,10000.00
2026-03-08T01:00:00+00:00,10000.00
2026-03-08T01:00:00+00:00,10000.00
2026-03-08T01:00:00+00:00,10000.00
2026-03-08T01:15:00+00:00,10000.00
2026-03-08T01:15:00+00:00,10000.00
2026-03-08T01:15:00+00:00,10000.00
2026-03-08T01:30:00+00:00,10000.00
2026-03-08T01:30:00+00:00,10000.00
2026-03-08T01:30:00+00:00,10000.00
2026-03-08T01:45:00+00:00,10000.00
2026-03-08T01:45:00+00:00,10000.00
2026-03-08T01:45:00+00:00,10000.00
2026-03-08T02:00:00+00:00,10000.00
2026-03-08T02:00:00+00:00,10000.00
2026-03-08T02:00:00+00:00,10000.00
2026-03-08T02:15:00+00:00,10000.00
2026-03-08T02:15:00+00:00,10000.00
2026-03-08T02:15:00+00:00,10000.00
2026-03-08T02:30:00+00:00,10000.00
2026-03-08T02:30:00+00:00,10000.00
2026-03-08T02:30:00+00:00,10000.00
2026-03-08T02:45:00+00:00,10000.00
2026-03-08T02:45:00+00:00,10000.00
2026-03-08T02:45:00+00:00,10000.00
2026-03-08T03:00:00+00:00,10000.00
2026-03-08T03:00:00+00:00,10000.00
2026-03-08T03:00:00+00:00,10000.00
2026-03-08T03:15:00+00:00,10000.00
2026-03-08T03:15:00+00:00,10000.00
2026-03-08T03:15:00+00:00,10000.00
2026-03-08T03:30:00+00:00,10000.00
2026-03-08T03:30:00+00:00,10000.00
2026-03-08T03:30:00+00:00,10000.00
2026-03-08T03:45:00+00:00,10000.00
2026-03-08T03:45:00+00:00,10000.00
2026-03-08T03:45:00+00:00,10000.00
2026-03-08T04:00:00+00:00,10000.00
2026-03-08T04:00:00+00:00,10000.00
2026-03-08T04:00:00+00:00,10000.00
2026-03-08T04:15:00+00:00,10000.00
2026-03-08T04:15:00+00:00,10000.00
2026-03-08T04:15:00+00:00,10000.00
2026-03-08T04:30:00+00:00,10000.00
2026-03-08T04:30:00+00:00,10000.00
2026-03-08T04:30:00+00:00,10000.00
2026-03-08T04:45:00+00:00,10000.00
2026-03-08T04:45:00+00:00,10000.00
2026-03-08T04:45:00+00:00,10000.00
2026-03-08T05:00:00+00:00,10000.00
2026-03-08T05:00:00+00:00,10000.00
2026-03-08T05:00:00+00:00,10000.00
2026-03-08T05:15:00+00:00,10000.00
2026-03-08T05:15:00+00:00,10000.00
2026-03-08T05:15:00+00:00,10000.00
2026-03-08T05:30:00+00:00,10000.00
2026-03-08T05:30:00+00:00,10000.00
2026-03-08T05:30:00+00:00,10000.00
2026-03-08T05:45:00+00:00,10000.00
2026-03-08T05:45:00+00:00,10000.00
2026-03-08T05:45:00+00:00,10000.00
2026-03-08T06:00:00+00:00,10000.00
2026-03-08T06:00:00+00:00,10000.00
2026-03-08T06:00:00+00:00,10000.00
2026-03-08T06:15:00+00:00,10000.00
2026-03-08T06:15:00+00:00,10000.00
2026-03-08T06:15:00+00:00,10000.00
2026-03-08T06:30:00+00:00,10000.00
2026-03-08T06:30:00+00:00,10000.00
2026-03-08T06:30:00+00:00,10000.00
2026-03-08T06:45:00+00:00,10000.00
2026-03-08T06:45:00+00:00,10000.00
2026-03-08T06:45:00+00:00,10000.00
2026-03-08T07:00:00+00:00,10000.00
2026-03-08T07:00:00+00:00,10000.00
2026-03-08T07:00:00+00:00,10000.00
2026-03-08T07:15:00+00:00,10000.00
2026-03-08T07:15:00+00:00,10000.00
2026-03-08T07:15:00+00:00,10000.00
2026-03-08T07:30:00+00:00,10000.00
2026-03-08T07:30:00+00:00,10000.00
2026-03-08T07:30:00+00:00,10000.00
2026-03-08T07:45:00+00:00,10000.00
2026-03-08T07:45:00+00:00,10000.00
2026-03-08T07:45:00+00:00,10000.00
2026-03-08T08:00:00+00:00,10000.00
2026-03-08T08:00:00+00:00,10000.00
2026-03-08T08:00:00+00:00,10000.00
2026-03-08T08:15:00+00:00,10000.00
2026-03-08T08:15:00+00:00,10000.00
2026-03-08T08:15:00+00:00,10000.00
2026-03-08T08:30:00+00:00,10000.00
2026-03-08T08:30:00+00:00,10000.00
2026-03-08T08:30:00+00:00,10000.00
2026-03-08T08:45:00+00:00,10000.00
2026-03-08T08:45:00+00:00,10000.00
2026-03-08T08:45:00+00:00,10000.00
2026-03-08T09:00:00+00:00,10000.00
2026-03-08T09:00:00+00:00,10000.00
2026-03-08T09:00:00+00:00,10000.00
2026-03-08T09:15:00+00:00,10000.00
2026-03-08T09:15:00+00:00,10000.00
2026-03-08T09:15:00+00:00,10000.00
2026-03-08T09:30:00+00:00,10000.00
2026-03-08T09:30:00+00:00,10000.00
2026-03-08T09:30:00+00:00,10000.00
2026-03-08T09:45:00+00:00,10000.00
2026-03-08T09:45:00+00:00,10000.00
2026-03-08T09:45:00+00:00,10000.00
2026-03-08T10:00:00+00:00,9946.45
2026-03-08T10:00:00+00:00,9946.45
2026-03-08T10:00:00+00:00,9946.45
2026-03-08T10:15:00+00:00,9845.31
2026-03-08T10:15:00+00:00,9845.31
2026-03-08T10:15:00+00:00,9845.31
2026-03-08T10:30:00+00:00,9878.33
2026-03-08T10:30:00+00:00,9878.33
2026-03-08T10:30:00+00:00,9878.33
2026-03-08T10:45:00+00:00,9858.72
2026-03-08T10:45:00+00:00,9858.72
2026-03-08T10:45:00+00:00,9858.72
2026-03-08T11:00:00+00:00,10049.44
2026-03-08T11:00:00+00:00,10049.44
2026-03-08T11:00:00+00:00,10049.44
2026-03-08T11:15:00+00:00,10019.51
2026-03-08T11:15:00+00:00,10019.51
2026-03-08T11:15:00+00:00,10019.51
2026-03-08T11:30:00+00:00,10129.95
2026-03-08T11:30:00+00:00,10129.95
2026-03-08T11:30:00+00:00,10129.95
2026-03-08T11:45:00+00:00,10103.11
2026-03-08T11:45:00+00:00,10103.11
2026-03-08T11:45:00+00:00,10103.11
2026-03-08T12:00:00+00:00,10273.53
2026-03-08T12:00:00+00:00,10273.53
2026-03-08T12:00:00+00:00,10273.53
2026-03-08T12:15:00+00:00,10162.58
2026-03-08T12:15:00+00:00,10162.58
2026-03-08T12:15:00+00:00,10162.58
2026-03-08T12:30:00+00:00,10171.09
2026-03-08T12:30:00+00:00,10171.09
2026-03-08T12:30:00+00:00,10171.09
2026-03-08T12:45:00+00:00,10185.03
2026-03-08T12:45:00+00:00,10185.03
2026-03-08T12:45:00+00:00,10185.03
2026-03-08T13:00:00+00:00,10294.90
2026-03-08T13:00:00+00:00,10294.90
2026-03-08T13:00:00+00:00,10294.90
2026-03-08T13:15:00+00:00,10260.07
2026-03-08T13:15:00+00:00,10260.07
2026-03-08T13:15:00+00:00,10260.07
2026-03-08T13:30:00+00:00,10260.22
2026-03-08T13:30:00+00:00,10260.22
2026-03-08T13:30:00+00:00,10260.22
2026-03-08T13:45:00+00:00,10247.68
2026-03-08T13:45:00+00:00,10247.68
2026-03-08T13:45:00+00:00,10247.68
2026-03-08T14:00:00+00:00,10243.14
2026-03-08T14:00:00+00:00,10243.14
2026-03-08T14:00:00+00:00,10243.14
2026-03-08T14:15:00+00:00,10249.17
2026-03-08T14:15:00+00:00,10249.17
2026-03-08T14:15:00+00:00,10249.17
2026-03-08T14:30:00+00:00,10254.59
2026-03-08T14:30:00+00:00,10254.59
2026-03-08T14:30:00+00:00,10254.59
2026-03-08T14:45:00+00:00,10246.08
2026-03-08T14:45:00+00:00,10246.08
2026-03-08T14:45:00+00:00,10246.08
2026-03-08T15:00:00+00:00,10244.33
2026-03-08T15:00:00+00:00,10244.33
2026-03-08T15:00:00+00:00,10244.33
2026-03-08T15:15:00+00:00,10254.86
2026-03-08T15:15:00+00:00,10254.86
2026-03-08T15:15:00+00:00,10254.86
2026-03-08T15:30:00+00:00,10251.76
2026-03-08T15:30:00+00:00,10251.76
2026-03-08T15:30:00+00:00,10251.76
2026-03-08T15:45:00+00:00,10249.60
2026-03-08T15:45:00+00:00,10249.60
2026-03-08T15:45:00+00:00,10249.60
2026-03-08T16:00:00+00:00,10252.35
2026-03-08T16:00:00+00:00,10252.35
2026-03-08T16:00:00+00:00,10252.35
2026-03-08T16:15:00+00:00,10250.96
2026-03-08T16:15:00+00:00,10250.96
2026-03-08T16:15:00+00:00,10250.96
2026-03-08T16:30:00+00:00,10255.45
2026-03-08T16:30:00+00:00,10255.45
2026-03-08T16:30:00+00:00,10255.45
2026-03-08T16:45:00+00:00,10259.47
2026-03-08T16:45:00+00:00,10259.47
2026-03-08T16:45:00+00:00,10259.47
2026-03-08T17:00:00+00:00,10250.61
2026-03-08T17:00:00+00:00,10250.61
2026-03-08T17:00:00+00:00,10250.61
2026-03-08T17:15:00+00:00,10250.61
2026-03-08T17:15:00+00:00,10250.61
2026-03-08T17:15:00+00:00,10250.61
2026-03-08T17:30:00+00:00,10250.61
2026-03-08T17:30:00+00:00,10250.61
2026-03-08T17:30:00+00:00,10250.61
2026-03-08T17:45:00+00:00,10250.61
2026-03-08T17:45:00+00:00,10250.61
2026-03-08T17:45:00+00:00,10250.61
2026-03-08T18:00:00+00:00,10250.61
2026-03-08T18:00:00+00:00,10250.61
2026-03-08T18:00:00+00:00,10250.61
2026-03-08T18:15:00+00:00,10250.61
2026-03-08T18:15:00+00:00,10250.61
2026-03-08T18:15:00+00:00,10250.61
2026-03-08T18:30:00+00:00,10250.61
2026-03-08T18:30:00+00:00,10250.61
2026-03-08T18:30:00+00:00,10250.61
2026-03-08T18:45:00+00:00,10250.61
2026-03-08T18:45:00+00:00,10250.61
2026-03-08T18:45:00+00:00,10250.61
2026-03-08T19:00:00+00:00,10250.61
2026-03-08T19:00:00+00:00,10250.61
2026-03-08T19:00:00+00:00,10250.61
2026-03-08T19:15:00+00:00,10250.61
2026-03-08T19:15:00+00:00,10250.61
2026-03-08T19:15:00+00:00,10250.61
2026-03-08T19:30:00+00:00,10250.61
2026-03-08T19:30:00+00:00,10250.61
2026-03-08T19:30:00+00:00,10250.61
2026-03-08T19:45:00+00:00,10250.61
2026-03-08T19:45:00+00:00,10250.61
2026-03-08T19:45:00+00:00,10250.61
2026-03-08T20:00:00+00:00,10250.61
2026-03-08T20:00:00+00:00,10250.61
2026-03-08T20:00:00+00:00,10250.61
2026-03-08T20:15:00+00:00,10250.61
2026-03-08T20:15:00+00:00,10250.61
2026-03-08T20:15:00+00:00,10250.61
2026-03-08T20:30:00+00:00,10250.61
2026-03-08T20:30:00+00:00,10250.61
2026-03-08T20:30:00+00:00,10250.61
2026-03-08T20:45:00+00:00,10250.61
2026-03-08T20:45:00+00:00,10250.61
2026-03-08T20:45:00+00:00,10250.61
2026-03-08T21:00:00+00:00,10250.61
2026-03-08T21:00:00+00:00,10250.61
2026-03-08T21:00:00+00:00,10250.61
2026-03-08T21:15:00+00:00,10250.61
2026-03-08T21:15:00+00:00,10250.61
2026-03-08T21:15:00+00:00,10250.61
2026-03-08T21:30:00+00:00,10250.61
2026-03-08T21:30:00+00:00,10250.61
2026-03-08T21:30:00+00:00,10250.61
2026-03-08T21:45:00+00:00,10250.61
2026-03-08T21:45:00+00:00,10250.61
2026-03-08T21:45:00+00:00,10250.61
2026-03-08T22:00:00+00:00,10250.61
2026-03-08T22:00:00+00:00,10250.61
2026-03-08T22:00:00+00:00,10250.61
2026-03-08T22:15:00+00:00,10250.61
2026-03-08T22:15:00+00:00,10250.61
2026-03-08T22:15:00+00:00,10250.61
2026-03-08T22:30:00+00:00,10250.61
2026-03-08T22:30:00+00:00,10250.61
2026-03-08T22:30:00+00:00,10250.61
2026-03-08T22:45:00+00:00,10250.61
2026-03-08T22:45:00+00:00,10250.61
2026-03-08T22:45:00+00:00,10250.61
2026-03-08T23:00:00+00:00,10250.61
2026-03-08T23:00:00+00:00,10250.61
2026-03-08T23:00:00+00:00,10250.61
2026-03-08T23:15:00+00:00,10250.61
2026-03-08T23:15:00+00:00,10250.61
2026-03-08T23:15:00+00:00,10250.61
2026-03-08T23:30:00+00:00,10250.61
2026-03-08T23:30:00+00:00,10250.61
2026-03-08T23:30:00+00:00,10250.61
2026-03-08T23:45:00+00:00,10250.61
2026-03-08T23:45:00+00:00,10250.61
2026-03-08T23:45:00+00:00,10250.61
2026-03-09T00:00:00+00:00,10250.61
2026-03-09T00:00:00+00:00,10250.61
2026-03-09T00:00:00+00:00,10250.61
2026-03-09T00:15:00+00:00,10250.61
2026-03-09T00:15:00+00:00,10250.61
2026-03-09T00:15:00+00:00,10250.61
2026-03-09T00:30:00+00:00,10250.61
2026-03-09T00:30:00+00:00,10250.61
2026-03-09T00:30:00+00:00,10250.61
2026-03-09T00:45:00+00:00,10250.61
2026-03-09T00:45:00+00:00,10250.61
2026-03-09T00:45:00+00:00,10250.61
2026-03-09T01:00:00+00:00,10250.61
2026-03-09T01:00:00+00:00,10250.61
2026-03-09T01:00:00+00:00,10250.61
2026-03-09T01:15:00+00:00,10250.61
2026-03-09T01:15:00+00:00,10250.61
2026-03-09T01:15:00+00:00,10250.61
2026-03-09T01:30:00+00:00,10250.61
2026-03-09T01:30:00+00:00,10250.61
2026-03-09T01:30:00+00:00,10250.61
2026-03-09T01:45:00+00:00,10250.61
2026-03-09T01:45:00+00:00,10250.61
2026-03-09T01:45:00+00:00,10250.61
2026-03-09T02:00:00+00:00,10250.61
2026-03-09T02:00:00+00:00,10250.61
2026-03-09T02:00:00+00:00,10250.61
2026-03-09T02:15:00+00:00,10250.61
2026-03-09T02:15:00+00:00,10250.61
2026-03-09T02:15:00+00:00,10250.61
2026-03-09T02:30:00+00:00,10250.61
2026-03-09T02:30:00+00:00,10250.61
2026-03-09T02:30:00+00:00,10250.61
2026-03-09T02:45:00+00:00,10250.61
2026-03-09T02:45:00+00:00,10250.61
2026-03-09T02:45:00+00:00,10250.61
2026-03-09T03:00:00+00:00,10250.61
2026-03-09T03:00:00+00:00,10250.61
2026-03-09T03:00:00+00:00,10250.61
2026-03-09T03:15:00+00:00,10250.61
2026-03-09T03:15:00+00:00,10250.61
2026-03-09T03:15:00+00:00,10250.61
2026-03-09T03:30:00+00:00,10250.61
2026-03-09T03:30:00+00:00,10250.61
2026-03-09T03:30:00+00:00,10250.61
2026-03-09T03:45:00+00:00,10250.61
2026-03-09T03:45:00+00:00,10250.61
2026-03-09T03:45:00+00:00,10250.61
2026-03-09T04:00:00+00:00,10250.61
2026-03-09T04:00:00+00:00,10250.61
2026-03-09T04:00:00+00:00,10250.61
2026-03-09T04:15:00+00:00,10250.61
2026-03-09T04:15:00+00:00,10250.61
2026-03-09T04:15:00+00:00,10250.61
2026-03-09T04:30:00+00:00,10250.61
2026-03-09T04:30:00+00:00,10250.61
2026-03-09T04:30:00+00:00,10250.61
2026-03-09T04:45:00+00:00,10250.61
2026-03-09T04:45:00+00:00,10250.61
2026-03-09T04:45:00+00:00,10250.61
2026-03-09T05:00:00+00:00,10250.61
2026-03-09T05:00:00+00:00,10250.61
2026-03-09T05:00:00+00:00,10250.61
2026-03-09T05:15:00+00:00,10250.61
2026-03-09T05:15:00+00:00,10250.61
2026-03-09T05:15:00+00:00,10250.61
2026-03-09T05:30:00+00:00,10250.61
2026-03-09T05:30:00+00:00,10250.61
2026-03-09T05:30:00+00:00,10250.61
2026-03-09T05:45:00+00:00,10250.61
2026-03-09T05:45:00+00:00,10250.61
2026-03-09T05:45:00+00:00,10250.61
2026-03-09T06:00:00+00:00,10250.61
2026-03-09T06:00:00+00:00,10250.61
2026-03-09T06:00:00+00:00,10250.61
2026-03-09T06:15:00+00:00,10250.61
2026-03-09T06:15:00+00:00,10250.61
2026-03-09T06:15:00+00:00,10250.61
2026-03-09T06:30:00+00:00,10250.61
2026-03-09T06:30:00+00:00,10250.61
2026-03-09T06:30:00+00:00,10250.61
2026-03-09T06:45:00+00:00,10250.61
2026-03-09T06:45:00+00:00,10250.61
2026-03-09T06:45:00+00:00,10250.61
2026-03-09T07:00:00+00:00,10250.61
2026-03-09T07:00:00+00:00,10250.61
2026-03-09T07:00:00+00:00,10250.61
2026-03-09T07:15:00+00:00,10250.61
2026-03-09T07:15:00+00:00,10250.61
2026-03-09T07:15:00+00:00,10250.61
2026-03-09T07:30:00+00:00,10250.61
2026-03-09T07:30:00+00:00,10250.61
2026-03-09T07:30:00+00:00,10250.61
2026-03-09T07:45:00+00:00,10250.61
2026-03-09T07:45:00+00:00,10250.61
2026-03-09T07:45:00+00:00,10250.61
2026-03-09T08:00:00+00:00,10250.61
2026-03-09T08:00:00+00:00,10250.61
2026-03-09T08:00:00+00:00,10250.61
2026-03-09T08:15:00+00:00,10250.61
2026-03-09T08:15:00+00:00,10250.61
2026-03-09T08:15:00+00:00,10250.61
2026-03-09T08:30:00+00:00,10250.61
2026-03-09T08:30:00+00:00,10250.61
2026-03-09T08:30:00+00:00,10250.61
2026-03-09T08:45:00+00:00,10250.61
2026-03-09T08:45:00+00:00,10250.61
2026-03-09T08:45:00+00:00,10250.61
2026-03-09T09:00:00+00:00,10250.61
2026-03-09T09:00:00+00:00,10250.61
2026-03-09T09:00:00+00:00,10250.61
2026-03-09T09:15:00+00:00,10250.61
2026-03-09T09:15:00+00:00,10250.61
2026-03-09T09:15:00+00:00,10250.61
2026-03-09T09:30:00+00:00,10250.61
2026-03-09T09:30:00+00:00,10250.61
2026-03-09T09:30:00+00:00,10250.61
2026-03-09T09:45:00+00:00,10250.61
2026-03-09T09:45:00+00:00,10250.61
2026-03-09T09:45:00+00:00,10250.61
2026-03-09T10:00:00+00:00,10250.61
2026-03-09T10:00:00+00:00,10250.61
2026-03-09T10:00:00+00:00,10250.61
2026-03-09T10:15:00+00:00,10250.61
2026-03-09T10:15:00+00:00,10250.61
2026-03-09T10:15:00+00:00,10250.61
2026-03-09T10:30:00+00:00,10250.61
2026-03-09T10:30:00+00:00,10250.61
2026-03-09T10:30:00+00:00,10250.61
2026-03-09T10:45:00+00:00,10250.61
2026-03-09T10:45:00+00:00,10250.61
2026-03-09T10:45:00+00:00,10250.61
2026-03-09T11:00:00+00:00,10250.61
2026-03-09T11:00:00+00:00,10250.61
2026-03-09T11:00:00+00:00,10250.61
2026-03-09T11:15:00+00:00,10250.61
2026-03-09T11:15:00+00:00,10250.61
2026-03-09T11:15:00+00:00,10250.61
2026-03-09T11:30:00+00:00,10250.61
2026-03-09T11:30:00+00:00,10250.61
2026-03-09T11:30:00+00:00,10250.61
2026-03-09T11:45:00+00:00,10250.61
2026-03-09T11:45:00+00:00,10250.61
2026-03-09T11:45:00+00:00,10250.61
2026-03-09T12:00:00+00:00,10250.61
2026-03-09T12:00:00+00:00,10250.61
2026-03-09T12:00:00+00:00,10250.61
2026-03-09T12:15:00+00:00,10250.61
2026-03-09T12:15:00+00:00,10250.61
2026-03-09T12:15:00+00:00,10250.61
2026-03-09T12:30:00+00:00,10250.61
2026-03-09T12:30:00+00:00,10250.61
2026-03-09T12:30:00+00:00,10250.61
2026-03-09T12:45:00+00:00,10250.61
2026-03-09T12:45:00+00:00,10250.61
2026-03-09T12:45:00+00:00,10250.61
2026-03-09T13:00:00+00:00,10250.61
2026-03-09T13:00:00+00:00,10250.61
2026-03-09T13:00:00+00:00,10250.61
2026-03-09T13:15:00+00:00,10250.61
2026-03-09T13:15:00+00:00,10250.61
2026-03-09T13:15:00+00:00,10250.61
2026-03-09T13:30:00+00:00,10250.61
2026-03-09T13:30:00+00:00,10250.61
2026-03-09T13:30:00+00:00,10250.61
2026-03-09T13:45:00+00:00,10250.61
2026-03-09T13:45:00+00:00,10250.61
2026-03-09T13:45:00+00:00,10250.61
2026-03-09T14:00:00+00:00,10250.61
2026-03-09T14:00:00+00:00,10250.61
2026-03-09T14:00:00+00:00,10250.61
2026-03-09T14:15:00+00:00,10250.61
2026-03-09T14:15:00+00:00,10250.61
2026-03-09T14:15:00+00:00,10250.61
2026-03-09T14:30:00+00:00,10250.61
2026-03-09T14:30:00+00:00,10250.61
2026-03-09T14:30:00+00:00,10250.61
2026-03-09T14:45:00+00:00,10250.61
2026-03-09T14:45:00+00:00,10250.61
2026-03-09T14:45:00+00:00,10250.61
2026-03-09T15:00:00+00:00,10250.61
2026-03-09T15:00:00+00:00,10250.61
2026-03-09T15:00:00+00:00,10250.61
2026-03-09T15:15:00+00:00,10250.61
2026-03-09T15:15:00+00:00,10250.61
2026-03-09T15:15:00+00:00,10250.61
2026-03-09T15:30:00+00:00,10250.61
2026-03-09T15:30:00+00:00,10250.61
2026-03-09T15:30:00+00:00,10250.61
2026-03-09T15:45:00+00:00,10250.61
2026-03-09T15:45:00+00:00,10250.61
2026-03-09T15:45:00+00:00,10250.61
2026-03-09T16:00:00+00:00,10250.61
2026-03-09T16:00:00+00:00,10250.61
2026-03-09T16:00:00+00:00,10250.61
2026-03-09T16:15:00+00:00,10250.61
2026-03-09T16:15:00+00:00,10250.61
2026-03-09T16:15:00+00:00,10250.61
2026-03-09T16:30:00+00:00,10250.61
2026-03-09T16:30:00+00:00,10250.61
2026-03-09T16:30:00+00:00,10250.61
2026-03-09T16:45:00+00:00,10250.61
2026-03-09T16:45:00+00:00,10250.61
2026-03-09T16:45:00+00:00,10250.61
2026-03-09T17:00:00+00:00,10250.61
2026-03-09T17:00:00+00:00,10250.61
2026-03-09T17:00:00+00:00,10250.61
2026-03-09T17:15:00+00:00,10250.61
2026-03-09T17:15:00+00:00,10250.61
2026-03-09T17:15:00+00:00,10250.61
2026-03-09T17:30:00+00:00,10250.61
2026-03-09T17:30:00+00:00,10250.61
2026-03-09T17:30:00+00:00,10250.61
2026-03-09T17:45:00+00:00,10250.61
2026-03-09T17:45:00+00:00,10250.61
2026-03-09T17:45:00+00:00,10250.61
2026-03-09T18:00:00+00:00,10250.61
2026-03-09T18:00:00+00:00,10250.61
2026-03-09T18:00:00+00:00,10250.61
2026-03-09T18:15:00+00:00,10250.61
2026-03-09T18:15:00+00:00,10250.61
2026-03-09T18:15:00+00:00,10250.61
2026-03-09T18:30:00+00:00,10250.61
2026-03-09T18:30:00+00:00,10250.61
2026-03-09T18:30:00+00:00,10250.61
2026-03-09T18:45:00+00:00,10250.61
2026-03-09T18:45:00+00:00,10250.61
2026-03-09T18:45:00+00:00,10250.61
2026-03-09T19:00:00+00:00,10250.61
2026-03-09T19:00:00+00:00,10250.61
2026-03-09T19:00:00+00:00,10250.61
2026-03-09T19:15:00+00:00,10250.61
2026-03-09T19:15:00+00:00,10250.61
2026-03-09T19:15:00+00:00,10250.61
2026-03-09T19:30:00+00:00,10250.61
2026-03-09T19:30:00+00:00,10250.61
2026-03-09T19:30:00+00:00,10250.61
2026-03-09T19:45:00+00:00,10250.61
2026-03-09T19:45:00+00:00,10250.61
2026-03-09T19:45:00+00:00,10250.61
2026-03-09T20:00:00+00:00,10250.61
2026-03-09T20:00:00+00:00,10250.61
2026-03-09T20:00:00+00:00,10250.61
2026-03-09T20:15:00+00:00,10250.61
2026-03-09T20:15:00+00:00,10250.61
2026-03-09T20:15:00+00:00,10250.61
2026-03-09T20:30:00+00:00,10250.61
2026-03-09T20:30:00+00:00,10250.61
2026-03-09T20:30:00+00:00,10250.61
2026-03-09T20:45:00+00:00,10250.61
2026-03-09T20:45:00+00:00,10250.61
2026-03-09T20:45:00+00:00,10250.61
2026-03-09T21:00:00+00:00,10250.61
2026-03-09T21:00:00+00:00,10250.61
2026-03-09T21:00:00+00:00,10250.61
2026-03-09T21:15:00+00:00,10250.61
2026-03-09T21:15:00+00:00,10250.61
2026-03-09T21:15:00+00:00,10250.61
2026-03-09T21:30:00+00:00,10250.61
2026-03-09T21:30:00+00:00,10250.61
2026-03-09T21:30:00+00:00,10250.61
2026-03-09T21:45:00+00:00,10250.61
2026-03-09T21:45:00+00:00,10250.61
2026-03-09T21:45:00+00:00,10250.61
2026-03-09T22:00:00+00:00,10250.61
2026-03-09T22:00:00+00:00,10250.61
2026-03-09T22:00:00+00:00,10250.61
2026-03-09T22:15:00+00:00,10250.61
2026-03-09T22:15:00+00:00,10250.61
2026-03-09T22:15:00+00:00,10250.61
2026-03-09T22:30:00+00:00,10250.61
2026-03-09T22:30:00+00:00,10250.61
2026-03-09T22:30:00+00:00,10250.61
2026-03-09T22:45:00+00:00,10250.61
2026-03-09T22:45:00+00:00,10250.61
2026-03-09T22:45:00+00:00,10250.61
2026-03-09T23:00:00+00:00,10250.61
2026-03-09T23:00:00+00:00,10250.61
2026-03-09T23:00:00+00:00,10250.61
2026-03-09T23:15:00+00:00,10250.61
2026-03-09T23:15:00+00:00,10250.61
2026-03-09T23:15:00+00:00,10250.61
2026-03-09T23:30:00+00:00,10250.61
2026-03-09T23:30:00+00:00,10250.61
2026-03-09T23:30:00+00:00,10250.61
2026-03-09T23:45:00+00:00,10250.61
2026-03-09T23:45:00+00:00,10250.61
2026-03-09T23:45:00+00:00,10250.61
2026-03-10T00:00:00+00:00,10250.61
2026-03-10T00:00:00+00:00,10250.61
2026-03-10T00:00:00+00:00,10226.16
2026-03-10T00:15:00+00:00,10226.16
2026-03-10T00:15:00+00:00,10226.16
2026-03-10T00:15:00+00:00,10359.29
2026-03-10T00:30:00+00:00,10359.29
2026-03-10T00:30:00+00:00,10359.29
2026-03-10T00:30:00+00:00,10409.98
2026-03-10T00:45:00+00:00,10409.98
2026-03-10T00:45:00+00:00,10409.98
2026-03-10T00:45:00+00:00,10402.63
2026-03-10T01:00:00+00:00,10403.07
2026-03-10T01:00:00+00:00,10403.07
2026-03-10T01:00:00+00:00,10390.04
2026-03-10T01:15:00+00:00,10390.04
2026-03-10T01:15:00+00:00,10390.04
2026-03-10T01:15:00+00:00,10357.59
2026-03-10T01:30:00+00:00,10357.59
2026-03-10T01:30:00+00:00,10357.59
2026-03-10T01:30:00+00:00,10359.96
2026-03-10T01:45:00+00:00,10359.96
2026-03-10T01:45:00+00:00,10359.96
2026-03-10T01:45:00+00:00,10429.83
2026-03-10T02:00:00+00:00,10430.11
2026-03-10T02:00:00+00:00,10430.11
2026-03-10T02:00:00+00:00,10421.11
2026-03-10T02:15:00+00:00,10421.11
2026-03-10T02:15:00+00:00,10421.11
2026-03-10T02:15:00+00:00,10454.99
2026-03-10T02:30:00+00:00,10454.99
2026-03-10T02:30:00+00:00,10454.99
2026-03-10T02:30:00+00:00,10680.25
2026-03-10T02:45:00+00:00,10680.25
2026-03-10T02:45:00+00:00,10680.25
2026-03-10T02:45:00+00:00,10678.62
2026-03-10T03:00:00+00:00,10678.66
2026-03-10T03:00:00+00:00,10678.66
2026-03-10T03:00:00+00:00,10673.92
2026-03-10T03:15:00+00:00,10673.92
2026-03-10T03:15:00+00:00,10673.92
2026-03-10T03:15:00+00:00,10673.92
2026-03-10T03:30:00+00:00,10673.92
2026-03-10T03:30:00+00:00,10673.92
2026-03-10T03:30:00+00:00,10673.92
2026-03-10T03:45:00+00:00,10673.92
2026-03-10T03:45:00+00:00,10673.92
2026-03-10T03:45:00+00:00,10673.92
2026-03-10T04:00:00+00:00,10673.92
2026-03-10T04:00:00+00:00,10673.92
2026-03-10T04:00:00+00:00,10673.92
2026-03-10T04:15:00+00:00,10673.92
2026-03-10T04:15:00+00:00,10673.92
2026-03-10T04:15:00+00:00,10673.92
2026-03-10T04:30:00+00:00,10673.92
2026-03-10T04:30:00+00:00,10673.92
2026-03-10T04:30:00+00:00,10673.92
2026-03-10T04:45:00+00:00,10673.92
2026-03-10T04:45:00+00:00,10673.92
2026-03-10T04:45:00+00:00,10673.92
2026-03-10T05:00:00+00:00,10673.92
2026-03-10T05:00:00+00:00,10673.92
2026-03-10T05:00:00+00:00,10673.92
2026-03-10T05:15:00+00:00,10673.92
2026-03-10T05:15:00+00:00,10673.92
2026-03-10T05:15:00+00:00,10673.92
2026-03-10T05:30:00+00:00,10673.92
2026-03-10T05:30:00+00:00,10673.92
2026-03-10T05:30:00+00:00,10673.92
2026-03-10T05:45:00+00:00,10673.92
2026-03-10T05:45:00+00:00,10673.92
2026-03-10T05:45:00+00:00,10673.92
2026-03-10T06:00:00+00:00,10673.92
2026-03-10T06:00:00+00:00,10673.92
2026-03-10T06:00:00+00:00,10673.92
2026-03-10T06:15:00+00:00,10673.92
2026-03-10T06:15:00+00:00,10673.92
2026-03-10T06:15:00+00:00,10673.92
2026-03-10T06:30:00+00:00,10673.92
2026-03-10T06:30:00+00:00,10673.92
2026-03-10T06:30:00+00:00,10673.92
2026-03-10T06:45:00+00:00,10673.92
2026-03-10T06:45:00+00:00,10673.92
2026-03-10T06:45:00+00:00,10673.92
2026-03-10T07:00:00+00:00,10673.92
2026-03-10T07:00:00+00:00,10673.92
2026-03-10T07:00:00+00:00,10673.92
2026-03-10T07:15:00+00:00,10673.92
2026-03-10T07:15:00+00:00,10673.92
2026-03-10T07:15:00+00:00,10673.92
2026-03-10T07:30:00+00:00,10673.92
2026-03-10T07:30:00+00:00,10673.92
2026-03-10T07:30:00+00:00,10673.92
2026-03-10T07:45:00+00:00,10673.92
2026-03-10T07:45:00+00:00,10673.92
2026-03-10T07:45:00+00:00,10673.92
2026-03-10T08:00:00+00:00,10673.92
2026-03-10T08:00:00+00:00,10673.92
2026-03-10T08:00:00+00:00,10673.92
2026-03-10T08:15:00+00:00,10673.92
2026-03-10T08:15:00+00:00,10673.92
2026-03-10T08:15:00+00:00,10673.92
2026-03-10T08:30:00+00:00,10673.92
2026-03-10T08:30:00+00:00,10673.92
2026-03-10T08:30:00+00:00,10673.92
2026-03-10T08:45:00+00:00,10673.92
2026-03-10T08:45:00+00:00,10673.92
2026-03-10T08:45:00+00:00,10673.92
2026-03-10T09:00:00+00:00,10673.92
2026-03-10T09:00:00+00:00,10673.92
2026-03-10T09:00:00+00:00,10673.92
2026-03-10T09:15:00+00:00,10673.92
2026-03-10T09:15:00+00:00,10673.92
2026-03-10T09:15:00+00:00,10673.92
2026-03-10T09:30:00+00:00,10673.92
2026-03-10T09:30:00+00:00,10673.92
2026-03-10T09:30:00+00:00,10673.92
2026-03-10T09:45:00+00:00,10673.92
2026-03-10T09:45:00+00:00,10673.92
2026-03-10T09:45:00+00:00,10673.92
2026-03-10T10:00:00+00:00,10673.92
2026-03-10T10:00:00+00:00,10673.92
2026-03-10T10:00:00+00:00,10673.92
2026-03-10T10:15:00+00:00,10673.92
2026-03-10T10:15:00+00:00,10673.92
2026-03-10T10:15:00+00:00,10673.92
2026-03-10T10:30:00+00:00,10673.92
2026-03-10T10:30:00+00:00,10673.92
2026-03-10T10:30:00+00:00,10673.92
2026-03-10T10:45:00+00:00,10673.92
2026-03-10T10:45:00+00:00,10673.92
2026-03-10T10:45:00+00:00,10673.92
2026-03-10T11:00:00+00:00,10673.92
2026-03-10T11:00:00+00:00,10673.92
2026-03-10T11:00:00+00:00,10673.92
2026-03-10T11:15:00+00:00,10673.92
2026-03-10T11:15:00+00:00,10673.92
2026-03-10T11:15:00+00:00,10673.92
2026-03-10T11:30:00+00:00,10673.92
2026-03-10T11:30:00+00:00,10673.92
2026-03-10T11:30:00+00:00,10673.92
2026-03-10T11:45:00+00:00,10673.92
2026-03-10T11:45:00+00:00,10673.92
2026-03-10T11:45:00+00:00,10673.92
2026-03-10T12:00:00+00:00,10673.92
2026-03-10T12:00:00+00:00,10673.92
2026-03-10T12:00:00+00:00,10673.92
2026-03-10T12:15:00+00:00,10673.92
2026-03-10T12:15:00+00:00,10673.92
2026-03-10T12:15:00+00:00,10673.92
2026-03-10T12:30:00+00:00,10673.92
2026-03-10T12:30:00+00:00,10673.92
2026-03-10T12:30:00+00:00,10673.92
2026-03-10T12:45:00+00:00,10673.92
2026-03-10T12:45:00+00:00,10673.92
2026-03-10T12:45:00+00:00,10673.92
2026-03-10T13:00:00+00:00,10673.92
2026-03-10T13:00:00+00:00,10673.92
2026-03-10T13:00:00+00:00,10673.92
2026-03-10T13:15:00+00:00,10673.92
2026-03-10T13:15:00+00:00,10673.92
2026-03-10T13:15:00+00:00,10673.92
2026-03-10T13:30:00+00:00,10673.92
2026-03-10T13:30:00+00:00,10673.92
2026-03-10T13:30:00+00:00,10673.92
2026-03-10T13:45:00+00:00,10673.92
2026-03-10T13:45:00+00:00,10673.92
2026-03-10T13:45:00+00:00,10673.92
2026-03-10T14:00:00+00:00,10520.23
2026-03-10T14:00:00+00:00,10520.23
2026-03-10T14:00:00+00:00,10399.43
2026-03-10T14:15:00+00:00,10469.19
2026-03-10T14:15:00+00:00,10469.19
2026-03-10T14:15:00+00:00,10540.29
2026-03-10T14:30:00+00:00,10689.88
2026-03-10T14:30:00+00:00,10689.88
2026-03-10T14:30:00+00:00,10844.63
2026-03-10T14:45:00+00:00,11063.26
2026-03-10T14:45:00+00:00,11063.26
2026-03-10T14:45:00+00:00,11301.42
2026-03-10T15:00:00+00:00,11239.68
2026-03-10T15:00:00+00:00,11239.68
2026-03-10T15:00:00+00:00,11205.34
2026-03-10T15:15:00+00:00,11205.34
2026-03-10T15:15:00+00:00,11205.34
2026-03-10T15:15:00+00:00,11205.34
2026-03-10T15:30:00+00:00,11205.34
2026-03-10T15:30:00+00:00,11205.34
2026-03-10T15:30:00+00:00,11205.34
2026-03-10T15:45:00+00:00,11205.34
2026-03-10T15:45:00+00:00,11205.34
2026-03-10T15:45:00+00:00,11205.34
2026-03-10T16:00:00+00:00,11205.34
2026-03-10T16:00:00+00:00,11205.34
2026-03-10T16:00:00+00:00,11205.34
2026-03-10T16:15:00+00:00,11205.34
2026-03-10T16:15:00+00:00,11205.34
2026-03-10T16:15:00+00:00,11205.34
2026-03-10T16:30:00+00:00,11205.34
2026-03-10T16:30:00+00:00,11205.34
2026-03-10T16:30:00+00:00,11205.34
2026-03-10T16:45:00+00:00,11205.34
2026-03-10T16:45:00+00:00,11205.34
2026-03-10T16:45:00+00:00,11205.34
2026-03-10T17:00:00+00:00,11205.34
2026-03-10T17:00:00+00:00,11205.34
2026-03-10T17:00:00+00:00,11205.34
2026-03-10T17:15:00+00:00,11205.34
2026-03-10T17:15:00+00:00,11205.34
2026-03-10T17:15:00+00:00,11205.34
2026-03-10T17:30:00+00:00,11205.34
2026-03-10T17:30:00+00:00,11205.34
2026-03-10T17:30:00+00:00,11205.34
2026-03-10T17:45:00+00:00,11205.34
2026-03-10T17:45:00+00:00,11205.34
2026-03-10T17:45:00+00:00,11205.34
2026-03-10T18:00:00+00:00,11205.34
2026-03-10T18:00:00+00:00,11205.34
2026-03-10T18:00:00+00:00,11205.34
2026-03-10T18:15:00+00:00,11205.34
2026-03-10T18:15:00+00:00,11205.34
2026-03-10T18:15:00+00:00,11205.34
2026-03-10T18:30:00+00:00,11205.34
2026-03-10T18:30:00+00:00,11205.34
2026-03-10T18:30:00+00:00,11205.34
2026-03-10T18:45:00+00:00,11205.34
2026-03-10T18:45:00+00:00,11205.34
2026-03-10T18:45:00+00:00,11205.34
2026-03-10T19:00:00+00:00,11205.34
2026-03-10T19:00:00+00:00,11205.34
2026-03-10T19:00:00+00:00,11205.34
2026-03-10T19:15:00+00:00,11205.34
2026-03-10T19:15:00+00:00,11205.34
2026-03-10T19:15:00+00:00,11205.34
2026-03-10T19:30:00+00:00,11205.34
2026-03-10T19:30:00+00:00,11205.34
2026-03-10T19:30:00+00:00,11205.34
2026-03-10T19:45:00+00:00,11205.34
2026-03-10T19:45:00+00:00,11205.34
2026-03-10T19:45:00+00:00,11205.34
2026-03-10T20:00:00+00:00,11205.34
2026-03-10T20:00:00+00:00,11205.34
2026-03-10T20:00:00+00:00,11205.34
2026-03-10T20:15:00+00:00,11205.34
2026-03-10T20:15:00+00:00,11205.34
2026-03-10T20:15:00+00:00,11205.34
2026-03-10T20:30:00+00:00,11205.34
2026-03-10T20:30:00+00:00,11205.34
2026-03-10T20:30:00+00:00,11205.34
2026-03-10T20:45:00+00:00,11205.34
2026-03-10T20:45:00+00:00,11205.34
2026-03-10T20:45:00+00:00,11205.34
2026-03-10T21:00:00+00:00,11205.34
2026-03-10T21:00:00+00:00,11205.34
2026-03-10T21:00:00+00:00,11205.34
2026-03-10T21:15:00+00:00,11205.34
2026-03-10T21:15:00+00:00,11205.34
2026-03-10T21:15:00+00:00,11205.34
2026-03-10T21:30:00+00:00,11205.34
2026-03-10T21:30:00+00:00,11205.34
2026-03-10T21:30:00+00:00,11205.34
2026-03-10T21:45:00+00:00,11205.34
2026-03-10T21:45:00+00:00,11205.34
2026-03-10T21:45:00+00:00,11205.34
2026-03-10T22:00:00+00:00,11205.34
2026-03-10T22:00:00+00:00,11205.34
2026-03-10T22:00:00+00:00,11205.34
2026-03-10T22:15:00+00:00,11205.34
2026-03-10T22:15:00+00:00,11205.34
2026-03-10T22:15:00+00:00,11205.34
2026-03-10T22:30:00+00:00,11205.34
2026-03-10T22:30:00+00:00,11205.34
2026-03-10T22:30:00+00:00,11205.34
2026-03-10T22:45:00+00:00,11205.34
2026-03-10T22:45:00+00:00,11205.34
2026-03-10T22:45:00+00:00,11205.34
2026-03-10T23:00:00+00:00,11205.34
2026-03-10T23:00:00+00:00,11205.34
2026-03-10T23:00:00+00:00,11205.34
2026-03-10T23:15:00+00:00,11205.34
2026-03-10T23:15:00+00:00,11205.34
2026-03-10T23:15:00+00:00,11205.34
2026-03-10T23:30:00+00:00,11205.34
2026-03-10T23:30:00+00:00,11205.34
2026-03-10T23:30:00+00:00,11205.34
2026-03-10T23:45:00+00:00,11205.34
2026-03-10T23:45:00+00:00,11205.34
2026-03-10T23:45:00+00:00,11205.34
2026-03-11T00:00:00+00:00,11205.34
2026-03-11T00:00:00+00:00,11205.34
2026-03-11T00:00:00+00:00,11205.34
2026-03-11T00:15:00+00:00,11205.34
2026-03-11T00:15:00+00:00,11205.34
2026-03-11T00:15:00+00:00,11205.34
2026-03-11T00:30:00+00:00,11205.34
2026-03-11T00:30:00+00:00,11205.34
2026-03-11T00:30:00+00:00,11205.34
2026-03-11T00:45:00+00:00,11205.34
2026-03-11T00:45:00+00:00,11205.34
2026-03-11T00:45:00+00:00,11205.34
2026-03-11T01:00:00+00:00,11205.34
2026-03-11T01:00:00+00:00,11205.34
2026-03-11T01:00:00+00:00,11205.34
2026-03-11T01:15:00+00:00,11205.34
2026-03-11T01:15:00+00:00,11205.34
2026-03-11T01:15:00+00:00,11205.34
2026-03-11T01:30:00+00:00,11205.34
2026-03-11T01:30:00+00:00,11205.34
2026-03-11T01:30:00+00:00,11205.34
2026-03-11T01:45:00+00:00,11205.34
2026-03-11T01:45:00+00:00,11205.34
2026-03-11T01:45:00+00:00,11205.34
2026-03-11T02:00:00+00:00,11205.34
2026-03-11T02:00:00+00:00,11205.34
2026-03-11T02:00:00+00:00,11205.34
2026-03-11T02:15:00+00:00,11205.34
2026-03-11T02:15:00+00:00,11205.34
2026-03-11T02:15:00+00:00,11205.34
2026-03-11T02:30:00+00:00,11205.34
2026-03-11T02:30:00+00:00,11205.34
2026-03-11T02:30:00+00:00,11205.34
2026-03-11T02:45:00+00:00,11205.34
2026-03-11T02:45:00+00:00,11205.34
2026-03-11T02:45:00+00:00,11205.34
2026-03-11T03:00:00+00:00,11205.34
2026-03-11T03:00:00+00:00,11205.34
2026-03-11T03:00:00+00:00,11205.34
2026-03-11T03:15:00+00:00,11205.34
2026-03-11T03:15:00+00:00,11205.34
2026-03-11T03:15:00+00:00,11205.34
2026-03-11T03:30:00+00:00,11205.34
2026-03-11T03:30:00+00:00,11205.34
2026-03-11T03:30:00+00:00,11205.34
2026-03-11T03:45:00+00:00,11205.34
2026-03-11T03:45:00+00:00,11205.34
2026-03-11T03:45:00+00:00,11205.34
2026-03-11T04:00:00+00:00,11205.34
2026-03-11T04:00:00+00:00,11205.34
2026-03-11T04:00:00+00:00,11205.34
2026-03-11T04:15:00+00:00,11205.34
2026-03-11T04:15:00+00:00,11205.34
2026-03-11T04:15:00+00:00,11205.34
2026-03-11T04:30:00+00:00,11205.34
2026-03-11T04:30:00+00:00,11205.34
2026-03-11T04:30:00+00:00,11205.34
2026-03-11T04:45:00+00:00,11205.34
2026-03-11T04:45:00+00:00,11205.34
2026-03-11T04:45:00+00:00,11205.34
2026-03-11T05:00:00+00:00,11205.34
2026-03-11T05:00:00+00:00,11205.34
2026-03-11T05:00:00+00:00,11205.34
2026-03-11T05:15:00+00:00,11205.34
2026-03-11T05:15:00+00:00,11205.34
2026-03-11T05:15:00+00:00,11205.34
2026-03-11T05:30:00+00:00,11205.34
2026-03-11T05:30:00+00:00,11205.34
2026-03-11T05:30:00+00:00,11205.34
2026-03-11T05:45:00+00:00,11205.34
2026-03-11T05:45:00+00:00,11205.34
2026-03-11T05:45:00+00:00,11205.34
2026-03-11T06:00:00+00:00,11205.34
2026-03-11T06:00:00+00:00,11205.34
2026-03-11T06:00:00+00:00,11205.34
2026-03-11T06:15:00+00:00,11205.34
2026-03-11T06:15:00+00:00,11205.34
2026-03-11T06:15:00+00:00,11205.34
2026-03-11T06:30:00+00:00,11205.34
2026-03-11T06:30:00+00:00,11205.34
2026-03-11T06:30:00+00:00,11205.34
2026-03-11T06:45:00+00:00,11205.34
2026-03-11T06:45:00+00:00,11205.34
2026-03-11T06:45:00+00:00,11205.34
2026-03-11T07:00:00+00:00,11205.34
2026-03-11T07:00:00+00:00,11205.34
2026-03-11T07:00:00+00:00,11205.34
2026-03-11T07:15:00+00:00,11205.34
2026-03-11T07:15:00+00:00,11205.34
2026-03-11T07:15:00+00:00,11205.34
2026-03-11T07:30:00+00:00,11205.34
2026-03-11T07:30:00+00:00,11205.34
2026-03-11T07:30:00+00:00,11205.34
2026-03-11T07:45:00+00:00,11205.34
2026-03-11T07:45:00+00:00,11205.34
2026-03-11T07:45:00+00:00,11205.34
2026-03-11T08:00:00+00:00,11205.34
2026-03-11T08:00:00+00:00,11205.34
2026-03-11T08:00:00+00:00,11205.34
2026-03-11T08:15:00+00:00,11205.34
2026-03-11T08:15:00+00:00,11205.34
2026-03-11T08:15:00+00:00,11205.34
2026-03-11T08:30:00+00:00,11205.34
2026-03-11T08:30:00+00:00,11205.34
2026-03-11T08:30:00+00:00,11205.34
2026-03-11T08:45:00+00:00,11205.34
2026-03-11T08:45:00+00:00,11205.34
2026-03-11T08:45:00+00:00,11205.34
2026-03-11T09:00:00+00:00,11205.34
2026-03-11T09:00:00+00:00,11205.34
2026-03-11T09:00:00+00:00,11205.34
2026-03-11T09:15:00+00:00,11205.34
2026-03-11T09:15:00+00:00,11205.34
2026-03-11T09:15:00+00:00,11205.34
2026-03-11T09:30:00+00:00,11205.34
2026-03-11T09:30:00+00:00,11205.34
2026-03-11T09:30:00+00:00,11205.34
2026-03-11T09:45:00+00:00,11205.34
2026-03-11T09:45:00+00:00,11205.34
2026-03-11T09:45:00+00:00,11205.34
2026-03-11T10:00:00+00:00,11205.34
2026-03-11T10:00:00+00:00,11205.34
2026-03-11T10:00:00+00:00,11205.34
2026-03-11T10:15:00+00:00,11205.34
2026-03-11T10:15:00+00:00,11205.34
2026-03-11T10:15:00+00:00,11205.34
2026-03-11T10:30:00+00:00,11205.34
2026-03-11T10:30:00+00:00,11205.34
2026-03-11T10:30:00+00:00,11205.34
2026-03-11T10:45:00+00:00,11205.34
2026-03-11T10:45:00+00:00,11205.34
2026-03-11T10:45:00+00:00,11205.34
2026-03-11T11:00:00+00:00,11205.34
2026-03-11T11:00:00+00:00,11205.34
2026-03-11T11:00:00+00:00,11205.34
2026-03-11T11:15:00+00:00,11205.34
2026-03-11T11:15:00+00:00,11205.34
2026-03-11T11:15:00+00:00,11205.34
2026-03-11T11:30:00+00:00,11205.34
2026-03-11T11:30:00+00:00,11205.34
2026-03-11T11:30:00+00:00,11205.34
2026-03-11T11:45:00+00:00,11205.34
2026-03-11T11:45:00+00:00,11205.34
2026-03-11T11:45:00+00:00,11205.34
2026-03-11T12:00:00+00:00,11205.34
2026-03-11T12:00:00+00:00,11205.34
2026-03-11T12:00:00+00:00,11205.34
2026-03-11T12:15:00+00:00,11205.34
2026-03-11T12:15:00+00:00,11205.34
2026-03-11T12:15:00+00:00,11205.34
2026-03-11T12:30:00+00:00,11205.34
2026-03-11T12:30:00+00:00,11205.34
2026-03-11T12:30:00+00:00,11205.34
2026-03-11T12:45:00+00:00,11205.34
2026-03-11T12:45:00+00:00,11205.34
2026-03-11T12:45:00+00:00,11205.34
2026-03-11T13:00:00+00:00,11205.34
2026-03-11T13:00:00+00:00,11205.34
2026-03-11T13:00:00+00:00,11205.34
2026-03-11T13:15:00+00:00,11205.34
2026-03-11T13:15:00+00:00,11205.34
2026-03-11T13:15:00+00:00,11205.34
2026-03-11T13:30:00+00:00,11205.34
2026-03-11T13:30:00+00:00,11205.34
2026-03-11T13:30:00+00:00,11205.34
2026-03-11T13:45:00+00:00,11205.34
2026-03-11T13:45:00+00:00,11205.34
2026-03-11T13:45:00+00:00,11205.34
2026-03-11T14:00:00+00:00,11205.34
2026-03-11T14:00:00+00:00,11205.34
2026-03-11T14:00:00+00:00,11205.34
2026-03-11T14:15:00+00:00,11205.34
2026-03-11T14:15:00+00:00,11205.34
2026-03-11T14:15:00+00:00,11205.34
2026-03-11T14:30:00+00:00,11205.34
2026-03-11T14:30:00+00:00,11205.34
2026-03-11T14:30:00+00:00,11205.34
2026-03-11T14:45:00+00:00,11205.34
2026-03-11T14:45:00+00:00,11205.34
2026-03-11T14:45:00+00:00,11205.34
2026-03-11T15:00:00+00:00,11205.34
2026-03-11T15:00:00+00:00,11205.34
2026-03-11T15:00:00+00:00,11205.34
2026-03-11T15:15:00+00:00,11205.34
2026-03-11T15:15:00+00:00,11205.34
2026-03-11T15:15:00+00:00,11205.34
2026-03-11T15:30:00+00:00,11205.34
2026-03-11T15:30:00+00:00,11205.34
2026-03-11T15:30:00+00:00,11205.34
2026-03-11T15:45:00+00:00,11205.34
2026-03-11T15:45:00+00:00,11205.34
2026-03-11T15:45:00+00:00,11205.34
2026-03-11T16:00:00+00:00,11205.34
2026-03-11T16:00:00+00:00,11205.34
2026-03-11T16:00:00+00:00,11205.34
2026-03-11T16:15:00+00:00,11205.34
2026-03-11T16:15:00+00:00,11205.34
2026-03-11T16:15:00+00:00,11205.34
2026-03-11T16:30:00+00:00,11205.34
2026-03-11T16:30:00+00:00,11205.34
2026-03-11T16:30:00+00:00,11205.34
2026-03-11T16:45:00+00:00,11205.34
2026-03-11T16:45:00+00:00,11205.34
2026-03-11T16:45:00+00:00,11205.34
2026-03-11T17:00:00+00:00,11205.34
2026-03-11T17:00:00+00:00,11205.34
2026-03-11T17:00:00+00:00,11205.34
2026-03-11T17:15:00+00:00,11205.34
2026-03-11T17:15:00+00:00,11205.34
2026-03-11T17:15:00+00:00,11205.34
2026-03-11T17:30:00+00:00,11205.34
2026-03-11T17:30:00+00:00,11205.34
2026-03-11T17:30:00+00:00,11205.34
2026-03-11T17:45:00+00:00,11205.34
2026-03-11T17:45:00+00:00,11205.34
2026-03-11T17:45:00+00:00,11205.34
2026-03-11T18:00:00+00:00,11205.34
2026-03-11T18:00:00+00:00,11205.34
2026-03-11T18:00:00+00:00,11205.34
2026-03-11T18:15:00+00:00,11205.34
2026-03-11T18:15:00+00:00,11205.34
2026-03-11T18:15:00+00:00,11205.34
2026-03-11T18:30:00+00:00,11205.34
2026-03-11T18:30:00+00:00,11205.34
2026-03-11T18:30:00+00:00,11205.34
2026-03-11T18:45:00+00:00,11205.34
2026-03-11T18:45:00+00:00,11205.34
2026-03-11T18:45:00+00:00,11205.34
2026-03-11T19:00:00+00:00,11205.34
2026-03-11T19:00:00+00:00,11205.34
2026-03-11T19:00:00+00:00,11205.34
2026-03-11T19:15:00+00:00,11205.34
2026-03-11T19:15:00+00:00,11205.34
2026-03-11T19:15:00+00:00,11205.34
2026-03-11T19:30:00+00:00,11205.34
2026-03-11T19:30:00+00:00,11205.34
2026-03-11T19:30:00+00:00,11205.34
2026-03-11T19:45:00+00:00,11205.34
2026-03-11T19:45:00+00:00,11205.34
2026-03-11T19:45:00+00:00,11205.34
2026-03-11T20:00:00+00:00,11205.34
2026-03-11T20:00:00+00:00,11205.34
2026-03-11T20:00:00+00:00,11205.34
2026-03-11T20:15:00+00:00,11205.34
2026-03-11T20:15:00+00:00,11205.34
2026-03-11T20:15:00+00:00,11205.34
2026-03-11T20:30:00+00:00,11205.34
2026-03-11T20:30:00+00:00,11205.34
2026-03-11T20:30:00+00:00,11205.34
2026-03-11T20:45:00+00:00,11205.34
2026-03-11T20:45:00+00:00,11205.34
2026-03-11T20:45:00+00:00,11205.34
2026-03-11T21:00:00+00:00,11205.34
2026-03-11T21:00:00+00:00,11205.34
2026-03-11T21:00:00+00:00,11205.34
2026-03-11T21:15:00+00:00,11205.34
2026-03-11T21:15:00+00:00,11205.34
2026-03-11T21:15:00+00:00,11205.34
2026-03-11T21:30:00+00:00,11205.34
2026-03-11T21:30:00+00:00,11205.34
2026-03-11T21:30:00+00:00,11205.34
2026-03-11T21:45:00+00:00,11205.34
2026-03-11T21:45:00+00:00,11205.34
2026-03-11T21:45:00+00:00,11205.34
2026-03-11T22:00:00+00:00,11205.34
2026-03-11T22:00:00+00:00,11205.34
2026-03-11T22:00:00+00:00,11205.34
2026-03-11T22:15:00+00:00,11205.34
2026-03-11T22:15:00+00:00,11205.34
2026-03-11T22:15:00+00:00,11205.34
2026-03-11T22:30:00+00:00,11205.34
2026-03-11T22:30:00+00:00,11205.34
2026-03-11T22:30:00+00:00,11205.34
2026-03-11T22:45:00+00:00,11205.34
2026-03-11T22:45:00+00:00,11205.34
2026-03-11T22:45:00+00:00,11205.34
2026-03-11T23:00:00+00:00,11205.34
2026-03-11T23:00:00+00:00,11205.34
2026-03-11T23:00:00+00:00,11205.34
2026-03-11T23:15:00+00:00,11205.34
2026-03-11T23:15:00+00:00,11205.34
2026-03-11T23:15:00+00:00,11205.34
2026-03-11T23:30:00+00:00,11205.34
2026-03-11T23:30:00+00:00,11205.34
2026-03-11T23:30:00+00:00,11205.34
2026-03-11T23:45:00+00:00,11205.34
2026-03-11T23:45:00+00:00,11205.34
2026-03-11T23:45:00+00:00,11205.34
2026-03-12T00:00:00+00:00,11205.34
2026-03-12T00:00:00+00:00,11205.34
2026-03-12T00:00:00+00:00,11205.34
2026-03-12T00:15:00+00:00,11205.34
2026-03-12T00:15:00+00:00,11205.34
2026-03-12T00:15:00+00:00,11205.34
2026-03-12T00:30:00+00:00,11205.34
2026-03-12T00:30:00+00:00,11205.34
2026-03-12T00:30:00+00:00,11205.34
2026-03-12T00:45:00+00:00,11205.34
2026-03-12T00:45:00+00:00,11205.34
2026-03-12T00:45:00+00:00,11205.34
2026-03-12T01:00:00+00:00,11205.34
2026-03-12T01:00:00+00:00,11205.34
2026-03-12T01:00:00+00:00,11205.34
2026-03-12T01:15:00+00:00,11205.34
2026-03-12T01:15:00+00:00,11205.34
2026-03-12T01:15:00+00:00,11205.34
2026-03-12T01:30:00+00:00,11205.34
2026-03-12T01:30:00+00:00,11205.34
2026-03-12T01:30:00+00:00,11205.34
2026-03-12T01:45:00+00:00,11205.34
2026-03-12T01:45:00+00:00,11205.34
2026-03-12T01:45:00+00:00,11205.34
2026-03-12T02:00:00+00:00,11205.34
2026-03-12T02:00:00+00:00,11205.34
2026-03-12T02:00:00+00:00,11205.34
2026-03-12T02:15:00+00:00,11205.34
2026-03-12T02:15:00+00:00,11205.34
2026-03-12T02:15:00+00:00,11205.34
2026-03-12T02:30:00+00:00,11205.34
2026-03-12T02:30:00+00:00,11205.34
2026-03-12T02:30:00+00:00,11205.34
2026-03-12T02:45:00+00:00,11205.34
2026-03-12T02:45:00+00:00,11205.34
2026-03-12T02:45:00+00:00,11205.34
2026-03-12T03:00:00+00:00,11205.34
2026-03-12T03:00:00+00:00,11205.34
2026-03-12T03:00:00+00:00,11205.34
2026-03-12T03:15:00+00:00,11205.34
2026-03-12T03:15:00+00:00,11205.34
2026-03-12T03:15:00+00:00,11205.34
2026-03-12T03:30:00+00:00,11205.34
2026-03-12T03:30:00+00:00,11205.34
2026-03-12T03:30:00+00:00,11205.34
2026-03-12T03:45:00+00:00,11205.34
2026-03-12T03:45:00+00:00,11205.34
2026-03-12T03:45:00+00:00,11205.34
2026-03-12T04:00:00+00:00,11205.34
2026-03-12T04:00:00+00:00,11205.34
2026-03-12T04:00:00+00:00,11205.34
2026-03-12T04:15:00+00:00,11205.34
2026-03-12T04:15:00+00:00,11205.34
2026-03-12T04:15:00+00:00,11205.34
2026-03-12T04:30:00+00:00,11205.34
2026-03-12T04:30:00+00:00,11205.34
2026-03-12T04:30:00+00:00,11205.34
2026-03-12T04:45:00+00:00,11205.34
2026-03-12T04:45:00+00:00,11205.34
2026-03-12T04:45:00+00:00,11205.34
2026-03-12T05:00:00+00:00,11205.34
2026-03-12T05:00:00+00:00,11205.34
2026-03-12T05:00:00+00:00,11205.34
2026-03-12T05:15:00+00:00,11205.34
2026-03-12T05:15:00+00:00,11205.34
2026-03-12T05:15:00+00:00,11205.34
2026-03-12T05:30:00+00:00,11205.34
2026-03-12T05:30:00+00:00,11205.34
2026-03-12T05:30:00+00:00,11205.34
2026-03-12T05:45:00+00:00,11205.34
2026-03-12T05:45:00+00:00,11205.34
2026-03-12T05:45:00+00:00,11205.34
2026-03-12T06:00:00+00:00,11205.34
2026-03-12T06:00:00+00:00,11205.34
2026-03-12T06:00:00+00:00,11205.34
2026-03-12T06:15:00+00:00,11205.34
2026-03-12T06:15:00+00:00,11205.34
2026-03-12T06:15:00+00:00,11205.34
2026-03-12T06:30:00+00:00,11205.34
2026-03-12T06:30:00+00:00,11205.34
2026-03-12T06:30:00+00:00,11205.34
2026-03-12T06:45:00+00:00,11205.34
2026-03-12T06:45:00+00:00,11205.34
2026-03-12T06:45:00+00:00,11205.34
2026-03-12T07:00:00+00:00,11205.34
2026-03-12T07:00:00+00:00,11205.34
2026-03-12T07:00:00+00:00,11205.34
2026-03-12T07:15:00+00:00,11205.34
2026-03-12T07:15:00+00:00,11205.34
2026-03-12T07:15:00+00:00,11205.34
2026-03-12T07:30:00+00:00,11205.34
2026-03-12T07:30:00+00:00,11205.34
2026-03-12T07:30:00+00:00,11205.34
2026-03-12T07:45:00+00:00,11205.34
2026-03-12T07:45:00+00:00,11205.34
2026-03-12T07:45:00+00:00,11205.34
2026-03-12T08:00:00+00:00,11205.34
2026-03-12T08:00:00+00:00,11205.34
2026-03-12T08:00:00+00:00,11205.34
2026-03-12T08:15:00+00:00,11205.34
2026-03-12T08:15:00+00:00,11205.34
2026-03-12T08:15:00+00:00,11205.34
2026-03-12T08:30:00+00:00,11205.34
2026-03-12T08:30:00+00:00,11205.34
2026-03-12T08:30:00+00:00,11205.34
2026-03-12T08:45:00+00:00,11205.34
2026-03-12T08:45:00+00:00,11205.34
2026-03-12T08:45:00+00:00,11205.34
2026-03-12T09:00:00+00:00,11205.34
2026-03-12T09:00:00+00:00,11205.34
2026-03-12T09:00:00+00:00,11205.34
2026-03-12T09:15:00+00:00,11205.34
2026-03-12T09:15:00+00:00,11205.34
2026-03-12T09:15:00+00:00,11205.34
2026-03-12T09:30:00+00:00,11205.34
2026-03-12T09:30:00+00:00,11205.34
2026-03-12T09:30:00+00:00,11205.34
2026-03-12T09:45:00+00:00,11205.34
2026-03-12T09:45:00+00:00,11205.34
2026-03-12T09:45:00+00:00,11205.34
2026-03-12T10:00:00+00:00,11205.34
2026-03-12T10:00:00+00:00,11205.34
2026-03-12T10:00:00+00:00,11205.34
2026-03-12T10:15:00+00:00,11205.34
2026-03-12T10:15:00+00:00,11205.34
2026-03-12T10:15:00+00:00,11205.34
2026-03-12T10:30:00+00:00,11205.34
2026-03-12T10:30:00+00:00,11205.34
2026-03-12T10:30:00+00:00,11205.34
2026-03-12T10:45:00+00:00,11205.34
2026-03-12T10:45:00+00:00,11205.34
2026-03-12T10:45:00+00:00,11205.34
2026-03-12T11:00:00+00:00,11205.34
2026-03-12T11:00:00+00:00,11205.34
2026-03-12T11:00:00+00:00,11205.34
2026-03-12T11:15:00+00:00,11205.34
2026-03-12T11:15:00+00:00,11205.34
2026-03-12T11:15:00+00:00,11205.34
2026-03-12T11:30:00+00:00,11205.34
2026-03-12T11:30:00+00:00,11205.34
2026-03-12T11:30:00+00:00,11205.34
2026-03-12T11:45:00+00:00,11205.34
2026-03-12T11:45:00+00:00,11205.34
2026-03-12T11:45:00+00:00,11205.34
2026-03-12T12:00:00+00:00,11205.34
2026-03-12T12:00:00+00:00,11205.34
2026-03-12T12:00:00+00:00,11205.34
2026-03-12T12:15:00+00:00,11205.34
2026-03-12T12:15:00+00:00,11205.34
2026-03-12T12:15:00+00:00,11205.34
2026-03-12T12:30:00+00:00,11205.34
2026-03-12T12:30:00+00:00,11205.34
2026-03-12T12:30:00+00:00,11205.34
2026-03-12T12:45:00+00:00,11205.34
2026-03-12T12:45:00+00:00,11205.34
2026-03-12T12:45:00+00:00,11205.34
2026-03-12T13:00:00+00:00,11205.34
2026-03-12T13:00:00+00:00,11205.34
2026-03-12T13:00:00+00:00,11205.34
2026-03-12T13:15:00+00:00,11205.34
2026-03-12T13:15:00+00:00,11205.34
2026-03-12T13:15:00+00:00,11205.34
2026-03-12T13:30:00+00:00,11205.34
2026-03-12T13:30:00+00:00,11205.34
2026-03-12T13:30:00+00:00,11205.34
2026-03-12T13:45:00+00:00,11205.34
2026-03-12T13:45:00+00:00,11205.34
2026-03-12T13:45:00+00:00,11205.34
2026-03-12T14:00:00+00:00,11205.34
2026-03-12T14:00:00+00:00,11205.34
2026-03-12T14:00:00+00:00,11205.34
2026-03-12T14:15:00+00:00,11205.34
2026-03-12T14:15:00+00:00,11205.34
2026-03-12T14:15:00+00:00,11205.34
2026-03-12T14:30:00+00:00,11205.34
2026-03-12T14:30:00+00:00,11205.34
2026-03-12T14:30:00+00:00,11205.34
2026-03-12T14:45:00+00:00,11205.34
2026-03-12T14:45:00+00:00,11205.34
2026-03-12T14:45:00+00:00,11205.34
2026-03-12T15:00:00+00:00,11205.34
2026-03-12T15:00:00+00:00,11205.34
2026-03-12T15:00:00+00:00,11205.34
2026-03-12T15:15:00+00:00,11205.34
2026-03-12T15:15:00+00:00,11205.34
2026-03-12T15:15:00+00:00,11205.34
2026-03-12T15:30:00+00:00,11205.34
2026-03-12T15:30:00+00:00,11205.34
2026-03-12T15:30:00+00:00,11205.34
2026-03-12T15:45:00+00:00,11205.34
2026-03-12T15:45:00+00:00,11205.34
2026-03-12T15:45:00+00:00,11205.34
2026-03-12T16:00:00+00:00,11205.34
2026-03-12T16:00:00+00:00,11205.34
2026-03-12T16:00:00+00:00,11205.34
2026-03-12T16:15:00+00:00,11205.34
2026-03-12T16:15:00+00:00,11205.34
2026-03-12T16:15:00+00:00,11205.34
2026-03-12T16:30:00+00:00,11205.34
2026-03-12T16:30:00+00:00,11205.34
2026-03-12T16:30:00+00:00,11205.34
2026-03-12T16:45:00+00:00,11205.34
2026-03-12T16:45:00+00:00,11205.34
2026-03-12T16:45:00+00:00,11205.34
2026-03-12T17:00:00+00:00,11205.34
2026-03-12T17:00:00+00:00,11205.34
2026-03-12T17:00:00+00:00,11205.34
2026-03-12T17:15:00+00:00,11205.34
2026-03-12T17:15:00+00:00,11205.34
2026-03-12T17:15:00+00:00,11205.34
2026-03-12T17:30:00+00:00,11205.34
2026-03-12T17:30:00+00:00,11205.34
2026-03-12T17:30:00+00:00,11205.34
2026-03-12T17:45:00+00:00,11205.34
2026-03-12T17:45:00+00:00,11205.34
2026-03-12T17:45:00+00:00,11205.34
2026-03-12T18:00:00+00:00,11205.34
2026-03-12T18:00:00+00:00,11205.34
2026-03-12T18:00:00+00:00,11205.34
2026-03-12T18:15:00+00:00,11205.34
2026-03-12T18:15:00+00:00,11205.34
2026-03-12T18:15:00+00:00,11205.34
2026-03-12T18:30:00+00:00,11205.34
2026-03-12T18:30:00+00:00,11205.34
2026-03-12T18:30:00+00:00,11205.34
2026-03-12T18:45:00+00:00,11205.34
2026-03-12T18:45:00+00:00,11205.34
2026-03-12T18:45:00+00:00,11205.34
2026-03-12T19:00:00+00:00,11205.34
2026-03-12T19:00:00+00:00,11205.34
2026-03-12T19:00:00+00:00,11205.34
2026-03-12T19:15:00+00:00,11205.34
2026-03-12T19:15:00+00:00,11205.34
2026-03-12T19:15:00+00:00,11205.34
2026-03-12T19:30:00+00:00,11205.34
2026-03-12T19:30:00+00:00,11205.34
2026-03-12T19:30:00+00:00,11205.34
2026-03-12T19:45:00+00:00,11205.34
2026-03-12T19:45:00+00:00,11205.34
2026-03-12T19:45:00+00:00,11205.34
2026-03-12T20:00:00+00:00,11205.34
2026-03-12T20:00:00+00:00,11205.34
2026-03-12T20:00:00+00:00,11205.34
2026-03-12T20:15:00+00:00,11205.34
2026-03-12T20:15:00+00:00,11205.34
2026-03-12T20:15:00+00:00,11205.34
2026-03-12T20:30:00+00:00,11205.34
2026-03-12T20:30:00+00:00,11205.34
2026-03-12T20:30:00+00:00,11205.34
2026-03-12T20:45:00+00:00,11205.34
2026-03-12T20:45:00+00:00,11205.34
2026-03-12T20:45:00+00:00,11205.34
2026-03-12T21:00:00+00:00,11205.34
2026-03-12T21:00:00+00:00,11205.34
2026-03-12T21:00:00+00:00,11205.34
2026-03-12T21:15:00+00:00,11205.34
2026-03-12T21:15:00+00:00,11205.34
2026-03-12T21:15:00+00:00,11205.34
2026-03-12T21:30:00+00:00,11205.34
2026-03-12T21:30:00+00:00,11205.34
2026-03-12T21:30:00+00:00,11205.34
2026-03-12T21:45:00+00:00,11205.34
2026-03-12T21:45:00+00:00,11205.34
2026-03-12T21:45:00+00:00,11205.34
2026-03-12T22:00:00+00:00,11205.34
2026-03-12T22:00:00+00:00,11205.34
2026-03-12T22:00:00+00:00,11205.34
2026-03-12T22:15:00+00:00,11205.34
2026-03-12T22:15:00+00:00,11205.34
2026-03-12T22:15:00+00:00,11205.34
2026-03-12T22:30:00+00:00,11205.34
2026-03-12T22:30:00+00:00,11205.34
2026-03-12T22:30:00+00:00,11205.34
2026-03-12T22:45:00+00:00,11205.34
2026-03-12T22:45:00+00:00,11205.34
2026-03-12T22:45:00+00:00,11205.34
2026-03-12T23:00:00+00:00,11205.34
2026-03-12T23:00:00+00:00,11205.34
2026-03-12T23:00:00+00:00,11205.34
2026-03-12T23:15:00+00:00,11205.34
2026-03-12T23:15:00+00:00,11205.34
2026-03-12T23:15:00+00:00,11205.34
2026-03-12T23:30:00+00:00,11205.34
2026-03-12T23:30:00+00:00,11205.34
2026-03-12T23:30:00+00:00,11205.34
2026-03-12T23:45:00+00:00,11205.34
2026-03-12T23:45:00+00:00,11205.34
2026-03-12T23:45:00+00:00,11205.34
2026-03-13T00:00:00+00:00,11205.34
2026-03-13T00:00:00+00:00,11205.34
2026-03-13T00:00:00+00:00,11205.34
2026-03-13T00:15:00+00:00,11205.34
2026-03-13T00:15:00+00:00,11205.34
2026-03-13T00:15:00+00:00,11205.34
2026-03-13T00:30:00+00:00,11205.34
2026-03-13T00:30:00+00:00,11205.34
2026-03-13T00:30:00+00:00,11205.34
2026-03-13T00:45:00+00:00,11205.34
2026-03-13T00:45:00+00:00,11205.34
2026-03-13T00:45:00+00:00,11205.34
2026-03-13T01:00:00+00:00,11205.34
2026-03-13T01:00:00+00:00,11205.34
2026-03-13T01:00:00+00:00,11205.34
2026-03-13T01:15:00+00:00,11205.34
2026-03-13T01:15:00+00:00,11205.34
2026-03-13T01:15:00+00:00,11205.34
2026-03-13T01:30:00+00:00,11205.34
2026-03-13T01:30:00+00:00,11205.34
2026-03-13T01:30:00+00:00,11205.34
2026-03-13T01:45:00+00:00,11205.34
2026-03-13T01:45:00+00:00,11205.34
2026-03-13T01:45:00+00:00,11205.34
2026-03-13T02:00:00+00:00,11205.34
2026-03-13T02:00:00+00:00,11205.34
2026-03-13T02:00:00+00:00,11205.34
2026-03-13T02:15:00+00:00,11205.34
2026-03-13T02:15:00+00:00,11205.34
2026-03-13T02:15:00+00:00,11205.34
2026-03-13T02:30:00+00:00,11205.34
2026-03-13T02:30:00+00:00,11205.34
2026-03-13T02:30:00+00:00,11205.34
2026-03-13T02:45:00+00:00,11205.34
2026-03-13T02:45:00+00:00,11205.34
2026-03-13T02:45:00+00:00,11205.34
2026-03-13T03:00:00+00:00,11205.34
2026-03-13T03:00:00+00:00,11205.34
2026-03-13T03:00:00+00:00,11205.34
2026-03-13T03:15:00+00:00,11205.34
2026-03-13T03:15:00+00:00,11205.34
2026-03-13T03:15:00+00:00,11205.34
2026-03-13T03:30:00+00:00,11205.34
2026-03-13T03:30:00+00:00,11205.34
2026-03-13T03:30:00+00:00,11205.34
2026-03-13T03:45:00+00:00,11205.34
2026-03-13T03:45:00+00:00,11205.34
2026-03-13T03:45:00+00:00,11205.34
2026-03-13T04:00:00+00:00,11205.34
2026-03-13T04:00:00+00:00,11205.34
2026-03-13T04:00:00+00:00,11205.34
2026-03-13T04:15:00+00:00,11205.34
2026-03-13T04:15:00+00:00,11205.34
2026-03-13T04:15:00+00:00,11205.34
2026-03-13T04:30:00+00:00,11205.34
2026-03-13T04:30:00+00:00,11205.34
2026-03-13T04:30:00+00:00,11205.34
2026-03-13T04:45:00+00:00,11205.34
2026-03-13T04:45:00+00:00,11205.34
2026-03-13T04:45:00+00:00,11205.34
2026-03-13T05:00:00+00:00,11205.34
2026-03-13T05:00:00+00:00,11205.34
2026-03-13T05:00:00+00:00,11205.34
2026-03-13T05:15:00+00:00,11205.34
2026-03-13T05:15:00+00:00,11205.34
2026-03-13T05:15:00+00:00,11205.34
2026-03-13T05:30:00+00:00,11205.34
2026-03-13T05:30:00+00:00,11205.34
2026-03-13T05:30:00+00:00,11205.34
2026-03-13T05:45:00+00:00,11205.34
2026-03-13T05:45:00+00:00,11205.34
2026-03-13T05:45:00+00:00,11205.34
2026-03-13T06:00:00+00:00,11205.34
2026-03-13T06:00:00+00:00,11205.34
2026-03-13T06:00:00+00:00,11205.34
2026-03-13T06:15:00+00:00,11205.34
2026-03-13T06:15:00+00:00,11205.34
2026-03-13T06:15:00+00:00,11205.34
2026-03-13T06:30:00+00:00,11205.34
2026-03-13T06:30:00+00:00,11205.34
2026-03-13T06:30:00+00:00,11205.34
2026-03-13T06:45:00+00:00,11205.34
2026-03-13T06:45:00+00:00,11205.34
2026-03-13T06:45:00+00:00,11205.34
2026-03-13T07:00:00+00:00,11205.34
2026-03-13T07:00:00+00:00,11205.34
2026-03-13T07:00:00+00:00,11205.34
2026-03-13T07:15:00+00:00,11205.34
2026-03-13T07:15:00+00:00,11205.34
2026-03-13T07:15:00+00:00,11205.34
2026-03-13T07:30:00+00:00,11205.34
2026-03-13T07:30:00+00:00,11205.34
2026-03-13T07:30:00+00:00,11205.34
2026-03-13T07:45:00+00:00,11205.34
2026-03-13T07:45:00+00:00,11205.34
2026-03-13T07:45:00+00:00,11205.34
2026-03-13T08:00:00+00:00,11205.34
2026-03-13T08:00:00+00:00,11205.34
2026-03-13T08:00:00+00:00,11205.34
2026-03-13T08:15:00+00:00,11205.34
2026-03-13T08:15:00+00:00,11205.34
2026-03-13T08:15:00+00:00,11205.34
2026-03-13T08:30:00+00:00,11205.34
2026-03-13T08:30:00+00:00,11205.34
2026-03-13T08:30:00+00:00,11205.34
2026-03-13T08:45:00+00:00,11205.34
2026-03-13T08:45:00+00:00,11205.34
2026-03-13T08:45:00+00:00,11205.34
2026-03-13T09:00:00+00:00,11205.34
2026-03-13T09:00:00+00:00,11205.34
2026-03-13T09:00:00+00:00,11205.34
2026-03-13T09:15:00+00:00,11205.34
2026-03-13T09:15:00+00:00,11205.34
2026-03-13T09:15:00+00:00,11205.34
2026-03-13T09:30:00+00:00,11205.34
2026-03-13T09:30:00+00:00,11205.34
2026-03-13T09:30:00+00:00,11205.34
2026-03-13T09:45:00+00:00,11205.34
2026-03-13T09:45:00+00:00,11205.34
2026-03-13T09:45:00+00:00,11205.34
2026-03-13T10:00:00+00:00,11205.34
2026-03-13T10:00:00+00:00,11205.34
2026-03-13T10:00:00+00:00,11205.34
2026-03-13T10:15:00+00:00,11205.34
2026-03-13T10:15:00+00:00,11205.34
2026-03-13T10:15:00+00:00,11205.34
2026-03-13T10:30:00+00:00,11205.34
2026-03-13T10:30:00+00:00,11205.34
2026-03-13T10:30:00+00:00,11205.34
2026-03-13T10:45:00+00:00,11205.34
2026-03-13T10:45:00+00:00,11205.34
2026-03-13T10:45:00+00:00,11205.34
2026-03-13T11:00:00+00:00,11205.34
2026-03-13T11:00:00+00:00,11205.34
2026-03-13T11:00:00+00:00,11205.34
2026-03-13T11:15:00+00:00,11205.34
2026-03-13T11:15:00+00:00,11205.34
2026-03-13T11:15:00+00:00,11205.34
2026-03-13T11:30:00+00:00,11205.34
2026-03-13T11:30:00+00:00,11205.34
2026-03-13T11:30:00+00:00,11205.34
2026-03-13T11:45:00+00:00,11205.34
2026-03-13T11:45:00+00:00,11205.34
2026-03-13T11:45:00+00:00,11205.34
2026-03-13T12:00:00+00:00,11205.34
2026-03-13T12:00:00+00:00,11205.34
2026-03-13T12:00:00+00:00,11205.34
2026-03-13T12:15:00+00:00,11205.34
2026-03-13T12:15:00+00:00,11205.34
2026-03-13T12:15:00+00:00,11205.34
2026-03-13T12:30:00+00:00,11205.34
2026-03-13T12:30:00+00:00,11205.34
2026-03-13T12:30:00+00:00,11205.34
2026-03-13T12:45:00+00:00,11205.34
2026-03-13T12:45:00+00:00,11205.34
2026-03-13T12:45:00+00:00,11205.34
2026-03-13T13:00:00+00:00,11205.34
2026-03-13T13:00:00+00:00,11205.34
2026-03-13T13:00:00+00:00,11205.34
2026-03-13T13:15:00+00:00,11205.34
2026-03-13T13:15:00+00:00,11205.34
2026-03-13T13:15:00+00:00,11205.34
2026-03-13T13:30:00+00:00,11205.34
2026-03-13T13:30:00+00:00,11205.34
2026-03-13T13:30:00+00:00,11205.34
2026-03-13T13:45:00+00:00,11205.34
2026-03-13T13:45:00+00:00,11205.34
2026-03-13T13:45:00+00:00,11205.34
2026-03-13T14:00:00+00:00,11205.34
2026-03-13T14:00:00+00:00,11205.34
2026-03-13T14:00:00+00:00,11205.34
2026-03-13T14:15:00+00:00,11205.34
2026-03-13T14:15:00+00:00,11205.34
2026-03-13T14:15:00+00:00,11205.34
2026-03-13T14:30:00+00:00,11205.34
2026-03-13T14:30:00+00:00,11205.34
2026-03-13T14:30:00+00:00,11205.34
2026-03-13T14:45:00+00:00,11205.34
2026-03-13T14:45:00+00:00,11205.34
2026-03-13T14:45:00+00:00,11205.34
2026-03-13T15:00:00+00:00,11205.34
2026-03-13T15:00:00+00:00,11205.34
2026-03-13T15:00:00+00:00,11205.34
2026-03-13T15:15:00+00:00,11205.34
2026-03-13T15:15:00+00:00,11205.34
2026-03-13T15:15:00+00:00,11205.34
2026-03-13T15:30:00+00:00,11205.34
2026-03-13T15:30:00+00:00,11205.34
2026-03-13T15:30:00+00:00,11205.34
2026-03-13T15:45:00+00:00,11205.34
2026-03-13T15:45:00+00:00,11205.34
2026-03-13T15:45:00+00:00,11205.34
2026-03-13T16:00:00+00:00,11205.34
2026-03-13T16:00:00+00:00,11205.34
2026-03-13T16:00:00+00:00,11205.34
2026-03-13T16:15:00+00:00,11205.34
2026-03-13T16:15:00+00:00,11205.34
2026-03-13T16:15:00+00:00,11205.34
2026-03-13T16:30:00+00:00,11205.34
2026-03-13T16:30:00+00:00,11205.34
2026-03-13T16:30:00+00:00,11205.34
2026-03-13T16:45:00+00:00,11205.34
2026-03-13T16:45:00+00:00,11205.34
2026-03-13T16:45:00+00:00,11205.34
2026-03-13T17:00:00+00:00,11205.34
2026-03-13T17:00:00+00:00,11205.34
2026-03-13T17:00:00+00:00,11205.34
2026-03-13T17:15:00+00:00,11205.34
2026-03-13T17:15:00+00:00,11205.34
2026-03-13T17:15:00+00:00,11205.34
2026-03-13T17:30:00+00:00,11205.34
2026-03-13T17:30:00+00:00,11205.34
2026-03-13T17:30:00+00:00,11205.34
2026-03-13T17:45:00+00:00,11205.34
2026-03-13T17:45:00+00:00,11205.34
2026-03-13T17:45:00+00:00,11205.34
2026-03-13T18:00:00+00:00,11205.34
2026-03-13T18:00:00+00:00,11205.34
2026-03-13T18:00:00+00:00,11205.34
2026-03-13T18:15:00+00:00,11205.34
2026-03-13T18:15:00+00:00,11205.34
2026-03-13T18:15:00+00:00,11205.34
2026-03-13T18:30:00+00:00,11205.34
2026-03-13T18:30:00+00:00,11205.34
2026-03-13T18:30:00+00:00,11205.34
2026-03-13T18:45:00+00:00,11205.34
2026-03-13T18:45:00+00:00,11205.34
2026-03-13T18:45:00+00:00,11205.34
2026-03-13T19:00:00+00:00,11205.34
2026-03-13T19:00:00+00:00,11205.34
2026-03-13T19:00:00+00:00,11205.34
2026-03-13T19:15:00+00:00,11205.34
2026-03-13T19:15:00+00:00,11205.34
2026-03-13T19:15:00+00:00,11205.34
2026-03-13T19:30:00+00:00,11205.34
2026-03-13T19:30:00+00:00,11205.34
2026-03-13T19:30:00+00:00,11205.34
2026-03-13T19:45:00+00:00,11205.34
2026-03-13T19:45:00+00:00,11205.34
2026-03-13T19:45:00+00:00,11205.34
2026-03-13T20:00:00+00:00,11205.34
2026-03-13T20:00:00+00:00,11205.34
2026-03-13T20:00:00+00:00,11205.34
2026-03-13T20:15:00+00:00,11205.34
2026-03-13T20:15:00+00:00,11205.34
2026-03-13T20:15:00+00:00,11205.34
2026-03-13T20:30:00+00:00,11205.34
2026-03-13T20:30:00+00:00,11205.34
2026-03-13T20:30:00+00:00,11205.34
2026-03-13T20:45:00+00:00,11205.34
2026-03-13T20:45:00+00:00,11205.34
2026-03-13T20:45:00+00:00,11205.34
2026-03-13T21:00:00+00:00,11205.34
2026-03-13T21:00:00+00:00,11205.34
2026-03-13T21:00:00+00:00,11205.34
2026-03-13T21:15:00+00:00,11205.34
2026-03-13T21:15:00+00:00,11205.34
2026-03-13T21:15:00+00:00,11205.34
2026-03-13T21:30:00+00:00,11205.34
2026-03-13T21:30:00+00:00,11205.34
2026-03-13T21:30:00+00:00,11205.34
2026-03-13T21:45:00+00:00,11205.34
2026-03-13T21:45:00+00:00,11205.34
2026-03-13T21:45:00+00:00,11205.34
2026-03-13T22:00:00+00:00,11205.34
2026-03-13T22:00:00+00:00,11205.34
2026-03-13T22:00:00+00:00,11205.34
2026-03-13T22:15:00+00:00,11205.34
2026-03-13T22:15:00+00:00,11205.34
2026-03-13T22:15:00+00:00,11205.34
2026-03-13T22:30:00+00:00,11205.34
2026-03-13T22:30:00+00:00,11205.34
2026-03-13T22:30:00+00:00,11205.34
2026-03-13T22:45:00+00:00,11205.34
2026-03-13T22:45:00+00:00,11205.34
2026-03-13T22:45:00+00:00,11205.34
2026-03-13T23:00:00+00:00,11205.34
2026-03-13T23:00:00+00:00,11205.34
2026-03-13T23:00:00+00:00,11205.34
2026-03-13T23:15:00+00:00,11205.34
2026-03-13T23:15:00+00:00,11205.34
2026-03-13T23:15:00+00:00,11205.34
2026-03-13T23:30:00+00:00,11205.34
2026-03-13T23:30:00+00:00,11205.34
2026-03-13T23:30:00+00:00,11205.34
2026-03-13T23:45:00+00:00,11205.34
2026-03-13T23:45:00+00:00,11205.34
2026-03-13T23:45:00+00:00,11205.34
2026-03-14T00:00:00+00:00,11205.34
2026-03-14T00:00:00+00:00,11205.34
2026-03-14T00:00:00+00:00,11205.34
2026-03-14T00:15:00+00:00,11205.34
2026-03-14T00:15:00+00:00,11205.34
2026-03-14T00:15:00+00:00,11205.34
2026-03-14T00:30:00+00:00,11205.34
2026-03-14T00:30:00+00:00,11205.34
2026-03-14T00:30:00+00:00,11205.34
2026-03-14T00:45:00+00:00,11205.34
2026-03-14T00:45:00+00:00,11205.34
2026-03-14T00:45:00+00:00,11205.34
2026-03-14T01:00:00+00:00,11205.34
2026-03-14T01:00:00+00:00,11205.34
2026-03-14T01:00:00+00:00,11205.34
2026-03-14T01:15:00+00:00,11205.34
2026-03-14T01:15:00+00:00,11205.34
2026-03-14T01:15:00+00:00,11205.34
2026-03-14T01:30:00+00:00,11205.34
2026-03-14T01:30:00+00:00,11205.34
2026-03-14T01:30:00+00:00,11205.34
2026-03-14T01:45:00+00:00,11205.34
2026-03-14T01:45:00+00:00,11205.34
2026-03-14T01:45:00+00:00,11205.34
2026-03-14T02:00:00+00:00,11205.34
2026-03-14T02:00:00+00:00,11205.34
2026-03-14T02:00:00+00:00,11205.34
2026-03-14T02:15:00+00:00,11205.34
2026-03-14T02:15:00+00:00,11205.34
2026-03-14T02:15:00+00:00,11205.34
2026-03-14T02:30:00+00:00,11205.34
2026-03-14T02:30:00+00:00,11205.34
2026-03-14T02:30:00+00:00,11205.34
2026-03-14T02:45:00+00:00,11205.34
2026-03-14T02:45:00+00:00,11205.34
2026-03-14T02:45:00+00:00,11205.34
2026-03-14T03:00:00+00:00,11205.34
2026-03-14T03:00:00+00:00,11205.34
2026-03-14T03:00:00+00:00,11205.34
2026-03-14T03:15:00+00:00,11205.34
2026-03-14T03:15:00+00:00,11205.34
2026-03-14T03:15:00+00:00,11205.34
2026-03-14T03:30:00+00:00,11205.34
2026-03-14T03:30:00+00:00,11205.34
2026-03-14T03:30:00+00:00,11205.34
2026-03-14T03:45:00+00:00,11205.34
2026-03-14T03:45:00+00:00,11205.34
2026-03-14T03:45:00+00:00,11205.34
2026-03-14T04:00:00+00:00,11205.34
2026-03-14T04:00:00+00:00,11205.34
2026-03-14T04:00:00+00:00,11205.34
2026-03-14T04:15:00+00:00,11205.34
2026-03-14T04:15:00+00:00,11205.34
2026-03-14T04:15:00+00:00,11205.34
2026-03-14T04:30:00+00:00,11205.34
2026-03-14T04:30:00+00:00,11205.34
2026-03-14T04:30:00+00:00,11205.34
2026-03-14T04:45:00+00:00,11205.34
2026-03-14T04:45:00+00:00,11205.34
2026-03-14T04:45:00+00:00,11205.34
2026-03-14T05:00:00+00:00,11205.34
2026-03-14T05:00:00+00:00,11205.34
2026-03-14T05:00:00+00:00,11205.34
2026-03-14T05:15:00+00:00,11205.34
2026-03-14T05:15:00+00:00,11205.34
2026-03-14T05:15:00+00:00,11205.34
2026-03-14T05:30:00+00:00,11205.34
2026-03-14T05:30:00+00:00,11205.34
2026-03-14T05:30:00+00:00,11205.34
2026-03-14T05:45:00+00:00,11205.34
2026-03-14T05:45:00+00:00,11205.34
2026-03-14T05:45:00+00:00,11205.34
2026-03-14T06:00:00+00:00,11205.34
2026-03-14T06:00:00+00:00,11205.34
2026-03-14T06:00:00+00:00,11205.34
2026-03-14T06:15:00+00:00,11205.34
2026-03-14T06:15:00+00:00,11205.34
2026-03-14T06:15:00+00:00,11205.34
2026-03-14T06:30:00+00:00,11205.34
2026-03-14T06:30:00+00:00,11205.34
2026-03-14T06:30:00+00:00,11205.34
2026-03-14T06:45:00+00:00,11205.34
2026-03-14T06:45:00+00:00,11205.34
2026-03-14T06:45:00+00:00,11205.34
2026-03-14T07:00:00+00:00,11205.34
2026-03-14T07:00:00+00:00,11205.34
2026-03-14T07:00:00+00:00,11205.34
2026-03-14T07:15:00+00:00,11205.34
2026-03-14T07:15:00+00:00,11205.34
2026-03-14T07:15:00+00:00,11205.34
2026-03-14T07:30:00+00:00,11205.34
2026-03-14T07:30:00+00:00,11205.34
2026-03-14T07:30:00+00:00,11205.34
2026-03-14T07:45:00+00:00,11205.34
2026-03-14T07:45:00+00:00,11205.34
2026-03-14T07:45:00+00:00,11205.34
2026-03-14T08:00:00+00:00,11205.34
2026-03-14T08:00:00+00:00,11205.34
2026-03-14T08:00:00+00:00,11205.34
2026-03-14T08:15:00+00:00,11205.34
2026-03-14T08:15:00+00:00,11205.34
2026-03-14T08:15:00+00:00,11205.34
2026-03-14T08:30:00+00:00,11205.34
2026-03-14T08:30:00+00:00,11205.34
2026-03-14T08:30:00+00:00,11205.34
2026-03-14T08:45:00+00:00,11205.34
2026-03-14T08:45:00+00:00,11205.34
2026-03-14T08:45:00+00:00,11205.34
2026-03-14T09:00:00+00:00,11205.34
2026-03-14T09:00:00+00:00,11205.34
2026-03-14T09:00:00+00:00,11205.34
2026-03-14T09:15:00+00:00,11205.34
2026-03-14T09:15:00+00:00,11205.34
2026-03-14T09:15:00+00:00,11205.34
2026-03-14T09:30:00+00:00,11205.34
2026-03-14T09:30:00+00:00,11205.34
2026-03-14T09:30:00+00:00,11205.34
2026-03-14T09:45:00+00:00,11205.34
2026-03-14T09:45:00+00:00,11205.34
2026-03-14T09:45:00+00:00,11205.34
2026-03-14T10:00:00+00:00,11205.34
2026-03-14T10:00:00+00:00,11205.34
2026-03-14T10:00:00+00:00,11205.34
2026-03-14T10:15:00+00:00,11205.34
2026-03-14T10:15:00+00:00,11205.34
2026-03-14T10:15:00+00:00,11205.34
2026-03-14T10:30:00+00:00,11205.34
2026-03-14T10:30:00+00:00,11205.34
2026-03-14T10:30:00+00:00,11205.34
2026-03-14T10:45:00+00:00,11205.34
2026-03-14T10:45:00+00:00,11205.34
2026-03-14T10:45:00+00:00,11205.34
2026-03-14T11:00:00+00:00,11205.34
2026-03-14T11:00:00+00:00,11205.34
2026-03-14T11:00:00+00:00,11205.34
2026-03-14T11:15:00+00:00,11205.34
2026-03-14T11:15:00+00:00,11205.34
2026-03-14T11:15:00+00:00,11205.34
2026-03-14T11:30:00+00:00,11205.34
2026-03-14T11:30:00+00:00,11205.34
2026-03-14T11:30:00+00:00,11205.34
2026-03-14T11:45:00+00:00,11205.34
2026-03-14T11:45:00+00:00,11205.34
2026-03-14T11:45:00+00:00,11205.34
2026-03-14T12:00:00+00:00,11205.34
2026-03-14T12:00:00+00:00,11205.34
2026-03-14T12:00:00+00:00,11205.34
2026-03-14T12:15:00+00:00,11205.34
2026-03-14T12:15:00+00:00,11205.34
2026-03-14T12:15:00+00:00,11205.34
2026-03-14T12:30:00+00:00,11205.34
2026-03-14T12:30:00+00:00,11205.34
2026-03-14T12:30:00+00:00,11205.34
2026-03-14T12:45:00+00:00,11205.34
2026-03-14T12:45:00+00:00,11205.34
2026-03-14T12:45:00+00:00,11205.34
2026-03-14T13:00:00+00:00,11205.34
2026-03-14T13:00:00+00:00,11205.34
2026-03-14T13:00:00+00:00,11205.34
2026-03-14T13:15:00+00:00,11205.34
2026-03-14T13:15:00+00:00,11205.34
2026-03-14T13:15:00+00:00,11205.34
2026-03-14T13:30:00+00:00,11205.34
2026-03-14T13:30:00+00:00,11205.34
2026-03-14T13:30:00+00:00,11205.34
2026-03-14T13:45:00+00:00,11205.34
2026-03-14T13:45:00+00:00,11205.34
2026-03-14T13:45:00+00:00,11205.34
2026-03-14T14:00:00+00:00,11205.34
2026-03-14T14:00:00+00:00,11205.34
2026-03-14T14:00:00+00:00,11205.34
2026-03-14T14:15:00+00:00,11205.34
2026-03-14T14:15:00+00:00,11205.34
2026-03-14T14:15:00+00:00,11205.34
2026-03-14T14:30:00+00:00,11205.34
2026-03-14T14:30:00+00:00,11205.34
2026-03-14T14:30:00+00:00,11205.34
2026-03-14T14:45:00+00:00,11205.34
2026-03-14T14:45:00+00:00,11205.34
2026-03-14T14:45:00+00:00,11205.34
2026-03-14T15:00:00+00:00,11205.34
2026-03-14T15:00:00+00:00,11205.34
2026-03-14T15:00:00+00:00,11205.34
2026-03-14T15:15:00+00:00,11205.34
2026-03-14T15:15:00+00:00,11205.34
2026-03-14T15:15:00+00:00,11205.34
2026-03-14T15:30:00+00:00,11205.34
2026-03-14T15:30:00+00:00,11205.34
2026-03-14T15:30:00+00:00,11205.34
2026-03-14T15:45:00+00:00,11205.34
2026-03-14T15:45:00+00:00,11205.34
2026-03-14T15:45:00+00:00,11205.34
2026-03-14T16:00:00+00:00,11205.34
2026-03-14T16:00:00+00:00,11205.34
2026-03-14T16:00:00+00:00,11205.34
2026-03-14T16:15:00+00:00,11205.34
2026-03-14T16:15:00+00:00,11205.34
2026-03-14T16:15:00+00:00,11205.34
2026-03-14T16:30:00+00:00,11205.34
2026-03-14T16:30:00+00:00,11205.34
2026-03-14T16:30:00+00:00,11205.34
2026-03-14T16:45:00+00:00,11205.34
2026-03-14T16:45:00+00:00,11205.34
2026-03-14T16:45:00+00:00,11205.34
2026-03-14T17:00:00+00:00,11205.34
2026-03-14T17:00:00+00:00,11205.34
2026-03-14T17:00:00+00:00,11205.34
2026-03-14T17:15:00+00:00,11205.34
2026-03-14T17:15:00+00:00,11205.34
2026-03-14T17:15:00+00:00,11205.34
2026-03-14T17:30:00+00:00,11205.34
2026-03-14T17:30:00+00:00,11205.34
2026-03-14T17:30:00+00:00,11205.34
2026-03-14T17:45:00+00:00,11205.34
2026-03-14T17:45:00+00:00,11205.34
2026-03-14T17:45:00+00:00,11205.34
2026-03-14T18:00:00+00:00,11205.34
2026-03-14T18:00:00+00:00,11205.34
2026-03-14T18:00:00+00:00,11205.34
2026-03-14T18:15:00+00:00,11205.34
2026-03-14T18:15:00+00:00,11205.34
2026-03-14T18:15:00+00:00,11205.34
2026-03-14T18:30:00+00:00,11205.34
2026-03-14T18:30:00+00:00,11205.34
2026-03-14T18:30:00+00:00,11205.34
2026-03-14T18:45:00+00:00,11205.34
2026-03-14T18:45:00+00:00,11205.34
2026-03-14T18:45:00+00:00,11205.34
2026-03-14T19:00:00+00:00,11205.34
2026-03-14T19:00:00+00:00,11205.34
2026-03-14T19:00:00+00:00,11205.34
2026-03-14T19:15:00+00:00,11205.34
2026-03-14T19:15:00+00:00,11205.34
2026-03-14T19:15:00+00:00,11205.34
2026-03-14T19:30:00+00:00,11205.34
2026-03-14T19:30:00+00:00,11205.34
2026-03-14T19:30:00+00:00,11205.34
2026-03-14T19:45:00+00:00,11205.34
2026-03-14T19:45:00+00:00,11205.34
2026-03-14T19:45:00+00:00,11205.34
2026-03-14T20:00:00+00:00,11205.34
2026-03-14T20:00:00+00:00,11205.34
2026-03-14T20:00:00+00:00,11205.34
2026-03-14T20:15:00+00:00,11205.34
2026-03-14T20:15:00+00:00,11205.34
2026-03-14T20:15:00+00:00,11205.34
2026-03-14T20:30:00+00:00,11205.34
2026-03-14T20:30:00+00:00,11205.34
2026-03-14T20:30:00+00:00,11205.34
2026-03-14T20:45:00+00:00,11205.34
2026-03-14T20:45:00+00:00,11205.34
2026-03-14T20:45:00+00:00,11205.34
2026-03-14T21:00:00+00:00,11205.34
2026-03-14T21:00:00+00:00,11205.34
2026-03-14T21:00:00+00:00,11205.34
2026-03-14T21:15:00+00:00,11205.34
2026-03-14T21:15:00+00:00,11205.34
2026-03-14T21:15:00+00:00,11205.34
2026-03-14T21:30:00+00:00,11205.34
2026-03-14T21:30:00+00:00,11205.34
2026-03-14T21:30:00+00:00,11205.34
2026-03-14T21:45:00+00:00,11205.34
2026-03-14T21:45:00+00:00,11205.34
2026-03-14T21:45:00+00:00,11205.34
2026-03-14T22:00:00+00:00,11205.34
2026-03-14T22:00:00+00:00,11205.34
2026-03-14T22:00:00+00:00,11205.34
2026-03-14T22:15:00+00:00,11205.34
2026-03-14T22:15:00+00:00,11205.34
2026-03-14T22:15:00+00:00,11205.34
2026-03-14T22:30:00+00:00,11205.34
2026-03-14T22:30:00+00:00,11205.34
2026-03-14T22:30:00+00:00,11205.34
2026-03-14T22:45:00+00:00,11205.34
2026-03-14T22:45:00+00:00,11205.34
2026-03-14T22:45:00+00:00,11205.34
2026-03-14T23:00:00+00:00,11205.34
2026-03-14T23:00:00+00:00,11205.34
2026-03-14T23:00:00+00:00,11205.34
2026-03-14T23:15:00+00:00,11205.34
2026-03-14T23:15:00+00:00,11205.34
2026-03-14T23:15:00+00:00,11205.34
2026-03-14T23:30:00+00:00,11205.34
2026-03-14T23:30:00+00:00,11205.34
2026-03-14T23:30:00+00:00,11205.34
2026-03-14T23:45:00+00:00,11205.34
2026-03-14T23:45:00+00:00,11205.34
2026-03-14T23:45:00+00:00,11205.34
2026-03-15T00:00:00+00:00,11205.34
2026-03-15T00:00:00+00:00,11205.34
2026-03-15T00:00:00+00:00,11205.34
2026-03-15T00:15:00+00:00,11205.34
2026-03-15T00:15:00+00:00,11205.34
2026-03-15T00:15:00+00:00,11205.34
2026-03-15T00:30:00+00:00,11205.34
2026-03-15T00:30:00+00:00,11205.34
2026-03-15T00:30:00+00:00,11205.34
2026-03-15T00:45:00+00:00,11205.34
2026-03-15T00:45:00+00:00,11205.34
2026-03-15T00:45:00+00:00,11205.34
2026-03-15T01:00:00+00:00,11205.34
2026-03-15T01:00:00+00:00,11205.34
2026-03-15T01:00:00+00:00,11205.34
2026-03-15T01:15:00+00:00,11205.34
2026-03-15T01:15:00+00:00,11205.34
2026-03-15T01:15:00+00:00,11205.34
2026-03-15T01:30:00+00:00,11205.34
2026-03-15T01:30:00+00:00,11205.34
2026-03-15T01:30:00+00:00,11205.34
2026-03-15T01:45:00+00:00,11205.34
2026-03-15T01:45:00+00:00,11205.34
2026-03-15T01:45:00+00:00,11205.34
2026-03-15T02:00:00+00:00,11205.34
2026-03-15T02:00:00+00:00,11205.34
2026-03-15T02:00:00+00:00,11205.34
2026-03-15T02:15:00+00:00,11205.34
2026-03-15T02:15:00+00:00,11205.34
2026-03-15T02:15:00+00:00,11205.34
2026-03-15T02:30:00+00:00,11205.34
2026-03-15T02:30:00+00:00,11205.34
2026-03-15T02:30:00+00:00,11205.34
2026-03-15T02:45:00+00:00,11205.34
2026-03-15T02:45:00+00:00,11205.34
2026-03-15T02:45:00+00:00,11205.34
2026-03-15T03:00:00+00:00,11205.34
2026-03-15T03:00:00+00:00,11205.34
2026-03-15T03:00:00+00:00,11205.34
2026-03-15T03:15:00+00:00,11205.34
2026-03-15T03:15:00+00:00,11205.34
2026-03-15T03:15:00+00:00,11205.34
2026-03-15T03:30:00+00:00,11205.34
2026-03-15T03:30:00+00:00,11205.34
2026-03-15T03:30:00+00:00,11205.34
2026-03-15T03:45:00+00:00,11205.34
2026-03-15T03:45:00+00:00,11205.34
2026-03-15T03:45:00+00:00,11205.34
2026-03-15T04:00:00+00:00,11205.34
2026-03-15T04:00:00+00:00,11205.34
2026-03-15T04:00:00+00:00,11205.34
2026-03-15T04:15:00+00:00,11205.34
2026-03-15T04:15:00+00:00,11205.34
2026-03-15T04:15:00+00:00,11205.34
2026-03-15T04:30:00+00:00,11205.34
2026-03-15T04:30:00+00:00,11205.34
2026-03-15T04:30:00+00:00,11205.34
2026-03-15T04:45:00+00:00,11205.34
2026-03-15T04:45:00+00:00,11205.34
2026-03-15T04:45:00+00:00,11205.34
2026-03-15T05:00:00+00:00,11205.34
2026-03-15T05:00:00+00:00,11205.34
2026-03-15T05:00:00+00:00,11205.34
2026-03-15T05:15:00+00:00,11205.34
2026-03-15T05:15:00+00:00,11205.34
2026-03-15T05:15:00+00:00,11205.34
2026-03-15T05:30:00+00:00,11205.34
2026-03-15T05:30:00+00:00,11205.34
2026-03-15T05:30:00+00:00,11205.34
2026-03-15T05:45:00+00:00,11205.34
2026-03-15T05:45:00+00:00,11205.34
2026-03-15T05:45:00+00:00,11205.34
2026-03-15T06:00:00+00:00,11205.34
2026-03-15T06:00:00+00:00,11205.34
2026-03-15T06:00:00+00:00,11205.34
2026-03-15T06:15:00+00:00,11205.34
2026-03-15T06:15:00+00:00,11205.34
2026-03-15T06:15:00+00:00,11205.34
2026-03-15T06:30:00+00:00,11205.34
2026-03-15T06:30:00+00:00,11205.34
2026-03-15T06:30:00+00:00,11205.34
2026-03-15T06:45:00+00:00,11205.34
2026-03-15T06:45:00+00:00,11205.34
2026-03-15T06:45:00+00:00,11205.34
2026-03-15T07:00:00+00:00,11205.34
2026-03-15T07:00:00+00:00,11205.34
2026-03-15T07:00:00+00:00,11205.34
2026-03-15T07:15:00+00:00,11205.34
2026-03-15T07:15:00+00:00,11205.34
2026-03-15T07:15:00+00:00,11205.34
2026-03-15T07:30:00+00:00,11205.34
2026-03-15T07:30:00+00:00,11205.34
2026-03-15T07:30:00+00:00,11205.34
2026-03-15T07:45:00+00:00,11205.34
2026-03-15T07:45:00+00:00,11205.34
2026-03-15T07:45:00+00:00,11205.34
2026-03-15T08:00:00+00:00,11205.34
2026-03-15T08:00:00+00:00,11205.34
2026-03-15T08:00:00+00:00,11205.34
2026-03-15T08:15:00+00:00,11205.34
2026-03-15T08:15:00+00:00,11205.34
2026-03-15T08:15:00+00:00,11205.34
2026-03-15T08:30:00+00:00,11205.34
2026-03-15T08:30:00+00:00,11205.34
2026-03-15T08:30:00+00:00,11205.34
2026-03-15T08:45:00+00:00,11205.34
2026-03-15T08:45:00+00:00,11205.34
2026-03-15T08:45:00+00:00,11205.34
2026-03-15T09:00:00+00:00,11205.34
2026-03-15T09:00:00+00:00,11205.34
2026-03-15T09:00:00+00:00,11205.34
2026-03-15T09:15:00+00:00,11205.34
2026-03-15T09:15:00+00:00,11205.34
2026-03-15T09:15:00+00:00,11205.34
2026-03-15T09:30:00+00:00,11205.34
2026-03-15T09:30:00+00:00,11205.34
2026-03-15T09:30:00+00:00,11205.34
2026-03-15T09:45:00+00:00,11205.34
2026-03-15T09:45:00+00:00,11205.34
2026-03-15T09:45:00+00:00,11205.34
2026-03-15T10:00:00+00:00,11205.34
2026-03-15T10:00:00+00:00,11205.34
2026-03-15T10:00:00+00:00,11205.34
2026-03-15T10:15:00+00:00,11205.34
2026-03-15T10:15:00+00:00,11205.34
2026-03-15T10:15:00+00:00,11205.34
2026-03-15T10:30:00+00:00,11205.34
2026-03-15T10:30:00+00:00,11205.34
2026-03-15T10:30:00+00:00,11205.34
2026-03-15T10:45:00+00:00,11205.34
2026-03-15T10:45:00+00:00,11205.34
2026-03-15T10:45:00+00:00,11205.34
2026-03-15T11:00:00+00:00,11205.34
2026-03-15T11:00:00+00:00,11205.34
2026-03-15T11:00:00+00:00,11205.34
2026-03-15T11:15:00+00:00,11205.34
2026-03-15T11:15:00+00:00,11205.34
2026-03-15T11:15:00+00:00,11205.34
2026-03-15T11:30:00+00:00,11205.34
2026-03-15T11:30:00+00:00,11205.34
2026-03-15T11:30:00+00:00,11205.34
2026-03-15T11:45:00+00:00,11205.34
2026-03-15T11:45:00+00:00,11205.34
2026-03-15T11:45:00+00:00,11205.34
2026-03-15T12:00:00+00:00,11205.34
2026-03-15T12:00:00+00:00,11205.34
2026-03-15T12:00:00+00:00,11205.34
2026-03-15T12:15:00+00:00,11205.34
2026-03-15T12:15:00+00:00,11205.34
2026-03-15T12:15:00+00:00,11205.34
2026-03-15T12:30:00+00:00,11205.34
2026-03-15T12:30:00+00:00,11205.34
2026-03-15T12:30:00+00:00,11205.34
2026-03-15T12:45:00+00:00,11205.34
2026-03-15T12:45:00+00:00,11205.34
2026-03-15T12:45:00+00:00,11205.34
2026-03-15T13:00:00+00:00,11205.34
2026-03-15T13:00:00+00:00,11205.34
2026-03-15T13:00:00+00:00,11205.34
2026-03-15T13:15:00+00:00,11205.34
2026-03-15T13:15:00+00:00,11205.34
2026-03-15T13:15:00+00:00,11205.34
2026-03-15T13:30:00+00:00,11205.34
2026-03-15T13:30:00+00:00,11205.34
2026-03-15T13:30:00+00:00,11205.34
2026-03-15T13:45:00+00:00,11205.34
2026-03-15T13:45:00+00:00,11205.34
2026-03-15T13:45:00+00:00,11205.34
2026-03-15T14:00:00+00:00,11205.34
2026-03-15T14:00:00+00:00,11205.34
2026-03-15T14:00:00+00:00,11205.34
2026-03-15T14:15:00+00:00,11205.34
2026-03-15T14:15:00+00:00,11205.34
2026-03-15T14:15:00+00:00,11205.34
2026-03-15T14:30:00+00:00,11205.34
2026-03-15T14:30:00+00:00,11205.34
2026-03-15T14:30:00+00:00,11205.34
2026-03-15T14:45:00+00:00,11205.34
2026-03-15T14:45:00+00:00,11205.34
2026-03-15T14:45:00+00:00,11205.34
2026-03-15T15:00:00+00:00,11205.34
2026-03-15T15:00:00+00:00,11205.34
2026-03-15T15:00:00+00:00,11205.34
2026-03-15T15:15:00+00:00,11205.34
2026-03-15T15:15:00+00:00,11205.34
2026-03-15T15:15:00+00:00,11205.34
2026-03-15T15:30:00+00:00,11205.34
2026-03-15T15:30:00+00:00,11205.34
2026-03-15T15:30:00+00:00,11205.34
2026-03-15T15:45:00+00:00,11205.34
2026-03-15T15:45:00+00:00,11205.34
2026-03-15T15:45:00+00:00,11205.34
2026-03-15T16:00:00+00:00,11205.34
2026-03-15T16:00:00+00:00,11205.34
2026-03-15T16:00:00+00:00,11205.34
2026-03-15T16:15:00+00:00,11205.34
2026-03-15T16:15:00+00:00,11205.34
2026-03-15T16:15:00+00:00,11205.34
2026-03-15T16:30:00+00:00,11205.34
2026-03-15T16:30:00+00:00,11205.34
2026-03-15T16:30:00+00:00,11205.34
2026-03-15T16:45:00+00:00,11205.34
2026-03-15T16:45:00+00:00,11205.34
2026-03-15T16:45:00+00:00,11205.34
2026-03-15T17:00:00+00:00,11205.34
2026-03-15T17:00:00+00:00,11205.34
2026-03-15T17:00:00+00:00,11205.34
2026-03-15T17:15:00+00:00,11205.34
2026-03-15T17:15:00+00:00,11205.34
2026-03-15T17:15:00+00:00,11205.34
2026-03-15T17:30:00+00:00,11205.34
2026-03-15T17:30:00+00:00,11205.34
2026-03-15T17:30:00+00:00,11205.34
2026-03-15T17:45:00+00:00,11205.34
2026-03-15T17:45:00+00:00,11205.34
2026-03-15T17:45:00+00:00,11205.34
2026-03-15T18:00:00+00:00,11205.34
2026-03-15T18:00:00+00:00,11205.34
2026-03-15T18:00:00+00:00,11205.34
2026-03-15T18:15:00+00:00,11205.34
2026-03-15T18:15:00+00:00,11205.34
2026-03-15T18:15:00+00:00,11205.34
2026-03-15T18:30:00+00:00,11205.34
2026-03-15T18:30:00+00:00,11205.34
2026-03-15T18:30:00+00:00,11205.34
2026-03-15T18:45:00+00:00,11205.34
2026-03-15T18:45:00+00:00,11205.34
2026-03-15T18:45:00+00:00,11205.34
2026-03-15T19:00:00+00:00,11205.34
2026-03-15T19:00:00+00:00,11205.34
2026-03-15T19:00:00+00:00,11205.34
2026-03-15T19:15:00+00:00,11205.34
2026-03-15T19:15:00+00:00,11205.34
2026-03-15T19:15:00+00:00,11205.34
2026-03-15T19:30:00+00:00,11205.34
2026-03-15T19:30:00+00:00,11205.34
2026-03-15T19:30:00+00:00,11205.34
2026-03-15T19:45:00+00:00,11205.34
2026-03-15T19:45:00+00:00,11205.34
2026-03-15T19:45:00+00:00,11205.34
2026-03-15T20:00:00+00:00,11205.34
2026-03-15T20:00:00+00:00,11205.34
2026-03-15T20:00:00+00:00,11205.34
2026-03-15T20:15:00+00:00,11205.34
2026-03-15T20:15:00+00:00,11205.34
2026-03-15T20:15:00+00:00,11205.34
2026-03-15T20:30:00+00:00,11205.34
2026-03-15T20:30:00+00:00,11205.34
2026-03-15T20:30:00+00:00,11205.34
2026-03-15T20:45:00+00:00,11205.34
2026-03-15T20:45:00+00:00,11205.34
2026-03-15T20:45:00+00:00,11205.34
2026-03-15T21:00:00+00:00,11205.34
2026-03-15T21:00:00+00:00,11205.34
2026-03-15T21:00:00+00:00,11205.34
2026-03-15T21:15:00+00:00,11205.34
2026-03-15T21:15:00+00:00,11205.34
2026-03-15T21:15:00+00:00,11205.34
2026-03-15T21:30:00+00:00,11205.34
2026-03-15T21:30:00+00:00,11205.34
2026-03-15T21:30:00+00:00,11205.34
2026-03-15T21:45:00+00:00,11205.34
2026-03-15T21:45:00+00:00,11205.34
2026-03-15T21:45:00+00:00,11205.34
2026-03-15T22:00:00+00:00,11205.34
2026-03-15T22:00:00+00:00,11205.34
2026-03-15T22:00:00+00:00,11205.34
2026-03-15T22:15:00+00:00,11205.34
2026-03-15T22:15:00+00:00,11205.34
2026-03-15T22:15:00+00:00,11205.34
2026-03-15T22:30:00+00:00,11205.34
2026-03-15T22:30:00+00:00,11205.34
2026-03-15T22:30:00+00:00,11205.34
2026-03-15T22:45:00+00:00,11205.34
2026-03-15T22:45:00+00:00,11205.34
2026-03-15T22:45:00+00:00,11205.34
2026-03-15T23:00:00+00:00,11205.34
2026-03-15T23:00:00+00:00,11205.34
2026-03-15T23:00:00+00:00,11205.34
2026-03-15T23:15:00+00:00,11205.34
2026-03-15T23:15:00+00:00,11205.34
2026-03-15T23:15:00+00:00,11205.34
2026-03-15T23:30:00+00:00,11205.34
2026-03-15T23:30:00+00:00,11205.34
2026-03-15T23:30:00+00:00,11205.34
2026-03-15T23:45:00+00:00,11205.34
2026-03-15T23:45:00+00:00,11205.34
2026-03-15T23:45:00+00:00,11205.34
2026-03-16T00:00:00+00:00,11205.34
2026-03-16T00:00:00+00:00,11205.34
2026-03-16T00:00:00+00:00,11205.34
2026-03-16T00:15:00+00:00,11205.34
2026-03-16T00:15:00+00:00,11205.34
2026-03-16T00:15:00+00:00,11205.34
2026-03-16T00:30:00+00:00,11205.34
2026-03-16T00:30:00+00:00,11205.34
2026-03-16T00:30:00+00:00,11205.34
2026-03-16T00:45:00+00:00,11205.34
2026-03-16T00:45:00+00:00,11205.34
2026-03-16T00:45:00+00:00,11205.34
2026-03-16T01:00:00+00:00,11205.34
2026-03-16T01:00:00+00:00,11205.34
2026-03-16T01:00:00+00:00,11205.34
2026-03-16T01:15:00+00:00,11205.34
2026-03-16T01:15:00+00:00,11205.34
2026-03-16T01:15:00+00:00,11205.34
2026-03-16T01:30:00+00:00,11205.34
2026-03-16T01:30:00+00:00,11205.34
2026-03-16T01:30:00+00:00,11205.34
2026-03-16T01:45:00+00:00,11205.34
2026-03-16T01:45:00+00:00,11205.34
2026-03-16T01:45:00+00:00,11205.34
2026-03-16T02:00:00+00:00,11205.34
2026-03-16T02:00:00+00:00,11205.34
2026-03-16T02:00:00+00:00,11205.34
2026-03-16T02:15:00+00:00,11205.34
2026-03-16T02:15:00+00:00,11205.34
2026-03-16T02:15:00+00:00,11205.34
2026-03-16T02:30:00+00:00,11205.34
2026-03-16T02:30:00+00:00,11205.34
2026-03-16T02:30:00+00:00,11205.34
2026-03-16T02:45:00+00:00,11205.34
2026-03-16T02:45:00+00:00,11205.34
2026-03-16T02:45:00+00:00,11205.34
2026-03-16T03:00:00+00:00,11205.34
2026-03-16T03:00:00+00:00,11205.34
2026-03-16T03:00:00+00:00,11205.34
2026-03-16T03:15:00+00:00,11205.34
2026-03-16T03:15:00+00:00,11205.34
2026-03-16T03:15:00+00:00,11205.34
2026-03-16T03:30:00+00:00,11205.34
2026-03-16T03:30:00+00:00,11205.34
2026-03-16T03:30:00+00:00,11205.34
2026-03-16T03:45:00+00:00,11205.34
2026-03-16T03:45:00+00:00,11205.34
2026-03-16T03:45:00+00:00,11205.34
2026-03-16T04:00:00+00:00,11205.34
2026-03-16T04:00:00+00:00,11205.34
2026-03-16T04:00:00+00:00,11205.34
2026-03-16T04:15:00+00:00,11205.34
2026-03-16T04:15:00+00:00,11205.34
2026-03-16T04:15:00+00:00,11205.34
2026-03-16T04:30:00+00:00,11205.34
2026-03-16T04:30:00+00:00,11205.34
2026-03-16T04:30:00+00:00,11205.34
2026-03-16T04:45:00+00:00,11205.34
2026-03-16T04:45:00+00:00,11205.34
2026-03-16T04:45:00+00:00,11205.34
2026-03-16T05:00:00+00:00,11205.34
2026-03-16T05:00:00+00:00,11205.34
2026-03-16T05:00:00+00:00,11205.34
2026-03-16T05:15:00+00:00,11205.34
2026-03-16T05:15:00+00:00,11205.34
2026-03-16T05:15:00+00:00,11205.34
2026-03-16T05:30:00+00:00,11205.34
2026-03-16T05:30:00+00:00,11205.34
2026-03-16T05:30:00+00:00,11205.34
2026-03-16T05:45:00+00:00,11205.34
2026-03-16T05:45:00+00:00,11205.34
2026-03-16T05:45:00+00:00,11205.34
2026-03-16T06:00:00+00:00,11205.34
2026-03-16T06:00:00+00:00,11205.34
2026-03-16T06:00:00+00:00,11205.34
2026-03-16T06:15:00+00:00,11205.34
2026-03-16T06:15:00+00:00,11205.34
2026-03-16T06:15:00+00:00,11205.34
2026-03-16T06:30:00+00:00,11205.34
2026-03-16T06:30:00+00:00,11205.34
2026-03-16T06:30:00+00:00,11205.34
2026-03-16T06:45:00+00:00,11205.34
2026-03-16T06:45:00+00:00,11205.34
2026-03-16T06:45:00+00:00,11205.34
2026-03-16T07:00:00+00:00,11205.34
2026-03-16T07:00:00+00:00,11205.34
2026-03-16T07:00:00+00:00,11205.34
2026-03-16T07:15:00+00:00,11205.34
2026-03-16T07:15:00+00:00,11205.34
2026-03-16T07:15:00+00:00,11205.34
2026-03-16T07:30:00+00:00,11205.34
2026-03-16T07:30:00+00:00,11205.34
2026-03-16T07:30:00+00:00,11205.34
2026-03-16T07:45:00+00:00,11205.34
2026-03-16T07:45:00+00:00,11205.34
2026-03-16T07:45:00+00:00,11205.34
2026-03-16T08:00:00+00:00,11205.34
2026-03-16T08:00:00+00:00,11205.34
2026-03-16T08:00:00+00:00,11205.34
2026-03-16T08:15:00+00:00,11205.34
2026-03-16T08:15:00+00:00,11205.34
2026-03-16T08:15:00+00:00,11205.34
2026-03-16T08:30:00+00:00,11205.34
2026-03-16T08:30:00+00:00,11205.34
2026-03-16T08:30:00+00:00,11205.34
2026-03-16T08:45:00+00:00,11205.34
2026-03-16T08:45:00+00:00,11205.34
2026-03-16T08:45:00+00:00,11205.34
2026-03-16T09:00:00+00:00,11205.34
2026-03-16T09:00:00+00:00,11205.34
2026-03-16T09:00:00+00:00,11205.34
2026-03-16T09:15:00+00:00,11205.34
2026-03-16T09:15:00+00:00,11205.34
2026-03-16T09:15:00+00:00,11205.34
2026-03-16T09:30:00+00:00,11205.34
2026-03-16T09:30:00+00:00,11205.34
2026-03-16T09:30:00+00:00,11205.34
2026-03-16T09:45:00+00:00,11205.34
2026-03-16T09:45:00+00:00,11205.34
2026-03-16T09:45:00+00:00,11205.34
2026-03-16T10:00:00+00:00,11205.34
2026-03-16T10:00:00+00:00,11205.34
2026-03-16T10:00:00+00:00,11205.34
2026-03-16T10:15:00+00:00,11205.34
2026-03-16T10:15:00+00:00,11205.34
2026-03-16T10:15:00+00:00,11205.34
2026-03-16T10:30:00+00:00,11205.34
2026-03-16T10:30:00+00:00,11205.34
2026-03-16T10:30:00+00:00,11205.34
2026-03-16T10:45:00+00:00,11205.34
2026-03-16T10:45:00+00:00,11205.34
2026-03-16T10:45:00+00:00,11205.34
2026-03-16T11:00:00+00:00,11205.34
2026-03-16T11:00:00+00:00,11205.34
2026-03-16T11:00:00+00:00,11205.34
2026-03-16T11:15:00+00:00,11205.34
2026-03-16T11:15:00+00:00,11205.34
2026-03-16T11:15:00+00:00,11205.34
2026-03-16T11:30:00+00:00,11205.34
2026-03-16T11:30:00+00:00,11205.34
2026-03-16T11:30:00+00:00,11205.34
2026-03-16T11:45:00+00:00,11205.34
2026-03-16T11:45:00+00:00,11205.34
2026-03-16T11:45:00+00:00,11205.34
2026-03-16T12:00:00+00:00,11205.34
2026-03-16T12:00:00+00:00,11205.34
2026-03-16T12:00:00+00:00,11205.34
2026-03-16T12:15:00+00:00,11205.34
2026-03-16T12:15:00+00:00,11205.34
2026-03-16T12:15:00+00:00,11205.34
2026-03-16T12:30:00+00:00,11205.34
2026-03-16T12:30:00+00:00,11205.34
2026-03-16T12:30:00+00:00,11205.34
2026-03-16T12:45:00+00:00,11205.34
2026-03-16T12:45:00+00:00,11205.34
2026-03-16T12:45:00+00:00,11205.34
2026-03-16T13:00:00+00:00,11205.34
2026-03-16T13:00:00+00:00,11205.34
2026-03-16T13:00:00+00:00,11205.34
2026-03-16T13:15:00+00:00,11205.34
2026-03-16T13:15:00+00:00,11205.34
2026-03-16T13:15:00+00:00,11205.34
2026-03-16T13:30:00+00:00,11205.34
2026-03-16T13:30:00+00:00,11205.34
2026-03-16T13:30:00+00:00,11205.34
2026-03-16T13:45:00+00:00,11205.34
2026-03-16T13:45:00+00:00,11205.34
2026-03-16T13:45:00+00:00,11205.34
2026-03-16T14:00:00+00:00,11205.34
2026-03-16T14:00:00+00:00,11205.34
2026-03-16T14:00:00+00:00,11205.34
2026-03-16T14:15:00+00:00,11205.34
2026-03-16T14:15:00+00:00,11205.34
2026-03-16T14:15:00+00:00,11205.34
2026-03-16T14:30:00+00:00,11205.34
2026-03-16T14:30:00+00:00,11205.34
2026-03-16T14:30:00+00:00,11205.34
2026-03-16T14:45:00+00:00,11205.34
2026-03-16T14:45:00+00:00,11205.34
2026-03-16T14:45:00+00:00,11205.34
2026-03-16T15:00:00+00:00,11205.34
2026-03-16T15:00:00+00:00,11205.34
2026-03-16T15:00:00+00:00,11205.34
2026-03-16T15:15:00+00:00,11205.34
2026-03-16T15:15:00+00:00,11205.34
2026-03-16T15:15:00+00:00,11205.34
2026-03-16T15:30:00+00:00,11205.34
2026-03-16T15:30:00+00:00,11205.34
2026-03-16T15:30:00+00:00,11205.34
2026-03-16T15:45:00+00:00,11205.34
2026-03-16T15:45:00+00:00,11205.34
2026-03-16T15:45:00+00:00,11205.34
2026-03-16T16:00:00+00:00,11205.34
2026-03-16T16:00:00+00:00,11205.34
2026-03-16T16:00:00+00:00,11205.34
2026-03-16T16:15:00+00:00,11205.34
2026-03-16T16:15:00+00:00,11205.34
2026-03-16T16:15:00+00:00,11205.34
2026-03-16T16:30:00+00:00,11205.34
2026-03-16T16:30:00+00:00,11205.34
2026-03-16T16:30:00+00:00,11205.34
2026-03-16T16:45:00+00:00,11205.34
2026-03-16T16:45:00+00:00,11205.34
2026-03-16T16:45:00+00:00,11205.34
2026-03-16T17:00:00+00:00,11205.34
2026-03-16T17:00:00+00:00,11205.34
2026-03-16T17:00:00+00:00,11205.34
2026-03-16T17:15:00+00:00,11205.34
2026-03-16T17:15:00+00:00,11205.34
2026-03-16T17:15:00+00:00,11205.34
2026-03-16T17:30:00+00:00,11205.34
2026-03-16T17:30:00+00:00,11205.34
2026-03-16T17:30:00+00:00,11205.34
2026-03-16T17:45:00+00:00,11205.34
2026-03-16T17:45:00+00:00,11205.34
2026-03-16T17:45:00+00:00,11205.34
2026-03-16T18:00:00+00:00,11205.34
2026-03-16T18:00:00+00:00,11205.34
2026-03-16T18:00:00+00:00,11205.34
2026-03-16T18:15:00+00:00,11205.34
2026-03-16T18:15:00+00:00,11205.34
2026-03-16T18:15:00+00:00,11205.34
2026-03-16T18:30:00+00:00,11205.34
2026-03-16T18:30:00+00:00,11205.34
2026-03-16T18:30:00+00:00,11205.34
2026-03-16T18:45:00+00:00,11205.34
2026-03-16T18:45:00+00:00,11205.34
2026-03-16T18:45:00+00:00,11205.34
2026-03-16T19:00:00+00:00,11205.34
2026-03-16T19:00:00+00:00,11205.34
2026-03-16T19:00:00+00:00,11205.34
2026-03-16T19:15:00+00:00,11205.34
2026-03-16T19:15:00+00:00,11205.34
2026-03-16T19:15:00+00:00,11205.34
2026-03-16T19:30:00+00:00,11205.34
2026-03-16T19:30:00+00:00,11205.34
2026-03-16T19:30:00+00:00,11205.34
2026-03-16T19:45:00+00:00,11205.34
2026-03-16T19:45:00+00:00,11205.34
2026-03-16T19:45:00+00:00,11205.34
2026-03-16T20:00:00+00:00,11205.34
2026-03-16T20:00:00+00:00,11205.34
2026-03-16T20:00:00+00:00,11205.34
2026-03-16T20:15:00+00:00,11205.34
2026-03-16T20:15:00+00:00,11205.34
2026-03-16T20:15:00+00:00,11205.34
2026-03-16T20:30:00+00:00,11205.34
2026-03-16T20:30:00+00:00,11205.34
2026-03-16T20:30:00+00:00,11205.34
2026-03-16T20:45:00+00:00,11205.34
2026-03-16T20:45:00+00:00,11205.34
2026-03-16T20:45:00+00:00,11205.34
2026-03-16T21:00:00+00:00,11205.34
2026-03-16T21:00:00+00:00,11205.34
2026-03-16T21:00:00+00:00,11205.34
2026-03-16T21:15:00+00:00,11205.34
2026-03-16T21:15:00+00:00,11205.34
2026-03-16T21:15:00+00:00,11205.34
2026-03-16T21:30:00+00:00,11205.34
2026-03-16T21:30:00+00:00,11205.34
2026-03-16T21:30:00+00:00,11205.34
2026-03-16T21:45:00+00:00,11205.34
2026-03-16T21:45:00+00:00,11205.34
2026-03-16T21:45:00+00:00,11205.34
2026-03-16T22:00:00+00:00,11205.34
2026-03-16T22:00:00+00:00,11205.34
2026-03-16T22:00:00+00:00,11205.34
2026-03-16T22:15:00+00:00,11205.34
2026-03-16T22:15:00+00:00,11205.34
2026-03-16T22:15:00+00:00,11205.34
2026-03-16T22:30:00+00:00,11205.34
2026-03-16T22:30:00+00:00,11205.34
2026-03-16T22:30:00+00:00,11205.34
2026-03-16T22:45:00+00:00,11205.34
2026-03-16T22:45:00+00:00,11205.34
2026-03-16T22:45:00+00:00,11205.34
2026-03-16T23:00:00+00:00,11205.34
2026-03-16T23:00:00+00:00,11205.34
2026-03-16T23:00:00+00:00,11205.34
2026-03-16T23:15:00+00:00,11205.34
2026-03-16T23:15:00+00:00,11205.34
2026-03-16T23:15:00+00:00,11205.34
2026-03-16T23:30:00+00:00,11205.34
2026-03-16T23:30:00+00:00,11205.34
2026-03-16T23:30:00+00:00,11205.34
2026-03-16T23:45:00+00:00,11205.34
2026-03-16T23:45:00+00:00,11205.34
2026-03-16T23:45:00+00:00,11205.34
2026-03-17T00:00:00+00:00,11205.34
2026-03-17T00:00:00+00:00,11205.34
2026-03-17T00:00:00+00:00,11205.34
2026-03-17T00:15:00+00:00,11205.34
2026-03-17T00:15:00+00:00,11205.34
2026-03-17T00:15:00+00:00,11205.34
2026-03-17T00:30:00+00:00,11205.34
2026-03-17T00:30:00+00:00,11205.34
2026-03-17T00:30:00+00:00,11205.34
2026-03-17T00:45:00+00:00,11205.34
2026-03-17T00:45:00+00:00,11205.34
2026-03-17T00:45:00+00:00,11205.34
2026-03-17T01:00:00+00:00,11205.34
2026-03-17T01:00:00+00:00,11205.34
2026-03-17T01:00:00+00:00,11205.34
2026-03-17T01:15:00+00:00,11205.34
2026-03-17T01:15:00+00:00,11205.34
2026-03-17T01:15:00+00:00,11205.34
2026-03-17T01:30:00+00:00,11205.34
2026-03-17T01:30:00+00:00,11205.34
2026-03-17T01:30:00+00:00,11205.34
2026-03-17T01:45:00+00:00,11205.34
2026-03-17T01:45:00+00:00,11205.34
2026-03-17T01:45:00+00:00,11205.34
2026-03-17T02:00:00+00:00,11205.34
2026-03-17T02:00:00+00:00,11205.34
2026-03-17T02:00:00+00:00,11205.34
2026-03-17T02:15:00+00:00,11205.34
2026-03-17T02:15:00+00:00,11205.34
2026-03-17T02:15:00+00:00,11205.34
2026-03-17T02:30:00+00:00,11205.34
2026-03-17T02:30:00+00:00,11205.34
2026-03-17T02:30:00+00:00,11205.34
2026-03-17T02:45:00+00:00,11205.34
2026-03-17T02:45:00+00:00,11205.34
2026-03-17T02:45:00+00:00,11205.34
2026-03-17T03:00:00+00:00,11205.34
2026-03-17T03:00:00+00:00,11205.34
2026-03-17T03:00:00+00:00,11205.34
2026-03-17T03:15:00+00:00,11205.34
2026-03-17T03:15:00+00:00,11205.34
2026-03-17T03:15:00+00:00,11205.34
2026-03-17T03:30:00+00:00,11205.34
2026-03-17T03:30:00+00:00,11205.34
2026-03-17T03:30:00+00:00,11205.34
2026-03-17T03:45:00+00:00,11205.34
2026-03-17T03:45:00+00:00,11205.34
2026-03-17T03:45:00+00:00,11205.34
2026-03-17T04:00:00+00:00,11205.34
2026-03-17T04:00:00+00:00,11205.34
2026-03-17T04:00:00+00:00,11205.34
2026-03-17T04:15:00+00:00,11205.34
2026-03-17T04:15:00+00:00,11205.34
2026-03-17T04:15:00+00:00,11205.34
2026-03-17T04:30:00+00:00,11205.34
2026-03-17T04:30:00+00:00,11205.34
2026-03-17T04:30:00+00:00,11205.34
2026-03-17T04:45:00+00:00,11205.34
2026-03-17T04:45:00+00:00,11205.34
2026-03-17T04:45:00+00:00,11205.34
2026-03-17T05:00:00+00:00,11205.34
2026-03-17T05:00:00+00:00,11205.34
2026-03-17T05:00:00+00:00,11205.34
2026-03-17T05:15:00+00:00,11205.34
2026-03-17T05:15:00+00:00,11205.34
2026-03-17T05:15:00+00:00,11205.34
2026-03-17T05:30:00+00:00,11205.34
2026-03-17T05:30:00+00:00,11205.34
2026-03-17T05:30:00+00:00,11205.34
2026-03-17T05:45:00+00:00,11205.34
2026-03-17T05:45:00+00:00,11205.34
2026-03-17T05:45:00+00:00,11205.34
2026-03-17T06:00:00+00:00,11236.65
2026-03-17T06:00:00+00:00,11236.65
2026-03-17T06:00:00+00:00,11236.65
2026-03-17T06:15:00+00:00,11266.12
2026-03-17T06:15:00+00:00,11266.12
2026-03-17T06:15:00+00:00,11266.12
2026-03-17T06:30:00+00:00,11207.19
2026-03-17T06:30:00+00:00,11207.19
2026-03-17T06:30:00+00:00,11207.19
2026-03-17T06:45:00+00:00,11232.76
2026-03-17T06:45:00+00:00,11232.76
2026-03-17T06:45:00+00:00,11232.76
2026-03-17T07:00:00+00:00,11284.57
2026-03-17T07:00:00+00:00,11284.57
2026-03-17T07:00:00+00:00,11284.57
2026-03-17T07:15:00+00:00,11347.39
2026-03-17T07:15:00+00:00,11347.39
2026-03-17T07:15:00+00:00,11347.39
2026-03-17T07:30:00+00:00,11320.71
2026-03-17T07:30:00+00:00,11320.71
2026-03-17T07:30:00+00:00,11320.71
2026-03-17T07:45:00+00:00,11304.03
2026-03-17T07:45:00+00:00,11304.03
2026-03-17T07:45:00+00:00,11304.03
2026-03-17T08:00:00+00:00,11273.47
2026-03-17T08:00:00+00:00,11273.47
2026-03-17T08:00:00+00:00,11273.47
2026-03-17T08:15:00+00:00,11296.82
2026-03-17T08:15:00+00:00,11296.82
2026-03-17T08:15:00+00:00,11296.82
2026-03-17T08:30:00+00:00,11322.95
2026-03-17T08:30:00+00:00,11322.95
2026-03-17T08:30:00+00:00,11322.95
2026-03-17T08:45:00+00:00,11265.13
2026-03-17T08:45:00+00:00,11265.13
2026-03-17T08:45:00+00:00,11265.13
2026-03-17T09:00:00+00:00,11210.11
2026-03-17T09:00:00+00:00,11210.11
2026-03-17T09:00:00+00:00,11210.11
2026-03-17T09:15:00+00:00,11249.31
2026-03-17T09:15:00+00:00,11249.31
2026-03-17T09:15:00+00:00,11249.31
2026-03-17T09:30:00+00:00,11244.58
2026-03-17T09:30:00+00:00,11244.58
2026-03-17T09:30:00+00:00,11244.58
2026-03-17T09:45:00+00:00,11222.62
2026-03-17T09:45:00+00:00,11222.62
2026-03-17T09:45:00+00:00,11222.62
2026-03-17T10:00:00+00:00,11218.98
2026-03-17T10:00:00+00:00,11218.98
2026-03-17T10:00:00+00:00,11218.98
2026-03-17T10:15:00+00:00,11219.12
2026-03-17T10:15:00+00:00,11219.12
2026-03-17T10:15:00+00:00,11219.12
2026-03-17T10:30:00+00:00,11218.14
2026-03-17T10:30:00+00:00,11218.14
2026-03-17T10:30:00+00:00,11218.14
2026-03-17T10:45:00+00:00,11218.52
2026-03-17T10:45:00+00:00,11218.52
2026-03-17T10:45:00+00:00,11218.52
2026-03-17T11:00:00+00:00,11219.43
2026-03-17T11:00:00+00:00,11219.43
2026-03-17T11:00:00+00:00,11219.43
2026-03-17T11:15:00+00:00,11219.89
2026-03-17T11:15:00+00:00,11219.89
2026-03-17T11:15:00+00:00,11219.89
2026-03-17T11:30:00+00:00,11219.99
2026-03-17T11:30:00+00:00,11219.99
2026-03-17T11:30:00+00:00,11219.99
2026-03-17T11:45:00+00:00,11219.75
2026-03-17T11:45:00+00:00,11219.75
2026-03-17T11:45:00+00:00,11219.75
2026-03-17T12:00:00+00:00,11219.70
2026-03-17T12:00:00+00:00,11219.70
2026-03-17T12:00:00+00:00,11219.70
2026-03-17T12:15:00+00:00,11219.17
2026-03-17T12:15:00+00:00,11219.17
2026-03-17T12:15:00+00:00,11219.17
2026-03-17T12:30:00+00:00,11219.23
2026-03-17T12:30:00+00:00,11219.23
2026-03-17T12:30:00+00:00,11219.23
2026-03-17T12:45:00+00:00,11218.80
2026-03-17T12:45:00+00:00,11218.80
2026-03-17T12:45:00+00:00,11218.80
2026-03-17T13:00:00+00:00,11218.92
2026-03-17T13:00:00+00:00,11218.92
2026-03-17T13:00:00+00:00,11218.92
2026-03-17T13:15:00+00:00,11219.00
2026-03-17T13:15:00+00:00,11219.00
2026-03-17T13:15:00+00:00,11219.00
2026-03-17T13:30:00+00:00,11219.52
2026-03-17T13:30:00+00:00,11219.52
2026-03-17T13:30:00+00:00,11219.52
2026-03-17T13:45:00+00:00,11219.33
2026-03-17T13:45:00+00:00,11219.33
2026-03-17T13:45:00+00:00,11219.33
2026-03-17T14:00:00+00:00,11219.52
2026-03-17T14:00:00+00:00,11219.52
2026-03-17T14:00:00+00:00,11219.52
2026-03-17T14:15:00+00:00,11219.59
2026-03-17T14:15:00+00:00,11219.59
2026-03-17T14:15:00+00:00,11219.59
2026-03-17T14:30:00+00:00,11219.96
2026-03-17T14:30:00+00:00,11219.96
2026-03-17T14:30:00+00:00,11219.96
2026-03-17T14:45:00+00:00,11219.98
2026-03-17T14:45:00+00:00,11219.98
2026-03-17T14:45:00+00:00,11219.98
2026-03-17T15:00:00+00:00,11219.34
2026-03-17T15:00:00+00:00,11219.34
2026-03-17T15:00:00+00:00,11219.34
2026-03-17T15:15:00+00:00,11219.10
2026-03-17T15:15:00+00:00,11219.10
2026-03-17T15:15:00+00:00,11219.10
2026-03-17T15:30:00+00:00,11218.89
2026-03-17T15:30:00+00:00,11218.89
2026-03-17T15:30:00+00:00,11218.89
2026-03-17T15:45:00+00:00,11218.89
2026-03-17T15:45:00+00:00,11218.89
2026-03-17T15:45:00+00:00,11218.89
2026-03-17T16:00:00+00:00,11218.89
2026-03-17T16:00:00+00:00,11218.89
2026-03-17T16:00:00+00:00,11218.89
2026-03-17T16:15:00+00:00,11218.89
2026-03-17T16:15:00+00:00,11218.89
2026-03-17T16:15:00+00:00,11218.89
2026-03-17T16:30:00+00:00,11218.89
2026-03-17T16:30:00+00:00,11218.89
2026-03-17T16:30:00+00:00,11218.89
2026-03-17T16:45:00+00:00,11218.89
2026-03-17T16:45:00+00:00,11218.89
2026-03-17T16:45:00+00:00,11218.89
2026-03-17T17:00:00+00:00,11218.89
2026-03-17T17:00:00+00:00,11218.89
2026-03-17T17:00:00+00:00,11218.89
2026-03-17T17:15:00+00:00,11218.89
2026-03-17T17:15:00+00:00,11218.89
2026-03-17T17:15:00+00:00,11218.89
2026-03-17T17:30:00+00:00,11218.89
2026-03-17T17:30:00+00:00,11218.89
2026-03-17T17:30:00+00:00,11218.89
2026-03-17T17:45:00+00:00,11218.89
2026-03-17T17:45:00+00:00,11218.89
2026-03-17T17:45:00+00:00,11218.89
2026-03-17T18:00:00+00:00,11218.89
2026-03-17T18:00:00+00:00,11218.89
2026-03-17T18:00:00+00:00,11218.89
2026-03-17T18:15:00+00:00,11218.89
2026-03-17T18:15:00+00:00,11218.89
2026-03-17T18:15:00+00:00,11218.89
2026-03-17T18:30:00+00:00,11218.89
2026-03-17T18:30:00+00:00,11218.89
2026-03-17T18:30:00+00:00,11218.89
2026-03-17T18:45:00+00:00,11218.89
2026-03-17T18:45:00+00:00,11218.89
2026-03-17T18:45:00+00:00,11218.89
2026-03-17T19:00:00+00:00,11218.89
2026-03-17T19:00:00+00:00,11218.89
2026-03-17T19:00:00+00:00,11218.89
2026-03-17T19:15:00+00:00,11218.89
2026-03-17T19:15:00+00:00,11218.89
2026-03-17T19:15:00+00:00,11218.89
2026-03-17T19:30:00+00:00,11218.89
2026-03-17T19:30:00+00:00,11218.89
2026-03-17T19:30:00+00:00,11218.89
2026-03-17T19:45:00+00:00,11218.89
2026-03-17T19:45:00+00:00,11218.89
2026-03-17T19:45:00+00:00,11218.89
2026-03-17T20:00:00+00:00,11186.80
2026-03-17T20:00:00+00:00,11186.80
2026-03-17T20:00:00+00:00,11186.80
2026-03-17T20:15:00+00:00,11254.96
2026-03-17T20:15:00+00:00,11254.96
2026-03-17T20:15:00+00:00,11254.96
2026-03-17T20:30:00+00:00,11242.68
2026-03-17T20:30:00+00:00,11242.68
2026-03-17T20:30:00+00:00,11242.68
2026-03-17T20:45:00+00:00,11250.05
2026-03-17T20:45:00+00:00,11250.05
2026-03-17T20:45:00+00:00,11250.05
2026-03-17T21:00:00+00:00,11316.39
2026-03-17T21:00:00+00:00,11316.39
2026-03-17T21:00:00+00:00,11316.39
2026-03-17T21:15:00+00:00,11300.43
2026-03-17T21:15:00+00:00,11300.43
2026-03-17T21:15:00+00:00,11300.43
2026-03-17T21:30:00+00:00,11315.17
2026-03-17T21:30:00+00:00,11315.17
2026-03-17T21:30:00+00:00,11315.17
2026-03-17T21:45:00+00:00,11312.10
2026-03-17T21:45:00+00:00,11312.10
2026-03-17T21:45:00+00:00,11312.10
2026-03-17T22:00:00+00:00,11277.66
2026-03-17T22:00:00+00:00,11277.66
2026-03-17T22:00:00+00:00,11277.66
2026-03-17T22:15:00+00:00,11250.02
2026-03-17T22:15:00+00:00,11250.02
2026-03-17T22:15:00+00:00,11250.02
2026-03-17T22:30:00+00:00,11228.53
2026-03-17T22:30:00+00:00,11228.53
2026-03-17T22:30:00+00:00,11228.53
2026-03-17T22:45:00+00:00,11260.46
2026-03-17T22:45:00+00:00,11260.46
2026-03-17T22:45:00+00:00,11260.46
2026-03-17T23:00:00+00:00,11263.97
2026-03-17T23:00:00+00:00,11263.97
2026-03-17T23:00:00+00:00,11263.97
2026-03-17T23:15:00+00:00,11244.32
2026-03-17T23:15:00+00:00,11244.32
2026-03-17T23:15:00+00:00,11244.32
2026-03-17T23:30:00+00:00,11216.99
2026-03-17T23:30:00+00:00,11216.99
2026-03-17T23:30:00+00:00,11216.99
2026-03-17T23:45:00+00:00,11217.60
2026-03-17T23:45:00+00:00,11217.60
2026-03-17T23:45:00+00:00,11217.60
2026-03-18T00:00:00+00:00,11217.60
2026-03-18T00:00:00+00:00,11217.60
2026-03-18T00:00:00+00:00,11217.60
2026-03-18T00:15:00+00:00,11217.60
2026-03-18T00:15:00+00:00,11217.60
2026-03-18T00:15:00+00:00,11217.60
2026-03-18T00:30:00+00:00,11217.60
2026-03-18T00:30:00+00:00,11217.60
2026-03-18T00:30:00+00:00,11217.60
2026-03-18T00:45:00+00:00,11217.60
2026-03-18T00:45:00+00:00,11217.60
2026-03-18T00:45:00+00:00,11217.60
2026-03-18T01:00:00+00:00,11217.60
2026-03-18T01:00:00+00:00,11217.60
2026-03-18T01:00:00+00:00,11217.60
2026-03-18T01:15:00+00:00,11217.60
2026-03-18T01:15:00+00:00,11217.60
2026-03-18T01:15:00+00:00,11217.60
2026-03-18T01:30:00+00:00,11217.60
2026-03-18T01:30:00+00:00,11217.60
2026-03-18T01:30:00+00:00,11217.60
2026-03-18T01:45:00+00:00,11217.60
2026-03-18T01:45:00+00:00,11217.60
2026-03-18T01:45:00+00:00,11217.60
2026-03-18T02:00:00+00:00,11217.60
2026-03-18T02:00:00+00:00,11217.60
2026-03-18T02:00:00+00:00,11217.60
2026-03-18T02:15:00+00:00,11217.60
2026-03-18T02:15:00+00:00,11217.60
2026-03-18T02:15:00+00:00,11217.60
2026-03-18T02:30:00+00:00,11217.60
2026-03-18T02:30:00+00:00,11217.60
2026-03-18T02:30:00+00:00,11217.60
2026-03-18T02:45:00+00:00,11217.60
2026-03-18T02:45:00+00:00,11217.60
2026-03-18T02:45:00+00:00,11217.60
2026-03-18T03:00:00+00:00,11217.60
2026-03-18T03:00:00+00:00,11217.60
2026-03-18T03:00:00+00:00,11217.60
2026-03-18T03:15:00+00:00,11217.60
2026-03-18T03:15:00+00:00,11217.60
2026-03-18T03:15:00+00:00,11217.60
2026-03-18T03:30:00+00:00,11217.60
2026-03-18T03:30:00+00:00,11217.60
2026-03-18T03:30:00+00:00,11217.60
2026-03-18T03:45:00+00:00,11217.60
2026-03-18T03:45:00+00:00,11217.60
2026-03-18T03:45:00+00:00,11217.60
2026-03-18T04:00:00+00:00,11217.60
2026-03-18T04:00:00+00:00,11217.60
2026-03-18T04:00:00+00:00,11217.60
2026-03-18T04:15:00+00:00,11217.60
2026-03-18T04:15:00+00:00,11217.60
2026-03-18T04:15:00+00:00,11217.60
2026-03-18T04:30:00+00:00,11217.60
2026-03-18T04:30:00+00:00,11217.60
2026-03-18T04:30:00+00:00,11217.60
2026-03-18T04:45:00+00:00,11217.60
2026-03-18T04:45:00+00:00,11217.60
2026-03-18T04:45:00+00:00,11217.60
2026-03-18T05:00:00+00:00,11217.60
2026-03-18T05:00:00+00:00,11217.60
2026-03-18T05:00:00+00:00,11217.60
2026-03-18T05:15:00+00:00,11217.60
2026-03-18T05:15:00+00:00,11217.60
2026-03-18T05:15:00+00:00,11217.60
2026-03-18T05:30:00+00:00,11217.60
2026-03-18T05:30:00+00:00,11217.60
2026-03-18T05:30:00+00:00,11217.60
2026-03-18T05:45:00+00:00,11217.60
2026-03-18T05:45:00+00:00,11217.60
2026-03-18T05:45:00+00:00,11217.60
2026-03-18T06:00:00+00:00,11217.60
2026-03-18T06:00:00+00:00,11217.60
2026-03-18T06:00:00+00:00,11217.60
2026-03-18T06:15:00+00:00,11217.60
2026-03-18T06:15:00+00:00,11217.60
2026-03-18T06:15:00+00:00,11217.60
2026-03-18T06:30:00+00:00,11217.60
2026-03-18T06:30:00+00:00,11217.60
2026-03-18T06:30:00+00:00,11217.60
2026-03-18T06:45:00+00:00,11217.60
2026-03-18T06:45:00+00:00,11217.60
2026-03-18T06:45:00+00:00,11217.60
2026-03-18T07:00:00+00:00,11217.60
2026-03-18T07:00:00+00:00,11217.60
2026-03-18T07:00:00+00:00,11217.60
2026-03-18T07:15:00+00:00,11217.60
2026-03-18T07:15:00+00:00,11217.60
2026-03-18T07:15:00+00:00,11217.60
2026-03-18T07:30:00+00:00,11217.60
2026-03-18T07:30:00+00:00,11217.60
2026-03-18T07:30:00+00:00,11217.60
2026-03-18T07:45:00+00:00,11217.60
2026-03-18T07:45:00+00:00,11217.60
2026-03-18T07:45:00+00:00,11217.60
2026-03-18T08:00:00+00:00,11217.60
2026-03-18T08:00:00+00:00,11217.60
2026-03-18T08:00:00+00:00,11217.60
2026-03-18T08:15:00+00:00,11217.60
2026-03-18T08:15:00+00:00,11217.60
2026-03-18T08:15:00+00:00,11217.60
2026-03-18T08:30:00+00:00,11217.60
2026-03-18T08:30:00+00:00,11217.60
2026-03-18T08:30:00+00:00,11217.60
2026-03-18T08:45:00+00:00,11217.60
2026-03-18T08:45:00+00:00,11217.60
2026-03-18T08:45:00+00:00,11217.60
2026-03-18T09:00:00+00:00,11217.60
2026-03-18T09:00:00+00:00,11217.60
2026-03-18T09:00:00+00:00,11217.60
2026-03-18T09:15:00+00:00,11217.60
2026-03-18T09:15:00+00:00,11217.60
2026-03-18T09:15:00+00:00,11217.60
2026-03-18T09:30:00+00:00,11217.60
2026-03-18T09:30:00+00:00,11217.60
2026-03-18T09:30:00+00:00,11217.60
2026-03-18T09:45:00+00:00,11217.60
2026-03-18T09:45:00+00:00,11217.60
2026-03-18T09:45:00+00:00,11217.60
2026-03-18T10:00:00+00:00,11217.60
2026-03-18T10:00:00+00:00,11217.60
2026-03-18T10:00:00+00:00,11217.60
2026-03-18T10:15:00+00:00,11217.60
2026-03-18T10:15:00+00:00,11217.60
2026-03-18T10:15:00+00:00,11217.60
2026-03-18T10:30:00+00:00,11217.60
2026-03-18T10:30:00+00:00,11217.60
2026-03-18T10:30:00+00:00,11217.60
2026-03-18T10:45:00+00:00,11217.60
2026-03-18T10:45:00+00:00,11217.60
2026-03-18T10:45:00+00:00,11217.60
2026-03-18T11:00:00+00:00,11217.60
2026-03-18T11:00:00+00:00,11217.60
2026-03-18T11:00:00+00:00,11217.60
2026-03-18T11:15:00+00:00,11217.60
2026-03-18T11:15:00+00:00,11217.60
2026-03-18T11:15:00+00:00,11217.60
2026-03-18T11:30:00+00:00,11217.60
2026-03-18T11:30:00+00:00,11217.60
2026-03-18T11:30:00+00:00,11217.60
2026-03-18T11:45:00+00:00,11217.60
2026-03-18T11:45:00+00:00,11217.60
2026-03-18T11:45:00+00:00,11217.60
2026-03-18T12:00:00+00:00,11217.60
2026-03-18T12:00:00+00:00,11217.60
2026-03-18T12:00:00+00:00,11217.60
2026-03-18T12:15:00+00:00,11217.60
2026-03-18T12:15:00+00:00,11217.60
2026-03-18T12:15:00+00:00,11217.60
2026-03-18T12:30:00+00:00,11217.60
2026-03-18T12:30:00+00:00,11217.60
2026-03-18T12:30:00+00:00,11217.60
2026-03-18T12:45:00+00:00,11217.60
2026-03-18T12:45:00+00:00,11217.60
2026-03-18T12:45:00+00:00,11217.60
2026-03-18T13:00:00+00:00,11217.60
2026-03-18T13:00:00+00:00,11217.60
2026-03-18T13:00:00+00:00,11217.60
2026-03-18T13:15:00+00:00,11217.60
2026-03-18T13:15:00+00:00,11217.60
2026-03-18T13:15:00+00:00,11217.60
2026-03-18T13:30:00+00:00,11217.60
2026-03-18T13:30:00+00:00,11217.60
2026-03-18T13:30:00+00:00,11217.60
2026-03-18T13:45:00+00:00,11217.60
2026-03-18T13:45:00+00:00,11217.60
2026-03-18T13:45:00+00:00,11217.60
2026-03-18T14:00:00+00:00,11217.60
2026-03-18T14:00:00+00:00,11217.60
2026-03-18T14:00:00+00:00,11217.60
2026-03-18T14:15:00+00:00,11217.60
2026-03-18T14:15:00+00:00,11217.60
2026-03-18T14:15:00+00:00,11217.60
2026-03-18T14:30:00+00:00,11217.60
2026-03-18T14:30:00+00:00,11217.60
2026-03-18T14:30:00+00:00,11217.60
2026-03-18T14:45:00+00:00,11217.60
2026-03-18T14:45:00+00:00,11217.60
2026-03-18T14:45:00+00:00,11217.60
2026-03-18T15:00:00+00:00,11217.60
2026-03-18T15:00:00+00:00,11217.60
2026-03-18T15:00:00+00:00,11217.60
2026-03-18T15:15:00+00:00,11217.60
2026-03-18T15:15:00+00:00,11217.60
2026-03-18T15:15:00+00:00,11217.60
2026-03-18T15:30:00+00:00,11217.60
2026-03-18T15:30:00+00:00,11217.60
2026-03-18T15:30:00+00:00,11217.60
2026-03-18T15:45:00+00:00,11217.60
2026-03-18T15:45:00+00:00,11217.60
2026-03-18T15:45:00+00:00,11217.60
2026-03-18T16:00:00+00:00,11217.60
2026-03-18T16:00:00+00:00,11217.60
2026-03-18T16:00:00+00:00,11217.60
2026-03-18T16:15:00+00:00,11217.60
2026-03-18T16:15:00+00:00,11217.60
2026-03-18T16:15:00+00:00,11217.60
2026-03-18T16:30:00+00:00,11217.60
2026-03-18T16:30:00+00:00,11217.60
2026-03-18T16:30:00+00:00,11217.60
2026-03-18T16:45:00+00:00,11217.60
2026-03-18T16:45:00+00:00,11217.60
2026-03-18T16:45:00+00:00,11217.60
2026-03-18T17:00:00+00:00,11217.60
2026-03-18T17:00:00+00:00,11217.60
2026-03-18T17:00:00+00:00,11217.60
2026-03-18T17:15:00+00:00,11217.60
2026-03-18T17:15:00+00:00,11217.60
2026-03-18T17:15:00+00:00,11217.60
2026-03-18T17:30:00+00:00,11217.60
2026-03-18T17:30:00+00:00,11217.60
2026-03-18T17:30:00+00:00,11217.60
2026-03-18T17:45:00+00:00,11217.60
2026-03-18T17:45:00+00:00,11217.60
2026-03-18T17:45:00+00:00,11217.60
2026-03-18T18:00:00+00:00,11217.60
2026-03-18T18:00:00+00:00,11217.60
2026-03-18T18:00:00+00:00,11217.60
2026-03-18T18:15:00+00:00,11217.60
2026-03-18T18:15:00+00:00,11217.60
2026-03-18T18:15:00+00:00,11217.60
2026-03-18T18:30:00+00:00,11217.60
2026-03-18T18:30:00+00:00,11217.60
2026-03-18T18:30:00+00:00,11217.60
2026-03-18T18:45:00+00:00,11217.60
2026-03-18T18:45:00+00:00,11217.60
2026-03-18T18:45:00+00:00,11217.60
2026-03-18T19:00:00+00:00,11217.60
2026-03-18T19:00:00+00:00,11217.60
2026-03-18T19:00:00+00:00,11217.60
2026-03-18T19:15:00+00:00,11217.60
2026-03-18T19:15:00+00:00,11217.60
2026-03-18T19:15:00+00:00,11217.60
2026-03-18T19:30:00+00:00,11217.60
2026-03-18T19:30:00+00:00,11217.60
2026-03-18T19:30:00+00:00,11217.60
2026-03-18T19:45:00+00:00,11217.60
2026-03-18T19:45:00+00:00,11217.60
2026-03-18T19:45:00+00:00,11217.60
2026-03-18T20:00:00+00:00,11217.60
2026-03-18T20:00:00+00:00,11217.60
2026-03-18T20:00:00+00:00,11217.60
2026-03-18T20:15:00+00:00,11217.60
2026-03-18T20:15:00+00:00,11217.60
2026-03-18T20:15:00+00:00,11217.60
2026-03-18T20:30:00+00:00,11217.60
2026-03-18T20:30:00+00:00,11217.60
2026-03-18T20:30:00+00:00,11217.60
2026-03-18T20:45:00+00:00,11217.60
2026-03-18T20:45:00+00:00,11217.60
2026-03-18T20:45:00+00:00,11217.60
2026-03-18T21:00:00+00:00,11217.60
2026-03-18T21:00:00+00:00,11217.60
2026-03-18T21:00:00+00:00,11217.60
2026-03-18T21:15:00+00:00,11217.60
2026-03-18T21:15:00+00:00,11217.60
2026-03-18T21:15:00+00:00,11217.60
2026-03-18T21:30:00+00:00,11217.60
2026-03-18T21:30:00+00:00,11217.60
2026-03-18T21:30:00+00:00,11217.60
2026-03-18T21:45:00+00:00,11217.60
2026-03-18T21:45:00+00:00,11217.60
2026-03-18T21:45:00+00:00,11217.60
2026-03-18T22:00:00+00:00,11217.60
2026-03-18T22:00:00+00:00,11217.60
2026-03-18T22:00:00+00:00,11217.60
2026-03-18T22:15:00+00:00,11217.60
2026-03-18T22:15:00+00:00,11217.60
2026-03-18T22:15:00+00:00,11217.60
2026-03-18T22:30:00+00:00,11217.60
2026-03-18T22:30:00+00:00,11217.60
2026-03-18T22:30:00+00:00,11217.60
2026-03-18T22:45:00+00:00,11217.60
2026-03-18T22:45:00+00:00,11217.60
2026-03-18T22:45:00+00:00,11217.60
2026-03-18T23:00:00+00:00,11217.60
2026-03-18T23:00:00+00:00,11217.60
2026-03-18T23:00:00+00:00,11217.60
2026-03-18T23:15:00+00:00,11217.60
2026-03-18T23:15:00+00:00,11217.60
2026-03-18T23:15:00+00:00,11217.60
2026-03-18T23:30:00+00:00,11217.60
2026-03-18T23:30:00+00:00,11217.60
2026-03-18T23:30:00+00:00,11217.60
2026-03-18T23:45:00+00:00,11217.60
2026-03-18T23:45:00+00:00,11217.60
2026-03-18T23:45:00+00:00,11217.60
2026-03-19T00:00:00+00:00,11217.60
2026-03-19T00:00:00+00:00,11217.60
2026-03-19T00:00:00+00:00,11217.60
2026-03-19T00:15:00+00:00,11217.60
2026-03-19T00:15:00+00:00,11217.60
2026-03-19T00:15:00+00:00,11217.60
2026-03-19T00:30:00+00:00,11217.60
2026-03-19T00:30:00+00:00,11217.60
2026-03-19T00:30:00+00:00,11217.60
2026-03-19T00:45:00+00:00,11217.60
2026-03-19T00:45:00+00:00,11217.60
2026-03-19T00:45:00+00:00,11217.60
2026-03-19T01:00:00+00:00,11217.60
2026-03-19T01:00:00+00:00,11217.60
2026-03-19T01:00:00+00:00,11217.60
2026-03-19T01:15:00+00:00,11217.60
2026-03-19T01:15:00+00:00,11217.60
2026-03-19T01:15:00+00:00,11217.60
2026-03-19T01:30:00+00:00,11217.60
2026-03-19T01:30:00+00:00,11217.60
2026-03-19T01:30:00+00:00,11217.60
2026-03-19T01:45:00+00:00,11217.60
2026-03-19T01:45:00+00:00,11217.60
2026-03-19T01:45:00+00:00,11217.60
2026-03-19T02:00:00+00:00,11217.60
2026-03-19T02:00:00+00:00,11217.60
2026-03-19T02:00:00+00:00,11217.60
2026-03-19T02:15:00+00:00,11217.60
2026-03-19T02:15:00+00:00,11217.60
2026-03-19T02:15:00+00:00,11217.60
2026-03-19T02:30:00+00:00,11217.60
2026-03-19T02:30:00+00:00,11217.60
2026-03-19T02:30:00+00:00,11217.60
2026-03-19T02:45:00+00:00,11217.60
2026-03-19T02:45:00+00:00,11217.60
2026-03-19T02:45:00+00:00,11217.60
2026-03-19T03:00:00+00:00,11217.60
2026-03-19T03:00:00+00:00,11217.60
2026-03-19T03:00:00+00:00,11217.60
2026-03-19T03:15:00+00:00,11217.60
2026-03-19T03:15:00+00:00,11217.60
2026-03-19T03:15:00+00:00,11217.60
2026-03-19T03:30:00+00:00,11217.60
2026-03-19T03:30:00+00:00,11217.60
2026-03-19T03:30:00+00:00,11217.60
2026-03-19T03:45:00+00:00,11217.60
2026-03-19T03:45:00+00:00,11217.60
2026-03-19T03:45:00+00:00,11217.60
2026-03-19T04:00:00+00:00,11270.84
2026-03-19T04:00:00+00:00,11345.93
2026-03-19T04:00:00+00:00,11345.93
2026-03-19T04:15:00+00:00,11390.97
2026-03-19T04:15:00+00:00,11440.58
2026-03-19T04:15:00+00:00,11440.58
2026-03-19T04:30:00+00:00,11437.93
2026-03-19T04:30:00+00:00,11434.66
2026-03-19T04:30:00+00:00,11434.66
2026-03-19T04:45:00+00:00,11443.27
2026-03-19T04:45:00+00:00,11453.81
2026-03-19T04:45:00+00:00,11453.81
2026-03-19T05:00:00+00:00,11453.14
2026-03-19T05:00:00+00:00,11455.32
2026-03-19T05:00:00+00:00,11455.32
2026-03-19T05:15:00+00:00,11473.87
2026-03-19T05:15:00+00:00,11488.95
2026-03-19T05:15:00+00:00,11488.95
2026-03-19T05:30:00+00:00,11489.61
2026-03-19T05:30:00+00:00,11491.97
2026-03-19T05:30:00+00:00,11491.97
2026-03-19T05:45:00+00:00,11502.57
2026-03-19T05:45:00+00:00,11512.93
2026-03-19T05:45:00+00:00,11512.93
2026-03-19T06:00:00+00:00,11497.54
2026-03-19T06:00:00+00:00,11480.10
2026-03-19T06:00:00+00:00,11480.10
2026-03-19T06:15:00+00:00,11503.28
2026-03-19T06:15:00+00:00,11492.74
2026-03-19T06:15:00+00:00,11492.74
2026-03-19T06:30:00+00:00,11498.70
2026-03-19T06:30:00+00:00,11489.44
2026-03-19T06:30:00+00:00,11489.44
2026-03-19T06:45:00+00:00,11532.49
2026-03-19T06:45:00+00:00,11551.39
2026-03-19T06:45:00+00:00,11551.39
2026-03-19T07:00:00+00:00,11685.41
2026-03-19T07:00:00+00:00,11758.64
2026-03-19T07:00:00+00:00,11758.64
2026-03-19T07:15:00+00:00,11785.31
2026-03-19T07:15:00+00:00,11851.81
2026-03-19T07:15:00+00:00,11851.81
2026-03-19T07:30:00+00:00,11839.39
2026-03-19T07:30:00+00:00,11764.89
2026-03-19T07:30:00+00:00,11764.89
2026-03-19T07:45:00+00:00,11765.98
2026-03-19T07:45:00+00:00,11792.56
2026-03-19T07:45:00+00:00,11792.56
2026-03-19T08:00:00+00:00,11792.92
2026-03-19T08:00:00+00:00,11791.56
2026-03-19T08:00:00+00:00,11791.56
2026-03-19T08:15:00+00:00,11797.72
2026-03-19T08:15:00+00:00,11835.74
2026-03-19T08:15:00+00:00,11835.74
2026-03-19T08:30:00+00:00,11834.25
2026-03-19T08:30:00+00:00,11799.77
2026-03-19T08:30:00+00:00,11799.77
2026-03-19T08:45:00+00:00,11800.27
2026-03-19T08:45:00+00:00,11807.76
2026-03-19T08:45:00+00:00,11807.76
2026-03-19T09:00:00+00:00,11801.04
2026-03-19T09:00:00+00:00,11806.90
2026-03-19T09:00:00+00:00,11806.90
2026-03-19T09:15:00+00:00,11806.90
2026-03-19T09:15:00+00:00,11742.51
2026-03-19T09:15:00+00:00,11742.51
2026-03-19T09:30:00+00:00,11742.51
2026-03-19T09:30:00+00:00,11742.51
2026-03-19T09:30:00+00:00,11742.51
2026-03-19T09:45:00+00:00,11742.51
2026-03-19T09:45:00+00:00,11742.51
2026-03-19T09:45:00+00:00,11742.51
2026-03-19T10:00:00+00:00,11742.51
2026-03-19T10:00:00+00:00,11742.51
2026-03-19T10:00:00+00:00,11742.51
2026-03-19T10:15:00+00:00,11742.51
2026-03-19T10:15:00+00:00,11742.51
2026-03-19T10:15:00+00:00,11742.51
2026-03-19T10:30:00+00:00,11742.51
2026-03-19T10:30:00+00:00,11742.51
2026-03-19T10:30:00+00:00,11742.51
2026-03-19T10:45:00+00:00,11742.51
2026-03-19T10:45:00+00:00,11742.51
2026-03-19T10:45:00+00:00,11742.51
2026-03-19T11:00:00+00:00,11742.51
2026-03-19T11:00:00+00:00,11742.51
2026-03-19T11:00:00+00:00,11742.51
2026-03-19T11:15:00+00:00,11742.51
2026-03-19T11:15:00+00:00,11742.51
2026-03-19T11:15:00+00:00,11742.51
2026-03-19T11:30:00+00:00,11742.51
2026-03-19T11:30:00+00:00,11742.51
2026-03-19T11:30:00+00:00,11742.51
2026-03-19T11:45:00+00:00,11742.51
2026-03-19T11:45:00+00:00,11742.51
2026-03-19T11:45:00+00:00,11742.51
2026-03-19T12:00:00+00:00,11742.51
2026-03-19T12:00:00+00:00,11742.51
2026-03-19T12:00:00+00:00,11742.51
2026-03-19T12:15:00+00:00,11742.51
2026-03-19T12:15:00+00:00,11742.51
2026-03-19T12:15:00+00:00,11742.51
2026-03-19T12:30:00+00:00,11742.51
2026-03-19T12:30:00+00:00,11742.51
2026-03-19T12:30:00+00:00,11742.51
2026-03-19T12:45:00+00:00,11742.51
2026-03-19T12:45:00+00:00,11742.51
2026-03-19T12:45:00+00:00,11742.51
2026-03-19T13:00:00+00:00,11742.51
2026-03-19T13:00:00+00:00,11742.51
2026-03-19T13:00:00+00:00,11742.51
2026-03-19T13:15:00+00:00,11742.51
2026-03-19T13:15:00+00:00,11742.51
2026-03-19T13:15:00+00:00,11742.51
2026-03-19T13:30:00+00:00,11742.51
2026-03-19T13:30:00+00:00,11742.51
2026-03-19T13:30:00+00:00,11742.51
2026-03-19T13:45:00+00:00,11742.51
2026-03-19T13:45:00+00:00,11742.51
2026-03-19T13:45:00+00:00,11742.51
2026-03-19T14:00:00+00:00,11742.51
2026-03-19T14:00:00+00:00,11742.51
2026-03-19T14:00:00+00:00,11742.51
2026-03-19T14:15:00+00:00,11742.51
2026-03-19T14:15:00+00:00,11742.51
2026-03-19T14:15:00+00:00,11742.51
2026-03-19T14:30:00+00:00,11742.51
2026-03-19T14:30:00+00:00,11742.51
2026-03-19T14:30:00+00:00,11742.51
2026-03-19T14:45:00+00:00,11742.51
2026-03-19T14:45:00+00:00,11742.51
2026-03-19T14:45:00+00:00,11742.51
2026-03-19T15:00:00+00:00,11742.51
2026-03-19T15:00:00+00:00,11742.51
2026-03-19T15:00:00+00:00,11742.51
2026-03-19T15:15:00+00:00,11742.51
2026-03-19T15:15:00+00:00,11742.51
2026-03-19T15:15:00+00:00,11742.51
2026-03-19T15:30:00+00:00,11742.51
2026-03-19T15:30:00+00:00,11742.51
2026-03-19T15:30:00+00:00,11742.51
2026-03-19T15:45:00+00:00,11742.51
2026-03-19T15:45:00+00:00,11742.51
2026-03-19T15:45:00+00:00,11742.51
2026-03-19T16:00:00+00:00,11742.51
2026-03-19T16:00:00+00:00,11742.51
2026-03-19T16:00:00+00:00,11742.51
2026-03-19T16:15:00+00:00,11742.51
2026-03-19T16:15:00+00:00,11742.51
2026-03-19T16:15:00+00:00,11742.51
2026-03-19T16:30:00+00:00,11742.51
2026-03-19T16:30:00+00:00,11742.51
2026-03-19T16:30:00+00:00,11742.51
2026-03-19T16:45:00+00:00,11742.51
2026-03-19T16:45:00+00:00,11742.51
2026-03-19T16:45:00+00:00,11742.51
2026-03-19T17:00:00+00:00,11742.51
2026-03-19T17:00:00+00:00,11742.51
2026-03-19T17:00:00+00:00,11742.51
2026-03-19T17:15:00+00:00,11742.51
2026-03-19T17:15:00+00:00,11742.51
2026-03-19T17:15:00+00:00,11742.51
2026-03-19T17:30:00+00:00,11742.51
2026-03-19T17:30:00+00:00,11742.51
2026-03-19T17:30:00+00:00,11742.51
2026-03-19T17:45:00+00:00,11742.51
2026-03-19T17:45:00+00:00,11742.51
2026-03-19T17:45:00+00:00,11742.51
2026-03-19T18:00:00+00:00,11742.51
2026-03-19T18:00:00+00:00,11742.51
2026-03-19T18:00:00+00:00,11742.51
2026-03-19T18:15:00+00:00,11742.51
2026-03-19T18:15:00+00:00,11742.51
2026-03-19T18:15:00+00:00,11742.51
2026-03-19T18:30:00+00:00,11742.51
2026-03-19T18:30:00+00:00,11742.51
2026-03-19T18:30:00+00:00,11742.51
2026-03-19T18:45:00+00:00,11742.51
2026-03-19T18:45:00+00:00,11742.51
2026-03-19T18:45:00+00:00,11742.51
2026-03-19T19:00:00+00:00,11742.51
2026-03-19T19:00:00+00:00,11742.51
2026-03-19T19:00:00+00:00,11742.51
2026-03-19T19:15:00+00:00,11742.51
2026-03-19T19:15:00+00:00,11742.51
2026-03-19T19:15:00+00:00,11742.51
2026-03-19T19:30:00+00:00,11742.51
2026-03-19T19:30:00+00:00,11742.51
2026-03-19T19:30:00+00:00,11742.51
2026-03-19T19:45:00+00:00,11742.51
2026-03-19T19:45:00+00:00,11742.51
2026-03-19T19:45:00+00:00,11742.51
2026-03-19T20:00:00+00:00,11742.51
2026-03-19T20:00:00+00:00,11742.51
2026-03-19T20:00:00+00:00,11742.51
2026-03-19T20:15:00+00:00,11742.51
2026-03-19T20:15:00+00:00,11742.51
2026-03-19T20:15:00+00:00,11742.51
2026-03-19T20:30:00+00:00,11742.51
2026-03-19T20:30:00+00:00,11742.51
2026-03-19T20:30:00+00:00,11742.51
2026-03-19T20:45:00+00:00,11742.51
2026-03-19T20:45:00+00:00,11742.51
2026-03-19T20:45:00+00:00,11742.51
2026-03-19T21:00:00+00:00,11742.51
2026-03-19T21:00:00+00:00,11742.51
2026-03-19T21:00:00+00:00,11742.51
2026-03-19T21:15:00+00:00,11742.51
2026-03-19T21:15:00+00:00,11742.51
2026-03-19T21:15:00+00:00,11742.51
2026-03-19T21:30:00+00:00,11742.51
2026-03-19T21:30:00+00:00,11742.51
2026-03-19T21:30:00+00:00,11742.51
2026-03-19T21:45:00+00:00,11742.51
2026-03-19T21:45:00+00:00,11742.51
2026-03-19T21:45:00+00:00,11742.51
2026-03-19T22:00:00+00:00,11742.51
2026-03-19T22:00:00+00:00,11720.16
2026-03-19T22:00:00+00:00,11720.16
2026-03-19T22:15:00+00:00,11720.16
2026-03-19T22:15:00+00:00,11734.30
2026-03-19T22:15:00+00:00,11734.30
2026-03-19T22:30:00+00:00,11734.30
2026-03-19T22:30:00+00:00,11824.84
2026-03-19T22:30:00+00:00,11824.84
2026-03-19T22:45:00+00:00,11824.84
2026-03-19T22:45:00+00:00,11787.38
2026-03-19T22:45:00+00:00,11787.38
2026-03-19T23:00:00+00:00,11787.46
2026-03-19T23:00:00+00:00,11729.80
2026-03-19T23:00:00+00:00,11729.80
2026-03-19T23:15:00+00:00,11729.80
2026-03-19T23:15:00+00:00,11730.35
2026-03-19T23:15:00+00:00,11730.35
2026-03-19T23:30:00+00:00,11730.35
2026-03-19T23:30:00+00:00,11730.35
2026-03-19T23:30:00+00:00,11730.35
2026-03-19T23:45:00+00:00,11730.35
2026-03-19T23:45:00+00:00,11730.35
2026-03-19T23:45:00+00:00,11730.35
2026-03-20T00:00:00+00:00,11730.35
2026-03-20T00:00:00+00:00,11649.82
2026-03-20T00:00:00+00:00,11649.82
2026-03-20T00:15:00+00:00,11649.82
2026-03-20T00:15:00+00:00,11673.59
2026-03-20T00:15:00+00:00,11673.59
2026-03-20T00:30:00+00:00,11673.59
2026-03-20T00:30:00+00:00,11659.55
2026-03-20T00:30:00+00:00,11659.55
2026-03-20T00:45:00+00:00,11659.55
2026-03-20T00:45:00+00:00,11640.08
2026-03-20T00:45:00+00:00,11640.08
2026-03-20T01:00:00+00:00,11640.17
2026-03-20T01:00:00+00:00,11617.11
2026-03-20T01:00:00+00:00,11617.11
2026-03-20T01:15:00+00:00,11617.11
2026-03-20T01:15:00+00:00,11633.29
2026-03-20T01:15:00+00:00,11633.29
2026-03-20T01:30:00+00:00,11633.29
2026-03-20T01:30:00+00:00,11605.52
2026-03-20T01:30:00+00:00,11605.52
2026-03-20T01:45:00+00:00,11605.52
2026-03-20T01:45:00+00:00,11631.86
2026-03-20T01:45:00+00:00,11631.86
2026-03-20T02:00:00+00:00,11632.01
2026-03-20T02:00:00+00:00,11645.47
2026-03-20T02:00:00+00:00,11645.47
2026-03-20T02:15:00+00:00,11645.47
2026-03-20T02:15:00+00:00,11684.56
2026-03-20T02:15:00+00:00,11684.56
2026-03-20T02:30:00+00:00,11684.56
2026-03-20T02:30:00+00:00,11666.24
2026-03-20T02:30:00+00:00,11666.24
2026-03-20T02:45:00+00:00,11666.24
2026-03-20T02:45:00+00:00,11655.07
2026-03-20T02:45:00+00:00,11655.07
2026-03-20T03:00:00+00:00,11655.17
2026-03-20T03:00:00+00:00,11654.24
2026-03-20T03:00:00+00:00,11654.24
2026-03-20T03:15:00+00:00,11654.24
2026-03-20T03:15:00+00:00,11645.65
2026-03-20T03:15:00+00:00,11645.65
2026-03-20T03:30:00+00:00,11645.65
2026-03-20T03:30:00+00:00,11648.18
2026-03-20T03:30:00+00:00,11648.18
2026-03-20T03:45:00+00:00,11648.18
2026-03-20T03:45:00+00:00,11646.81
2026-03-20T03:45:00+00:00,11646.81
2026-03-20T04:00:00+00:00,11646.81
2026-03-20T04:00:00+00:00,11646.27
2026-03-20T04:00:00+00:00,11646.27
2026-03-20T04:15:00+00:00,11646.27
2026-03-20T04:15:00+00:00,11646.48
2026-03-20T04:15:00+00:00,11646.48
2026-03-20T04:30:00+00:00,11646.48
2026-03-20T04:30:00+00:00,11647.36
2026-03-20T04:30:00+00:00,11647.36
2026-03-20T04:45:00+00:00,11647.36
2026-03-20T04:45:00+00:00,11647.11
2026-03-20T04:45:00+00:00,11647.11
2026-03-20T05:00:00+00:00,11647.11
2026-03-20T05:00:00+00:00,11647.09
2026-03-20T05:00:00+00:00,11647.09
2026-03-20T05:15:00+00:00,11647.09
2026-03-20T05:15:00+00:00,11647.13
2026-03-20T05:15:00+00:00,11647.13
2026-03-20T05:30:00+00:00,11647.13
2026-03-20T05:30:00+00:00,11647.10
2026-03-20T05:30:00+00:00,11647.10
2026-03-20T05:45:00+00:00,11647.10
2026-03-20T05:45:00+00:00,11647.11
2026-03-20T05:45:00+00:00,11647.11
2026-03-20T06:00:00+00:00,11647.11
2026-03-20T06:00:00+00:00,11647.11
2026-03-20T06:00:00+00:00,11647.11
2026-03-20T06:15:00+00:00,11647.11
2026-03-20T06:15:00+00:00,11647.11
2026-03-20T06:15:00+00:00,11647.11
2026-03-20T06:30:00+00:00,11647.11
2026-03-20T06:30:00+00:00,11647.11
2026-03-20T06:30:00+00:00,11647.11
2026-03-20T06:45:00+00:00,11647.11
2026-03-20T06:45:00+00:00,11647.11
2026-03-20T06:45:00+00:00,11647.11
2026-03-20T07:00:00+00:00,11647.11
2026-03-20T07:00:00+00:00,11647.11
2026-03-20T07:00:00+00:00,11647.11
2026-03-20T07:15:00+00:00,11647.11
2026-03-20T07:15:00+00:00,11647.11
2026-03-20T07:15:00+00:00,11647.11
2026-03-20T07:30:00+00:00,11647.11
2026-03-20T07:30:00+00:00,11647.11
2026-03-20T07:30:00+00:00,11647.11
2026-03-20T07:45:00+00:00,11647.11
2026-03-20T07:45:00+00:00,11647.11
2026-03-20T07:45:00+00:00,11647.11
2026-03-20T08:00:00+00:00,11647.11
2026-03-20T08:00:00+00:00,11647.11
2026-03-20T08:00:00+00:00,11647.11
2026-03-20T08:15:00+00:00,11647.11
2026-03-20T08:15:00+00:00,11647.11
2026-03-20T08:15:00+00:00,11647.11
2026-03-20T08:30:00+00:00,11647.11
2026-03-20T08:30:00+00:00,11647.11
2026-03-20T08:30:00+00:00,11647.11
2026-03-20T08:45:00+00:00,11647.11
2026-03-20T08:45:00+00:00,11647.11
2026-03-20T08:45:00+00:00,11647.11
2026-03-20T09:00:00+00:00,11647.11
2026-03-20T09:00:00+00:00,11647.11
2026-03-20T09:00:00+00:00,11647.11
2026-03-20T09:15:00+00:00,11647.11
2026-03-20T09:15:00+00:00,11647.11
2026-03-20T09:15:00+00:00,11647.11
2026-03-20T09:30:00+00:00,11647.11
2026-03-20T09:30:00+00:00,11647.11
2026-03-20T09:30:00+00:00,11647.11
2026-03-20T09:45:00+00:00,11647.11
2026-03-20T09:45:00+00:00,11647.11
2026-03-20T09:45:00+00:00,11647.11
2026-03-20T10:00:00+00:00,11647.11
2026-03-20T10:00:00+00:00,11647.11
2026-03-20T10:00:00+00:00,11647.11
2026-03-20T10:15:00+00:00,11647.11
2026-03-20T10:15:00+00:00,11647.11
2026-03-20T10:15:00+00:00,11647.11
2026-03-20T10:30:00+00:00,11647.11
2026-03-20T10:30:00+00:00,11647.11
2026-03-20T10:30:00+00:00,11647.11
2026-03-20T10:45:00+00:00,11647.11
2026-03-20T10:45:00+00:00,11647.11
2026-03-20T10:45:00+00:00,11647.11
2026-03-20T11:00:00+00:00,11647.11
2026-03-20T11:00:00+00:00,11647.11
2026-03-20T11:00:00+00:00,11647.11
2026-03-20T11:15:00+00:00,11647.11
2026-03-20T11:15:00+00:00,11647.11
2026-03-20T11:15:00+00:00,11647.11
2026-03-20T11:30:00+00:00,11647.11
2026-03-20T11:30:00+00:00,11647.11
2026-03-20T11:30:00+00:00,11647.11
2026-03-20T11:45:00+00:00,11647.11
2026-03-20T11:45:00+00:00,11647.11
2026-03-20T11:45:00+00:00,11647.11
2026-03-20T12:00:00+00:00,11647.11
2026-03-20T12:00:00+00:00,11647.11
2026-03-20T12:00:00+00:00,11647.11
2026-03-20T12:15:00+00:00,11647.11
2026-03-20T12:15:00+00:00,11647.11
2026-03-20T12:15:00+00:00,11647.11
2026-03-20T12:30:00+00:00,11647.11
2026-03-20T12:30:00+00:00,11647.11
2026-03-20T12:30:00+00:00,11647.11
2026-03-20T12:45:00+00:00,11647.11
2026-03-20T12:45:00+00:00,11647.11
2026-03-20T12:45:00+00:00,11647.11
2026-03-20T13:00:00+00:00,11647.11
2026-03-20T13:00:00+00:00,11647.11
2026-03-20T13:00:00+00:00,11647.11
2026-03-20T13:15:00+00:00,11647.11
2026-03-20T13:15:00+00:00,11647.11
2026-03-20T13:15:00+00:00,11647.11
2026-03-20T13:30:00+00:00,11647.11
2026-03-20T13:30:00+00:00,11647.11
2026-03-20T13:30:00+00:00,11647.11
2026-03-20T13:45:00+00:00,11647.11
2026-03-20T13:45:00+00:00,11647.11
2026-03-20T13:45:00+00:00,11647.11
2026-03-20T14:00:00+00:00,11647.11
2026-03-20T14:00:00+00:00,11647.11
2026-03-20T14:00:00+00:00,11647.11
2026-03-20T14:15:00+00:00,11647.11
2026-03-20T14:15:00+00:00,11647.11
2026-03-20T14:15:00+00:00,11647.11
2026-03-20T14:30:00+00:00,11647.11
2026-03-20T14:30:00+00:00,11647.11
2026-03-20T14:30:00+00:00,11647.11
2026-03-20T14:45:00+00:00,11647.11
2026-03-20T14:45:00+00:00,11647.11
2026-03-20T14:45:00+00:00,11647.11
2026-03-20T15:00:00+00:00,11647.11
2026-03-20T15:00:00+00:00,11647.11
2026-03-20T15:00:00+00:00,11647.11
2026-03-20T15:15:00+00:00,11647.11
2026-03-20T15:15:00+00:00,11647.11
2026-03-20T15:15:00+00:00,11647.11
2026-03-20T15:30:00+00:00,11647.11
2026-03-20T15:30:00+00:00,11647.11
2026-03-20T15:30:00+00:00,11647.11
2026-03-20T15:45:00+00:00,11647.11
2026-03-20T15:45:00+00:00,11647.11
2026-03-20T15:45:00+00:00,11647.11
2026-03-20T16:00:00+00:00,11647.11
2026-03-20T16:00:00+00:00,11647.11
2026-03-20T16:00:00+00:00,11647.11
2026-03-20T16:15:00+00:00,11647.11
2026-03-20T16:15:00+00:00,11647.11
2026-03-20T16:15:00+00:00,11647.11
2026-03-20T16:30:00+00:00,11647.11
2026-03-20T16:30:00+00:00,11647.11
2026-03-20T16:30:00+00:00,11647.11
2026-03-20T16:45:00+00:00,11647.11
2026-03-20T16:45:00+00:00,11647.11
2026-03-20T16:45:00+00:00,11647.11
2026-03-20T17:00:00+00:00,11647.11
2026-03-20T17:00:00+00:00,11647.11
2026-03-20T17:00:00+00:00,11647.11
2026-03-20T17:15:00+00:00,11647.11
2026-03-20T17:15:00+00:00,11647.11
2026-03-20T17:15:00+00:00,11647.11
2026-03-20T17:30:00+00:00,11647.11
2026-03-20T17:30:00+00:00,11647.11
2026-03-20T17:30:00+00:00,11647.11
2026-03-20T17:45:00+00:00,11647.11
2026-03-20T17:45:00+00:00,11647.11
2026-03-20T17:45:00+00:00,11647.11
2026-03-20T18:00:00+00:00,11647.11
2026-03-20T18:00:00+00:00,11647.11
2026-03-20T18:00:00+00:00,11647.11
2026-03-20T18:15:00+00:00,11647.11
2026-03-20T18:15:00+00:00,11647.11
2026-03-20T18:15:00+00:00,11647.11
2026-03-20T18:30:00+00:00,11647.11
2026-03-20T18:30:00+00:00,11647.11
2026-03-20T18:30:00+00:00,11647.11
2026-03-20T18:45:00+00:00,11647.11
2026-03-20T18:45:00+00:00,11647.11
2026-03-20T18:45:00+00:00,11647.11
2026-03-20T19:00:00+00:00,11647.11
2026-03-20T19:00:00+00:00,11647.11
2026-03-20T19:00:00+00:00,11647.11
2026-03-20T19:15:00+00:00,11647.11
2026-03-20T19:15:00+00:00,11647.11
2026-03-20T19:15:00+00:00,11647.11
2026-03-20T19:30:00+00:00,11647.11
2026-03-20T19:30:00+00:00,11647.11
2026-03-20T19:30:00+00:00,11647.11
2026-03-20T19:45:00+00:00,11647.11
2026-03-20T19:45:00+00:00,11647.11
2026-03-20T19:45:00+00:00,11647.11
2026-03-20T20:00:00+00:00,11647.11
2026-03-20T20:00:00+00:00,11647.11
2026-03-20T20:00:00+00:00,11647.11
2026-03-20T20:15:00+00:00,11647.11
2026-03-20T20:15:00+00:00,11647.11
2026-03-20T20:15:00+00:00,11647.11
2026-03-20T20:30:00+00:00,11647.11
2026-03-20T20:30:00+00:00,11647.11
2026-03-20T20:30:00+00:00,11647.11
2026-03-20T20:45:00+00:00,11647.11
2026-03-20T20:45:00+00:00,11647.11
2026-03-20T20:45:00+00:00,11647.11
2026-03-20T21:00:00+00:00,11647.11
2026-03-20T21:00:00+00:00,11647.11
2026-03-20T21:00:00+00:00,11647.11
2026-03-20T21:15:00+00:00,11647.11
2026-03-20T21:15:00+00:00,11647.11
2026-03-20T21:15:00+00:00,11647.11
2026-03-20T21:30:00+00:00,11647.11
2026-03-20T21:30:00+00:00,11647.11
2026-03-20T21:30:00+00:00,11647.11
2026-03-20T21:45:00+00:00,11647.11
2026-03-20T21:45:00+00:00,11647.11
2026-03-20T21:45:00+00:00,11647.11
2026-03-20T22:00:00+00:00,11647.11
2026-03-20T22:00:00+00:00,11647.11
2026-03-20T22:00:00+00:00,11647.11
2026-03-20T22:15:00+00:00,11647.11
2026-03-20T22:15:00+00:00,11647.11
2026-03-20T22:15:00+00:00,11647.11
2026-03-20T22:30:00+00:00,11647.11
2026-03-20T22:30:00+00:00,11647.11
2026-03-20T22:30:00+00:00,11647.11
2026-03-20T22:45:00+00:00,11647.11
2026-03-20T22:45:00+00:00,11647.11
2026-03-20T22:45:00+00:00,11647.11
2026-03-20T23:00:00+00:00,11647.11
2026-03-20T23:00:00+00:00,11647.11
2026-03-20T23:00:00+00:00,11647.11
2026-03-20T23:15:00+00:00,11647.11
2026-03-20T23:15:00+00:00,11647.11
2026-03-20T23:15:00+00:00,11647.11
2026-03-20T23:30:00+00:00,11647.11
2026-03-20T23:30:00+00:00,11647.11
2026-03-20T23:30:00+00:00,11647.11
2026-03-20T23:45:00+00:00,11647.11
2026-03-20T23:45:00+00:00,11647.11
2026-03-20T23:45:00+00:00,11647.11
2026-03-21T00:00:00+00:00,11647.11
2026-03-21T00:00:00+00:00,11647.11
2026-03-21T00:00:00+00:00,11647.11
2026-03-21T00:15:00+00:00,11647.11
2026-03-21T00:15:00+00:00,11647.11
2026-03-21T00:15:00+00:00,11647.11
2026-03-21T00:30:00+00:00,11647.11
2026-03-21T00:30:00+00:00,11647.11
2026-03-21T00:30:00+00:00,11647.11
2026-03-21T00:45:00+00:00,11647.11
2026-03-21T00:45:00+00:00,11647.11
2026-03-21T00:45:00+00:00,11647.11
2026-03-21T01:00:00+00:00,11647.11
2026-03-21T01:00:00+00:00,11647.11
2026-03-21T01:00:00+00:00,11647.11
2026-03-21T01:15:00+00:00,11647.11
2026-03-21T01:15:00+00:00,11647.11
2026-03-21T01:15:00+00:00,11647.11
2026-03-21T01:30:00+00:00,11647.11
2026-03-21T01:30:00+00:00,11647.11
2026-03-21T01:30:00+00:00,11647.11
2026-03-21T01:45:00+00:00,11647.11
2026-03-21T01:45:00+00:00,11647.11
2026-03-21T01:45:00+00:00,11647.11
2026-03-21T02:00:00+00:00,11647.11
2026-03-21T02:00:00+00:00,11647.11
2026-03-21T02:00:00+00:00,11647.11
2026-03-21T02:15:00+00:00,11647.11
2026-03-21T02:15:00+00:00,11647.11
2026-03-21T02:15:00+00:00,11647.11
2026-03-21T02:30:00+00:00,11647.11
2026-03-21T02:30:00+00:00,11647.11
2026-03-21T02:30:00+00:00,11647.11
2026-03-21T02:45:00+00:00,11647.11
2026-03-21T02:45:00+00:00,11647.11
2026-03-21T02:45:00+00:00,11647.11
2026-03-21T03:00:00+00:00,11647.11
2026-03-21T03:00:00+00:00,11647.11
2026-03-21T03:00:00+00:00,11647.11
2026-03-21T03:15:00+00:00,11647.11
2026-03-21T03:15:00+00:00,11647.11
2026-03-21T03:15:00+00:00,11647.11
2026-03-21T03:30:00+00:00,11647.11
2026-03-21T03:30:00+00:00,11647.11
2026-03-21T03:30:00+00:00,11647.11
2026-03-21T03:45:00+00:00,11647.11
2026-03-21T03:45:00+00:00,11647.11
2026-03-21T03:45:00+00:00,11647.11
2026-03-21T04:00:00+00:00,11647.11
2026-03-21T04:00:00+00:00,11647.11
2026-03-21T04:00:00+00:00,11647.11
2026-03-21T04:15:00+00:00,11647.11
2026-03-21T04:15:00+00:00,11647.11
2026-03-21T04:15:00+00:00,11647.11
2026-03-21T04:30:00+00:00,11647.11
2026-03-21T04:30:00+00:00,11647.11
2026-03-21T04:30:00+00:00,11647.11
2026-03-21T04:45:00+00:00,11647.11
2026-03-21T04:45:00+00:00,11647.11
2026-03-21T04:45:00+00:00,11647.11
2026-03-21T05:00:00+00:00,11647.11
2026-03-21T05:00:00+00:00,11647.11
2026-03-21T05:00:00+00:00,11647.11
2026-03-21T05:15:00+00:00,11647.11
2026-03-21T05:15:00+00:00,11647.11
2026-03-21T05:15:00+00:00,11647.11
2026-03-21T05:30:00+00:00,11647.11
2026-03-21T05:30:00+00:00,11647.11
2026-03-21T05:30:00+00:00,11647.11
2026-03-21T05:45:00+00:00,11647.11
2026-03-21T05:45:00+00:00,11647.11
2026-03-21T05:45:00+00:00,11647.11
2026-03-21T06:00:00+00:00,11647.11
2026-03-21T06:00:00+00:00,11647.11
2026-03-21T06:00:00+00:00,11647.11
2026-03-21T06:15:00+00:00,11647.11
2026-03-21T06:15:00+00:00,11647.11
2026-03-21T06:15:00+00:00,11647.11
2026-03-21T06:30:00+00:00,11647.11
2026-03-21T06:30:00+00:00,11647.11
2026-03-21T06:30:00+00:00,11647.11
2026-03-21T06:45:00+00:00,11647.11
2026-03-21T06:45:00+00:00,11647.11
2026-03-21T06:45:00+00:00,11647.11
2026-03-21T07:00:00+00:00,11647.11
2026-03-21T07:00:00+00:00,11647.11
2026-03-21T07:00:00+00:00,11647.11
2026-03-21T07:15:00+00:00,11647.11
2026-03-21T07:15:00+00:00,11647.11
2026-03-21T07:15:00+00:00,11647.11
2026-03-21T07:30:00+00:00,11647.11
2026-03-21T07:30:00+00:00,11647.11
2026-03-21T07:30:00+00:00,11647.11
2026-03-21T07:45:00+00:00,11647.11
2026-03-21T07:45:00+00:00,11647.11
2026-03-21T07:45:00+00:00,11647.11
2026-03-21T08:00:00+00:00,11647.11
2026-03-21T08:00:00+00:00,11647.11
2026-03-21T08:00:00+00:00,11647.11
2026-03-21T08:15:00+00:00,11647.11
2026-03-21T08:15:00+00:00,11647.11
2026-03-21T08:15:00+00:00,11647.11
2026-03-21T08:30:00+00:00,11647.11
2026-03-21T08:30:00+00:00,11647.11
2026-03-21T08:30:00+00:00,11647.11
2026-03-21T08:45:00+00:00,11647.11
2026-03-21T08:45:00+00:00,11647.11
2026-03-21T08:45:00+00:00,11647.11
2026-03-21T09:00:00+00:00,11647.11
2026-03-21T09:00:00+00:00,11647.11
2026-03-21T09:00:00+00:00,11647.11
2026-03-21T09:15:00+00:00,11647.11
2026-03-21T09:15:00+00:00,11647.11
2026-03-21T09:15:00+00:00,11647.11
2026-03-21T09:30:00+00:00,11647.11
2026-03-21T09:30:00+00:00,11647.11
2026-03-21T09:30:00+00:00,11647.11
2026-03-21T09:45:00+00:00,11647.11
2026-03-21T09:45:00+00:00,11647.11
2026-03-21T09:45:00+00:00,11647.11
2026-03-21T10:00:00+00:00,11647.11
2026-03-21T10:00:00+00:00,11647.11
2026-03-21T10:00:00+00:00,11647.11
2026-03-21T10:15:00+00:00,11647.11
2026-03-21T10:15:00+00:00,11647.11
2026-03-21T10:15:00+00:00,11647.11
2026-03-21T10:30:00+00:00,11647.11
2026-03-21T10:30:00+00:00,11647.11
2026-03-21T10:30:00+00:00,11647.11
2026-03-21T10:45:00+00:00,11647.11
2026-03-21T10:45:00+00:00,11647.11
2026-03-21T10:45:00+00:00,11647.11
2026-03-21T11:00:00+00:00,11647.11
2026-03-21T11:00:00+00:00,11647.11
2026-03-21T11:00:00+00:00,11647.11
2026-03-21T11:15:00+00:00,11647.11
2026-03-21T11:15:00+00:00,11647.11
2026-03-21T11:15:00+00:00,11647.11
2026-03-21T11:30:00+00:00,11647.11
2026-03-21T11:30:00+00:00,11647.11
2026-03-21T11:30:00+00:00,11647.11
2026-03-21T11:45:00+00:00,11647.11
2026-03-21T11:45:00+00:00,11647.11
2026-03-21T11:45:00+00:00,11647.11
2026-03-21T12:00:00+00:00,11647.11
2026-03-21T12:00:00+00:00,11647.11
2026-03-21T12:00:00+00:00,11647.11
2026-03-21T12:15:00+00:00,11647.11
2026-03-21T12:15:00+00:00,11647.11
2026-03-21T12:15:00+00:00,11647.11
2026-03-21T12:30:00+00:00,11647.11
2026-03-21T12:30:00+00:00,11647.11
2026-03-21T12:30:00+00:00,11647.11
2026-03-21T12:45:00+00:00,11647.11
2026-03-21T12:45:00+00:00,11647.11
2026-03-21T12:45:00+00:00,11647.11
2026-03-21T13:00:00+00:00,11647.11
2026-03-21T13:00:00+00:00,11647.11
2026-03-21T13:00:00+00:00,11647.11
2026-03-21T13:15:00+00:00,11647.11
2026-03-21T13:15:00+00:00,11647.11
2026-03-21T13:15:00+00:00,11647.11
2026-03-21T13:30:00+00:00,11647.11
2026-03-21T13:30:00+00:00,11647.11
2026-03-21T13:30:00+00:00,11647.11
2026-03-21T13:45:00+00:00,11647.11
2026-03-21T13:45:00+00:00,11647.11
2026-03-21T13:45:00+00:00,11647.11
2026-03-21T14:00:00+00:00,11647.11
2026-03-21T14:00:00+00:00,11647.11
2026-03-21T14:00:00+00:00,11647.11
2026-03-21T14:15:00+00:00,11647.11
2026-03-21T14:15:00+00:00,11647.11
2026-03-21T14:15:00+00:00,11647.11
2026-03-21T14:30:00+00:00,11647.11
2026-03-21T14:30:00+00:00,11647.11
2026-03-21T14:30:00+00:00,11647.11
2026-03-21T14:45:00+00:00,11647.11
2026-03-21T14:45:00+00:00,11647.11
2026-03-21T14:45:00+00:00,11647.11
2026-03-21T15:00:00+00:00,11647.11
2026-03-21T15:00:00+00:00,11647.11
2026-03-21T15:00:00+00:00,11647.11
2026-03-21T15:15:00+00:00,11647.11
2026-03-21T15:15:00+00:00,11647.11
2026-03-21T15:15:00+00:00,11647.11
2026-03-21T15:30:00+00:00,11647.11
2026-03-21T15:30:00+00:00,11647.11
2026-03-21T15:30:00+00:00,11647.11
2026-03-21T15:45:00+00:00,11647.11
2026-03-21T15:45:00+00:00,11647.11
2026-03-21T15:45:00+00:00,11647.11
2026-03-21T16:00:00+00:00,11647.11
2026-03-21T16:00:00+00:00,11647.11
2026-03-21T16:00:00+00:00,11647.11
2026-03-21T16:15:00+00:00,11647.11
2026-03-21T16:15:00+00:00,11647.11
2026-03-21T16:15:00+00:00,11647.11
2026-03-21T16:30:00+00:00,11647.11
2026-03-21T16:30:00+00:00,11647.11
2026-03-21T16:30:00+00:00,11647.11
2026-03-21T16:45:00+00:00,11647.11
2026-03-21T16:45:00+00:00,11647.11
2026-03-21T16:45:00+00:00,11647.11
2026-03-21T17:00:00+00:00,11647.11
2026-03-21T17:00:00+00:00,11647.11
2026-03-21T17:00:00+00:00,11647.11
2026-03-21T17:15:00+00:00,11647.11
2026-03-21T17:15:00+00:00,11647.11
2026-03-21T17:15:00+00:00,11647.11
2026-03-21T17:30:00+00:00,11647.11
2026-03-21T17:30:00+00:00,11647.11
2026-03-21T17:30:00+00:00,11647.11
2026-03-21T17:45:00+00:00,11647.11
2026-03-21T17:45:00+00:00,11647.11
2026-03-21T17:45:00+00:00,11647.11
2026-03-21T18:00:00+00:00,11647.11
2026-03-21T18:00:00+00:00,11647.11
2026-03-21T18:00:00+00:00,11647.11
2026-03-21T18:15:00+00:00,11647.11
2026-03-21T18:15:00+00:00,11647.11
2026-03-21T18:15:00+00:00,11647.11
2026-03-21T18:30:00+00:00,11647.11
2026-03-21T18:30:00+00:00,11647.11
2026-03-21T18:30:00+00:00,11647.11
2026-03-21T18:45:00+00:00,11647.11
2026-03-21T18:45:00+00:00,11647.11
2026-03-21T18:45:00+00:00,11647.11
2026-03-21T19:00:00+00:00,11647.11
2026-03-21T19:00:00+00:00,11647.11
2026-03-21T19:00:00+00:00,11647.11
2026-03-21T19:15:00+00:00,11647.11
2026-03-21T19:15:00+00:00,11647.11
2026-03-21T19:15:00+00:00,11647.11
2026-03-21T19:30:00+00:00,11647.11
2026-03-21T19:30:00+00:00,11647.11
2026-03-21T19:30:00+00:00,11647.11
2026-03-21T19:45:00+00:00,11647.11
2026-03-21T19:45:00+00:00,11647.11
2026-03-21T19:45:00+00:00,11647.11
2026-03-21T20:00:00+00:00,11647.11
2026-03-21T20:00:00+00:00,11647.11
2026-03-21T20:00:00+00:00,11647.11
2026-03-21T20:15:00+00:00,11647.11
2026-03-21T20:15:00+00:00,11647.11
2026-03-21T20:15:00+00:00,11647.11
2026-03-21T20:30:00+00:00,11647.11
2026-03-21T20:30:00+00:00,11647.11
2026-03-21T20:30:00+00:00,11647.11
2026-03-21T20:45:00+00:00,11647.11
2026-03-21T20:45:00+00:00,11647.11
2026-03-21T20:45:00+00:00,11647.11
2026-03-21T21:00:00+00:00,11647.11
2026-03-21T21:00:00+00:00,11647.11
2026-03-21T21:00:00+00:00,11647.11
2026-03-21T21:15:00+00:00,11647.11
2026-03-21T21:15:00+00:00,11647.11
2026-03-21T21:15:00+00:00,11647.11
2026-03-21T21:30:00+00:00,11647.11
2026-03-21T21:30:00+00:00,11647.11
2026-03-21T21:30:00+00:00,11647.11
2026-03-21T21:45:00+00:00,11647.11
2026-03-21T21:45:00+00:00,11647.11
2026-03-21T21:45:00+00:00,11647.11
2026-03-21T22:00:00+00:00,11647.11
2026-03-21T22:00:00+00:00,11647.11
2026-03-21T22:00:00+00:00,11647.11
2026-03-21T22:15:00+00:00,11647.11
2026-03-21T22:15:00+00:00,11647.11
2026-03-21T22:15:00+00:00,11647.11
2026-03-21T22:30:00+00:00,11647.11
2026-03-21T22:30:00+00:00,11647.11
2026-03-21T22:30:00+00:00,11647.11
2026-03-21T22:45:00+00:00,11647.11
2026-03-21T22:45:00+00:00,11647.11
2026-03-21T22:45:00+00:00,11647.11
2026-03-21T23:00:00+00:00,11647.11
2026-03-21T23:00:00+00:00,11647.11
2026-03-21T23:00:00+00:00,11647.11
2026-03-21T23:15:00+00:00,11647.11
2026-03-21T23:15:00+00:00,11647.11
2026-03-21T23:15:00+00:00,11647.11
2026-03-21T23:30:00+00:00,11647.11
2026-03-21T23:30:00+00:00,11647.11
2026-03-21T23:30:00+00:00,11647.11
2026-03-21T23:45:00+00:00,11647.11
2026-03-21T23:45:00+00:00,11647.11
2026-03-21T23:45:00+00:00,11647.11
2026-03-22T00:00:00+00:00,11647.11
2026-03-22T00:00:00+00:00,11647.11
2026-03-22T00:00:00+00:00,11647.11
2026-03-22T00:15:00+00:00,11647.11
2026-03-22T00:15:00+00:00,11647.11
2026-03-22T00:15:00+00:00,11647.11
2026-03-22T00:30:00+00:00,11647.11
2026-03-22T00:30:00+00:00,11647.11
2026-03-22T00:30:00+00:00,11647.11
2026-03-22T00:45:00+00:00,11647.11
2026-03-22T00:45:00+00:00,11647.11
2026-03-22T00:45:00+00:00,11647.11
2026-03-22T01:00:00+00:00,11647.11
2026-03-22T01:00:00+00:00,11647.11
2026-03-22T01:00:00+00:00,11647.11
2026-03-22T01:15:00+00:00,11647.11
2026-03-22T01:15:00+00:00,11647.11
2026-03-22T01:15:00+00:00,11647.11
2026-03-22T01:30:00+00:00,11647.11
2026-03-22T01:30:00+00:00,11647.11
2026-03-22T01:30:00+00:00,11647.11
2026-03-22T01:45:00+00:00,11647.11
2026-03-22T01:45:00+00:00,11647.11
2026-03-22T01:45:00+00:00,11647.11
2026-03-22T02:00:00+00:00,11647.11
2026-03-22T02:00:00+00:00,11647.11
2026-03-22T02:00:00+00:00,11647.11
2026-03-22T02:15:00+00:00,11647.11
2026-03-22T02:15:00+00:00,11647.11
2026-03-22T02:15:00+00:00,11647.11
2026-03-22T02:30:00+00:00,11647.11
2026-03-22T02:30:00+00:00,11647.11
2026-03-22T02:30:00+00:00,11647.11
2026-03-22T02:45:00+00:00,11647.11
2026-03-22T02:45:00+00:00,11647.11
2026-03-22T02:45:00+00:00,11647.11
2026-03-22T03:00:00+00:00,11647.11
2026-03-22T03:00:00+00:00,11647.11
2026-03-22T03:00:00+00:00,11647.11
2026-03-22T03:15:00+00:00,11647.11
2026-03-22T03:15:00+00:00,11647.11
2026-03-22T03:15:00+00:00,11647.11
2026-03-22T03:30:00+00:00,11647.11
2026-03-22T03:30:00+00:00,11647.11
2026-03-22T03:30:00+00:00,11647.11
2026-03-22T03:45:00+00:00,11647.11
2026-03-22T03:45:00+00:00,11647.11
2026-03-22T03:45:00+00:00,11647.11
2026-03-22T04:00:00+00:00,11647.11
2026-03-22T04:00:00+00:00,11647.11
2026-03-22T04:00:00+00:00,11647.11
2026-03-22T04:15:00+00:00,11647.11
2026-03-22T04:15:00+00:00,11647.11
2026-03-22T04:15:00+00:00,11647.11
2026-03-22T04:30:00+00:00,11647.11
2026-03-22T04:30:00+00:00,11647.11
2026-03-22T04:30:00+00:00,11647.11
2026-03-22T04:45:00+00:00,11647.11
2026-03-22T04:45:00+00:00,11647.11
2026-03-22T04:45:00+00:00,11647.11
2026-03-22T05:00:00+00:00,11636.58
2026-03-22T05:00:00+00:00,11667.64
2026-03-22T05:00:00+00:00,11667.64
2026-03-22T05:15:00+00:00,11681.50
2026-03-22T05:15:00+00:00,11714.14
2026-03-22T05:15:00+00:00,11714.14
2026-03-22T05:30:00+00:00,11726.11
2026-03-22T05:30:00+00:00,11735.88
2026-03-22T05:30:00+00:00,11735.88
2026-03-22T05:45:00+00:00,11745.33
2026-03-22T05:45:00+00:00,11752.34
2026-03-22T05:45:00+00:00,11752.34
2026-03-22T06:00:00+00:00,11768.68
2026-03-22T06:00:00+00:00,11801.87
2026-03-22T06:00:00+00:00,11801.87
2026-03-22T06:15:00+00:00,11790.53
2026-03-22T06:15:00+00:00,11790.16
2026-03-22T06:15:00+00:00,11790.16
2026-03-22T06:30:00+00:00,11791.42
2026-03-22T06:30:00+00:00,11787.00
2026-03-22T06:30:00+00:00,11787.00
2026-03-22T06:45:00+00:00,11806.53
2026-03-22T06:45:00+00:00,11826.44
2026-03-22T06:45:00+00:00,11826.44
2026-03-22T07:00:00+00:00,11819.48
2026-03-22T07:00:00+00:00,11820.41
2026-03-22T07:00:00+00:00,11820.41
2026-03-22T07:15:00+00:00,11811.59
2026-03-22T07:15:00+00:00,11799.60
2026-03-22T07:15:00+00:00,11799.60
2026-03-22T07:30:00+00:00,11877.73
2026-03-22T07:30:00+00:00,11943.92
2026-03-22T07:30:00+00:00,11943.92
2026-03-22T07:45:00+00:00,11975.43
2026-03-22T07:45:00+00:00,12012.49
2026-03-22T07:45:00+00:00,12012.49
2026-03-22T08:00:00+00:00,12020.70
2026-03-22T08:00:00+00:00,12055.92
2026-03-22T08:00:00+00:00,12055.92
2026-03-22T08:15:00+00:00,12146.65
2026-03-22T08:15:00+00:00,12237.19
2026-03-22T08:15:00+00:00,12237.19
2026-03-22T08:30:00+00:00,12203.79
2026-03-22T08:30:00+00:00,12173.41
2026-03-22T08:30:00+00:00,12173.41
2026-03-22T08:45:00+00:00,12151.36
2026-03-22T08:45:00+00:00,12134.35
2026-03-22T08:45:00+00:00,12134.35
2026-03-22T09:00:00+00:00,12097.41
2026-03-22T09:00:00+00:00,12068.09
2026-03-22T09:00:00+00:00,12068.09
2026-03-22T09:15:00+00:00,12136.13
2026-03-22T09:15:00+00:00,12189.52
2026-03-22T09:15:00+00:00,12189.52
2026-03-22T09:30:00+00:00,12166.84
2026-03-22T09:30:00+00:00,12140.42
2026-03-22T09:30:00+00:00,12140.42
2026-03-22T09:45:00+00:00,12139.16
2026-03-22T09:45:00+00:00,12148.29
2026-03-22T09:45:00+00:00,12148.29
2026-03-22T10:00:00+00:00,12160.81
2026-03-22T10:00:00+00:00,12157.08
2026-03-22T10:00:00+00:00,12157.08
2026-03-22T10:15:00+00:00,12158.34
2026-03-22T10:15:00+00:00,12149.90
2026-03-22T10:15:00+00:00,12149.90
2026-03-22T10:30:00+00:00,12168.81
2026-03-22T10:30:00+00:00,12173.09
2026-03-22T10:30:00+00:00,12173.09
2026-03-22T10:45:00+00:00,12164.27
2026-03-22T10:45:00+00:00,12172.57
2026-03-22T10:45:00+00:00,12172.57
2026-03-22T11:00:00+00:00,12168.85
2026-03-22T11:00:00+00:00,12165.81
2026-03-22T11:00:00+00:00,12165.81
2026-03-22T11:15:00+00:00,12200.46
2026-03-22T11:15:00+00:00,12226.05
2026-03-22T11:15:00+00:00,12226.05
2026-03-22T11:30:00+00:00,12236.13
2026-03-22T11:30:00+00:00,12225.48
2026-03-22T11:30:00+00:00,12225.48
2026-03-22T11:45:00+00:00,12248.95
2026-03-22T11:45:00+00:00,12303.44
2026-03-22T11:45:00+00:00,12303.44
2026-03-22T12:00:00+00:00,12283.90
2026-03-22T12:00:00+00:00,12266.87
2026-03-22T12:00:00+00:00,12266.87
2026-03-22T12:15:00+00:00,12251.50
2026-03-22T12:15:00+00:00,12251.50
2026-03-22T12:15:00+00:00,12251.50
2026-03-22T12:30:00+00:00,12251.50
2026-03-22T12:30:00+00:00,12251.50
2026-03-22T12:30:00+00:00,12251.50
2026-03-22T12:45:00+00:00,12251.50
2026-03-22T12:45:00+00:00,12251.50
2026-03-22T12:45:00+00:00,12251.50
2026-03-22T13:00:00+00:00,12251.50
2026-03-22T13:00:00+00:00,12251.50
2026-03-22T13:00:00+00:00,12251.50
2026-03-22T13:15:00+00:00,12251.50
2026-03-22T13:15:00+00:00,12251.50
2026-03-22T13:15:00+00:00,12251.50
2026-03-22T13:30:00+00:00,12251.50
2026-03-22T13:30:00+00:00,12251.50
2026-03-22T13:30:00+00:00,12251.50
2026-03-22T13:45:00+00:00,12251.50
2026-03-22T13:45:00+00:00,12251.50
2026-03-22T13:45:00+00:00,12251.50
2026-03-22T14:00:00+00:00,12251.50
2026-03-22T14:00:00+00:00,12251.50
2026-03-22T14:00:00+00:00,12251.50
2026-03-22T14:15:00+00:00,12251.50
2026-03-22T14:15:00+00:00,12251.50
2026-03-22T14:15:00+00:00,12251.50
2026-03-22T14:30:00+00:00,12251.50
2026-03-22T14:30:00+00:00,12251.50
2026-03-22T14:30:00+00:00,12251.50
2026-03-22T14:45:00+00:00,12251.50
2026-03-22T14:45:00+00:00,12251.50
2026-03-22T14:45:00+00:00,12251.50
2026-03-22T15:00:00+00:00,12251.50
2026-03-22T15:00:00+00:00,12251.50
2026-03-22T15:00:00+00:00,12251.50
2026-03-22T15:15:00+00:00,12251.50
2026-03-22T15:15:00+00:00,12251.50
2026-03-22T15:15:00+00:00,12251.50
2026-03-22T15:30:00+00:00,12251.50
2026-03-22T15:30:00+00:00,12251.50
2026-03-22T15:30:00+00:00,12251.50
2026-03-22T15:45:00+00:00,12251.50
2026-03-22T15:45:00+00:00,12251.50
2026-03-22T15:45:00+00:00,12251.50
2026-03-22T16:00:00+00:00,12251.50
2026-03-22T16:00:00+00:00,12251.50
2026-03-22T16:00:00+00:00,12251.50
2026-03-22T16:15:00+00:00,12251.50
2026-03-22T16:15:00+00:00,12251.50
2026-03-22T16:15:00+00:00,12251.50
2026-03-22T16:30:00+00:00,12251.50
2026-03-22T16:30:00+00:00,12251.50
2026-03-22T16:30:00+00:00,12251.50
2026-03-22T16:45:00+00:00,12251.50
2026-03-22T16:45:00+00:00,12251.50
2026-03-22T16:45:00+00:00,12251.50
2026-03-22T17:00:00+00:00,12251.50
2026-03-22T17:00:00+00:00,12251.50
2026-03-22T17:00:00+00:00,12251.50
2026-03-22T17:15:00+00:00,12251.50
2026-03-22T17:15:00+00:00,12251.50
2026-03-22T17:15:00+00:00,12251.50
2026-03-22T17:30:00+00:00,12251.50
2026-03-22T17:30:00+00:00,12251.50
2026-03-22T17:30:00+00:00,12251.50
2026-03-22T17:45:00+00:00,12251.50
2026-03-22T17:45:00+00:00,12251.50
2026-03-22T17:45:00+00:00,12251.50
2026-03-22T18:00:00+00:00,12251.50
2026-03-22T18:00:00+00:00,12251.50
2026-03-22T18:00:00+00:00,12251.50
2026-03-22T18:15:00+00:00,12251.50
2026-03-22T18:15:00+00:00,12251.50
2026-03-22T18:15:00+00:00,12251.50
2026-03-22T18:30:00+00:00,12251.50
2026-03-22T18:30:00+00:00,12251.50
2026-03-22T18:30:00+00:00,12251.50
2026-03-22T18:45:00+00:00,12251.50
2026-03-22T18:45:00+00:00,12251.50
2026-03-22T18:45:00+00:00,12251.50
2026-03-22T19:00:00+00:00,12251.50
2026-03-22T19:00:00+00:00,12251.50
2026-03-22T19:00:00+00:00,12251.50
2026-03-22T19:15:00+00:00,12251.50
2026-03-22T19:15:00+00:00,12251.50
2026-03-22T19:15:00+00:00,12251.50
2026-03-22T19:30:00+00:00,12251.50
2026-03-22T19:30:00+00:00,12251.50
2026-03-22T19:30:00+00:00,12251.50
2026-03-22T19:45:00+00:00,12251.50
2026-03-22T19:45:00+00:00,12251.50
2026-03-22T19:45:00+00:00,12251.50
2026-03-22T20:00:00+00:00,12251.50
2026-03-22T20:00:00+00:00,12251.50
2026-03-22T20:00:00+00:00,12251.50
2026-03-22T20:15:00+00:00,12251.50
2026-03-22T20:15:00+00:00,12251.50
2026-03-22T20:15:00+00:00,12251.50
2026-03-22T20:30:00+00:00,12251.50
2026-03-22T20:30:00+00:00,12251.50
2026-03-22T20:30:00+00:00,12251.50
2026-03-22T20:45:00+00:00,12251.50
2026-03-22T20:45:00+00:00,12251.50
2026-03-22T20:45:00+00:00,12251.50
2026-03-22T21:00:00+00:00,12251.50
2026-03-22T21:00:00+00:00,12251.50
2026-03-22T21:00:00+00:00,12251.50
2026-03-22T21:15:00+00:00,12251.50
2026-03-22T21:15:00+00:00,12251.50
2026-03-22T21:15:00+00:00,12251.50
2026-03-22T21:30:00+00:00,12251.50
2026-03-22T21:30:00+00:00,12251.50
2026-03-22T21:30:00+00:00,12251.50
2026-03-22T21:45:00+00:00,12251.50
2026-03-22T21:45:00+00:00,12251.50
2026-03-22T21:45:00+00:00,12251.50
2026-03-22T22:00:00+00:00,12251.50
2026-03-22T22:00:00+00:00,12251.50
2026-03-22T22:00:00+00:00,12251.50
2026-03-22T22:15:00+00:00,12251.50
2026-03-22T22:15:00+00:00,12251.50
2026-03-22T22:15:00+00:00,12251.50
2026-03-22T22:30:00+00:00,12251.50
2026-03-22T22:30:00+00:00,12251.50
2026-03-22T22:30:00+00:00,12251.50
2026-03-22T22:45:00+00:00,12251.50
2026-03-22T22:45:00+00:00,12251.50
2026-03-22T22:45:00+00:00,12251.50
2026-03-22T23:00:00+00:00,12251.50
2026-03-22T23:00:00+00:00,12251.50
2026-03-22T23:00:00+00:00,12251.50
2026-03-22T23:15:00+00:00,12251.50
2026-03-22T23:15:00+00:00,12251.50
2026-03-22T23:15:00+00:00,12251.50
2026-03-22T23:30:00+00:00,12251.50
2026-03-22T23:30:00+00:00,12251.50
2026-03-22T23:30:00+00:00,12251.50
2026-03-22T23:45:00+00:00,12251.50
2026-03-22T23:45:00+00:00,12251.50
2026-03-22T23:45:00+00:00,12251.50
2026-03-23T00:00:00+00:00,12251.50
2026-03-23T00:00:00+00:00,12251.50
2026-03-23T00:00:00+00:00,12251.50
2026-03-23T00:15:00+00:00,12251.50
2026-03-23T00:15:00+00:00,12251.50
2026-03-23T00:15:00+00:00,12251.50
2026-03-23T00:30:00+00:00,12251.50
2026-03-23T00:30:00+00:00,12251.50
2026-03-23T00:30:00+00:00,12251.50
2026-03-23T00:45:00+00:00,12251.50
2026-03-23T00:45:00+00:00,12251.50
2026-03-23T00:45:00+00:00,12251.50
2026-03-23T01:00:00+00:00,12251.50
2026-03-23T01:00:00+00:00,12251.50
2026-03-23T01:00:00+00:00,12251.50
2026-03-23T01:15:00+00:00,12251.50
2026-03-23T01:15:00+00:00,12251.50
2026-03-23T01:15:00+00:00,12251.50
2026-03-23T01:30:00+00:00,12251.50
2026-03-23T01:30:00+00:00,12251.50
2026-03-23T01:30:00+00:00,12251.50
2026-03-23T01:45:00+00:00,12251.50
2026-03-23T01:45:00+00:00,12251.50
2026-03-23T01:45:00+00:00,12251.50
2026-03-23T02:00:00+00:00,12251.50
2026-03-23T02:00:00+00:00,12251.50
2026-03-23T02:00:00+00:00,12251.50
2026-03-23T02:15:00+00:00,12251.50
2026-03-23T02:15:00+00:00,12251.50
2026-03-23T02:15:00+00:00,12251.50
2026-03-23T02:30:00+00:00,12251.50
2026-03-23T02:30:00+00:00,12251.50
2026-03-23T02:30:00+00:00,12251.50
2026-03-23T02:45:00+00:00,12251.50
2026-03-23T02:45:00+00:00,12251.50
2026-03-23T02:45:00+00:00,12251.50
2026-03-23T03:00:00+00:00,12251.50
2026-03-23T03:00:00+00:00,12251.50
2026-03-23T03:00:00+00:00,12251.50
2026-03-23T03:15:00+00:00,12251.50
2026-03-23T03:15:00+00:00,12251.50
2026-03-23T03:15:00+00:00,12251.50
2026-03-23T03:30:00+00:00,12251.50
2026-03-23T03:30:00+00:00,12251.50
2026-03-23T03:30:00+00:00,12251.50
2026-03-23T03:45:00+00:00,12251.50
2026-03-23T03:45:00+00:00,12251.50
2026-03-23T03:45:00+00:00,12251.50
2026-03-23T04:00:00+00:00,12251.50
2026-03-23T04:00:00+00:00,12251.50
2026-03-23T04:00:00+00:00,12251.50
2026-03-23T04:15:00+00:00,12251.50
2026-03-23T04:15:00+00:00,12251.50
2026-03-23T04:15:00+00:00,12251.50
2026-03-23T04:30:00+00:00,12251.50
2026-03-23T04:30:00+00:00,12251.50
2026-03-23T04:30:00+00:00,12251.50
2026-03-23T04:45:00+00:00,12251.50
2026-03-23T04:45:00+00:00,12251.50
2026-03-23T04:45:00+00:00,12251.50
2026-03-23T05:00:00+00:00,12251.50
2026-03-23T05:00:00+00:00,12251.50
2026-03-23T05:00:00+00:00,12251.50
2026-03-23T05:15:00+00:00,12251.50
2026-03-23T05:15:00+00:00,12251.50
2026-03-23T05:15:00+00:00,12251.50
2026-03-23T05:30:00+00:00,12251.50
2026-03-23T05:30:00+00:00,12251.50
2026-03-23T05:30:00+00:00,12251.50
2026-03-23T05:45:00+00:00,12251.50
2026-03-23T05:45:00+00:00,12251.50
2026-03-23T05:45:00+00:00,12251.50
2026-03-23T06:00:00+00:00,12251.50
2026-03-23T06:00:00+00:00,12251.50
2026-03-23T06:00:00+00:00,12251.50
2026-03-23T06:15:00+00:00,12251.50
2026-03-23T06:15:00+00:00,12251.50
2026-03-23T06:15:00+00:00,12251.50
2026-03-23T06:30:00+00:00,12251.50
2026-03-23T06:30:00+00:00,12251.50
2026-03-23T06:30:00+00:00,12251.50
2026-03-23T06:45:00+00:00,12251.50
2026-03-23T06:45:00+00:00,12251.50
2026-03-23T06:45:00+00:00,12251.50
2026-03-23T07:00:00+00:00,12251.50
2026-03-23T07:00:00+00:00,12251.50
2026-03-23T07:00:00+00:00,12251.50
2026-03-23T07:15:00+00:00,12251.50
2026-03-23T07:15:00+00:00,12251.50
2026-03-23T07:15:00+00:00,12251.50
2026-03-23T07:30:00+00:00,12251.50
2026-03-23T07:30:00+00:00,12251.50
2026-03-23T07:30:00+00:00,12251.50
2026-03-23T07:45:00+00:00,12251.50
2026-03-23T07:45:00+00:00,12251.50
2026-03-23T07:45:00+00:00,12251.50
2026-03-23T08:00:00+00:00,12251.50
2026-03-23T08:00:00+00:00,12251.50
2026-03-23T08:00:00+00:00,12251.50
2026-03-23T08:15:00+00:00,12251.50
2026-03-23T08:15:00+00:00,12251.50
2026-03-23T08:15:00+00:00,12251.50
2026-03-23T08:30:00+00:00,12251.50
2026-03-23T08:30:00+00:00,12251.50
2026-03-23T08:30:00+00:00,12251.50
2026-03-23T08:45:00+00:00,12251.50
2026-03-23T08:45:00+00:00,12251.50
2026-03-23T08:45:00+00:00,12251.50
2026-03-23T09:00:00+00:00,12251.50
2026-03-23T09:00:00+00:00,12251.50
2026-03-23T09:00:00+00:00,12251.50
2026-03-23T09:15:00+00:00,12251.50
2026-03-23T09:15:00+00:00,12251.50
2026-03-23T09:15:00+00:00,12251.50
2026-03-23T09:30:00+00:00,12251.50
2026-03-23T09:30:00+00:00,12251.50
2026-03-23T09:30:00+00:00,12251.50
2026-03-23T09:45:00+00:00,12251.50
2026-03-23T09:45:00+00:00,12251.50
2026-03-23T09:45:00+00:00,12251.50
2026-03-23T10:00:00+00:00,12251.50
2026-03-23T10:00:00+00:00,12251.50
2026-03-23T10:00:00+00:00,12251.50
2026-03-23T10:15:00+00:00,12251.50
2026-03-23T10:15:00+00:00,12251.50
2026-03-23T10:15:00+00:00,12251.50
2026-03-23T10:30:00+00:00,12251.50
2026-03-23T10:30:00+00:00,12251.50
2026-03-23T10:30:00+00:00,12251.50
2026-03-23T10:45:00+00:00,12251.50
2026-03-23T10:45:00+00:00,12251.50
2026-03-23T10:45:00+00:00,12251.50
2026-03-23T11:00:00+00:00,12251.50
2026-03-23T11:00:00+00:00,12251.50
2026-03-23T11:00:00+00:00,12251.50
2026-03-23T11:15:00+00:00,12251.50
2026-03-23T11:15:00+00:00,12251.50
2026-03-23T11:15:00+00:00,12251.50
2026-03-23T11:30:00+00:00,12251.50
2026-03-23T11:30:00+00:00,12251.50
2026-03-23T11:30:00+00:00,12251.50
2026-03-23T11:45:00+00:00,12251.50
2026-03-23T11:45:00+00:00,12251.50
2026-03-23T11:45:00+00:00,12251.50
2026-03-23T12:00:00+00:00,12251.50
2026-03-23T12:00:00+00:00,12251.50
2026-03-23T12:00:00+00:00,12251.50
2026-03-23T12:15:00+00:00,12251.50
2026-03-23T12:15:00+00:00,12251.50
2026-03-23T12:15:00+00:00,12251.50
2026-03-23T12:30:00+00:00,12251.50
2026-03-23T12:30:00+00:00,12251.50
2026-03-23T12:30:00+00:00,12251.50
2026-03-23T12:45:00+00:00,12251.50
2026-03-23T12:45:00+00:00,12251.50
2026-03-23T12:45:00+00:00,12251.50
2026-03-23T13:00:00+00:00,12251.50
2026-03-23T13:00:00+00:00,12251.50
2026-03-23T13:00:00+00:00,12251.50
2026-03-23T13:15:00+00:00,12251.50
2026-03-23T13:15:00+00:00,12251.50
2026-03-23T13:15:00+00:00,12251.50
2026-03-23T13:30:00+00:00,12251.50
2026-03-23T13:30:00+00:00,12251.50
2026-03-23T13:30:00+00:00,12251.50
2026-03-23T13:45:00+00:00,12251.50
2026-03-23T13:45:00+00:00,12251.50
2026-03-23T13:45:00+00:00,12251.50
2026-03-23T14:00:00+00:00,12251.50
2026-03-23T14:00:00+00:00,12251.50
2026-03-23T14:00:00+00:00,12251.50
2026-03-23T14:15:00+00:00,12251.50
2026-03-23T14:15:00+00:00,12251.50
2026-03-23T14:15:00+00:00,12251.50
2026-03-23T14:30:00+00:00,12251.50
2026-03-23T14:30:00+00:00,12251.50
2026-03-23T14:30:00+00:00,12251.50
2026-03-23T14:45:00+00:00,12251.50
2026-03-23T14:45:00+00:00,12251.50
2026-03-23T14:45:00+00:00,12251.50
2026-03-23T15:00:00+00:00,12251.50
2026-03-23T15:00:00+00:00,12251.50
2026-03-23T15:00:00+00:00,12251.50
2026-03-23T15:15:00+00:00,12251.50
2026-03-23T15:15:00+00:00,12251.50
2026-03-23T15:15:00+00:00,12251.50
2026-03-23T15:30:00+00:00,12251.50
2026-03-23T15:30:00+00:00,12251.50
2026-03-23T15:30:00+00:00,12251.50
2026-03-23T15:45:00+00:00,12251.50
2026-03-23T15:45:00+00:00,12251.50
2026-03-23T15:45:00+00:00,12251.50
2026-03-23T16:00:00+00:00,12251.50
2026-03-23T16:00:00+00:00,12251.50
2026-03-23T16:00:00+00:00,12251.50
2026-03-23T16:15:00+00:00,12251.50
2026-03-23T16:15:00+00:00,12251.50
2026-03-23T16:15:00+00:00,12251.50
2026-03-23T16:30:00+00:00,12251.50
2026-03-23T16:30:00+00:00,12251.50
2026-03-23T16:30:00+00:00,12251.50
2026-03-23T16:45:00+00:00,12251.50
2026-03-23T16:45:00+00:00,12251.50
2026-03-23T16:45:00+00:00,12251.50
2026-03-23T17:00:00+00:00,12251.50
2026-03-23T17:00:00+00:00,12251.50
2026-03-23T17:00:00+00:00,12251.50
2026-03-23T17:15:00+00:00,12251.50
2026-03-23T17:15:00+00:00,12251.50
2026-03-23T17:15:00+00:00,12251.50
2026-03-23T17:30:00+00:00,12251.50
2026-03-23T17:30:00+00:00,12251.50
2026-03-23T17:30:00+00:00,12251.50
2026-03-23T17:45:00+00:00,12251.50
2026-03-23T17:45:00+00:00,12251.50
2026-03-23T17:45:00+00:00,12251.50
2026-03-23T18:00:00+00:00,12251.50
2026-03-23T18:00:00+00:00,12251.50
2026-03-23T18:00:00+00:00,12251.50
2026-03-23T18:15:00+00:00,12251.50
2026-03-23T18:15:00+00:00,12251.50
2026-03-23T18:15:00+00:00,12251.50
2026-03-23T18:30:00+00:00,12251.50
2026-03-23T18:30:00+00:00,12251.50
2026-03-23T18:30:00+00:00,12251.50
2026-03-23T18:45:00+00:00,12251.50
2026-03-23T18:45:00+00:00,12251.50
2026-03-23T18:45:00+00:00,12251.50
2026-03-23T19:00:00+00:00,12251.50
2026-03-23T19:00:00+00:00,12251.50
2026-03-23T19:00:00+00:00,12251.50
2026-03-23T19:15:00+00:00,12251.50
2026-03-23T19:15:00+00:00,12251.50
2026-03-23T19:15:00+00:00,12251.50
2026-03-23T19:30:00+00:00,12251.50
2026-03-23T19:30:00+00:00,12251.50
2026-03-23T19:30:00+00:00,12251.50
2026-03-23T19:45:00+00:00,12251.50
2026-03-23T19:45:00+00:00,12251.50
2026-03-23T19:45:00+00:00,12251.50
2026-03-23T20:00:00+00:00,12251.50
2026-03-23T20:00:00+00:00,12251.50
2026-03-23T20:00:00+00:00,12251.50
2026-03-23T20:15:00+00:00,12251.50
2026-03-23T20:15:00+00:00,12251.50
2026-03-23T20:15:00+00:00,12251.50
2026-03-23T20:30:00+00:00,12251.50
2026-03-23T20:30:00+00:00,12251.50
2026-03-23T20:30:00+00:00,12251.50
2026-03-23T20:45:00+00:00,12251.50
2026-03-23T20:45:00+00:00,12251.50
2026-03-23T20:45:00+00:00,12251.50
2026-03-23T21:00:00+00:00,12251.50
2026-03-23T21:00:00+00:00,12251.50
2026-03-23T21:00:00+00:00,12251.50
2026-03-23T21:15:00+00:00,12251.50
2026-03-23T21:15:00+00:00,12251.50
2026-03-23T21:15:00+00:00,12251.50
2026-03-23T21:30:00+00:00,12251.50
2026-03-23T21:30:00+00:00,12251.50
2026-03-23T21:30:00+00:00,12251.50
2026-03-23T21:45:00+00:00,12251.50
2026-03-23T21:45:00+00:00,12251.50
2026-03-23T21:45:00+00:00,12251.50
2026-03-23T22:00:00+00:00,12251.50
2026-03-23T22:00:00+00:00,12251.50
2026-03-23T22:00:00+00:00,12251.50
2026-03-23T22:15:00+00:00,12251.50
2026-03-23T22:15:00+00:00,12251.50
2026-03-23T22:15:00+00:00,12251.50
2026-03-23T22:30:00+00:00,12251.50
2026-03-23T22:30:00+00:00,12251.50
2026-03-23T22:30:00+00:00,12251.50
2026-03-23T22:45:00+00:00,12251.50
2026-03-23T22:45:00+00:00,12251.50
2026-03-23T22:45:00+00:00,12251.50
2026-03-23T23:00:00+00:00,12251.50
2026-03-23T23:00:00+00:00,12251.50
2026-03-23T23:00:00+00:00,12251.50
2026-03-23T23:15:00+00:00,12251.50
2026-03-23T23:15:00+00:00,12251.50
2026-03-23T23:15:00+00:00,12251.50
2026-03-23T23:30:00+00:00,12251.50
2026-03-23T23:30:00+00:00,12251.50
2026-03-23T23:30:00+00:00,12251.50
2026-03-23T23:45:00+00:00,12251.50
2026-03-23T23:45:00+00:00,12251.50
2026-03-23T23:45:00+00:00,12251.50
2026-03-24T00:00:00+00:00,12251.50
2026-03-24T00:00:00+00:00,12251.50
2026-03-24T00:00:00+00:00,12251.50
2026-03-24T00:15:00+00:00,12251.50
2026-03-24T00:15:00+00:00,12251.50
2026-03-24T00:15:00+00:00,12251.50
2026-03-24T00:30:00+00:00,12251.50
2026-03-24T00:30:00+00:00,12251.50
2026-03-24T00:30:00+00:00,12251.50
2026-03-24T00:45:00+00:00,12251.50
2026-03-24T00:45:00+00:00,12251.50
2026-03-24T00:45:00+00:00,12251.50
2026-03-24T01:00:00+00:00,12251.50
2026-03-24T01:00:00+00:00,12251.50
2026-03-24T01:00:00+00:00,12251.50
2026-03-24T01:15:00+00:00,12251.50
2026-03-24T01:15:00+00:00,12251.50
2026-03-24T01:15:00+00:00,12251.50
2026-03-24T01:30:00+00:00,12251.50
2026-03-24T01:30:00+00:00,12251.50
2026-03-24T01:30:00+00:00,12251.50
2026-03-24T01:45:00+00:00,12251.50
2026-03-24T01:45:00+00:00,12251.50
2026-03-24T01:45:00+00:00,12251.50
2026-03-24T02:00:00+00:00,12251.50
2026-03-24T02:00:00+00:00,12251.50
2026-03-24T02:00:00+00:00,12251.50
2026-03-24T02:15:00+00:00,12251.50
2026-03-24T02:15:00+00:00,12251.50
2026-03-24T02:15:00+00:00,12251.50
2026-03-24T02:30:00+00:00,12251.50
2026-03-24T02:30:00+00:00,12251.50
2026-03-24T02:30:00+00:00,12251.50
2026-03-24T02:45:00+00:00,12251.50
2026-03-24T02:45:00+00:00,12251.50
2026-03-24T02:45:00+00:00,12251.50
2026-03-24T03:00:00+00:00,12223.01
2026-03-24T03:00:00+00:00,12186.20
2026-03-24T03:00:00+00:00,12176.75
2026-03-24T03:15:00+00:00,12210.23
2026-03-24T03:15:00+00:00,12247.01
2026-03-24T03:15:00+00:00,12256.02
2026-03-24T03:30:00+00:00,12253.29
2026-03-24T03:30:00+00:00,12238.88
2026-03-24T03:30:00+00:00,12220.87
2026-03-24T03:45:00+00:00,12240.00
2026-03-24T03:45:00+00:00,12269.32
2026-03-24T03:45:00+00:00,12285.70
2026-03-24T04:00:00+00:00,12315.41
2026-03-24T04:00:00+00:00,12373.55
2026-03-24T04:00:00+00:00,12401.12
2026-03-24T04:15:00+00:00,12363.54
2026-03-24T04:15:00+00:00,12335.74
2026-03-24T04:15:00+00:00,12308.71
2026-03-24T04:30:00+00:00,12273.18
2026-03-24T04:30:00+00:00,12215.72
2026-03-24T04:30:00+00:00,12162.77
2026-03-24T04:45:00+00:00,12162.77
2026-03-24T04:45:00+00:00,12162.77
2026-03-24T04:45:00+00:00,12171.23
2026-03-24T05:00:00+00:00,12171.19
2026-03-24T05:00:00+00:00,12171.19
2026-03-24T05:00:00+00:00,12121.24
2026-03-24T05:15:00+00:00,12121.24
2026-03-24T05:15:00+00:00,12121.24
2026-03-24T05:15:00+00:00,12117.96
2026-03-24T05:30:00+00:00,12117.96
2026-03-24T05:30:00+00:00,12117.96
2026-03-24T05:30:00+00:00,12157.82
2026-03-24T05:45:00+00:00,12157.82
2026-03-24T05:45:00+00:00,12157.82
2026-03-24T05:45:00+00:00,12144.99
2026-03-24T06:00:00+00:00,12151.79
2026-03-24T06:00:00+00:00,12179.98
2026-03-24T06:00:00+00:00,12190.49
2026-03-24T06:15:00+00:00,12189.93
2026-03-24T06:15:00+00:00,12145.98
2026-03-24T06:15:00+00:00,12147.69
2026-03-24T06:30:00+00:00,12175.05
2026-03-24T06:30:00+00:00,12200.29
2026-03-24T06:30:00+00:00,12203.39
2026-03-24T06:45:00+00:00,12220.70
2026-03-24T06:45:00+00:00,12244.95
2026-03-24T06:45:00+00:00,12246.29
2026-03-24T07:00:00+00:00,12331.35
2026-03-24T07:00:00+00:00,12419.54
2026-03-24T07:00:00+00:00,12422.02
2026-03-24T07:15:00+00:00,12423.69
2026-03-24T07:15:00+00:00,12440.14
2026-03-24T07:15:00+00:00,12440.84
2026-03-24T07:30:00+00:00,12407.89
2026-03-24T07:30:00+00:00,12416.11
2026-03-24T07:30:00+00:00,12416.08
2026-03-24T07:45:00+00:00,12474.16
2026-03-24T07:45:00+00:00,12542.77
2026-03-24T07:45:00+00:00,12546.06
2026-03-24T08:00:00+00:00,12536.50
2026-03-24T08:00:00+00:00,12537.57
2026-03-24T08:00:00+00:00,12536.15
2026-03-24T08:15:00+00:00,12487.57
2026-03-24T08:15:00+00:00,12442.73
2026-03-24T08:15:00+00:00,12440.89
2026-03-24T08:30:00+00:00,12470.48
2026-03-24T08:30:00+00:00,12470.48
2026-03-24T08:30:00+00:00,12471.77
2026-03-24T08:45:00+00:00,12442.73
2026-03-24T08:45:00+00:00,12442.73
2026-03-24T08:45:00+00:00,12441.83
2026-03-24T09:00:00+00:00,12400.91
2026-03-24T09:00:00+00:00,12400.91
2026-03-24T09:00:00+00:00,12400.18
2026-03-24T09:15:00+00:00,12427.54
2026-03-24T09:15:00+00:00,12427.54
2026-03-24T09:15:00+00:00,12428.76
2026-03-24T09:30:00+00:00,12482.93
2026-03-24T09:30:00+00:00,12482.93
2026-03-24T09:30:00+00:00,12484.88
2026-03-24T09:45:00+00:00,12498.28
2026-03-24T09:45:00+00:00,12498.28
2026-03-24T09:45:00+00:00,12498.93
2026-03-24T10:00:00+00:00,12476.59
2026-03-24T10:00:00+00:00,12476.59
2026-03-24T10:00:00+00:00,12476.05
2026-03-24T10:15:00+00:00,12448.13
2026-03-24T10:15:00+00:00,12448.13
2026-03-24T10:15:00+00:00,12446.85
2026-03-24T10:30:00+00:00,12470.86
2026-03-24T10:30:00+00:00,12470.86
2026-03-24T10:30:00+00:00,12471.95
2026-03-24T10:45:00+00:00,12476.98
2026-03-24T10:45:00+00:00,12476.98
2026-03-24T10:45:00+00:00,12477.26
2026-03-24T11:00:00+00:00,12466.66
2026-03-24T11:00:00+00:00,12466.66
2026-03-24T11:00:00+00:00,12465.34
2026-03-24T11:15:00+00:00,12473.72
2026-03-24T11:15:00+00:00,12473.72
2026-03-24T11:15:00+00:00,12473.21
2026-03-24T11:30:00+00:00,12534.08
2026-03-24T11:30:00+00:00,12534.08
2026-03-24T11:30:00+00:00,12535.65
2026-03-24T11:45:00+00:00,12503.26
2026-03-24T11:45:00+00:00,12503.26
2026-03-24T11:45:00+00:00,12502.55
2026-03-24T12:00:00+00:00,12508.11
2026-03-24T12:00:00+00:00,12508.11
2026-03-24T12:00:00+00:00,12507.36
2026-03-24T12:15:00+00:00,12509.60
2026-03-24T12:15:00+00:00,12509.60
2026-03-24T12:15:00+00:00,12509.73
2026-03-24T12:30:00+00:00,12476.79
2026-03-24T12:30:00+00:00,12476.79
2026-03-24T12:30:00+00:00,12475.16
2026-03-24T12:45:00+00:00,12480.18
2026-03-24T12:45:00+00:00,12480.18
2026-03-24T12:45:00+00:00,12480.67
2026-03-24T13:00:00+00:00,12450.44
2026-03-24T13:00:00+00:00,12450.44
2026-03-24T13:00:00+00:00,12449.21
2026-03-24T13:15:00+00:00,12412.91
2026-03-24T13:15:00+00:00,12412.91
2026-03-24T13:15:00+00:00,12411.07
2026-03-24T13:30:00+00:00,12373.36
2026-03-24T13:30:00+00:00,12373.36
2026-03-24T13:30:00+00:00,12371.51
2026-03-24T13:45:00+00:00,12371.51
2026-03-24T13:45:00+00:00,12371.51
2026-03-24T13:45:00+00:00,12371.51
2026-03-24T14:00:00+00:00,12371.51
2026-03-24T14:00:00+00:00,12371.51
2026-03-24T14:00:00+00:00,12371.51
2026-03-24T14:15:00+00:00,12371.51
2026-03-24T14:15:00+00:00,12371.51
2026-03-24T14:15:00+00:00,12371.51
2026-03-24T14:30:00+00:00,12371.51
2026-03-24T14:30:00+00:00,12371.51
2026-03-24T14:30:00+00:00,12371.51
2026-03-24T14:45:00+00:00,12371.51
2026-03-24T14:45:00+00:00,12371.51
2026-03-24T14:45:00+00:00,12371.51
2026-03-24T15:00:00+00:00,12371.51
2026-03-24T15:00:00+00:00,12371.51
2026-03-24T15:00:00+00:00,12371.51
2026-03-24T15:15:00+00:00,12371.51
2026-03-24T15:15:00+00:00,12371.51
2026-03-24T15:15:00+00:00,12371.51
2026-03-24T15:30:00+00:00,12371.51
2026-03-24T15:30:00+00:00,12371.51
2026-03-24T15:30:00+00:00,12371.51
2026-03-24T15:45:00+00:00,12371.51
2026-03-24T15:45:00+00:00,12371.51
2026-03-24T15:45:00+00:00,12371.51
2026-03-24T16:00:00+00:00,12371.51
2026-03-24T16:00:00+00:00,12371.51
2026-03-24T16:00:00+00:00,12371.51
2026-03-24T16:15:00+00:00,12371.51
2026-03-24T16:15:00+00:00,12371.51
2026-03-24T16:15:00+00:00,12371.51
2026-03-24T16:30:00+00:00,12371.51
2026-03-24T16:30:00+00:00,12371.51
2026-03-24T16:30:00+00:00,12371.51
2026-03-24T16:45:00+00:00,12371.51
2026-03-24T16:45:00+00:00,12371.51
2026-03-24T16:45:00+00:00,12371.51
2026-03-24T17:00:00+00:00,12371.51
2026-03-24T17:00:00+00:00,12371.51
2026-03-24T17:00:00+00:00,12371.51
2026-03-24T17:15:00+00:00,12371.51
2026-03-24T17:15:00+00:00,12371.51
2026-03-24T17:15:00+00:00,12371.51
2026-03-24T17:30:00+00:00,12371.51
2026-03-24T17:30:00+00:00,12371.51
2026-03-24T17:30:00+00:00,12371.51
2026-03-24T17:45:00+00:00,12371.51
2026-03-24T17:45:00+00:00,12371.51
2026-03-24T17:45:00+00:00,12371.51
2026-03-24T18:00:00+00:00,12371.51
2026-03-24T18:00:00+00:00,12371.51
2026-03-24T18:00:00+00:00,12371.51
2026-03-24T18:15:00+00:00,12371.51
2026-03-24T18:15:00+00:00,12371.51
2026-03-24T18:15:00+00:00,12371.51
2026-03-24T18:30:00+00:00,12371.51
2026-03-24T18:30:00+00:00,12371.51
2026-03-24T18:30:00+00:00,12371.51
2026-03-24T18:45:00+00:00,12371.51
2026-03-24T18:45:00+00:00,12371.51
2026-03-24T18:45:00+00:00,12371.51
2026-03-24T19:00:00+00:00,12371.51
2026-03-24T19:00:00+00:00,12371.51
2026-03-24T19:00:00+00:00,12371.51
2026-03-24T19:15:00+00:00,12371.51
2026-03-24T19:15:00+00:00,12371.51
2026-03-24T19:15:00+00:00,12371.51
2026-03-24T19:30:00+00:00,12371.51
2026-03-24T19:30:00+00:00,12371.51
2026-03-24T19:30:00+00:00,12371.51
2026-03-24T19:45:00+00:00,12371.51
2026-03-24T19:45:00+00:00,12371.51
2026-03-24T19:45:00+00:00,12371.51
2026-03-24T20:00:00+00:00,12371.51
2026-03-24T20:00:00+00:00,12371.51
2026-03-24T20:00:00+00:00,12371.51
2026-03-24T20:15:00+00:00,12371.51
2026-03-24T20:15:00+00:00,12371.51
2026-03-24T20:15:00+00:00,12371.51
2026-03-24T20:30:00+00:00,12371.51
2026-03-24T20:30:00+00:00,12371.51
2026-03-24T20:30:00+00:00,12371.51
2026-03-24T20:45:00+00:00,12371.51
2026-03-24T20:45:00+00:00,12371.51
2026-03-24T20:45:00+00:00,12371.51
2026-03-24T21:00:00+00:00,12371.51
2026-03-24T21:00:00+00:00,12371.51
2026-03-24T21:00:00+00:00,12371.51
2026-03-24T21:15:00+00:00,12371.51
2026-03-24T21:15:00+00:00,12371.51
2026-03-24T21:15:00+00:00,12371.51
2026-03-24T21:30:00+00:00,12371.51
2026-03-24T21:30:00+00:00,12371.51
2026-03-24T21:30:00+00:00,12371.51
2026-03-24T21:45:00+00:00,12371.51
2026-03-24T21:45:00+00:00,12371.51
2026-03-24T21:45:00+00:00,12371.51
2026-03-24T22:00:00+00:00,12371.51
2026-03-24T22:00:00+00:00,12371.51
2026-03-24T22:00:00+00:00,12371.51
2026-03-24T22:15:00+00:00,12371.51
2026-03-24T22:15:00+00:00,12371.51
2026-03-24T22:15:00+00:00,12371.51
2026-03-24T22:30:00+00:00,12371.51
2026-03-24T22:30:00+00:00,12371.51
2026-03-24T22:30:00+00:00,12371.51
2026-03-24T22:45:00+00:00,12371.51
2026-03-24T22:45:00+00:00,12371.51
2026-03-24T22:45:00+00:00,12371.51
2026-03-24T23:00:00+00:00,12371.51
2026-03-24T23:00:00+00:00,12371.51
2026-03-24T23:00:00+00:00,12371.51
2026-03-24T23:15:00+00:00,12371.51
2026-03-24T23:15:00+00:00,12371.51
2026-03-24T23:15:00+00:00,12371.51
2026-03-24T23:30:00+00:00,12371.51
2026-03-24T23:30:00+00:00,12371.51
2026-03-24T23:30:00+00:00,12371.51
2026-03-24T23:45:00+00:00,12371.51
2026-03-24T23:45:00+00:00,12371.51
2026-03-24T23:45:00+00:00,12371.51
2026-03-25T00:00:00+00:00,12371.51
2026-03-25T00:00:00+00:00,12371.51
2026-03-25T00:00:00+00:00,12371.51
2026-03-25T00:15:00+00:00,12371.51
2026-03-25T00:15:00+00:00,12371.51
2026-03-25T00:15:00+00:00,12371.51
2026-03-25T00:30:00+00:00,12371.51
2026-03-25T00:30:00+00:00,12371.51
2026-03-25T00:30:00+00:00,12371.51
2026-03-25T00:45:00+00:00,12371.51
2026-03-25T00:45:00+00:00,12371.51
2026-03-25T00:45:00+00:00,12371.51
2026-03-25T01:00:00+00:00,12371.51
2026-03-25T01:00:00+00:00,12371.51
2026-03-25T01:00:00+00:00,12371.51
2026-03-25T01:15:00+00:00,12371.51
2026-03-25T01:15:00+00:00,12371.51
2026-03-25T01:15:00+00:00,12371.51
2026-03-25T01:30:00+00:00,12371.51
2026-03-25T01:30:00+00:00,12371.51
2026-03-25T01:30:00+00:00,12371.51
2026-03-25T01:45:00+00:00,12371.51
2026-03-25T01:45:00+00:00,12371.51
2026-03-25T01:45:00+00:00,12371.51
2026-03-25T02:00:00+00:00,12371.51
2026-03-25T02:00:00+00:00,12371.51
2026-03-25T02:00:00+00:00,12371.51
2026-03-25T02:15:00+00:00,12371.51
2026-03-25T02:15:00+00:00,12371.51
2026-03-25T02:15:00+00:00,12371.51
2026-03-25T02:30:00+00:00,12371.51
2026-03-25T02:30:00+00:00,12371.51
2026-03-25T02:30:00+00:00,12371.51
2026-03-25T02:45:00+00:00,12371.51
2026-03-25T02:45:00+00:00,12371.51
2026-03-25T02:45:00+00:00,12371.51
2026-03-25T03:00:00+00:00,12371.51
2026-03-25T03:00:00+00:00,12371.51
2026-03-25T03:00:00+00:00,12371.51
2026-03-25T03:15:00+00:00,12371.51
2026-03-25T03:15:00+00:00,12371.51
2026-03-25T03:15:00+00:00,12371.51
2026-03-25T03:30:00+00:00,12371.51
2026-03-25T03:30:00+00:00,12371.51
2026-03-25T03:30:00+00:00,12371.51
2026-03-25T03:45:00+00:00,12371.51
2026-03-25T03:45:00+00:00,12371.51
2026-03-25T03:45:00+00:00,12371.51
2026-03-25T04:00:00+00:00,12371.51
2026-03-25T04:00:00+00:00,12371.51
2026-03-25T04:00:00+00:00,12371.51
2026-03-25T04:15:00+00:00,12371.51
2026-03-25T04:15:00+00:00,12371.51
2026-03-25T04:15:00+00:00,12371.51
2026-03-25T04:30:00+00:00,12371.51
2026-03-25T04:30:00+00:00,12371.51
2026-03-25T04:30:00+00:00,12371.51
2026-03-25T04:45:00+00:00,12371.51
2026-03-25T04:45:00+00:00,12371.51
2026-03-25T04:45:00+00:00,12371.51
2026-03-25T05:00:00+00:00,12371.51
2026-03-25T05:00:00+00:00,12371.51
2026-03-25T05:00:00+00:00,12371.51
2026-03-25T05:15:00+00:00,12371.51
2026-03-25T05:15:00+00:00,12371.51
2026-03-25T05:15:00+00:00,12371.51
2026-03-25T05:30:00+00:00,12371.51
2026-03-25T05:30:00+00:00,12371.51
2026-03-25T05:30:00+00:00,12371.51
2026-03-25T05:45:00+00:00,12371.51
2026-03-25T05:45:00+00:00,12371.51
2026-03-25T05:45:00+00:00,12371.51
2026-03-25T06:00:00+00:00,12371.51
2026-03-25T06:00:00+00:00,12371.51
2026-03-25T06:00:00+00:00,12371.51
2026-03-25T06:15:00+00:00,12371.51
2026-03-25T06:15:00+00:00,12371.51
2026-03-25T06:15:00+00:00,12371.51
2026-03-25T06:30:00+00:00,12371.51
2026-03-25T06:30:00+00:00,12371.51
2026-03-25T06:30:00+00:00,12371.51
2026-03-25T06:45:00+00:00,12371.51
2026-03-25T06:45:00+00:00,12371.51
2026-03-25T06:45:00+00:00,12371.51
2026-03-25T07:00:00+00:00,12371.51
2026-03-25T07:00:00+00:00,12371.51
2026-03-25T07:00:00+00:00,12371.51
2026-03-25T07:15:00+00:00,12371.51
2026-03-25T07:15:00+00:00,12371.51
2026-03-25T07:15:00+00:00,12371.51
2026-03-25T07:30:00+00:00,12371.51
2026-03-25T07:30:00+00:00,12371.51
2026-03-25T07:30:00+00:00,12371.51
2026-03-25T07:45:00+00:00,12371.51
2026-03-25T07:45:00+00:00,12371.51
2026-03-25T07:45:00+00:00,12371.51
2026-03-25T08:00:00+00:00,12371.51
2026-03-25T08:00:00+00:00,12371.51
2026-03-25T08:00:00+00:00,12371.51
2026-03-25T08:15:00+00:00,12371.51
2026-03-25T08:15:00+00:00,12371.51
2026-03-25T08:15:00+00:00,12371.51
2026-03-25T08:30:00+00:00,12371.51
2026-03-25T08:30:00+00:00,12371.51
2026-03-25T08:30:00+00:00,12371.51
2026-03-25T08:45:00+00:00,12371.51
2026-03-25T08:45:00+00:00,12371.51
2026-03-25T08:45:00+00:00,12371.51
2026-03-25T09:00:00+00:00,12371.51
2026-03-25T09:00:00+00:00,12371.51
2026-03-25T09:00:00+00:00,12371.51
2026-03-25T09:15:00+00:00,12371.51
2026-03-25T09:15:00+00:00,12371.51
2026-03-25T09:15:00+00:00,12371.51
2026-03-25T09:30:00+00:00,12371.51
2026-03-25T09:30:00+00:00,12371.51
2026-03-25T09:30:00+00:00,12371.51
2026-03-25T09:45:00+00:00,12371.51
2026-03-25T09:45:00+00:00,12371.51
2026-03-25T09:45:00+00:00,12371.51
2026-03-25T10:00:00+00:00,12371.51
2026-03-25T10:00:00+00:00,12371.51
2026-03-25T10:00:00+00:00,12371.51
2026-03-25T10:15:00+00:00,12371.51
2026-03-25T10:15:00+00:00,12371.51
2026-03-25T10:15:00+00:00,12371.51
2026-03-25T10:30:00+00:00,12371.51
2026-03-25T10:30:00+00:00,12371.51
2026-03-25T10:30:00+00:00,12371.51
2026-03-25T10:45:00+00:00,12371.51
2026-03-25T10:45:00+00:00,12371.51
2026-03-25T10:45:00+00:00,12371.51
2026-03-25T11:00:00+00:00,12371.51
2026-03-25T11:00:00+00:00,12371.51
2026-03-25T11:00:00+00:00,12371.51
2026-03-25T11:15:00+00:00,12371.51
2026-03-25T11:15:00+00:00,12371.51
2026-03-25T11:15:00+00:00,12371.51
2026-03-25T11:30:00+00:00,12371.51
2026-03-25T11:30:00+00:00,12371.51
2026-03-25T11:30:00+00:00,12371.51
2026-03-25T11:45:00+00:00,12371.51
2026-03-25T11:45:00+00:00,12371.51
2026-03-25T11:45:00+00:00,12371.51
2026-03-25T12:00:00+00:00,12371.51
2026-03-25T12:00:00+00:00,12371.51
2026-03-25T12:00:00+00:00,12371.51
2026-03-25T12:15:00+00:00,12371.51
2026-03-25T12:15:00+00:00,12371.51
2026-03-25T12:15:00+00:00,12371.51
2026-03-25T12:30:00+00:00,12371.51
2026-03-25T12:30:00+00:00,12371.51
2026-03-25T12:30:00+00:00,12371.51
2026-03-25T12:45:00+00:00,12371.51
2026-03-25T12:45:00+00:00,12371.51
2026-03-25T12:45:00+00:00,12371.51
2026-03-25T13:00:00+00:00,12371.51
2026-03-25T13:00:00+00:00,12371.51
2026-03-25T13:00:00+00:00,12371.51
2026-03-25T13:15:00+00:00,12371.51
2026-03-25T13:15:00+00:00,12371.51
2026-03-25T13:15:00+00:00,12371.51
2026-03-25T13:30:00+00:00,12371.51
2026-03-25T13:30:00+00:00,12371.51
2026-03-25T13:30:00+00:00,12371.51
2026-03-25T13:45:00+00:00,12371.51
2026-03-25T13:45:00+00:00,12371.51
2026-03-25T13:45:00+00:00,12371.51
2026-03-25T14:00:00+00:00,12371.51
2026-03-25T14:00:00+00:00,12371.51
2026-03-25T14:00:00+00:00,12371.51
2026-03-25T14:15:00+00:00,12371.51
2026-03-25T14:15:00+00:00,12371.51
2026-03-25T14:15:00+00:00,12371.51
2026-03-25T14:30:00+00:00,12371.51
2026-03-25T14:30:00+00:00,12371.51
2026-03-25T14:30:00+00:00,12371.51
2026-03-25T14:45:00+00:00,12371.51
2026-03-25T14:45:00+00:00,12371.51
2026-03-25T14:45:00+00:00,12371.51
2026-03-25T15:00:00+00:00,12371.51
2026-03-25T15:00:00+00:00,12371.51
2026-03-25T15:00:00+00:00,12371.51
2026-03-25T15:15:00+00:00,12371.51
2026-03-25T15:15:00+00:00,12371.51
2026-03-25T15:15:00+00:00,12371.51
2026-03-25T15:30:00+00:00,12371.51
2026-03-25T15:30:00+00:00,12371.51
2026-03-25T15:30:00+00:00,12371.51
2026-03-25T15:45:00+00:00,12371.51
2026-03-25T15:45:00+00:00,12371.51
2026-03-25T15:45:00+00:00,12371.51
2026-03-25T16:00:00+00:00,12371.51
2026-03-25T16:00:00+00:00,12371.51
2026-03-25T16:00:00+00:00,12371.51
2026-03-25T16:15:00+00:00,12371.51
2026-03-25T16:15:00+00:00,12371.51
2026-03-25T16:15:00+00:00,12371.51
2026-03-25T16:30:00+00:00,12371.51
2026-03-25T16:30:00+00:00,12371.51
2026-03-25T16:30:00+00:00,12371.51
2026-03-25T16:45:00+00:00,12371.51
2026-03-25T16:45:00+00:00,12371.51
2026-03-25T16:45:00+00:00,12371.51
2026-03-25T17:00:00+00:00,12371.51
2026-03-25T17:00:00+00:00,12371.51
2026-03-25T17:00:00+00:00,12371.51
2026-03-25T17:15:00+00:00,12371.51
2026-03-25T17:15:00+00:00,12371.51
2026-03-25T17:15:00+00:00,12371.51
2026-03-25T17:30:00+00:00,12371.51
2026-03-25T17:30:00+00:00,12371.51
2026-03-25T17:30:00+00:00,12371.51
2026-03-25T17:45:00+00:00,12371.51
2026-03-25T17:45:00+00:00,12371.51
2026-03-25T17:45:00+00:00,12371.51
2026-03-25T18:00:00+00:00,12371.51
2026-03-25T18:00:00+00:00,12371.51
2026-03-25T18:00:00+00:00,12371.51
2026-03-25T18:15:00+00:00,12371.51
2026-03-25T18:15:00+00:00,12371.51
2026-03-25T18:15:00+00:00,12371.51
2026-03-25T18:30:00+00:00,12371.51
2026-03-25T18:30:00+00:00,12371.51
2026-03-25T18:30:00+00:00,12371.51
2026-03-25T18:45:00+00:00,12371.51
2026-03-25T18:45:00+00:00,12371.51
2026-03-25T18:45:00+00:00,12371.51
2026-03-25T19:00:00+00:00,12371.51
2026-03-25T19:00:00+00:00,12371.51
2026-03-25T19:00:00+00:00,12371.51
2026-03-25T19:15:00+00:00,12371.51
2026-03-25T19:15:00+00:00,12371.51
2026-03-25T19:15:00+00:00,12371.51
2026-03-25T19:30:00+00:00,12371.51
2026-03-25T19:30:00+00:00,12371.51
2026-03-25T19:30:00+00:00,12371.51
2026-03-25T19:45:00+00:00,12371.51
2026-03-25T19:45:00+00:00,12371.51
2026-03-25T19:45:00+00:00,12371.51
2026-03-25T20:00:00+00:00,12371.51
2026-03-25T20:00:00+00:00,12371.51
2026-03-25T20:00:00+00:00,12371.51
2026-03-25T20:15:00+00:00,12371.51
2026-03-25T20:15:00+00:00,12371.51
2026-03-25T20:15:00+00:00,12371.51
2026-03-25T20:30:00+00:00,12371.51
2026-03-25T20:30:00+00:00,12371.51
2026-03-25T20:30:00+00:00,12371.51
2026-03-25T20:45:00+00:00,12371.51
2026-03-25T20:45:00+00:00,12371.51
2026-03-25T20:45:00+00:00,12371.51
2026-03-25T21:00:00+00:00,12371.51
2026-03-25T21:00:00+00:00,12371.51
2026-03-25T21:00:00+00:00,12371.51
2026-03-25T21:15:00+00:00,12371.51
2026-03-25T21:15:00+00:00,12371.51
2026-03-25T21:15:00+00:00,12371.51
2026-03-25T21:30:00+00:00,12371.51
2026-03-25T21:30:00+00:00,12371.51
2026-03-25T21:30:00+00:00,12371.51
2026-03-25T21:45:00+00:00,12371.51
2026-03-25T21:45:00+00:00,12371.51
2026-03-25T21:45:00+00:00,12371.51
2026-03-25T22:00:00+00:00,12371.51
2026-03-25T22:00:00+00:00,12371.51
2026-03-25T22:00:00+00:00,12371.51
2026-03-25T22:15:00+00:00,12371.51
2026-03-25T22:15:00+00:00,12371.51
2026-03-25T22:15:00+00:00,12371.51
2026-03-25T22:30:00+00:00,12371.51
2026-03-25T22:30:00+00:00,12371.51
2026-03-25T22:30:00+00:00,12371.51
2026-03-25T22:45:00+00:00,12371.51
2026-03-25T22:45:00+00:00,12371.51
2026-03-25T22:45:00+00:00,12371.51
2026-03-25T23:00:00+00:00,12371.51
2026-03-25T23:00:00+00:00,12371.51
2026-03-25T23:00:00+00:00,12371.51
2026-03-25T23:15:00+00:00,12371.51
2026-03-25T23:15:00+00:00,12371.51
2026-03-25T23:15:00+00:00,12371.51
2026-03-25T23:30:00+00:00,12371.51
2026-03-25T23:30:00+00:00,12371.51
2026-03-25T23:30:00+00:00,12371.51
2026-03-25T23:45:00+00:00,12371.51
2026-03-25T23:45:00+00:00,12371.51
2026-03-25T23:45:00+00:00,12371.51
2026-03-26T00:00:00+00:00,12371.51
2026-03-26T00:00:00+00:00,12371.51
2026-03-26T00:00:00+00:00,12371.51
2026-03-26T00:15:00+00:00,12371.51
2026-03-26T00:15:00+00:00,12371.51
2026-03-26T00:15:00+00:00,12371.51
2026-03-26T00:30:00+00:00,12371.51
2026-03-26T00:30:00+00:00,12371.51
2026-03-26T00:30:00+00:00,12371.51
2026-03-26T00:45:00+00:00,12371.51
2026-03-26T00:45:00+00:00,12371.51
2026-03-26T00:45:00+00:00,12371.51
2026-03-26T01:00:00+00:00,12371.51
2026-03-26T01:00:00+00:00,12371.51
2026-03-26T01:00:00+00:00,12371.51
2026-03-26T01:15:00+00:00,12371.51
2026-03-26T01:15:00+00:00,12371.51
2026-03-26T01:15:00+00:00,12371.51
2026-03-26T01:30:00+00:00,12371.51
2026-03-26T01:30:00+00:00,12371.51
2026-03-26T01:30:00+00:00,12371.51
2026-03-26T01:45:00+00:00,12371.51
2026-03-26T01:45:00+00:00,12371.51
2026-03-26T01:45:00+00:00,12371.51
2026-03-26T02:00:00+00:00,12371.51
2026-03-26T02:00:00+00:00,12371.51
2026-03-26T02:00:00+00:00,12371.51
2026-03-26T02:15:00+00:00,12371.51
2026-03-26T02:15:00+00:00,12371.51
2026-03-26T02:15:00+00:00,12371.51
2026-03-26T02:30:00+00:00,12371.51
2026-03-26T02:30:00+00:00,12371.51
2026-03-26T02:30:00+00:00,12371.51
2026-03-26T02:45:00+00:00,12371.51
2026-03-26T02:45:00+00:00,12371.51
2026-03-26T02:45:00+00:00,12371.51
2026-03-26T03:00:00+00:00,12371.51
2026-03-26T03:00:00+00:00,12371.51
2026-03-26T03:00:00+00:00,12371.51
2026-03-26T03:15:00+00:00,12371.51
2026-03-26T03:15:00+00:00,12371.51
2026-03-26T03:15:00+00:00,12371.51
2026-03-26T03:30:00+00:00,12371.51
2026-03-26T03:30:00+00:00,12371.51
2026-03-26T03:30:00+00:00,12371.51
2026-03-26T03:45:00+00:00,12371.51
2026-03-26T03:45:00+00:00,12371.51
2026-03-26T03:45:00+00:00,12371.51
2026-03-26T04:00:00+00:00,12371.51
2026-03-26T04:00:00+00:00,12371.51
2026-03-26T04:00:00+00:00,12371.51
2026-03-26T04:15:00+00:00,12371.51
2026-03-26T04:15:00+00:00,12371.51
2026-03-26T04:15:00+00:00,12371.51
2026-03-26T04:30:00+00:00,12371.51
2026-03-26T04:30:00+00:00,12371.51
2026-03-26T04:30:00+00:00,12371.51
2026-03-26T04:45:00+00:00,12371.51
2026-03-26T04:45:00+00:00,12371.51
2026-03-26T04:45:00+00:00,12371.51
2026-03-26T05:00:00+00:00,12371.51
2026-03-26T05:00:00+00:00,12371.51
2026-03-26T05:00:00+00:00,12371.51
2026-03-26T05:15:00+00:00,12371.51
2026-03-26T05:15:00+00:00,12371.51
2026-03-26T05:15:00+00:00,12371.51
2026-03-26T05:30:00+00:00,12371.51
2026-03-26T05:30:00+00:00,12371.51
2026-03-26T05:30:00+00:00,12371.51
2026-03-26T05:45:00+00:00,12371.51
2026-03-26T05:45:00+00:00,12371.51
2026-03-26T05:45:00+00:00,12371.51
2026-03-26T06:00:00+00:00,12371.51
2026-03-26T06:00:00+00:00,12371.51
2026-03-26T06:00:00+00:00,12371.51
2026-03-26T06:15:00+00:00,12371.51
2026-03-26T06:15:00+00:00,12371.51
2026-03-26T06:15:00+00:00,12371.51
2026-03-26T06:30:00+00:00,12371.51
2026-03-26T06:30:00+00:00,12371.51
2026-03-26T06:30:00+00:00,12371.51
2026-03-26T06:45:00+00:00,12371.51
2026-03-26T06:45:00+00:00,12371.51
2026-03-26T06:45:00+00:00,12371.51
2026-03-26T07:00:00+00:00,12371.51
2026-03-26T07:00:00+00:00,12371.51
2026-03-26T07:00:00+00:00,12371.51
2026-03-26T07:15:00+00:00,12371.51
2026-03-26T07:15:00+00:00,12371.51
2026-03-26T07:15:00+00:00,12371.51
2026-03-26T07:30:00+00:00,12371.51
2026-03-26T07:30:00+00:00,12371.51
2026-03-26T07:30:00+00:00,12371.51
2026-03-26T07:45:00+00:00,12371.51
2026-03-26T07:45:00+00:00,12371.51
2026-03-26T07:45:00+00:00,12371.51
2026-03-26T08:00:00+00:00,12371.51
2026-03-26T08:00:00+00:00,12371.51
2026-03-26T08:00:00+00:00,12371.51
2026-03-26T08:15:00+00:00,12371.51
2026-03-26T08:15:00+00:00,12371.51
2026-03-26T08:15:00+00:00,12371.51
2026-03-26T08:30:00+00:00,12371.51
2026-03-26T08:30:00+00:00,12371.51
2026-03-26T08:30:00+00:00,12371.51
2026-03-26T08:45:00+00:00,12371.51
2026-03-26T08:45:00+00:00,12371.51
2026-03-26T08:45:00+00:00,12371.51
2026-03-26T09:00:00+00:00,12371.51
2026-03-26T09:00:00+00:00,12371.51
2026-03-26T09:00:00+00:00,12371.51
2026-03-26T09:15:00+00:00,12371.51
2026-03-26T09:15:00+00:00,12371.51
2026-03-26T09:15:00+00:00,12371.51
2026-03-26T09:30:00+00:00,12371.51
2026-03-26T09:30:00+00:00,12371.51
2026-03-26T09:30:00+00:00,12371.51
2026-03-26T09:45:00+00:00,12371.51
2026-03-26T09:45:00+00:00,12371.51
2026-03-26T09:45:00+00:00,12371.51
2026-03-26T10:00:00+00:00,12371.51
2026-03-26T10:00:00+00:00,12371.51
2026-03-26T10:00:00+00:00,12371.51
2026-03-26T10:15:00+00:00,12371.51
2026-03-26T10:15:00+00:00,12371.51
2026-03-26T10:15:00+00:00,12371.51
2026-03-26T10:30:00+00:00,12371.51
2026-03-26T10:30:00+00:00,12371.51
2026-03-26T10:30:00+00:00,12371.51
2026-03-26T10:45:00+00:00,12371.51
2026-03-26T10:45:00+00:00,12371.51
2026-03-26T10:45:00+00:00,12371.51
2026-03-26T11:00:00+00:00,12371.51
2026-03-26T11:00:00+00:00,12371.51
2026-03-26T11:00:00+00:00,12371.51
2026-03-26T11:15:00+00:00,12371.51
2026-03-26T11:15:00+00:00,12371.51
2026-03-26T11:15:00+00:00,12371.51
2026-03-26T11:30:00+00:00,12371.51
2026-03-26T11:30:00+00:00,12371.51
2026-03-26T11:30:00+00:00,12371.51
2026-03-26T11:45:00+00:00,12371.51
2026-03-26T11:45:00+00:00,12371.51
2026-03-26T11:45:00+00:00,12371.51
2026-03-26T12:00:00+00:00,12371.51
2026-03-26T12:00:00+00:00,12371.51
2026-03-26T12:00:00+00:00,12371.51
2026-03-26T12:15:00+00:00,12371.51
2026-03-26T12:15:00+00:00,12371.51
2026-03-26T12:15:00+00:00,12371.51
2026-03-26T12:30:00+00:00,12371.51
2026-03-26T12:30:00+00:00,12371.51
2026-03-26T12:30:00+00:00,12371.51
2026-03-26T12:45:00+00:00,12371.51
2026-03-26T12:45:00+00:00,12371.51
2026-03-26T12:45:00+00:00,12371.51
2026-03-26T13:00:00+00:00,12371.51
2026-03-26T13:00:00+00:00,12371.51
2026-03-26T13:00:00+00:00,12371.51
2026-03-26T13:15:00+00:00,12371.51
2026-03-26T13:15:00+00:00,12371.51
2026-03-26T13:15:00+00:00,12371.51
2026-03-26T13:30:00+00:00,12371.51
2026-03-26T13:30:00+00:00,12371.51
2026-03-26T13:30:00+00:00,12371.51
2026-03-26T13:45:00+00:00,12371.51
2026-03-26T13:45:00+00:00,12371.51
2026-03-26T13:45:00+00:00,12371.51
2026-03-26T14:00:00+00:00,12371.51
2026-03-26T14:00:00+00:00,12371.51
2026-03-26T14:00:00+00:00,12371.51
2026-03-26T14:15:00+00:00,12371.51
2026-03-26T14:15:00+00:00,12371.51
2026-03-26T14:15:00+00:00,12371.51
2026-03-26T14:30:00+00:00,12371.51
2026-03-26T14:30:00+00:00,12371.51
2026-03-26T14:30:00+00:00,12371.51
2026-03-26T14:45:00+00:00,12371.51
2026-03-26T14:45:00+00:00,12371.51
2026-03-26T14:45:00+00:00,12371.51
2026-03-26T15:00:00+00:00,12371.51
2026-03-26T15:00:00+00:00,12371.51
2026-03-26T15:00:00+00:00,12371.51
2026-03-26T15:15:00+00:00,12371.51
2026-03-26T15:15:00+00:00,12371.51
2026-03-26T15:15:00+00:00,12371.51
2026-03-26T15:30:00+00:00,12371.51
2026-03-26T15:30:00+00:00,12371.51
2026-03-26T15:30:00+00:00,12371.51
2026-03-26T15:45:00+00:00,12371.51
2026-03-26T15:45:00+00:00,12371.51
2026-03-26T15:45:00+00:00,12371.51
2026-03-26T16:00:00+00:00,12371.51
2026-03-26T16:00:00+00:00,12371.51
2026-03-26T16:00:00+00:00,12371.51
2026-03-26T16:15:00+00:00,12371.51
2026-03-26T16:15:00+00:00,12371.51
2026-03-26T16:15:00+00:00,12371.51
2026-03-26T16:30:00+00:00,12371.51
2026-03-26T16:30:00+00:00,12371.51
2026-03-26T16:30:00+00:00,12371.51
2026-03-26T16:45:00+00:00,12371.51
2026-03-26T16:45:00+00:00,12371.51
2026-03-26T16:45:00+00:00,12371.51
2026-03-26T17:00:00+00:00,12371.51
2026-03-26T17:00:00+00:00,12371.51
2026-03-26T17:00:00+00:00,12371.51
2026-03-26T17:15:00+00:00,12371.51
2026-03-26T17:15:00+00:00,12371.51
2026-03-26T17:15:00+00:00,12371.51
2026-03-26T17:30:00+00:00,12371.51
2026-03-26T17:30:00+00:00,12371.51
2026-03-26T17:30:00+00:00,12371.51
2026-03-26T17:45:00+00:00,12371.51
2026-03-26T17:45:00+00:00,12371.51
2026-03-26T17:45:00+00:00,12371.51
2026-03-26T18:00:00+00:00,12371.51
2026-03-26T18:00:00+00:00,12371.51
2026-03-26T18:00:00+00:00,12371.51
2026-03-26T18:15:00+00:00,12371.51
2026-03-26T18:15:00+00:00,12371.51
2026-03-26T18:15:00+00:00,12371.51
2026-03-26T18:30:00+00:00,12371.51
2026-03-26T18:30:00+00:00,12371.51
2026-03-26T18:30:00+00:00,12371.51
2026-03-26T18:45:00+00:00,12371.51
2026-03-26T18:45:00+00:00,12371.51
2026-03-26T18:45:00+00:00,12371.51
2026-03-26T19:00:00+00:00,12371.51
2026-03-26T19:00:00+00:00,12371.51
2026-03-26T19:00:00+00:00,12371.51
2026-03-26T19:15:00+00:00,12371.51
2026-03-26T19:15:00+00:00,12371.51
2026-03-26T19:15:00+00:00,12371.51
2026-03-26T19:30:00+00:00,12371.51
2026-03-26T19:30:00+00:00,12371.51
2026-03-26T19:30:00+00:00,12371.51
2026-03-26T19:45:00+00:00,12371.51
2026-03-26T19:45:00+00:00,12371.51
2026-03-26T19:45:00+00:00,12371.51
2026-03-26T20:00:00+00:00,12371.51
2026-03-26T20:00:00+00:00,12371.51
2026-03-26T20:00:00+00:00,12371.51
2026-03-26T20:15:00+00:00,12371.51
2026-03-26T20:15:00+00:00,12371.51
2026-03-26T20:15:00+00:00,12371.51
2026-03-26T20:30:00+00:00,12371.51
2026-03-26T20:30:00+00:00,12371.51
2026-03-26T20:30:00+00:00,12371.51
2026-03-26T20:45:00+00:00,12371.51
2026-03-26T20:45:00+00:00,12371.51
2026-03-26T20:45:00+00:00,12371.51
2026-03-26T21:00:00+00:00,12371.51
2026-03-26T21:00:00+00:00,12371.51
2026-03-26T21:00:00+00:00,12371.51
2026-03-26T21:15:00+00:00,12371.51
2026-03-26T21:15:00+00:00,12371.51
2026-03-26T21:15:00+00:00,12371.51
2026-03-26T21:30:00+00:00,12371.51
2026-03-26T21:30:00+00:00,12371.51
2026-03-26T21:30:00+00:00,12371.51
2026-03-26T21:45:00+00:00,12371.51
2026-03-26T21:45:00+00:00,12371.51
2026-03-26T21:45:00+00:00,12371.51
2026-03-26T22:00:00+00:00,12371.51
2026-03-26T22:00:00+00:00,12371.51
2026-03-26T22:00:00+00:00,12371.51
2026-03-26T22:15:00+00:00,12371.51
2026-03-26T22:15:00+00:00,12371.51
2026-03-26T22:15:00+00:00,12371.51
2026-03-26T22:30:00+00:00,12371.51
2026-03-26T22:30:00+00:00,12371.51
2026-03-26T22:30:00+00:00,12371.51
2026-03-26T22:45:00+00:00,12371.51
2026-03-26T22:45:00+00:00,12371.51
2026-03-26T22:45:00+00:00,12371.51
2026-03-26T23:00:00+00:00,12371.51
2026-03-26T23:00:00+00:00,12371.51
2026-03-26T23:00:00+00:00,12371.51
2026-03-26T23:15:00+00:00,12371.51
2026-03-26T23:15:00+00:00,12371.51
2026-03-26T23:15:00+00:00,12371.51
2026-03-26T23:30:00+00:00,12371.51
2026-03-26T23:30:00+00:00,12371.51
2026-03-26T23:30:00+00:00,12371.51
2026-03-26T23:45:00+00:00,12371.51
2026-03-26T23:45:00+00:00,12371.51
2026-03-26T23:45:00+00:00,12371.51
2026-03-27T00:00:00+00:00,12371.51
2026-03-27T00:00:00+00:00,12371.51
2026-03-27T00:00:00+00:00,12371.51
2026-03-27T00:15:00+00:00,12371.51
2026-03-27T00:15:00+00:00,12371.51
2026-03-27T00:15:00+00:00,12371.51
2026-03-27T00:30:00+00:00,12371.51
2026-03-27T00:30:00+00:00,12371.51
2026-03-27T00:30:00+00:00,12371.51
2026-03-27T00:45:00+00:00,12371.51
2026-03-27T00:45:00+00:00,12371.51
2026-03-27T00:45:00+00:00,12371.51
2026-03-27T01:00:00+00:00,12371.51
2026-03-27T01:00:00+00:00,12371.51
2026-03-27T01:00:00+00:00,12371.51
2026-03-27T01:15:00+00:00,12371.51
2026-03-27T01:15:00+00:00,12371.51
2026-03-27T01:15:00+00:00,12371.51
2026-03-27T01:30:00+00:00,12371.51
2026-03-27T01:30:00+00:00,12371.51
2026-03-27T01:30:00+00:00,12371.51
2026-03-27T01:45:00+00:00,12371.51
2026-03-27T01:45:00+00:00,12371.51
2026-03-27T01:45:00+00:00,12371.51
2026-03-27T02:00:00+00:00,12371.51
2026-03-27T02:00:00+00:00,12371.51
2026-03-27T02:00:00+00:00,12371.51
2026-03-27T02:15:00+00:00,12371.51
2026-03-27T02:15:00+00:00,12371.51
2026-03-27T02:15:00+00:00,12371.51
2026-03-27T02:30:00+00:00,12371.51
2026-03-27T02:30:00+00:00,12371.51
2026-03-27T02:30:00+00:00,12371.51
2026-03-27T02:45:00+00:00,12371.51
2026-03-27T02:45:00+00:00,12371.51
2026-03-27T02:45:00+00:00,12371.51
2026-03-27T03:00:00+00:00,12371.51
2026-03-27T03:00:00+00:00,12371.51
2026-03-27T03:00:00+00:00,12371.51
2026-03-27T03:15:00+00:00,12371.51
2026-03-27T03:15:00+00:00,12371.51
2026-03-27T03:15:00+00:00,12371.51
2026-03-27T03:30:00+00:00,12371.51
2026-03-27T03:30:00+00:00,12371.51
2026-03-27T03:30:00+00:00,12371.51
2026-03-27T03:45:00+00:00,12371.51
2026-03-27T03:45:00+00:00,12371.51
2026-03-27T03:45:00+00:00,12371.51
2026-03-27T04:00:00+00:00,12371.51
2026-03-27T04:00:00+00:00,12371.51
2026-03-27T04:00:00+00:00,12371.51
2026-03-27T04:15:00+00:00,12371.51
2026-03-27T04:15:00+00:00,12371.51
2026-03-27T04:15:00+00:00,12371.51
2026-03-27T04:30:00+00:00,12371.51
2026-03-27T04:30:00+00:00,12371.51
2026-03-27T04:30:00+00:00,12371.51
2026-03-27T04:45:00+00:00,12371.51
2026-03-27T04:45:00+00:00,12371.51
2026-03-27T04:45:00+00:00,12371.51
2026-03-27T05:00:00+00:00,12371.51
2026-03-27T05:00:00+00:00,12371.51
2026-03-27T05:00:00+00:00,12371.51
2026-03-27T05:15:00+00:00,12371.51
2026-03-27T05:15:00+00:00,12371.51
2026-03-27T05:15:00+00:00,12371.51
2026-03-27T05:30:00+00:00,12371.51
2026-03-27T05:30:00+00:00,12371.51
2026-03-27T05:30:00+00:00,12371.51
2026-03-27T05:45:00+00:00,12371.51
2026-03-27T05:45:00+00:00,12371.51
2026-03-27T05:45:00+00:00,12371.51
2026-03-27T06:00:00+00:00,12371.51
2026-03-27T06:00:00+00:00,12371.51
2026-03-27T06:00:00+00:00,12371.51
2026-03-27T06:15:00+00:00,12371.51
2026-03-27T06:15:00+00:00,12371.51
2026-03-27T06:15:00+00:00,12371.51
2026-03-27T06:30:00+00:00,12371.51
2026-03-27T06:30:00+00:00,12371.51
2026-03-27T06:30:00+00:00,12371.51
2026-03-27T06:45:00+00:00,12371.51
2026-03-27T06:45:00+00:00,12371.51
2026-03-27T06:45:00+00:00,12371.51
2026-03-27T07:00:00+00:00,12371.51
2026-03-27T07:00:00+00:00,12371.51
2026-03-27T07:00:00+00:00,12371.51
2026-03-27T07:15:00+00:00,12371.51
2026-03-27T07:15:00+00:00,12371.51
2026-03-27T07:15:00+00:00,12371.51
2026-03-27T07:30:00+00:00,12371.51
2026-03-27T07:30:00+00:00,12371.51
2026-03-27T07:30:00+00:00,12371.51
2026-03-27T07:45:00+00:00,12371.51
2026-03-27T07:45:00+00:00,12371.51
2026-03-27T07:45:00+00:00,12371.51
2026-03-27T08:00:00+00:00,12371.62
2026-03-27T08:00:00+00:00,12371.62
2026-03-27T08:00:00+00:00,12371.62
2026-03-27T08:15:00+00:00,12473.61
2026-03-27T08:15:00+00:00,12473.61
2026-03-27T08:15:00+00:00,12473.61
2026-03-27T08:30:00+00:00,12599.39
2026-03-27T08:30:00+00:00,12599.39
2026-03-27T08:30:00+00:00,12599.39
2026-03-27T08:45:00+00:00,12559.44
2026-03-27T08:45:00+00:00,12559.44
2026-03-27T08:45:00+00:00,12559.44
2026-03-27T09:00:00+00:00,12613.70
2026-03-27T09:00:00+00:00,12613.70
2026-03-27T09:00:00+00:00,12613.70
2026-03-27T09:15:00+00:00,12535.52
2026-03-27T09:15:00+00:00,12535.52
2026-03-27T09:15:00+00:00,12535.52
2026-03-27T09:30:00+00:00,12588.21
2026-03-27T09:30:00+00:00,12588.21
2026-03-27T09:30:00+00:00,12588.21
2026-03-27T09:45:00+00:00,12617.10
2026-03-27T09:45:00+00:00,12617.10
2026-03-27T09:45:00+00:00,12617.10
2026-03-27T10:00:00+00:00,12627.30
2026-03-27T10:00:00+00:00,12627.30
2026-03-27T10:00:00+00:00,12627.30
2026-03-27T10:15:00+00:00,12599.25
2026-03-27T10:15:00+00:00,12599.25
2026-03-27T10:15:00+00:00,12599.25
2026-03-27T10:30:00+00:00,12869.51
2026-03-27T10:30:00+00:00,12869.51
2026-03-27T10:30:00+00:00,12869.51
2026-03-27T10:45:00+00:00,12904.53
2026-03-27T10:45:00+00:00,12904.53
2026-03-27T10:45:00+00:00,12904.53
2026-03-27T11:00:00+00:00,12898.09
2026-03-27T11:00:00+00:00,12898.09
2026-03-27T11:00:00+00:00,12898.09
2026-03-27T11:15:00+00:00,12898.09
2026-03-27T11:15:00+00:00,12898.09
2026-03-27T11:15:00+00:00,12898.09
2026-03-27T11:30:00+00:00,12898.09
2026-03-27T11:30:00+00:00,12898.09
2026-03-27T11:30:00+00:00,12898.09
2026-03-27T11:45:00+00:00,12898.09
2026-03-27T11:45:00+00:00,12898.09
2026-03-27T11:45:00+00:00,12898.09
2026-03-27T12:00:00+00:00,12898.09
2026-03-27T12:00:00+00:00,12898.09
2026-03-27T12:00:00+00:00,12898.09
2026-03-27T12:15:00+00:00,12898.09
2026-03-27T12:15:00+00:00,12898.09
2026-03-27T12:15:00+00:00,12898.09
2026-03-27T12:30:00+00:00,12898.09
2026-03-27T12:30:00+00:00,12898.09
2026-03-27T12:30:00+00:00,12898.09
2026-03-27T12:45:00+00:00,12898.09
2026-03-27T12:45:00+00:00,12898.09
2026-03-27T12:45:00+00:00,12898.09
2026-03-27T13:00:00+00:00,12898.09
2026-03-27T13:00:00+00:00,12898.09
2026-03-27T13:00:00+00:00,12898.09
2026-03-27T13:15:00+00:00,12898.09
2026-03-27T13:15:00+00:00,12898.09
2026-03-27T13:15:00+00:00,12898.09
2026-03-27T13:30:00+00:00,12898.09
2026-03-27T13:30:00+00:00,12898.09
2026-03-27T13:30:00+00:00,12898.09
2026-03-27T13:45:00+00:00,12898.09
2026-03-27T13:45:00+00:00,12898.09
2026-03-27T13:45:00+00:00,12898.09
2026-03-27T14:00:00+00:00,12898.09
2026-03-27T14:00:00+00:00,12898.09
2026-03-27T14:00:00+00:00,12898.09
2026-03-27T14:15:00+00:00,12898.09
2026-03-27T14:15:00+00:00,12898.09
2026-03-27T14:15:00+00:00,12898.09
2026-03-27T14:30:00+00:00,12898.09
2026-03-27T14:30:00+00:00,12898.09
2026-03-27T14:30:00+00:00,12898.09
2026-03-27T14:45:00+00:00,12898.09
2026-03-27T14:45:00+00:00,12898.09
2026-03-27T14:45:00+00:00,12898.09
2026-03-27T15:00:00+00:00,12898.09
2026-03-27T15:00:00+00:00,12898.09
2026-03-27T15:00:00+00:00,12898.09
2026-03-27T15:15:00+00:00,12898.09
2026-03-27T15:15:00+00:00,12898.09
2026-03-27T15:15:00+00:00,12898.09
2026-03-27T15:30:00+00:00,12898.09
2026-03-27T15:30:00+00:00,12898.09
2026-03-27T15:30:00+00:00,12898.09
2026-03-27T15:45:00+00:00,12898.09
2026-03-27T15:45:00+00:00,12898.09
2026-03-27T15:45:00+00:00,12898.09
2026-03-27T16:00:00+00:00,12898.09
2026-03-27T16:00:00+00:00,12898.09
2026-03-27T16:00:00+00:00,12898.09
2026-03-27T16:15:00+00:00,12898.09
2026-03-27T16:15:00+00:00,12898.09
2026-03-27T16:15:00+00:00,12898.09
2026-03-27T16:30:00+00:00,12898.09
2026-03-27T16:30:00+00:00,12898.09
2026-03-27T16:30:00+00:00,12898.09
2026-03-27T16:45:00+00:00,12898.09
2026-03-27T16:45:00+00:00,12898.09
2026-03-27T16:45:00+00:00,12898.09
2026-03-27T17:00:00+00:00,12898.09
2026-03-27T17:00:00+00:00,12898.09
2026-03-27T17:00:00+00:00,12898.09
2026-03-27T17:15:00+00:00,12898.09
2026-03-27T17:15:00+00:00,12898.09
2026-03-27T17:15:00+00:00,12898.09
2026-03-27T17:30:00+00:00,12898.09
2026-03-27T17:30:00+00:00,12898.09
2026-03-27T17:30:00+00:00,12898.09
2026-03-27T17:45:00+00:00,12898.09
2026-03-27T17:45:00+00:00,12898.09
2026-03-27T17:45:00+00:00,12898.09
2026-03-27T18:00:00+00:00,12898.09
2026-03-27T18:00:00+00:00,12898.09
2026-03-27T18:00:00+00:00,12898.09
2026-03-27T18:15:00+00:00,12898.09
2026-03-27T18:15:00+00:00,12898.09
2026-03-27T18:15:00+00:00,12898.09
2026-03-27T18:30:00+00:00,12898.09
2026-03-27T18:30:00+00:00,12898.09
2026-03-27T18:30:00+00:00,12898.09
2026-03-27T18:45:00+00:00,12898.09
2026-03-27T18:45:00+00:00,12898.09
2026-03-27T18:45:00+00:00,12898.09
2026-03-27T19:00:00+00:00,12898.09
2026-03-27T19:00:00+00:00,12898.09
2026-03-27T19:00:00+00:00,12898.09
2026-03-27T19:15:00+00:00,12898.09
2026-03-27T19:15:00+00:00,12898.09
2026-03-27T19:15:00+00:00,12898.09
2026-03-27T19:30:00+00:00,12898.09
2026-03-27T19:30:00+00:00,12898.09
2026-03-27T19:30:00+00:00,12898.09
2026-03-27T19:45:00+00:00,12898.09
2026-03-27T19:45:00+00:00,12898.09
2026-03-27T19:45:00+00:00,12898.09
2026-03-27T20:00:00+00:00,12898.09
2026-03-27T20:00:00+00:00,12898.09
2026-03-27T20:00:00+00:00,12898.09
2026-03-27T20:15:00+00:00,12898.09
2026-03-27T20:15:00+00:00,12898.09
2026-03-27T20:15:00+00:00,12898.09
2026-03-27T20:30:00+00:00,12898.09
2026-03-27T20:30:00+00:00,12898.09
2026-03-27T20:30:00+00:00,12898.09
2026-03-27T20:45:00+00:00,12898.09
2026-03-27T20:45:00+00:00,12898.09
2026-03-27T20:45:00+00:00,12898.09
2026-03-27T21:00:00+00:00,12898.09
2026-03-27T21:00:00+00:00,12898.09
2026-03-27T21:00:00+00:00,12898.09
2026-03-27T21:15:00+00:00,12898.09
2026-03-27T21:15:00+00:00,12898.09
2026-03-27T21:15:00+00:00,12898.09
2026-03-27T21:30:00+00:00,12898.09
2026-03-27T21:30:00+00:00,12898.09
2026-03-27T21:30:00+00:00,12898.09
2026-03-27T21:45:00+00:00,12898.09
2026-03-27T21:45:00+00:00,12898.09
2026-03-27T21:45:00+00:00,12898.09
2026-03-27T22:00:00+00:00,12898.09
2026-03-27T22:00:00+00:00,12898.09
2026-03-27T22:00:00+00:00,12898.09
2026-03-27T22:15:00+00:00,12898.09
2026-03-27T22:15:00+00:00,12898.09
2026-03-27T22:15:00+00:00,12898.09
2026-03-27T22:30:00+00:00,12898.09
2026-03-27T22:30:00+00:00,12898.09
2026-03-27T22:30:00+00:00,12898.09
2026-03-27T22:45:00+00:00,12898.09
2026-03-27T22:45:00+00:00,12898.09
2026-03-27T22:45:00+00:00,12898.09
2026-03-27T23:00:00+00:00,12898.09
2026-03-27T23:00:00+00:00,12898.09
2026-03-27T23:00:00+00:00,12898.09
2026-03-27T23:15:00+00:00,12898.09
2026-03-27T23:15:00+00:00,12898.09
2026-03-27T23:15:00+00:00,12898.09
2026-03-27T23:30:00+00:00,12898.09
2026-03-27T23:30:00+00:00,12898.09
2026-03-27T23:30:00+00:00,12898.09
2026-03-27T23:45:00+00:00,12898.09
2026-03-27T23:45:00+00:00,12898.09
2026-03-27T23:45:00+00:00,12898.09
2026-03-28T00:00:00+00:00,12898.09
2026-03-28T00:00:00+00:00,12898.09
2026-03-28T00:00:00+00:00,12898.09
2026-03-28T00:15:00+00:00,12898.09
2026-03-28T00:15:00+00:00,12898.09
2026-03-28T00:15:00+00:00,12898.09
2026-03-28T00:30:00+00:00,12898.09
2026-03-28T00:30:00+00:00,12898.09
2026-03-28T00:30:00+00:00,12898.09
2026-03-28T00:45:00+00:00,12898.09
2026-03-28T00:45:00+00:00,12898.09
2026-03-28T00:45:00+00:00,12898.09
2026-03-28T01:00:00+00:00,12898.09
2026-03-28T01:00:00+00:00,12898.09
2026-03-28T01:00:00+00:00,12898.09
2026-03-28T01:15:00+00:00,12898.09
2026-03-28T01:15:00+00:00,12898.09
2026-03-28T01:15:00+00:00,12898.09
2026-03-28T01:30:00+00:00,12898.09
2026-03-28T01:30:00+00:00,12898.09
2026-03-28T01:30:00+00:00,12898.09
2026-03-28T01:45:00+00:00,12898.09
2026-03-28T01:45:00+00:00,12898.09
2026-03-28T01:45:00+00:00,12898.09
2026-03-28T02:00:00+00:00,12898.09
2026-03-28T02:00:00+00:00,12898.09
2026-03-28T02:00:00+00:00,12898.09
2026-03-28T02:15:00+00:00,12898.09
2026-03-28T02:15:00+00:00,12898.09
2026-03-28T02:15:00+00:00,12898.09
2026-03-28T02:30:00+00:00,12898.09
2026-03-28T02:30:00+00:00,12898.09
2026-03-28T02:30:00+00:00,12898.09
2026-03-28T02:45:00+00:00,12898.09
2026-03-28T02:45:00+00:00,12898.09
2026-03-28T02:45:00+00:00,12898.09
2026-03-28T03:00:00+00:00,12898.09
2026-03-28T03:00:00+00:00,12898.09
2026-03-28T03:00:00+00:00,12898.09
2026-03-28T03:15:00+00:00,12898.09
2026-03-28T03:15:00+00:00,12898.09
2026-03-28T03:15:00+00:00,12898.09
2026-03-28T03:30:00+00:00,12898.09
2026-03-28T03:30:00+00:00,12898.09
2026-03-28T03:30:00+00:00,12898.09
2026-03-28T03:45:00+00:00,12898.09
2026-03-28T03:45:00+00:00,12898.09
2026-03-28T03:45:00+00:00,12898.09
2026-03-28T04:00:00+00:00,12898.09
2026-03-28T04:00:00+00:00,12898.09
2026-03-28T04:00:00+00:00,12898.09
2026-03-28T04:15:00+00:00,12898.09
2026-03-28T04:15:00+00:00,12898.09
2026-03-28T04:15:00+00:00,12898.09
2026-03-28T04:30:00+00:00,12898.09
2026-03-28T04:30:00+00:00,12898.09
2026-03-28T04:30:00+00:00,12898.09
2026-03-28T04:45:00+00:00,12898.09
2026-03-28T04:45:00+00:00,12898.09
2026-03-28T04:45:00+00:00,12898.09
2026-03-28T05:00:00+00:00,12898.09
2026-03-28T05:00:00+00:00,12898.09
2026-03-28T05:00:00+00:00,12898.09
2026-03-28T05:15:00+00:00,12898.09
2026-03-28T05:15:00+00:00,12898.09
2026-03-28T05:15:00+00:00,12898.09
2026-03-28T05:30:00+00:00,12898.09
2026-03-28T05:30:00+00:00,12898.09
2026-03-28T05:30:00+00:00,12898.09
2026-03-28T05:45:00+00:00,12898.09
2026-03-28T05:45:00+00:00,12898.09
2026-03-28T05:45:00+00:00,12898.09
2026-03-28T06:00:00+00:00,12898.09
2026-03-28T06:00:00+00:00,12898.09
2026-03-28T06:00:00+00:00,12898.09
2026-03-28T06:15:00+00:00,12898.09
2026-03-28T06:15:00+00:00,12898.09
2026-03-28T06:15:00+00:00,12898.09
2026-03-28T06:30:00+00:00,12898.09
2026-03-28T06:30:00+00:00,12898.09
2026-03-28T06:30:00+00:00,12898.09
2026-03-28T06:45:00+00:00,12898.09
2026-03-28T06:45:00+00:00,12898.09
2026-03-28T06:45:00+00:00,12898.09
2026-03-28T07:00:00+00:00,12898.09
2026-03-28T07:00:00+00:00,12813.42
2026-03-28T07:00:00+00:00,12813.42
2026-03-28T07:15:00+00:00,12813.42
2026-03-28T07:15:00+00:00,12781.13
2026-03-28T07:15:00+00:00,12781.13
2026-03-28T07:30:00+00:00,12781.13
2026-03-28T07:30:00+00:00,12780.27
2026-03-28T07:30:00+00:00,12780.27
2026-03-28T07:45:00+00:00,12780.27
2026-03-28T07:45:00+00:00,12740.77
2026-03-28T07:45:00+00:00,12740.77
2026-03-28T08:00:00+00:00,12740.22
2026-03-28T08:00:00+00:00,12753.77
2026-03-28T08:00:00+00:00,12753.77
2026-03-28T08:15:00+00:00,12753.77
2026-03-28T08:15:00+00:00,12759.82
2026-03-28T08:15:00+00:00,12759.82
2026-03-28T08:30:00+00:00,12759.82
2026-03-28T08:30:00+00:00,12752.33
2026-03-28T08:30:00+00:00,12752.33
2026-03-28T08:45:00+00:00,12752.33
2026-03-28T08:45:00+00:00,12798.45
2026-03-28T08:45:00+00:00,12798.45
2026-03-28T09:00:00+00:00,12797.85
2026-03-28T09:00:00+00:00,12870.78
2026-03-28T09:00:00+00:00,12870.78
2026-03-28T09:15:00+00:00,12870.78
2026-03-28T09:15:00+00:00,12858.68
2026-03-28T09:15:00+00:00,12858.68
2026-03-28T09:30:00+00:00,12858.68
2026-03-28T09:30:00+00:00,12910.57
2026-03-28T09:30:00+00:00,12910.57
2026-03-28T09:45:00+00:00,12910.57
2026-03-28T09:45:00+00:00,12895.29
2026-03-28T09:45:00+00:00,12895.29
2026-03-28T10:00:00+00:00,12894.99
2026-03-28T10:00:00+00:00,12883.31
2026-03-28T10:00:00+00:00,12883.31
2026-03-28T10:15:00+00:00,12883.31
2026-03-28T10:15:00+00:00,12907.67
2026-03-28T10:15:00+00:00,12907.67
2026-03-28T10:30:00+00:00,12907.67
2026-03-28T10:30:00+00:00,12905.30
2026-03-28T10:30:00+00:00,12905.30
2026-03-28T10:45:00+00:00,12905.30
2026-03-28T10:45:00+00:00,12892.76
2026-03-28T10:45:00+00:00,12892.76
2026-03-28T11:00:00+00:00,12892.73
2026-03-28T11:00:00+00:00,12894.25
2026-03-28T11:00:00+00:00,12894.25
2026-03-28T11:15:00+00:00,12894.25
2026-03-28T11:15:00+00:00,12892.61
2026-03-28T11:15:00+00:00,12892.61
2026-03-28T11:30:00+00:00,12892.61
2026-03-28T11:30:00+00:00,12893.04
2026-03-28T11:30:00+00:00,12893.04
2026-03-28T11:45:00+00:00,12893.04
2026-03-28T11:45:00+00:00,12893.10
2026-03-28T11:45:00+00:00,12893.10
2026-03-28T12:00:00+00:00,12893.10
2026-03-28T12:00:00+00:00,12892.98
2026-03-28T12:00:00+00:00,12892.98
2026-03-28T12:15:00+00:00,12892.98
2026-03-28T12:15:00+00:00,12892.98
2026-03-28T12:15:00+00:00,12892.98
2026-03-28T12:30:00+00:00,12892.98
2026-03-28T12:30:00+00:00,12893.18
2026-03-28T12:30:00+00:00,12893.18
2026-03-28T12:45:00+00:00,12893.18
2026-03-28T12:45:00+00:00,12893.21
2026-03-28T12:45:00+00:00,12893.21
2026-03-28T13:00:00+00:00,12893.21
2026-03-28T13:00:00+00:00,12893.11
2026-03-28T13:00:00+00:00,12893.11
2026-03-28T13:15:00+00:00,12893.11
2026-03-28T13:15:00+00:00,12893.15
2026-03-28T13:15:00+00:00,12893.15
2026-03-28T13:30:00+00:00,12893.15
2026-03-28T13:30:00+00:00,12892.90
2026-03-28T13:30:00+00:00,12892.90
2026-03-28T13:45:00+00:00,12892.90
2026-03-28T13:45:00+00:00,12892.90
2026-03-28T13:45:00+00:00,12892.90
2026-03-28T14:00:00+00:00,12892.90
2026-03-28T14:00:00+00:00,12892.90
2026-03-28T14:00:00+00:00,12892.90
2026-03-28T14:15:00+00:00,12892.90
2026-03-28T14:15:00+00:00,12892.90
2026-03-28T14:15:00+00:00,12892.90
2026-03-28T14:30:00+00:00,12892.90
2026-03-28T14:30:00+00:00,12892.90
2026-03-28T14:30:00+00:00,12892.90
2026-03-28T14:45:00+00:00,12892.90
2026-03-28T14:45:00+00:00,12892.90
2026-03-28T14:45:00+00:00,12892.90
2026-03-28T15:00:00+00:00,12892.90
2026-03-28T15:00:00+00:00,12892.90
2026-03-28T15:00:00+00:00,12892.90
2026-03-28T15:15:00+00:00,12892.90
2026-03-28T15:15:00+00:00,12892.90
2026-03-28T15:15:00+00:00,12892.90
2026-03-28T15:30:00+00:00,12892.90
2026-03-28T15:30:00+00:00,12892.90
2026-03-28T15:30:00+00:00,12892.90
2026-03-28T15:45:00+00:00,12892.90
2026-03-28T15:45:00+00:00,12892.90
2026-03-28T15:45:00+00:00,12892.90
2026-03-28T16:00:00+00:00,12892.90
2026-03-28T16:00:00+00:00,12892.90
2026-03-28T16:00:00+00:00,12892.90
2026-03-28T16:15:00+00:00,12892.90
2026-03-28T16:15:00+00:00,12892.90
2026-03-28T16:15:00+00:00,12892.90
2026-03-28T16:30:00+00:00,12892.90
2026-03-28T16:30:00+00:00,12892.90
2026-03-28T16:30:00+00:00,12892.90
2026-03-28T16:45:00+00:00,12892.90
2026-03-28T16:45:00+00:00,12892.90
2026-03-28T16:45:00+00:00,12892.90
2026-03-28T17:00:00+00:00,12892.90
2026-03-28T17:00:00+00:00,12892.90
2026-03-28T17:00:00+00:00,12892.90
2026-03-28T17:15:00+00:00,12892.90
2026-03-28T17:15:00+00:00,12892.90
2026-03-28T17:15:00+00:00,12892.90
2026-03-28T17:30:00+00:00,12892.90
2026-03-28T17:30:00+00:00,12892.90
2026-03-28T17:30:00+00:00,12892.90
2026-03-28T17:45:00+00:00,12892.90
2026-03-28T17:45:00+00:00,12892.90
2026-03-28T17:45:00+00:00,12892.90
2026-03-28T18:00:00+00:00,12892.90
2026-03-28T18:00:00+00:00,12892.90
2026-03-28T18:00:00+00:00,12892.90
2026-03-28T18:15:00+00:00,12892.90
2026-03-28T18:15:00+00:00,12892.90
2026-03-28T18:15:00+00:00,12892.90
2026-03-28T18:30:00+00:00,12892.90
2026-03-28T18:30:00+00:00,12892.90
2026-03-28T18:30:00+00:00,12892.90
2026-03-28T18:45:00+00:00,12892.90
2026-03-28T18:45:00+00:00,12892.90
2026-03-28T18:45:00+00:00,12892.90
2026-03-28T19:00:00+00:00,12892.90
2026-03-28T19:00:00+00:00,12892.90
2026-03-28T19:00:00+00:00,12892.90
2026-03-28T19:15:00+00:00,12892.90
2026-03-28T19:15:00+00:00,12892.90
2026-03-28T19:15:00+00:00,12892.90
2026-03-28T19:30:00+00:00,12892.90
2026-03-28T19:30:00+00:00,12892.90
2026-03-28T19:30:00+00:00,12892.90
2026-03-28T19:45:00+00:00,12892.90
2026-03-28T19:45:00+00:00,12892.90
2026-03-28T19:45:00+00:00,12892.90
2026-03-28T20:00:00+00:00,12892.90
2026-03-28T20:00:00+00:00,12892.90
2026-03-28T20:00:00+00:00,12892.90
2026-03-28T20:15:00+00:00,12892.90
2026-03-28T20:15:00+00:00,12892.90
2026-03-28T20:15:00+00:00,12892.90
2026-03-28T20:30:00+00:00,12892.90
2026-03-28T20:30:00+00:00,12892.90
2026-03-28T20:30:00+00:00,12892.90
2026-03-28T20:45:00+00:00,12892.90
2026-03-28T20:45:00+00:00,12892.90
2026-03-28T20:45:00+00:00,12892.90
2026-03-28T21:00:00+00:00,12892.90
2026-03-28T21:00:00+00:00,12892.90
2026-03-28T21:00:00+00:00,12892.90
2026-03-28T21:15:00+00:00,12892.90
2026-03-28T21:15:00+00:00,12892.90
2026-03-28T21:15:00+00:00,12892.90
2026-03-28T21:30:00+00:00,12892.90
2026-03-28T21:30:00+00:00,12892.90
2026-03-28T21:30:00+00:00,12892.90
2026-03-28T21:45:00+00:00,12892.90
2026-03-28T21:45:00+00:00,12892.90
2026-03-28T21:45:00+00:00,12892.90
2026-03-28T22:00:00+00:00,12892.90
2026-03-28T22:00:00+00:00,12892.90
2026-03-28T22:00:00+00:00,12892.90
2026-03-28T22:15:00+00:00,12892.90
2026-03-28T22:15:00+00:00,12892.90
2026-03-28T22:15:00+00:00,12892.90
2026-03-28T22:30:00+00:00,12892.90
2026-03-28T22:30:00+00:00,12892.90
2026-03-28T22:30:00+00:00,12892.90
2026-03-28T22:45:00+00:00,12892.90
2026-03-28T22:45:00+00:00,12892.90
2026-03-28T22:45:00+00:00,12892.90
2026-03-28T23:00:00+00:00,12892.90
2026-03-28T23:00:00+00:00,12892.90
2026-03-28T23:00:00+00:00,12892.90
2026-03-28T23:15:00+00:00,12892.90
2026-03-28T23:15:00+00:00,12892.90
2026-03-28T23:15:00+00:00,12892.90
2026-03-28T23:30:00+00:00,12892.90
2026-03-28T23:30:00+00:00,12892.90
2026-03-28T23:30:00+00:00,12892.90
2026-03-28T23:45:00+00:00,12892.90
2026-03-28T23:45:00+00:00,12892.90
2026-03-28T23:45:00+00:00,12892.90
2026-03-29T00:00:00+00:00,12892.90
2026-03-29T00:00:00+00:00,12892.90
2026-03-29T00:00:00+00:00,12892.90
2026-03-29T00:15:00+00:00,12892.90
2026-03-29T00:15:00+00:00,12892.90
2026-03-29T00:15:00+00:00,12892.90
2026-03-29T00:30:00+00:00,12892.90
2026-03-29T00:30:00+00:00,12892.90
2026-03-29T00:30:00+00:00,12892.90
2026-03-29T00:45:00+00:00,12892.90
2026-03-29T00:45:00+00:00,12892.90
2026-03-29T00:45:00+00:00,12892.90
2026-03-29T01:00:00+00:00,12892.90
2026-03-29T01:00:00+00:00,12892.90
2026-03-29T01:00:00+00:00,12892.90
2026-03-29T01:15:00+00:00,12892.90
2026-03-29T01:15:00+00:00,12892.90
2026-03-29T01:15:00+00:00,12892.90
2026-03-29T01:30:00+00:00,12892.90
2026-03-29T01:30:00+00:00,12892.90
2026-03-29T01:30:00+00:00,12892.90
2026-03-29T01:45:00+00:00,12892.90
2026-03-29T01:45:00+00:00,12892.90
2026-03-29T01:45:00+00:00,12892.90
2026-03-29T02:00:00+00:00,12892.90
2026-03-29T02:00:00+00:00,12892.90
2026-03-29T02:00:00+00:00,12892.90
2026-03-29T02:15:00+00:00,12892.90
2026-03-29T02:15:00+00:00,12892.90
2026-03-29T02:15:00+00:00,12892.90
2026-03-29T02:30:00+00:00,12892.90
2026-03-29T02:30:00+00:00,12892.90
2026-03-29T02:30:00+00:00,12892.90
2026-03-29T02:45:00+00:00,12892.90
2026-03-29T02:45:00+00:00,12892.90
2026-03-29T02:45:00+00:00,12892.90
2026-03-29T03:00:00+00:00,12892.90
2026-03-29T03:00:00+00:00,12892.90
2026-03-29T03:00:00+00:00,12892.90
2026-03-29T03:15:00+00:00,12892.90
2026-03-29T03:15:00+00:00,12892.90
2026-03-29T03:15:00+00:00,12892.90
2026-03-29T03:30:00+00:00,12892.90
2026-03-29T03:30:00+00:00,12892.90
2026-03-29T03:30:00+00:00,12892.90
2026-03-29T03:45:00+00:00,12892.90
2026-03-29T03:45:00+00:00,12892.90
2026-03-29T03:45:00+00:00,12892.90
2026-03-29T04:00:00+00:00,12892.90
2026-03-29T04:00:00+00:00,12892.90
2026-03-29T04:00:00+00:00,12892.90
2026-03-29T04:15:00+00:00,12892.90
2026-03-29T04:15:00+00:00,12892.90
2026-03-29T04:15:00+00:00,12892.90
2026-03-29T04:30:00+00:00,12892.90
2026-03-29T04:30:00+00:00,12892.90
2026-03-29T04:30:00+00:00,12892.90
2026-03-29T04:45:00+00:00,12892.90
2026-03-29T04:45:00+00:00,12892.90
2026-03-29T04:45:00+00:00,12892.90
2026-03-29T05:00:00+00:00,12892.90
2026-03-29T05:00:00+00:00,12892.90
2026-03-29T05:00:00+00:00,12892.90
2026-03-29T05:15:00+00:00,12892.90
2026-03-29T05:15:00+00:00,12892.90
2026-03-29T05:15:00+00:00,12892.90
2026-03-29T05:30:00+00:00,12892.90
2026-03-29T05:30:00+00:00,12892.90
2026-03-29T05:30:00+00:00,12892.90
2026-03-29T05:45:00+00:00,12892.90
2026-03-29T05:45:00+00:00,12892.90
2026-03-29T05:45:00+00:00,12892.90
2026-03-29T06:00:00+00:00,12892.90
2026-03-29T06:00:00+00:00,12892.90
2026-03-29T06:00:00+00:00,12892.90
2026-03-29T06:15:00+00:00,12892.90
2026-03-29T06:15:00+00:00,12892.90
2026-03-29T06:15:00+00:00,12892.90
2026-03-29T06:30:00+00:00,12892.90
2026-03-29T06:30:00+00:00,12892.90
2026-03-29T06:30:00+00:00,12892.90
2026-03-29T06:45:00+00:00,12892.90
2026-03-29T06:45:00+00:00,12892.90
2026-03-29T06:45:00+00:00,12892.90
2026-03-29T07:00:00+00:00,12892.90
2026-03-29T07:00:00+00:00,12892.90
2026-03-29T07:00:00+00:00,12892.90
2026-03-29T07:15:00+00:00,12892.90
2026-03-29T07:15:00+00:00,12892.90
2026-03-29T07:15:00+00:00,12892.90
2026-03-29T07:30:00+00:00,12892.90
2026-03-29T07:30:00+00:00,12892.90
2026-03-29T07:30:00+00:00,12892.90
2026-03-29T07:45:00+00:00,12892.90
2026-03-29T07:45:00+00:00,12892.90
2026-03-29T07:45:00+00:00,12892.90
2026-03-29T08:00:00+00:00,12892.90
2026-03-29T08:00:00+00:00,12892.90
2026-03-29T08:00:00+00:00,12892.90
2026-03-29T08:15:00+00:00,12892.90
2026-03-29T08:15:00+00:00,12892.90
2026-03-29T08:15:00+00:00,12892.90
2026-03-29T08:30:00+00:00,12892.90
2026-03-29T08:30:00+00:00,12892.90
2026-03-29T08:30:00+00:00,12892.90
2026-03-29T08:45:00+00:00,12892.90
2026-03-29T08:45:00+00:00,12892.90
2026-03-29T08:45:00+00:00,12892.90
2026-03-29T09:00:00+00:00,12892.90
2026-03-29T09:00:00+00:00,12892.90
2026-03-29T09:00:00+00:00,12892.90
2026-03-29T09:15:00+00:00,12892.90
2026-03-29T09:15:00+00:00,12892.90
2026-03-29T09:15:00+00:00,12892.90
2026-03-29T09:30:00+00:00,12892.90
2026-03-29T09:30:00+00:00,12892.90
2026-03-29T09:30:00+00:00,12892.90
2026-03-29T09:45:00+00:00,12892.90
2026-03-29T09:45:00+00:00,12892.90
2026-03-29T09:45:00+00:00,12892.90
2026-03-29T10:00:00+00:00,12892.90
2026-03-29T10:00:00+00:00,12892.90
2026-03-29T10:00:00+00:00,12892.90
2026-03-29T10:15:00+00:00,12892.90
2026-03-29T10:15:00+00:00,12892.90
2026-03-29T10:15:00+00:00,12892.90
2026-03-29T10:30:00+00:00,12892.90
2026-03-29T10:30:00+00:00,12892.90
2026-03-29T10:30:00+00:00,12892.90
2026-03-29T10:45:00+00:00,12892.90
2026-03-29T10:45:00+00:00,12892.90
2026-03-29T10:45:00+00:00,12892.90
2026-03-29T11:00:00+00:00,12892.90
2026-03-29T11:00:00+00:00,12892.90
2026-03-29T11:00:00+00:00,12892.90
2026-03-29T11:15:00+00:00,12892.90
2026-03-29T11:15:00+00:00,12892.90
2026-03-29T11:15:00+00:00,12892.90
2026-03-29T11:30:00+00:00,12892.90
2026-03-29T11:30:00+00:00,12892.90
2026-03-29T11:30:00+00:00,12892.90
2026-03-29T11:45:00+00:00,12892.90
2026-03-29T11:45:00+00:00,12892.90
2026-03-29T11:45:00+00:00,12892.90
2026-03-29T12:00:00+00:00,12892.90
2026-03-29T12:00:00+00:00,12892.90
2026-03-29T12:00:00+00:00,12892.90
2026-03-29T12:15:00+00:00,12892.90
2026-03-29T12:15:00+00:00,12892.90
2026-03-29T12:15:00+00:00,12892.90
2026-03-29T12:30:00+00:00,12892.90
2026-03-29T12:30:00+00:00,12892.90
2026-03-29T12:30:00+00:00,12892.90
2026-03-29T12:45:00+00:00,12892.90
2026-03-29T12:45:00+00:00,12892.90
2026-03-29T12:45:00+00:00,12892.90
2026-03-29T13:00:00+00:00,12892.90
2026-03-29T13:00:00+00:00,12892.90
2026-03-29T13:00:00+00:00,12892.90
2026-03-29T13:15:00+00:00,12892.90
2026-03-29T13:15:00+00:00,12892.90
2026-03-29T13:15:00+00:00,12892.90
2026-03-29T13:30:00+00:00,12892.90
2026-03-29T13:30:00+00:00,12892.90
2026-03-29T13:30:00+00:00,12892.90
2026-03-29T13:45:00+00:00,12892.90
2026-03-29T13:45:00+00:00,12892.90
2026-03-29T13:45:00+00:00,12892.90
2026-03-29T14:00:00+00:00,12892.90
2026-03-29T14:00:00+00:00,12892.90
2026-03-29T14:00:00+00:00,12892.90
2026-03-29T14:15:00+00:00,12892.90
2026-03-29T14:15:00+00:00,12892.90
2026-03-29T14:15:00+00:00,12892.90
2026-03-29T14:30:00+00:00,12892.90
2026-03-29T14:30:00+00:00,12892.90
2026-03-29T14:30:00+00:00,12892.90
2026-03-29T14:45:00+00:00,12892.90
2026-03-29T14:45:00+00:00,12892.90
2026-03-29T14:45:00+00:00,12892.90
2026-03-29T15:00:00+00:00,12892.90
2026-03-29T15:00:00+00:00,12892.90
2026-03-29T15:00:00+00:00,12892.90
2026-03-29T15:15:00+00:00,12892.90
2026-03-29T15:15:00+00:00,12892.90
2026-03-29T15:15:00+00:00,12892.90
2026-03-29T15:30:00+00:00,12892.90
2026-03-29T15:30:00+00:00,12892.90
2026-03-29T15:30:00+00:00,12892.90
2026-03-29T15:45:00+00:00,12892.90
2026-03-29T15:45:00+00:00,12892.90
2026-03-29T15:45:00+00:00,12892.90
2026-03-29T16:00:00+00:00,12892.90
2026-03-29T16:00:00+00:00,12892.90
2026-03-29T16:00:00+00:00,12892.90
2026-03-29T16:15:00+00:00,12892.90
2026-03-29T16:15:00+00:00,12892.90
2026-03-29T16:15:00+00:00,12892.90
2026-03-29T16:30:00+00:00,12892.90
2026-03-29T16:30:00+00:00,12892.90
2026-03-29T16:30:00+00:00,12892.90
2026-03-29T16:45:00+00:00,12892.90
2026-03-29T16:45:00+00:00,12892.90
2026-03-29T16:45:00+00:00,12892.90
2026-03-29T17:00:00+00:00,12892.90
2026-03-29T17:00:00+00:00,12892.90
2026-03-29T17:00:00+00:00,12892.90
2026-03-29T17:15:00+00:00,12892.90
2026-03-29T17:15:00+00:00,12892.90
2026-03-29T17:15:00+00:00,12892.90
2026-03-29T17:30:00+00:00,12892.90
2026-03-29T17:30:00+00:00,12892.90
2026-03-29T17:30:00+00:00,12892.90
2026-03-29T17:45:00+00:00,12892.90
2026-03-29T17:45:00+00:00,12892.90
2026-03-29T17:45:00+00:00,12892.90
2026-03-29T18:00:00+00:00,12892.90
2026-03-29T18:00:00+00:00,12892.90
2026-03-29T18:00:00+00:00,12892.90
2026-03-29T18:15:00+00:00,12892.90
2026-03-29T18:15:00+00:00,12892.90
2026-03-29T18:15:00+00:00,12892.90
2026-03-29T18:30:00+00:00,12892.90
2026-03-29T18:30:00+00:00,12892.90
2026-03-29T18:30:00+00:00,12892.90
2026-03-29T18:45:00+00:00,12892.90
2026-03-29T18:45:00+00:00,12892.90
2026-03-29T18:45:00+00:00,12892.90
2026-03-29T19:00:00+00:00,12892.90
2026-03-29T19:00:00+00:00,12892.90
2026-03-29T19:00:00+00:00,12892.90
2026-03-29T19:15:00+00:00,12892.90
2026-03-29T19:15:00+00:00,12892.90
2026-03-29T19:15:00+00:00,12892.90
2026-03-29T19:30:00+00:00,12892.90
2026-03-29T19:30:00+00:00,12892.90
2026-03-29T19:30:00+00:00,12892.90
2026-03-29T19:45:00+00:00,12892.90
2026-03-29T19:45:00+00:00,12892.90
2026-03-29T19:45:00+00:00,12892.90
2026-03-29T20:00:00+00:00,12892.90
2026-03-29T20:00:00+00:00,12892.90
2026-03-29T20:00:00+00:00,12892.90
2026-03-29T20:15:00+00:00,12892.90
2026-03-29T20:15:00+00:00,12892.90
2026-03-29T20:15:00+00:00,12892.90
2026-03-29T20:30:00+00:00,12892.90
2026-03-29T20:30:00+00:00,12892.90
2026-03-29T20:30:00+00:00,12892.90
2026-03-29T20:45:00+00:00,12892.90
2026-03-29T20:45:00+00:00,12892.90
2026-03-29T20:45:00+00:00,12892.90
2026-03-29T21:00:00+00:00,12892.90
2026-03-29T21:00:00+00:00,12892.90
2026-03-29T21:00:00+00:00,12892.90
2026-03-29T21:15:00+00:00,12892.90
2026-03-29T21:15:00+00:00,12892.90
2026-03-29T21:15:00+00:00,12892.90
2026-03-29T21:30:00+00:00,12892.90
2026-03-29T21:30:00+00:00,12892.90
2026-03-29T21:30:00+00:00,12892.90
2026-03-29T21:45:00+00:00,12892.90
2026-03-29T21:45:00+00:00,12892.90
2026-03-29T21:45:00+00:00,12892.90
2026-03-29T22:00:00+00:00,12892.90
2026-03-29T22:00:00+00:00,12892.90
2026-03-29T22:00:00+00:00,12892.90
2026-03-29T22:15:00+00:00,12892.90
2026-03-29T22:15:00+00:00,12892.90
2026-03-29T22:15:00+00:00,12892.90
2026-03-29T22:30:00+00:00,12892.90
2026-03-29T22:30:00+00:00,12892.90
2026-03-29T22:30:00+00:00,12892.90
2026-03-29T22:45:00+00:00,12892.90
2026-03-29T22:45:00+00:00,12892.90
2026-03-29T22:45:00+00:00,12892.90
2026-03-29T23:00:00+00:00,12892.90
2026-03-29T23:00:00+00:00,12892.90
2026-03-29T23:00:00+00:00,12892.90
2026-03-29T23:15:00+00:00,12892.90
2026-03-29T23:15:00+00:00,12892.90
2026-03-29T23:15:00+00:00,12892.90
2026-03-29T23:30:00+00:00,12892.90
2026-03-29T23:30:00+00:00,12892.90
2026-03-29T23:30:00+00:00,12892.90
2026-03-29T23:45:00+00:00,12892.90
2026-03-29T23:45:00+00:00,12892.90
2026-03-29T23:45:00+00:00,12892.90
2026-03-30T00:00:00+00:00,12892.90
2026-03-30T00:00:00+00:00,12892.90
2026-03-30T00:00:00+00:00,12892.90
2026-03-30T00:15:00+00:00,12892.90
2026-03-30T00:15:00+00:00,12892.90
2026-03-30T00:15:00+00:00,12892.90
2026-03-30T00:30:00+00:00,12892.90
2026-03-30T00:30:00+00:00,12892.90
2026-03-30T00:30:00+00:00,12892.90
2026-03-30T00:45:00+00:00,12892.90
2026-03-30T00:45:00+00:00,12892.90
2026-03-30T00:45:00+00:00,12892.90
2026-03-30T01:00:00+00:00,12892.90
2026-03-30T01:00:00+00:00,12892.90
2026-03-30T01:00:00+00:00,12892.90
2026-03-30T01:15:00+00:00,12892.90
2026-03-30T01:15:00+00:00,12892.90
2026-03-30T01:15:00+00:00,12892.90
2026-03-30T01:30:00+00:00,12892.90
2026-03-30T01:30:00+00:00,12892.90
2026-03-30T01:30:00+00:00,12892.90
2026-03-30T01:45:00+00:00,12892.90
2026-03-30T01:45:00+00:00,12892.90
2026-03-30T01:45:00+00:00,12892.90
2026-03-30T02:00:00+00:00,12892.90
2026-03-30T02:00:00+00:00,12892.90
2026-03-30T02:00:00+00:00,12892.90
2026-03-30T02:15:00+00:00,12892.90
2026-03-30T02:15:00+00:00,12892.90
2026-03-30T02:15:00+00:00,12892.90
2026-03-30T02:30:00+00:00,12892.90
2026-03-30T02:30:00+00:00,12892.90
2026-03-30T02:30:00+00:00,12892.90
2026-03-30T02:45:00+00:00,12892.90
2026-03-30T02:45:00+00:00,12892.90
2026-03-30T02:45:00+00:00,12892.90
2026-03-30T03:00:00+00:00,12892.90
2026-03-30T03:00:00+00:00,12892.90
2026-03-30T03:00:00+00:00,12892.90
2026-03-30T03:15:00+00:00,12892.90
2026-03-30T03:15:00+00:00,12892.90
2026-03-30T03:15:00+00:00,12892.90
2026-03-30T03:30:00+00:00,12892.90
2026-03-30T03:30:00+00:00,12892.90
2026-03-30T03:30:00+00:00,12892.90
2026-03-30T03:45:00+00:00,12892.90
2026-03-30T03:45:00+00:00,12892.90
2026-03-30T03:45:00+00:00,12892.90
2026-03-30T04:00:00+00:00,12892.90
2026-03-30T04:00:00+00:00,12892.90
2026-03-30T04:00:00+00:00,12892.90
2026-03-30T04:15:00+00:00,12892.90
2026-03-30T04:15:00+00:00,12892.90
2026-03-30T04:15:00+00:00,12892.90
2026-03-30T04:30:00+00:00,12892.90
2026-03-30T04:30:00+00:00,12892.90
2026-03-30T04:30:00+00:00,12892.90
2026-03-30T04:45:00+00:00,12892.90
2026-03-30T04:45:00+00:00,12892.90
2026-03-30T04:45:00+00:00,12892.90
2026-03-30T05:00:00+00:00,12892.90
2026-03-30T05:00:00+00:00,12892.90
2026-03-30T05:00:00+00:00,12892.90
2026-03-30T05:15:00+00:00,12892.90
2026-03-30T05:15:00+00:00,12892.90
2026-03-30T05:15:00+00:00,12892.90
2026-03-30T05:30:00+00:00,12892.90
2026-03-30T05:30:00+00:00,12892.90
2026-03-30T05:30:00+00:00,12892.90
2026-03-30T05:45:00+00:00,12892.90
2026-03-30T05:45:00+00:00,12892.90
2026-03-30T05:45:00+00:00,12892.90
2026-03-30T06:00:00+00:00,12892.90
2026-03-30T06:00:00+00:00,12892.90
2026-03-30T06:00:00+00:00,12892.90
2026-03-30T06:15:00+00:00,12892.90
2026-03-30T06:15:00+00:00,12892.90
2026-03-30T06:15:00+00:00,12892.90
2026-03-30T06:30:00+00:00,12892.90
2026-03-30T06:30:00+00:00,12892.90
2026-03-30T06:30:00+00:00,12892.90
2026-03-30T06:45:00+00:00,12892.90
2026-03-30T06:45:00+00:00,12892.90
2026-03-30T06:45:00+00:00,12892.90
2026-03-30T07:00:00+00:00,12892.90
2026-03-30T07:00:00+00:00,12892.90
2026-03-30T07:00:00+00:00,12892.90
2026-03-30T07:15:00+00:00,12892.90
2026-03-30T07:15:00+00:00,12892.90
2026-03-30T07:15:00+00:00,12892.90
2026-03-30T07:30:00+00:00,12892.90
2026-03-30T07:30:00+00:00,12892.90
2026-03-30T07:30:00+00:00,12892.90
2026-03-30T07:45:00+00:00,12892.90
2026-03-30T07:45:00+00:00,12892.90
2026-03-30T07:45:00+00:00,12892.90
2026-03-30T08:00:00+00:00,12892.90
2026-03-30T08:00:00+00:00,12892.90
2026-03-30T08:00:00+00:00,12892.90
2026-03-30T08:15:00+00:00,12892.90
2026-03-30T08:15:00+00:00,12892.90
2026-03-30T08:15:00+00:00,12892.90
2026-03-30T08:30:00+00:00,12892.90
2026-03-30T08:30:00+00:00,12892.90
2026-03-30T08:30:00+00:00,12892.90
2026-03-30T08:45:00+00:00,12892.90
2026-03-30T08:45:00+00:00,12892.90
2026-03-30T08:45:00+00:00,12892.90
2026-03-30T09:00:00+00:00,12892.90
2026-03-30T09:00:00+00:00,12892.90
2026-03-30T09:00:00+00:00,12892.90
2026-03-30T09:15:00+00:00,12892.90
2026-03-30T09:15:00+00:00,12892.90
2026-03-30T09:15:00+00:00,12892.90
2026-03-30T09:30:00+00:00,12892.90
2026-03-30T09:30:00+00:00,12892.90
2026-03-30T09:30:00+00:00,12892.90
2026-03-30T09:45:00+00:00,12892.90
2026-03-30T09:45:00+00:00,12892.90
2026-03-30T09:45:00+00:00,12892.90
2026-03-30T10:00:00+00:00,12892.90
2026-03-30T10:00:00+00:00,12892.90
2026-03-30T10:00:00+00:00,12892.90
2026-03-30T10:15:00+00:00,12892.90
2026-03-30T10:15:00+00:00,12892.90
2026-03-30T10:15:00+00:00,12892.90
2026-03-30T10:30:00+00:00,12892.90
2026-03-30T10:30:00+00:00,12892.90
2026-03-30T10:30:00+00:00,12892.90
2026-03-30T10:45:00+00:00,12892.90
2026-03-30T10:45:00+00:00,12892.90
2026-03-30T10:45:00+00:00,12892.90
2026-03-30T11:00:00+00:00,12892.90
2026-03-30T11:00:00+00:00,12892.90
2026-03-30T11:00:00+00:00,12892.90
2026-03-30T11:15:00+00:00,12892.90
2026-03-30T11:15:00+00:00,12892.90
2026-03-30T11:15:00+00:00,12892.90
2026-03-30T11:30:00+00:00,12892.90
2026-03-30T11:30:00+00:00,12892.90
2026-03-30T11:30:00+00:00,12892.90
2026-03-30T11:45:00+00:00,12892.90
2026-03-30T11:45:00+00:00,12892.90
2026-03-30T11:45:00+00:00,12892.90
2026-03-30T12:00:00+00:00,12892.90
2026-03-30T12:00:00+00:00,12892.90
2026-03-30T12:00:00+00:00,12892.90
2026-03-30T12:15:00+00:00,12892.90
2026-03-30T12:15:00+00:00,12892.90
2026-03-30T12:15:00+00:00,12892.90
2026-03-30T12:30:00+00:00,12892.90
2026-03-30T12:30:00+00:00,12892.90
2026-03-30T12:30:00+00:00,12892.90
2026-03-30T12:45:00+00:00,12892.90
2026-03-30T12:45:00+00:00,12892.90
2026-03-30T12:45:00+00:00,12892.90
2026-03-30T13:00:00+00:00,12892.90
2026-03-30T13:00:00+00:00,12892.90
2026-03-30T13:00:00+00:00,12892.90
2026-03-30T13:15:00+00:00,12892.90
2026-03-30T13:15:00+00:00,12892.90
2026-03-30T13:15:00+00:00,12892.90
2026-03-30T13:30:00+00:00,12892.90
2026-03-30T13:30:00+00:00,12892.90
2026-03-30T13:30:00+00:00,12892.90
2026-03-30T13:45:00+00:00,12892.90
2026-03-30T13:45:00+00:00,12892.90
2026-03-30T13:45:00+00:00,12892.90
2026-03-30T14:00:00+00:00,12892.90
2026-03-30T14:00:00+00:00,12892.90
2026-03-30T14:00:00+00:00,12892.90
2026-03-30T14:15:00+00:00,12892.90
2026-03-30T14:15:00+00:00,12892.90
2026-03-30T14:15:00+00:00,12892.90
2026-03-30T14:30:00+00:00,12892.90
2026-03-30T14:30:00+00:00,12892.90
2026-03-30T14:30:00+00:00,12892.90
2026-03-30T14:45:00+00:00,12892.90
2026-03-30T14:45:00+00:00,12892.90
2026-03-30T14:45:00+00:00,12892.90
2026-03-30T15:00:00+00:00,12892.90
2026-03-30T15:00:00+00:00,12892.90
2026-03-30T15:00:00+00:00,12892.90
2026-03-30T15:15:00+00:00,12892.90
2026-03-30T15:15:00+00:00,12892.90
2026-03-30T15:15:00+00:00,12892.90
2026-03-30T15:30:00+00:00,12892.90
2026-03-30T15:30:00+00:00,12892.90
2026-03-30T15:30:00+00:00,12892.90
2026-03-30T15:45:00+00:00,12892.90
2026-03-30T15:45:00+00:00,12892.90
2026-03-30T15:45:00+00:00,12892.90
2026-03-30T16:00:00+00:00,12892.90
2026-03-30T16:00:00+00:00,12892.90
2026-03-30T16:00:00+00:00,12892.90
2026-03-30T16:15:00+00:00,12892.90
2026-03-30T16:15:00+00:00,12892.90
2026-03-30T16:15:00+00:00,12892.90
2026-03-30T16:30:00+00:00,12892.90
2026-03-30T16:30:00+00:00,12892.90
2026-03-30T16:30:00+00:00,12892.90
2026-03-30T16:45:00+00:00,12892.90
2026-03-30T16:45:00+00:00,12892.90
2026-03-30T16:45:00+00:00,12892.90
2026-03-30T17:00:00+00:00,12892.90
2026-03-30T17:00:00+00:00,12892.90
2026-03-30T17:00:00+00:00,12892.90
2026-03-30T17:15:00+00:00,12892.90
2026-03-30T17:15:00+00:00,12892.90
2026-03-30T17:15:00+00:00,12892.90
2026-03-30T17:30:00+00:00,12892.90
2026-03-30T17:30:00+00:00,12892.90
2026-03-30T17:30:00+00:00,12892.90
2026-03-30T17:45:00+00:00,12892.90
2026-03-30T17:45:00+00:00,12892.90
2026-03-30T17:45:00+00:00,12892.90
2026-03-30T18:00:00+00:00,12892.90
2026-03-30T18:00:00+00:00,12892.90
2026-03-30T18:00:00+00:00,12892.90
2026-03-30T18:15:00+00:00,12892.90
2026-03-30T18:15:00+00:00,12892.90
2026-03-30T18:15:00+00:00,12892.90
2026-03-30T18:30:00+00:00,12892.90
2026-03-30T18:30:00+00:00,12892.90
2026-03-30T18:30:00+00:00,12892.90
2026-03-30T18:45:00+00:00,12892.90
2026-03-30T18:45:00+00:00,12892.90
2026-03-30T18:45:00+00:00,12892.90
2026-03-30T19:00:00+00:00,12892.90
2026-03-30T19:00:00+00:00,12892.90
2026-03-30T19:00:00+00:00,12892.90
2026-03-30T19:15:00+00:00,12892.90
2026-03-30T19:15:00+00:00,12892.90
2026-03-30T19:15:00+00:00,12892.90
2026-03-30T19:30:00+00:00,12892.90
2026-03-30T19:30:00+00:00,12892.90
2026-03-30T19:30:00+00:00,12892.90
2026-03-30T19:45:00+00:00,12892.90
2026-03-30T19:45:00+00:00,12892.90
2026-03-30T19:45:00+00:00,12892.90
2026-03-30T20:00:00+00:00,12892.90
2026-03-30T20:00:00+00:00,12892.90
2026-03-30T20:00:00+00:00,12892.90
2026-03-30T20:15:00+00:00,12892.90
2026-03-30T20:15:00+00:00,12892.90
2026-03-30T20:15:00+00:00,12892.90
2026-03-30T20:30:00+00:00,12892.90
2026-03-30T20:30:00+00:00,12892.90
2026-03-30T20:30:00+00:00,12892.90
2026-03-30T20:45:00+00:00,12892.90
2026-03-30T20:45:00+00:00,12892.90
2026-03-30T20:45:00+00:00,12892.90
2026-03-30T21:00:00+00:00,12892.90
2026-03-30T21:00:00+00:00,12892.90
2026-03-30T21:00:00+00:00,12892.90
2026-03-30T21:15:00+00:00,12892.90
2026-03-30T21:15:00+00:00,12892.90
2026-03-30T21:15:00+00:00,12892.90
2026-03-30T21:30:00+00:00,12892.90
2026-03-30T21:30:00+00:00,12892.90
2026-03-30T21:30:00+00:00,12892.90
2026-03-30T21:45:00+00:00,12892.90
2026-03-30T21:45:00+00:00,12892.90
2026-03-30T21:45:00+00:00,12892.90
2026-03-30T22:00:00+00:00,12892.90
2026-03-30T22:00:00+00:00,12892.90
2026-03-30T22:00:00+00:00,12892.90
2026-03-30T22:15:00+00:00,12892.90
2026-03-30T22:15:00+00:00,12892.90
2026-03-30T22:15:00+00:00,12892.90
2026-03-30T22:30:00+00:00,12892.90
2026-03-30T22:30:00+00:00,12892.90
2026-03-30T22:30:00+00:00,12892.90
2026-03-30T22:45:00+00:00,12892.90
2026-03-30T22:45:00+00:00,12892.90
2026-03-30T22:45:00+00:00,12892.90
2026-03-30T23:00:00+00:00,12892.90
2026-03-30T23:00:00+00:00,12892.90
2026-03-30T23:00:00+00:00,12892.90
2026-03-30T23:15:00+00:00,12892.90
2026-03-30T23:15:00+00:00,12892.90
2026-03-30T23:15:00+00:00,12892.90
2026-03-30T23:30:00+00:00,12892.90
2026-03-30T23:30:00+00:00,12892.90
2026-03-30T23:30:00+00:00,12892.90
2026-03-30T23:45:00+00:00,12892.90
2026-03-30T23:45:00+00:00,12892.90
2026-03-30T23:45:00+00:00,12892.90
2026-03-31T00:00:00+00:00,12892.90
2026-03-31T00:00:00+00:00,12892.90
2026-03-31T00:00:00+00:00,12892.90
2026-03-31T00:15:00+00:00,12892.90
2026-03-31T00:15:00+00:00,12892.90
2026-03-31T00:15:00+00:00,12892.90
2026-03-31T00:30:00+00:00,12892.90
2026-03-31T00:30:00+00:00,12892.90
2026-03-31T00:30:00+00:00,12892.90
2026-03-31T00:45:00+00:00,12892.90
2026-03-31T00:45:00+00:00,12892.90
2026-03-31T00:45:00+00:00,12892.90
2026-03-31T01:00:00+00:00,12892.90
2026-03-31T01:00:00+00:00,12892.90
2026-03-31T01:00:00+00:00,12892.90
2026-03-31T01:15:00+00:00,12892.90
2026-03-31T01:15:00+00:00,12892.90
2026-03-31T01:15:00+00:00,12892.90
2026-03-31T01:30:00+00:00,12892.90
2026-03-31T01:30:00+00:00,12892.90
2026-03-31T01:30:00+00:00,12892.90
2026-03-31T01:45:00+00:00,12892.90
2026-03-31T01:45:00+00:00,12892.90
2026-03-31T01:45:00+00:00,12892.90
2026-03-31T02:00:00+00:00,12892.90
2026-03-31T02:00:00+00:00,12892.90
2026-03-31T02:00:00+00:00,12892.90
2026-03-31T02:15:00+00:00,12892.90
2026-03-31T02:15:00+00:00,12892.90
2026-03-31T02:15:00+00:00,12892.90
2026-03-31T02:30:00+00:00,12892.90
2026-03-31T02:30:00+00:00,12892.90
2026-03-31T02:30:00+00:00,12892.90
2026-03-31T02:45:00+00:00,12892.90
2026-03-31T02:45:00+00:00,12892.90
2026-03-31T02:45:00+00:00,12892.90
2026-03-31T03:00:00+00:00,12892.90
2026-03-31T03:00:00+00:00,12892.90
2026-03-31T03:00:00+00:00,12892.90
2026-03-31T03:15:00+00:00,12892.90
2026-03-31T03:15:00+00:00,12892.90
2026-03-31T03:15:00+00:00,12892.90
2026-03-31T03:30:00+00:00,12892.90
2026-03-31T03:30:00+00:00,12892.90
2026-03-31T03:30:00+00:00,12892.90
2026-03-31T03:45:00+00:00,12892.90
2026-03-31T03:45:00+00:00,12892.90
2026-03-31T03:45:00+00:00,12892.90
2026-03-31T04:00:00+00:00,12892.90
2026-03-31T04:00:00+00:00,12892.90
2026-03-31T04:00:00+00:00,12892.90
2026-03-31T04:15:00+00:00,12892.90
2026-03-31T04:15:00+00:00,12892.90
2026-03-31T04:15:00+00:00,12892.90
2026-03-31T04:30:00+00:00,12892.90
2026-03-31T04:30:00+00:00,12892.90
2026-03-31T04:30:00+00:00,12892.90
2026-03-31T04:45:00+00:00,12892.90
2026-03-31T04:45:00+00:00,12892.90
2026-03-31T04:45:00+00:00,12892.90
2026-03-31T05:00:00+00:00,12892.90
2026-03-31T05:00:00+00:00,12892.90
2026-03-31T05:00:00+00:00,12892.90
2026-03-31T05:15:00+00:00,12892.90
2026-03-31T05:15:00+00:00,12892.90
2026-03-31T05:15:00+00:00,12892.90
2026-03-31T05:30:00+00:00,12892.90
2026-03-31T05:30:00+00:00,12892.90
2026-03-31T05:30:00+00:00,12892.90
2026-03-31T05:45:00+00:00,12892.90
2026-03-31T05:45:00+00:00,12892.90
2026-03-31T05:45:00+00:00,12892.90
2026-03-31T06:00:00+00:00,12892.90
2026-03-31T06:00:00+00:00,12892.90
2026-03-31T06:00:00+00:00,12892.90
2026-03-31T06:15:00+00:00,12892.90
2026-03-31T06:15:00+00:00,12892.90
2026-03-31T06:15:00+00:00,12892.90
2026-03-31T06:30:00+00:00,12892.90
2026-03-31T06:30:00+00:00,12892.90
2026-03-31T06:30:00+00:00,12892.90
2026-03-31T06:45:00+00:00,12892.90
2026-03-31T06:45:00+00:00,12892.90
2026-03-31T06:45:00+00:00,12892.90
2026-03-31T07:00:00+00:00,12892.90
2026-03-31T07:00:00+00:00,12892.90
2026-03-31T07:00:00+00:00,12892.90
2026-03-31T07:15:00+00:00,12892.90
2026-03-31T07:15:00+00:00,12892.90
2026-03-31T07:15:00+00:00,12892.90
2026-03-31T07:30:00+00:00,12892.90
2026-03-31T07:30:00+00:00,12892.90
2026-03-31T07:30:00+00:00,12892.90
2026-03-31T07:45:00+00:00,12892.90
2026-03-31T07:45:00+00:00,12892.90
2026-03-31T07:45:00+00:00,12892.90
2026-03-31T08:00:00+00:00,12892.90
2026-03-31T08:00:00+00:00,12892.90
2026-03-31T08:00:00+00:00,12892.90
2026-03-31T08:15:00+00:00,12892.90
2026-03-31T08:15:00+00:00,12892.90
2026-03-31T08:15:00+00:00,12892.90
2026-03-31T08:30:00+00:00,12892.90
2026-03-31T08:30:00+00:00,12892.90
2026-03-31T08:30:00+00:00,12892.90
2026-03-31T08:45:00+00:00,12892.90
2026-03-31T08:45:00+00:00,12892.90
2026-03-31T08:45:00+00:00,12892.90
2026-03-31T09:00:00+00:00,12892.90
2026-03-31T09:00:00+00:00,12892.90
2026-03-31T09:00:00+00:00,12892.90
2026-03-31T09:15:00+00:00,12892.90
2026-03-31T09:15:00+00:00,12892.90
2026-03-31T09:15:00+00:00,12892.90
2026-03-31T09:30:00+00:00,12892.90
2026-03-31T09:30:00+00:00,12892.90
2026-03-31T09:30:00+00:00,12892.90
2026-03-31T09:45:00+00:00,12892.90
2026-03-31T09:45:00+00:00,12892.90
2026-03-31T09:45:00+00:00,12892.90
2026-03-31T10:00:00+00:00,12892.90
2026-03-31T10:00:00+00:00,12892.90
2026-03-31T10:00:00+00:00,12892.90
2026-03-31T10:15:00+00:00,12892.90
2026-03-31T10:15:00+00:00,12892.90
2026-03-31T10:15:00+00:00,12892.90
2026-03-31T10:30:00+00:00,12892.90
2026-03-31T10:30:00+00:00,12892.90
2026-03-31T10:30:00+00:00,12892.90
2026-03-31T10:45:00+00:00,12892.90
2026-03-31T10:45:00+00:00,12892.90
2026-03-31T10:45:00+00:00,12892.90
2026-03-31T11:00:00+00:00,12892.90
2026-03-31T11:00:00+00:00,12892.90
2026-03-31T11:00:00+00:00,12892.90
2026-03-31T11:15:00+00:00,12892.90
2026-03-31T11:15:00+00:00,12892.90
2026-03-31T11:15:00+00:00,12892.90
2026-03-31T11:30:00+00:00,12892.90
2026-03-31T11:30:00+00:00,12892.90
2026-03-31T11:30:00+00:00,12892.90
2026-03-31T11:45:00+00:00,12892.90
2026-03-31T11:45:00+00:00,12892.90
2026-03-31T11:45:00+00:00,12892.90
2026-03-31T12:00:00+00:00,12892.90
2026-03-31T12:00:00+00:00,12892.90
2026-03-31T12:00:00+00:00,12892.90
2026-03-31T12:15:00+00:00,12892.90
2026-03-31T12:15:00+00:00,12892.90
2026-03-31T12:15:00+00:00,12892.90
2026-03-31T12:30:00+00:00,12892.90
2026-03-31T12:30:00+00:00,12892.90
2026-03-31T12:30:00+00:00,12892.90
2026-03-31T12:45:00+00:00,12892.90
2026-03-31T12:45:00+00:00,12892.90
2026-03-31T12:45:00+00:00,12892.90
2026-03-31T13:00:00+00:00,12892.90
2026-03-31T13:00:00+00:00,12892.90
2026-03-31T13:00:00+00:00,12892.90
2026-03-31T13:15:00+00:00,12892.90
2026-03-31T13:15:00+00:00,12892.90
2026-03-31T13:15:00+00:00,12892.90
2026-03-31T13:30:00+00:00,12892.90
2026-03-31T13:30:00+00:00,12892.90
2026-03-31T13:30:00+00:00,12892.90
2026-03-31T13:45:00+00:00,12892.90
2026-03-31T13:45:00+00:00,12892.90
2026-03-31T13:45:00+00:00,12892.90
2026-03-31T14:00:00+00:00,12892.90
2026-03-31T14:00:00+00:00,12892.90
2026-03-31T14:00:00+00:00,12892.90
2026-03-31T14:15:00+00:00,12892.90
2026-03-31T14:15:00+00:00,12892.90
2026-03-31T14:15:00+00:00,12892.90
2026-03-31T14:30:00+00:00,12892.90
2026-03-31T14:30:00+00:00,12892.90
2026-03-31T14:30:00+00:00,12892.90
2026-03-31T14:45:00+00:00,12892.90
2026-03-31T14:45:00+00:00,12892.90
2026-03-31T14:45:00+00:00,12892.90
2026-03-31T15:00:00+00:00,12892.90
2026-03-31T15:00:00+00:00,12892.90
2026-03-31T15:00:00+00:00,12892.90
2026-03-31T15:15:00+00:00,12892.90
2026-03-31T15:15:00+00:00,12892.90
2026-03-31T15:15:00+00:00,12892.90
2026-03-31T15:30:00+00:00,12892.90
2026-03-31T15:30:00+00:00,12892.90
2026-03-31T15:30:00+00:00,12892.90
2026-03-31T15:45:00+00:00,12892.90
2026-03-31T15:45:00+00:00,12892.90
2026-03-31T15:45:00+00:00,12892.90
2026-03-31T16:00:00+00:00,12892.90
2026-03-31T16:00:00+00:00,12892.90
2026-03-31T16:00:00+00:00,12892.90
2026-03-31T16:15:00+00:00,12892.90
2026-03-31T16:15:00+00:00,12892.90
2026-03-31T16:15:00+00:00,12892.90
2026-03-31T16:30:00+00:00,12892.90
2026-03-31T16:30:00+00:00,12892.90
2026-03-31T16:30:00+00:00,12892.90
2026-03-31T16:45:00+00:00,12892.90
2026-03-31T16:45:00+00:00,12892.90
2026-03-31T16:45:00+00:00,12892.90
2026-03-31T17:00:00+00:00,12892.90
2026-03-31T17:00:00+00:00,12892.90
2026-03-31T17:00:00+00:00,12892.90
2026-03-31T17:15:00+00:00,12892.90
2026-03-31T17:15:00+00:00,12892.90
2026-03-31T17:15:00+00:00,12892.90
2026-03-31T17:30:00+00:00,12892.90
2026-03-31T17:30:00+00:00,12892.90
2026-03-31T17:30:00+00:00,12892.90
2026-03-31T17:45:00+00:00,12892.90
2026-03-31T17:45:00+00:00,12892.90
2026-03-31T17:45:00+00:00,12892.90
2026-03-31T18:00:00+00:00,12892.90
2026-03-31T18:00:00+00:00,12892.90
2026-03-31T18:00:00+00:00,12892.90
2026-03-31T18:15:00+00:00,12892.90
2026-03-31T18:15:00+00:00,12892.90
2026-03-31T18:15:00+00:00,12892.90
2026-03-31T18:30:00+00:00,12892.90
2026-03-31T18:30:00+00:00,12892.90
2026-03-31T18:30:00+00:00,12892.90
2026-03-31T18:45:00+00:00,12892.90
2026-03-31T18:45:00+00:00,12892.90
2026-03-31T18:45:00+00:00,12892.90
2026-03-31T19:00:00+00:00,12892.90
2026-03-31T19:00:00+00:00,12892.90
2026-03-31T19:00:00+00:00,12892.90
2026-03-31T19:15:00+00:00,12892.90
2026-03-31T19:15:00+00:00,12892.90
2026-03-31T19:15:00+00:00,12892.90
2026-03-31T19:30:00+00:00,12892.90
2026-03-31T19:30:00+00:00,12892.90
2026-03-31T19:30:00+00:00,12892.90
2026-03-31T19:45:00+00:00,12892.90
2026-03-31T19:45:00+00:00,12892.90
2026-03-31T19:45:00+00:00,12892.90
2026-03-31T20:00:00+00:00,12892.90
2026-03-31T20:00:00+00:00,12892.90
2026-03-31T20:00:00+00:00,12892.90
2026-03-31T20:15:00+00:00,12892.90
2026-03-31T20:15:00+00:00,12892.90
2026-03-31T20:15:00+00:00,12892.90
2026-03-31T20:30:00+00:00,12892.90
2026-03-31T20:30:00+00:00,12892.90
2026-03-31T20:30:00+00:00,12892.90
2026-03-31T20:45:00+00:00,12892.90
2026-03-31T20:45:00+00:00,12892.90
2026-03-31T20:45:00+00:00,12892.90
2026-03-31T21:00:00+00:00,12892.90
2026-03-31T21:00:00+00:00,12892.90
2026-03-31T21:00:00+00:00,12892.90
2026-03-31T21:15:00+00:00,12892.90
2026-03-31T21:15:00+00:00,12892.90
2026-03-31T21:15:00+00:00,12892.90
2026-03-31T21:30:00+00:00,12892.90
2026-03-31T21:30:00+00:00,12892.90
2026-03-31T21:30:00+00:00,12892.90
2026-03-31T21:45:00+00:00,12892.90
2026-03-31T21:45:00+00:00,12892.90
2026-03-31T21:45:00+00:00,12892.90
2026-03-31T22:00:00+00:00,12892.90
2026-03-31T22:00:00+00:00,12892.90
2026-03-31T22:00:00+00:00,12892.90
2026-03-31T22:15:00+00:00,12892.90
2026-03-31T22:15:00+00:00,12892.90
2026-03-31T22:15:00+00:00,12892.90
2026-03-31T22:30:00+00:00,12892.90
2026-03-31T22:30:00+00:00,12892.90
2026-03-31T22:30:00+00:00,12892.90
2026-03-31T22:45:00+00:00,12892.90
2026-03-31T22:45:00+00:00,12892.90
2026-03-31T22:45:00+00:00,12892.90
2026-03-31T23:00:00+00:00,12892.90
2026-03-31T23:00:00+00:00,12892.90
2026-03-31T23:00:00+00:00,12892.90
2026-03-31T23:15:00+00:00,12892.90
2026-03-31T23:15:00+00:00,12892.90
2026-03-31T23:15:00+00:00,12892.90
2026-03-31T23:30:00+00:00,12892.90
2026-03-31T23:30:00+00:00,12892.90
2026-03-31T23:30:00+00:00,12892.90
2026-03-31T23:45:00+00:00,12892.90
2026-03-31T23:45:00+00:00,12892.90
2026-03-31T23:45:00+00:00,12892.90
2026-04-01T00:00:00+00:00,12892.90
2026-04-01T00:00:00+00:00,12892.90
2026-04-01T00:00:00+00:00,12892.90
2026-04-01T00:15:00+00:00,12892.90
2026-04-01T00:15:00+00:00,12892.90
2026-04-01T00:15:00+00:00,12892.90
2026-04-01T00:30:00+00:00,12892.90
2026-04-01T00:30:00+00:00,12892.90
2026-04-01T00:30:00+00:00,12892.90
2026-04-01T00:45:00+00:00,12892.90
2026-04-01T00:45:00+00:00,12892.90
2026-04-01T00:45:00+00:00,12892.90
2026-04-01T01:00:00+00:00,12892.90
2026-04-01T01:00:00+00:00,12892.90
2026-04-01T01:00:00+00:00,12892.90
2026-04-01T01:15:00+00:00,12892.90
2026-04-01T01:15:00+00:00,12892.90
2026-04-01T01:15:00+00:00,12892.90
2026-04-01T01:30:00+00:00,12892.90
2026-04-01T01:30:00+00:00,12892.90
2026-04-01T01:30:00+00:00,12892.90
2026-04-01T01:45:00+00:00,12892.90
2026-04-01T01:45:00+00:00,12892.90
2026-04-01T01:45:00+00:00,12892.90
2026-04-01T02:00:00+00:00,12892.90
2026-04-01T02:00:00+00:00,12892.90
2026-04-01T02:00:00+00:00,12892.90
2026-04-01T02:15:00+00:00,12892.90
2026-04-01T02:15:00+00:00,12892.90
2026-04-01T02:15:00+00:00,12892.90
2026-04-01T02:30:00+00:00,12892.90
2026-04-01T02:30:00+00:00,12892.90
2026-04-01T02:30:00+00:00,12892.90
2026-04-01T02:45:00+00:00,12892.90
2026-04-01T02:45:00+00:00,12892.90
2026-04-01T02:45:00+00:00,12892.90
2026-04-01T03:00:00+00:00,12979.66
2026-04-01T03:00:00+00:00,12979.66
2026-04-01T03:00:00+00:00,13056.29
2026-04-01T03:15:00+00:00,13031.24
2026-04-01T03:15:00+00:00,13031.24
2026-04-01T03:15:00+00:00,13025.62
2026-04-01T03:30:00+00:00,13043.99
2026-04-01T03:30:00+00:00,13043.99
2026-04-01T03:30:00+00:00,13075.37
2026-04-01T03:45:00+00:00,13096.24
2026-04-01T03:45:00+00:00,13096.24
2026-04-01T03:45:00+00:00,13132.57
2026-04-01T04:00:00+00:00,13127.86
2026-04-01T04:00:00+00:00,13127.86
2026-04-01T04:00:00+00:00,13097.48
2026-04-01T04:15:00+00:00,13165.12
2026-04-01T04:15:00+00:00,13165.12
2026-04-01T04:15:00+00:00,13192.20
2026-04-01T04:30:00+00:00,13188.86
2026-04-01T04:30:00+00:00,13188.86
2026-04-01T04:30:00+00:00,13212.64
2026-04-01T04:45:00+00:00,13222.66
2026-04-01T04:45:00+00:00,13222.66
2026-04-01T04:45:00+00:00,13249.08
2026-04-01T05:00:00+00:00,13271.75
2026-04-01T05:00:00+00:00,13271.75
2026-04-01T05:00:00+00:00,13302.14
2026-04-01T05:15:00+00:00,13414.03
2026-04-01T05:15:00+00:00,13414.03
2026-04-01T05:15:00+00:00,13474.80
2026-04-01T05:30:00+00:00,13463.11
2026-04-01T05:30:00+00:00,13463.11
2026-04-01T05:30:00+00:00,13446.27
2026-04-01T05:45:00+00:00,13426.85
2026-04-01T05:45:00+00:00,13426.85
2026-04-01T05:45:00+00:00,13412.98
2026-04-01T06:00:00+00:00,13511.04
2026-04-01T06:00:00+00:00,13511.04
2026-04-01T06:00:00+00:00,13556.86
2026-04-01T06:15:00+00:00,13593.18
2026-04-01T06:15:00+00:00,13593.18
2026-04-01T06:15:00+00:00,13647.18
2026-04-01T06:30:00+00:00,13720.45
2026-04-01T06:30:00+00:00,13720.45
2026-04-01T06:30:00+00:00,13804.42
2026-04-01T06:45:00+00:00,13799.16
2026-04-01T06:45:00+00:00,13799.16
2026-04-01T06:45:00+00:00,13773.89
2026-04-01T07:00:00+00:00,13771.56
2026-04-01T07:00:00+00:00,13771.56
2026-04-01T07:00:00+00:00,13775.33
2026-04-01T07:15:00+00:00,13771.96
2026-04-01T07:15:00+00:00,13771.96
2026-04-01T07:15:00+00:00,13762.65
2026-04-01T07:30:00+00:00,13762.65
2026-04-01T07:30:00+00:00,13762.65
2026-04-01T07:30:00+00:00,13762.65
2026-04-01T07:45:00+00:00,13762.65
2026-04-01T07:45:00+00:00,13762.65
2026-04-01T07:45:00+00:00,13762.65
2026-04-01T08:00:00+00:00,13762.65
2026-04-01T08:00:00+00:00,13762.65
2026-04-01T08:00:00+00:00,13762.65
2026-04-01T08:15:00+00:00,13762.65
2026-04-01T08:15:00+00:00,13762.65
2026-04-01T08:15:00+00:00,13762.65
2026-04-01T08:30:00+00:00,13762.65
2026-04-01T08:30:00+00:00,13762.65
2026-04-01T08:30:00+00:00,13762.65
2026-04-01T08:45:00+00:00,13762.65
2026-04-01T08:45:00+00:00,13762.65
2026-04-01T08:45:00+00:00,13762.65
2026-04-01T09:00:00+00:00,13762.65
2026-04-01T09:00:00+00:00,13762.65
2026-04-01T09:00:00+00:00,13762.65
2026-04-01T09:15:00+00:00,13762.65
2026-04-01T09:15:00+00:00,13762.65
2026-04-01T09:15:00+00:00,13762.65
2026-04-01T09:30:00+00:00,13762.65
2026-04-01T09:30:00+00:00,13762.65
2026-04-01T09:30:00+00:00,13762.65
2026-04-01T09:45:00+00:00,13762.65
2026-04-01T09:45:00+00:00,13762.65
2026-04-01T09:45:00+00:00,13762.65
2026-04-01T10:00:00+00:00,13762.65
2026-04-01T10:00:00+00:00,13762.65
2026-04-01T10:00:00+00:00,13762.65
2026-04-01T10:15:00+00:00,13762.65
2026-04-01T10:15:00+00:00,13762.65
2026-04-01T10:15:00+00:00,13762.65
2026-04-01T10:30:00+00:00,13762.65
2026-04-01T10:30:00+00:00,13762.65
2026-04-01T10:30:00+00:00,13762.65
2026-04-01T10:45:00+00:00,13762.65
2026-04-01T10:45:00+00:00,13762.65
2026-04-01T10:45:00+00:00,13762.65
2026-04-01T11:00:00+00:00,13762.65
2026-04-01T11:00:00+00:00,13762.65
2026-04-01T11:00:00+00:00,13762.65
2026-04-01T11:15:00+00:00,13762.65
2026-04-01T11:15:00+00:00,13762.65
2026-04-01T11:15:00+00:00,13762.65
2026-04-01T11:30:00+00:00,13762.65
2026-04-01T11:30:00+00:00,13762.65
2026-04-01T11:30:00+00:00,13762.65
2026-04-01T11:45:00+00:00,13762.65
2026-04-01T11:45:00+00:00,13762.65
2026-04-01T11:45:00+00:00,13762.65
2026-04-01T12:00:00+00:00,13762.65
2026-04-01T12:00:00+00:00,13762.65
2026-04-01T12:00:00+00:00,13762.65
2026-04-01T12:15:00+00:00,13762.65
2026-04-01T12:15:00+00:00,13762.65
2026-04-01T12:15:00+00:00,13762.65
2026-04-01T12:30:00+00:00,13762.65
2026-04-01T12:30:00+00:00,13762.65
2026-04-01T12:30:00+00:00,13762.65
2026-04-01T12:45:00+00:00,13762.65
2026-04-01T12:45:00+00:00,13762.65
2026-04-01T12:45:00+00:00,13762.65
2026-04-01T13:00:00+00:00,13762.65
2026-04-01T13:00:00+00:00,13762.65
2026-04-01T13:00:00+00:00,13762.65
2026-04-01T13:15:00+00:00,13762.65
2026-04-01T13:15:00+00:00,13762.65
2026-04-01T13:15:00+00:00,13762.65
2026-04-01T13:30:00+00:00,13762.65
2026-04-01T13:30:00+00:00,13762.65
2026-04-01T13:30:00+00:00,13762.65
2026-04-01T13:45:00+00:00,13762.65
2026-04-01T13:45:00+00:00,13762.65
2026-04-01T13:45:00+00:00,13762.65
2026-04-01T14:00:00+00:00,13756.42
2026-04-01T14:00:00+00:00,13756.42
2026-04-01T14:00:00+00:00,13778.27
2026-04-01T14:15:00+00:00,13813.68
2026-04-01T14:15:00+00:00,13813.68
2026-04-01T14:15:00+00:00,13905.31
2026-04-01T14:30:00+00:00,13868.04
2026-04-01T14:30:00+00:00,13868.04
2026-04-01T14:30:00+00:00,13825.41
2026-04-01T14:45:00+00:00,13878.52
2026-04-01T14:45:00+00:00,13878.52
2026-04-01T14:45:00+00:00,13952.57
2026-04-01T15:00:00+00:00,13933.39
2026-04-01T15:00:00+00:00,13933.39
2026-04-01T15:00:00+00:00,13896.74
2026-04-01T15:15:00+00:00,13959.17
2026-04-01T15:15:00+00:00,13959.17
2026-04-01T15:15:00+00:00,14053.42
2026-04-01T15:30:00+00:00,14056.21
2026-04-01T15:30:00+00:00,14056.21
2026-04-01T15:30:00+00:00,14057.34
2026-04-01T15:45:00+00:00,14089.02
2026-04-01T15:45:00+00:00,14089.02
2026-04-01T15:45:00+00:00,14152.60
2026-04-01T16:00:00+00:00,14075.58
2026-04-01T16:00:00+00:00,14075.58
2026-04-01T16:00:00+00:00,13978.71
2026-04-01T16:15:00+00:00,14065.36
2026-04-01T16:15:00+00:00,14065.36
2026-04-01T16:15:00+00:00,14144.65
2026-04-01T16:30:00+00:00,14275.10
2026-04-01T16:30:00+00:00,14275.10
2026-04-01T16:30:00+00:00,14300.16
2026-04-01T16:45:00+00:00,14261.96
2026-04-01T16:45:00+00:00,14261.96
2026-04-01T16:45:00+00:00,14215.96
2026-04-01T17:00:00+00:00,14273.97
2026-04-01T17:00:00+00:00,14273.97
2026-04-01T17:00:00+00:00,14246.29
2026-04-01T17:15:00+00:00,14170.82
2026-04-01T17:15:00+00:00,14170.82
2026-04-01T17:15:00+00:00,14108.17
2026-04-01T17:30:00+00:00,14097.69
2026-04-01T17:30:00+00:00,14097.69
2026-04-01T17:30:00+00:00,14052.33
2026-04-01T17:45:00+00:00,14031.36
2026-04-01T17:45:00+00:00,14031.36
2026-04-01T17:45:00+00:00,14031.36
2026-04-01T18:00:00+00:00,13989.46
2026-04-01T18:00:00+00:00,13989.46
2026-04-01T18:00:00+00:00,13989.46
2026-04-01T18:15:00+00:00,13963.61
2026-04-01T18:15:00+00:00,13963.61
2026-04-01T18:15:00+00:00,13963.61
2026-04-01T18:30:00+00:00,13995.75
2026-04-01T18:30:00+00:00,13995.75
2026-04-01T18:30:00+00:00,13995.75
2026-04-01T18:45:00+00:00,13974.09
2026-04-01T18:45:00+00:00,13974.09
2026-04-01T18:45:00+00:00,13974.09
2026-04-01T19:00:00+00:00,13986.82
2026-04-01T19:00:00+00:00,13986.82
2026-04-01T19:00:00+00:00,13986.82
2026-04-01T19:15:00+00:00,14064.39
2026-04-01T19:15:00+00:00,14064.39
2026-04-01T19:15:00+00:00,14064.39
2026-04-01T19:30:00+00:00,14044.12
2026-04-01T19:30:00+00:00,14044.12
2026-04-01T19:30:00+00:00,14044.12
2026-04-01T19:45:00+00:00,14056.00
2026-04-01T19:45:00+00:00,14056.00
2026-04-01T19:45:00+00:00,14056.00
2026-04-01T20:00:00+00:00,14026.23
2026-04-01T20:00:00+00:00,14026.23
2026-04-01T20:00:00+00:00,14026.23
2026-04-01T20:15:00+00:00,14005.27
2026-04-01T20:15:00+00:00,14005.27
2026-04-01T20:15:00+00:00,14005.27
2026-04-01T20:30:00+00:00,14056.98
2026-04-01T20:30:00+00:00,14056.98
2026-04-01T20:30:00+00:00,14056.98
2026-04-01T20:45:00+00:00,14075.15
2026-04-01T20:45:00+00:00,14075.15
2026-04-01T20:45:00+00:00,14075.15
2026-04-01T21:00:00+00:00,14127.88
2026-04-01T21:00:00+00:00,14127.88
2026-04-01T21:00:00+00:00,14127.88
2026-04-01T21:15:00+00:00,14160.03
2026-04-01T21:15:00+00:00,14160.03
2026-04-01T21:15:00+00:00,14160.03
2026-04-01T21:30:00+00:00,14161.43
2026-04-01T21:30:00+00:00,14161.43
2026-04-01T21:30:00+00:00,14161.43
2026-04-01T21:45:00+00:00,14167.72
2026-04-01T21:45:00+00:00,14167.72
2026-04-01T21:45:00+00:00,14167.72
2026-04-01T22:00:00+00:00,14124.87
2026-04-01T22:00:00+00:00,14124.87
2026-04-01T22:00:00+00:00,14124.87
2026-04-01T22:15:00+00:00,14085.09
2026-04-01T22:15:00+00:00,14085.09
2026-04-01T22:15:00+00:00,14085.09
2026-04-01T22:30:00+00:00,14085.09
2026-04-01T22:30:00+00:00,14085.09
2026-04-01T22:30:00+00:00,14085.09
2026-04-01T22:45:00+00:00,14085.09
2026-04-01T22:45:00+00:00,14085.09
2026-04-01T22:45:00+00:00,14085.09
2026-04-01T23:00:00+00:00,14085.09
2026-04-01T23:00:00+00:00,14085.09
2026-04-01T23:00:00+00:00,14085.09
2026-04-01T23:15:00+00:00,14085.09
2026-04-01T23:15:00+00:00,14085.09
2026-04-01T23:15:00+00:00,14085.09
2026-04-01T23:30:00+00:00,14085.09
2026-04-01T23:30:00+00:00,14085.09
2026-04-01T23:30:00+00:00,14085.09
2026-04-01T23:45:00+00:00,14085.09
2026-04-01T23:45:00+00:00,14085.09
2026-04-01T23:45:00+00:00,14085.09
2026-04-02T00:00:00+00:00,14085.09
2026-04-02T00:00:00+00:00,14085.09
2026-04-02T00:00:00+00:00,14085.09
2026-04-02T00:15:00+00:00,14085.09
2026-04-02T00:15:00+00:00,14085.09
2026-04-02T00:15:00+00:00,14085.09
2026-04-02T00:30:00+00:00,14085.09
2026-04-02T00:30:00+00:00,14085.09
2026-04-02T00:30:00+00:00,14085.09
2026-04-02T00:45:00+00:00,14085.09
2026-04-02T00:45:00+00:00,14085.09
2026-04-02T00:45:00+00:00,14085.09
2026-04-02T01:00:00+00:00,14085.09
2026-04-02T01:00:00+00:00,14085.09
2026-04-02T01:00:00+00:00,14085.09
2026-04-02T01:15:00+00:00,14085.09
2026-04-02T01:15:00+00:00,14085.09
2026-04-02T01:15:00+00:00,14085.09
2026-04-02T01:30:00+00:00,14085.09
2026-04-02T01:30:00+00:00,14085.09
2026-04-02T01:30:00+00:00,14085.09
2026-04-02T01:45:00+00:00,14085.09
2026-04-02T01:45:00+00:00,14085.09
2026-04-02T01:45:00+00:00,14085.09
2026-04-02T02:00:00+00:00,14085.09
2026-04-02T02:00:00+00:00,14085.09
2026-04-02T02:00:00+00:00,14085.09
2026-04-02T02:15:00+00:00,14085.09
2026-04-02T02:15:00+00:00,14085.09
2026-04-02T02:15:00+00:00,14085.09
2026-04-02T02:30:00+00:00,14085.09
2026-04-02T02:30:00+00:00,14085.09
2026-04-02T02:30:00+00:00,14085.09
2026-04-02T02:45:00+00:00,14085.09
2026-04-02T02:45:00+00:00,14085.09
2026-04-02T02:45:00+00:00,14085.09
2026-04-02T03:00:00+00:00,14085.09
2026-04-02T03:00:00+00:00,14085.09
2026-04-02T03:00:00+00:00,14085.09
2026-04-02T03:15:00+00:00,14085.09
2026-04-02T03:15:00+00:00,14085.09
2026-04-02T03:15:00+00:00,14085.09
2026-04-02T03:30:00+00:00,14085.09
2026-04-02T03:30:00+00:00,14085.09
2026-04-02T03:30:00+00:00,14085.09
2026-04-02T03:45:00+00:00,14085.09
2026-04-02T03:45:00+00:00,14085.09
2026-04-02T03:45:00+00:00,14085.09
2026-04-02T04:00:00+00:00,14085.09
2026-04-02T04:00:00+00:00,14085.09
2026-04-02T04:00:00+00:00,14085.09
2026-04-02T04:15:00+00:00,14085.09
2026-04-02T04:15:00+00:00,14085.09
2026-04-02T04:15:00+00:00,14085.09
2026-04-02T04:30:00+00:00,14085.09
2026-04-02T04:30:00+00:00,14085.09
2026-04-02T04:30:00+00:00,14085.09
2026-04-02T04:45:00+00:00,14085.09
2026-04-02T04:45:00+00:00,14085.09
2026-04-02T04:45:00+00:00,14085.09
2026-04-02T05:00:00+00:00,14085.09
2026-04-02T05:00:00+00:00,14085.09
2026-04-02T05:00:00+00:00,14085.09
2026-04-02T05:15:00+00:00,14085.09
2026-04-02T05:15:00+00:00,14085.09
2026-04-02T05:15:00+00:00,14085.09
2026-04-02T05:30:00+00:00,14085.09
2026-04-02T05:30:00+00:00,14085.09
2026-04-02T05:30:00+00:00,14085.09
2026-04-02T05:45:00+00:00,14085.09
2026-04-02T05:45:00+00:00,14085.09
2026-04-02T05:45:00+00:00,14085.09
2026-04-02T06:00:00+00:00,14085.09
2026-04-02T06:00:00+00:00,14085.09
2026-04-02T06:00:00+00:00,14085.09
2026-04-02T06:15:00+00:00,14085.09
2026-04-02T06:15:00+00:00,14085.09
2026-04-02T06:15:00+00:00,14085.09
2026-04-02T06:30:00+00:00,14085.09
2026-04-02T06:30:00+00:00,14085.09
2026-04-02T06:30:00+00:00,14085.09
2026-04-02T06:45:00+00:00,14085.09
2026-04-02T06:45:00+00:00,14085.09
2026-04-02T06:45:00+00:00,14085.09
2026-04-02T07:00:00+00:00,14085.09
2026-04-02T07:00:00+00:00,14085.09
2026-04-02T07:00:00+00:00,14085.09
2026-04-02T07:15:00+00:00,14085.09
2026-04-02T07:15:00+00:00,14085.09
2026-04-02T07:15:00+00:00,14085.09
2026-04-02T07:30:00+00:00,14085.09
2026-04-02T07:30:00+00:00,14085.09
2026-04-02T07:30:00+00:00,14085.09
2026-04-02T07:45:00+00:00,14085.09
2026-04-02T07:45:00+00:00,14085.09
2026-04-02T07:45:00+00:00,14085.09
2026-04-02T08:00:00+00:00,14085.09
2026-04-02T08:00:00+00:00,14085.09
2026-04-02T08:00:00+00:00,14085.09
2026-04-02T08:15:00+00:00,14085.09
2026-04-02T08:15:00+00:00,14085.09
2026-04-02T08:15:00+00:00,14085.09
2026-04-02T08:30:00+00:00,14085.09
2026-04-02T08:30:00+00:00,14085.09
2026-04-02T08:30:00+00:00,14085.09
2026-04-02T08:45:00+00:00,14085.09
2026-04-02T08:45:00+00:00,14085.09
2026-04-02T08:45:00+00:00,14085.09
2026-04-02T09:00:00+00:00,14085.09
2026-04-02T09:00:00+00:00,14085.09
2026-04-02T09:00:00+00:00,14085.09
2026-04-02T09:15:00+00:00,14085.09
2026-04-02T09:15:00+00:00,14085.09
2026-04-02T09:15:00+00:00,14085.09
2026-04-02T09:30:00+00:00,14085.09
2026-04-02T09:30:00+00:00,14085.09
2026-04-02T09:30:00+00:00,14085.09
2026-04-02T09:45:00+00:00,14085.09
2026-04-02T09:45:00+00:00,14085.09
2026-04-02T09:45:00+00:00,14085.09
2026-04-02T10:00:00+00:00,14085.09
2026-04-02T10:00:00+00:00,14085.09
2026-04-02T10:00:00+00:00,14085.09
2026-04-02T10:15:00+00:00,14085.09
2026-04-02T10:15:00+00:00,14085.09
2026-04-02T10:15:00+00:00,14085.09
2026-04-02T10:30:00+00:00,14085.09
2026-04-02T10:30:00+00:00,14085.09
2026-04-02T10:30:00+00:00,14085.09
2026-04-02T10:45:00+00:00,14085.09
2026-04-02T10:45:00+00:00,14085.09
2026-04-02T10:45:00+00:00,14085.09
2026-04-02T11:00:00+00:00,14085.09
2026-04-02T11:00:00+00:00,14085.09
2026-04-02T11:00:00+00:00,14085.09
2026-04-02T11:15:00+00:00,14085.09
2026-04-02T11:15:00+00:00,14085.09
2026-04-02T11:15:00+00:00,14085.09
2026-04-02T11:30:00+00:00,14085.09
2026-04-02T11:30:00+00:00,14085.09
2026-04-02T11:30:00+00:00,14085.09
2026-04-02T11:45:00+00:00,14085.09
2026-04-02T11:45:00+00:00,14085.09
2026-04-02T11:45:00+00:00,14085.09
2026-04-02T12:00:00+00:00,14085.09
2026-04-02T12:00:00+00:00,14085.09
2026-04-02T12:00:00+00:00,14085.09
2026-04-02T12:15:00+00:00,14085.09
2026-04-02T12:15:00+00:00,14085.09
2026-04-02T12:15:00+00:00,14085.09
2026-04-02T12:30:00+00:00,14085.09
2026-04-02T12:30:00+00:00,14085.09
2026-04-02T12:30:00+00:00,14085.09
2026-04-02T12:45:00+00:00,14085.09
2026-04-02T12:45:00+00:00,14085.09
2026-04-02T12:45:00+00:00,14085.09
2026-04-02T13:00:00+00:00,14085.09
2026-04-02T13:00:00+00:00,14085.09
2026-04-02T13:00:00+00:00,14085.09
2026-04-02T13:15:00+00:00,14085.09
2026-04-02T13:15:00+00:00,14085.09
2026-04-02T13:15:00+00:00,14085.09
2026-04-02T13:30:00+00:00,14085.09
2026-04-02T13:30:00+00:00,14085.09
2026-04-02T13:30:00+00:00,14085.09
2026-04-02T13:45:00+00:00,14085.09
2026-04-02T13:45:00+00:00,14085.09
2026-04-02T13:45:00+00:00,14085.09
2026-04-02T14:00:00+00:00,14085.09
2026-04-02T14:00:00+00:00,14085.09
2026-04-02T14:00:00+00:00,14085.09
2026-04-02T14:15:00+00:00,14085.09
2026-04-02T14:15:00+00:00,14085.09
2026-04-02T14:15:00+00:00,14085.09
2026-04-02T14:30:00+00:00,14085.09
2026-04-02T14:30:00+00:00,14085.09
2026-04-02T14:30:00+00:00,14085.09
2026-04-02T14:45:00+00:00,14085.09
2026-04-02T14:45:00+00:00,14085.09
2026-04-02T14:45:00+00:00,14085.09
2026-04-02T15:00:00+00:00,14061.17
2026-04-02T15:00:00+00:00,14061.17
2026-04-02T15:00:00+00:00,14061.17
2026-04-02T15:15:00+00:00,14136.95
2026-04-02T15:15:00+00:00,14136.95
2026-04-02T15:15:00+00:00,14136.95
2026-04-02T15:30:00+00:00,14050.05
2026-04-02T15:30:00+00:00,14050.05
2026-04-02T15:30:00+00:00,14050.05
2026-04-02T15:45:00+00:00,14050.05
2026-04-02T15:45:00+00:00,14050.05
2026-04-02T15:45:00+00:00,14050.05
2026-04-02T16:00:00+00:00,14050.05
2026-04-02T16:00:00+00:00,14050.05
2026-04-02T16:00:00+00:00,14050.05
2026-04-02T16:15:00+00:00,14050.05
2026-04-02T16:15:00+00:00,14050.05
2026-04-02T16:15:00+00:00,14050.05
2026-04-02T16:30:00+00:00,14050.05
2026-04-02T16:30:00+00:00,14050.05
2026-04-02T16:30:00+00:00,14050.05
2026-04-02T16:45:00+00:00,14050.05
2026-04-02T16:45:00+00:00,14050.05
2026-04-02T16:45:00+00:00,14050.05
2026-04-02T17:00:00+00:00,14050.05
2026-04-02T17:00:00+00:00,14050.05
2026-04-02T17:00:00+00:00,14050.05
2026-04-02T17:15:00+00:00,14050.05
2026-04-02T17:15:00+00:00,14050.05
2026-04-02T17:15:00+00:00,14050.05
2026-04-02T17:30:00+00:00,14050.05
2026-04-02T17:30:00+00:00,14050.05
2026-04-02T17:30:00+00:00,14050.05
2026-04-02T17:45:00+00:00,14050.05
2026-04-02T17:45:00+00:00,14050.05
2026-04-02T17:45:00+00:00,14050.05
2026-04-02T18:00:00+00:00,14050.05
2026-04-02T18:00:00+00:00,14050.05
2026-04-02T18:00:00+00:00,14050.05
2026-04-02T18:15:00+00:00,14050.05
2026-04-02T18:15:00+00:00,14050.05
2026-04-02T18:15:00+00:00,14050.05
2026-04-02T18:30:00+00:00,14050.05
2026-04-02T18:30:00+00:00,14050.05
2026-04-02T18:30:00+00:00,14050.05
2026-04-02T18:45:00+00:00,14050.05
2026-04-02T18:45:00+00:00,14050.05
2026-04-02T18:45:00+00:00,14050.05
2026-04-02T19:00:00+00:00,14050.05
2026-04-02T19:00:00+00:00,14050.05
2026-04-02T19:00:00+00:00,14050.05
2026-04-02T19:15:00+00:00,14050.05
2026-04-02T19:15:00+00:00,14050.05
2026-04-02T19:15:00+00:00,14050.05
2026-04-02T19:30:00+00:00,14050.05
2026-04-02T19:30:00+00:00,14050.05
2026-04-02T19:30:00+00:00,14050.05
2026-04-02T19:45:00+00:00,14050.05
2026-04-02T19:45:00+00:00,14050.05
2026-04-02T19:45:00+00:00,14050.05
2026-04-02T20:00:00+00:00,14050.05
2026-04-02T20:00:00+00:00,14050.05
2026-04-02T20:00:00+00:00,14050.05
2026-04-02T20:15:00+00:00,14050.05
2026-04-02T20:15:00+00:00,14050.05
2026-04-02T20:15:00+00:00,14050.05
2026-04-02T20:30:00+00:00,14050.05
2026-04-02T20:30:00+00:00,14050.05
2026-04-02T20:30:00+00:00,14050.05
2026-04-02T20:45:00+00:00,14050.05
2026-04-02T20:45:00+00:00,14050.05
2026-04-02T20:45:00+00:00,14050.05
2026-04-02T21:00:00+00:00,14050.05
2026-04-02T21:00:00+00:00,14050.05
2026-04-02T21:00:00+00:00,14050.05
2026-04-02T21:15:00+00:00,14050.05
2026-04-02T21:15:00+00:00,14050.05
2026-04-02T21:15:00+00:00,14050.05
2026-04-02T21:30:00+00:00,14050.05
2026-04-02T21:30:00+00:00,14050.05
2026-04-02T21:30:00+00:00,14050.05
2026-04-02T21:45:00+00:00,14050.05
2026-04-02T21:45:00+00:00,14050.05
2026-04-02T21:45:00+00:00,14050.05
2026-04-02T22:00:00+00:00,14050.05
2026-04-02T22:00:00+00:00,14050.05
2026-04-02T22:00:00+00:00,14050.05
2026-04-02T22:15:00+00:00,14050.05
2026-04-02T22:15:00+00:00,14050.05
2026-04-02T22:15:00+00:00,14050.05
2026-04-02T22:30:00+00:00,14050.05
2026-04-02T22:30:00+00:00,14050.05
2026-04-02T22:30:00+00:00,14050.05
2026-04-02T22:45:00+00:00,14050.05
2026-04-02T22:45:00+00:00,14050.05
2026-04-02T22:45:00+00:00,14050.05
2026-04-02T23:00:00+00:00,14050.05
2026-04-02T23:00:00+00:00,14050.05
2026-04-02T23:00:00+00:00,14050.05
2026-04-02T23:15:00+00:00,14050.05
2026-04-02T23:15:00+00:00,14050.05
2026-04-02T23:15:00+00:00,14050.05
2026-04-02T23:30:00+00:00,14050.05
2026-04-02T23:30:00+00:00,14050.05
2026-04-02T23:30:00+00:00,14050.05
2026-04-02T23:45:00+00:00,14050.05
2026-04-02T23:45:00+00:00,14050.05
2026-04-02T23:45:00+00:00,14050.05
2026-04-03T00:00:00+00:00,14050.05
2026-04-03T00:00:00+00:00,14050.05
2026-04-03T00:00:00+00:00,14050.05
2026-04-03T00:15:00+00:00,14050.05
2026-04-03T00:15:00+00:00,14050.05
2026-04-03T00:15:00+00:00,14050.05
2026-04-03T00:30:00+00:00,14050.05
2026-04-03T00:30:00+00:00,14050.05
2026-04-03T00:30:00+00:00,14050.05
2026-04-03T00:45:00+00:00,14050.05
2026-04-03T00:45:00+00:00,14050.05
2026-04-03T00:45:00+00:00,14050.05
2026-04-03T01:00:00+00:00,14050.05
2026-04-03T01:00:00+00:00,14050.05
2026-04-03T01:00:00+00:00,14050.05
2026-04-03T01:15:00+00:00,14050.05
2026-04-03T01:15:00+00:00,14050.05
2026-04-03T01:15:00+00:00,14050.05
2026-04-03T01:30:00+00:00,14050.05
2026-04-03T01:30:00+00:00,14050.05
2026-04-03T01:30:00+00:00,14050.05
2026-04-03T01:45:00+00:00,14050.05
2026-04-03T01:45:00+00:00,14050.05
2026-04-03T01:45:00+00:00,14050.05
2026-04-03T02:00:00+00:00,14050.05
2026-04-03T02:00:00+00:00,14050.05
2026-04-03T02:00:00+00:00,14050.05
2026-04-03T02:15:00+00:00,14050.05
2026-04-03T02:15:00+00:00,14050.05
2026-04-03T02:15:00+00:00,14050.05
2026-04-03T02:30:00+00:00,14050.05
2026-04-03T02:30:00+00:00,14050.05
2026-04-03T02:30:00+00:00,14050.05
2026-04-03T02:45:00+00:00,14050.05
2026-04-03T02:45:00+00:00,14050.05
2026-04-03T02:45:00+00:00,14050.05
2026-04-03T03:00:00+00:00,14050.05
2026-04-03T03:00:00+00:00,14050.05
2026-04-03T03:00:00+00:00,14050.05
2026-04-03T03:15:00+00:00,14050.05
2026-04-03T03:15:00+00:00,14050.05
2026-04-03T03:15:00+00:00,14050.05
2026-04-03T03:30:00+00:00,14050.05
2026-04-03T03:30:00+00:00,14050.05
2026-04-03T03:30:00+00:00,14050.05
2026-04-03T03:45:00+00:00,14050.05
2026-04-03T03:45:00+00:00,14050.05
2026-04-03T03:45:00+00:00,14050.05
2026-04-03T04:00:00+00:00,14050.05
2026-04-03T04:00:00+00:00,14050.05
2026-04-03T04:00:00+00:00,14050.05
2026-04-03T04:15:00+00:00,14050.05
2026-04-03T04:15:00+00:00,14050.05
2026-04-03T04:15:00+00:00,14050.05
2026-04-03T04:30:00+00:00,14050.05
2026-04-03T04:30:00+00:00,14050.05
2026-04-03T04:30:00+00:00,14050.05
2026-04-03T04:45:00+00:00,14050.05
2026-04-03T04:45:00+00:00,14050.05
2026-04-03T04:45:00+00:00,14050.05
2026-04-03T05:00:00+00:00,14050.05
2026-04-03T05:00:00+00:00,14050.05
2026-04-03T05:00:00+00:00,14050.05
2026-04-03T05:15:00+00:00,14050.05
2026-04-03T05:15:00+00:00,14050.05
2026-04-03T05:15:00+00:00,14050.05
2026-04-03T05:30:00+00:00,14050.05
2026-04-03T05:30:00+00:00,14050.05
2026-04-03T05:30:00+00:00,14050.05
2026-04-03T05:45:00+00:00,14050.05
2026-04-03T05:45:00+00:00,14050.05
2026-04-03T05:45:00+00:00,14050.05
2026-04-03T06:00:00+00:00,14050.05
2026-04-03T06:00:00+00:00,14050.05
2026-04-03T06:00:00+00:00,14050.05
2026-04-03T06:15:00+00:00,14050.05
2026-04-03T06:15:00+00:00,14050.05
2026-04-03T06:15:00+00:00,14050.05
2026-04-03T06:30:00+00:00,14050.05
2026-04-03T06:30:00+00:00,14050.05
2026-04-03T06:30:00+00:00,14050.05
2026-04-03T06:45:00+00:00,14050.05
2026-04-03T06:45:00+00:00,14050.05
2026-04-03T06:45:00+00:00,14050.05
2026-04-03T07:00:00+00:00,14050.05
2026-04-03T07:00:00+00:00,14050.05
2026-04-03T07:00:00+00:00,14050.05
2026-04-03T07:15:00+00:00,14050.05
2026-04-03T07:15:00+00:00,14050.05
2026-04-03T07:15:00+00:00,14050.05
2026-04-03T07:30:00+00:00,14050.05
2026-04-03T07:30:00+00:00,14050.05
2026-04-03T07:30:00+00:00,14050.05
2026-04-03T07:45:00+00:00,14050.05
2026-04-03T07:45:00+00:00,14050.05
2026-04-03T07:45:00+00:00,14050.05
2026-04-03T08:00:00+00:00,14050.05
2026-04-03T08:00:00+00:00,14050.05
2026-04-03T08:00:00+00:00,14050.05
2026-04-03T08:15:00+00:00,14050.05
2026-04-03T08:15:00+00:00,14050.05
2026-04-03T08:15:00+00:00,14050.05
2026-04-03T08:30:00+00:00,14050.05
2026-04-03T08:30:00+00:00,14050.05
2026-04-03T08:30:00+00:00,14050.05
2026-04-03T08:45:00+00:00,14050.05
2026-04-03T08:45:00+00:00,14050.05
2026-04-03T08:45:00+00:00,14050.05
2026-04-03T09:00:00+00:00,14050.05
2026-04-03T09:00:00+00:00,14050.05
2026-04-03T09:00:00+00:00,14050.05
2026-04-03T09:15:00+00:00,14050.05
2026-04-03T09:15:00+00:00,14050.05
2026-04-03T09:15:00+00:00,14050.05
2026-04-03T09:30:00+00:00,14050.05
2026-04-03T09:30:00+00:00,14050.05
2026-04-03T09:30:00+00:00,14050.05
2026-04-03T09:45:00+00:00,14050.05
2026-04-03T09:45:00+00:00,14050.05
2026-04-03T09:45:00+00:00,14050.05
2026-04-03T10:00:00+00:00,14050.05
2026-04-03T10:00:00+00:00,14050.05
2026-04-03T10:00:00+00:00,14050.05
2026-04-03T10:15:00+00:00,14050.05
2026-04-03T10:15:00+00:00,14050.05
2026-04-03T10:15:00+00:00,14050.05
2026-04-03T10:30:00+00:00,14050.05
2026-04-03T10:30:00+00:00,14050.05
2026-04-03T10:30:00+00:00,14050.05
2026-04-03T10:45:00+00:00,14050.05
2026-04-03T10:45:00+00:00,14050.05
2026-04-03T10:45:00+00:00,14050.05
2026-04-03T11:00:00+00:00,14050.05
2026-04-03T11:00:00+00:00,14050.05
2026-04-03T11:00:00+00:00,14050.05
2026-04-03T11:15:00+00:00,14050.05
2026-04-03T11:15:00+00:00,14050.05
2026-04-03T11:15:00+00:00,14050.05
2026-04-03T11:30:00+00:00,14050.05
2026-04-03T11:30:00+00:00,14050.05
2026-04-03T11:30:00+00:00,14050.05
2026-04-03T11:45:00+00:00,14050.05
2026-04-03T11:45:00+00:00,14050.05
2026-04-03T11:45:00+00:00,14050.05
2026-04-03T12:00:00+00:00,14050.05
2026-04-03T12:00:00+00:00,14050.05
2026-04-03T12:00:00+00:00,14050.05
2026-04-03T12:15:00+00:00,14050.05
2026-04-03T12:15:00+00:00,14050.05
2026-04-03T12:15:00+00:00,14050.05
2026-04-03T12:30:00+00:00,14050.05
2026-04-03T12:30:00+00:00,14050.05
2026-04-03T12:30:00+00:00,14050.05
2026-04-03T12:45:00+00:00,14050.05
2026-04-03T12:45:00+00:00,14050.05
2026-04-03T12:45:00+00:00,14050.05
2026-04-03T13:00:00+00:00,14050.05
2026-04-03T13:00:00+00:00,14050.05
2026-04-03T13:00:00+00:00,14050.05
2026-04-03T13:15:00+00:00,14050.05
2026-04-03T13:15:00+00:00,14050.05
2026-04-03T13:15:00+00:00,14050.05
2026-04-03T13:30:00+00:00,14050.05
2026-04-03T13:30:00+00:00,14050.05
2026-04-03T13:30:00+00:00,14050.05
2026-04-03T13:45:00+00:00,14050.05
2026-04-03T13:45:00+00:00,14050.05
2026-04-03T13:45:00+00:00,14050.05
2026-04-03T14:00:00+00:00,14050.05
2026-04-03T14:00:00+00:00,14050.05
2026-04-03T14:00:00+00:00,14050.05
2026-04-03T14:15:00+00:00,14050.05
2026-04-03T14:15:00+00:00,14050.05
2026-04-03T14:15:00+00:00,14050.05
2026-04-03T14:30:00+00:00,14050.05
2026-04-03T14:30:00+00:00,14050.05
2026-04-03T14:30:00+00:00,14050.05
2026-04-03T14:45:00+00:00,14050.05
2026-04-03T14:45:00+00:00,14050.05
2026-04-03T14:45:00+00:00,14050.05
2026-04-03T15:00:00+00:00,14050.05
2026-04-03T15:00:00+00:00,14050.05
2026-04-03T15:00:00+00:00,14050.05
2026-04-03T15:15:00+00:00,14050.05
2026-04-03T15:15:00+00:00,14050.05
2026-04-03T15:15:00+00:00,14050.05
2026-04-03T15:30:00+00:00,14050.05
2026-04-03T15:30:00+00:00,14050.05
2026-04-03T15:30:00+00:00,14050.05
2026-04-03T15:45:00+00:00,14050.05
2026-04-03T15:45:00+00:00,14050.05
2026-04-03T15:45:00+00:00,14050.05
2026-04-03T16:00:00+00:00,14050.05
2026-04-03T16:00:00+00:00,14050.05
2026-04-03T16:00:00+00:00,14050.05
2026-04-03T16:15:00+00:00,14050.05
2026-04-03T16:15:00+00:00,14050.05
2026-04-03T16:15:00+00:00,14050.05
2026-04-03T16:30:00+00:00,14050.05
2026-04-03T16:30:00+00:00,14050.05
2026-04-03T16:30:00+00:00,14050.05
2026-04-03T16:45:00+00:00,14050.05
2026-04-03T16:45:00+00:00,14050.05
2026-04-03T16:45:00+00:00,14050.05
2026-04-03T17:00:00+00:00,14050.05
2026-04-03T17:00:00+00:00,14050.05
2026-04-03T17:00:00+00:00,14050.05
2026-04-03T17:15:00+00:00,14050.05
2026-04-03T17:15:00+00:00,14050.05
2026-04-03T17:15:00+00:00,14050.05
2026-04-03T17:30:00+00:00,14050.05
2026-04-03T17:30:00+00:00,14050.05
2026-04-03T17:30:00+00:00,14050.05
2026-04-03T17:45:00+00:00,14050.05
2026-04-03T17:45:00+00:00,14050.05
2026-04-03T17:45:00+00:00,14050.05
2026-04-03T18:00:00+00:00,14050.05
2026-04-03T18:00:00+00:00,14050.05
2026-04-03T18:00:00+00:00,14050.05
2026-04-03T18:15:00+00:00,14050.05
2026-04-03T18:15:00+00:00,14050.05
2026-04-03T18:15:00+00:00,14050.05
2026-04-03T18:30:00+00:00,14050.05
2026-04-03T18:30:00+00:00,14050.05
2026-04-03T18:30:00+00:00,14050.05
2026-04-03T18:45:00+00:00,14050.05
2026-04-03T18:45:00+00:00,14050.05
2026-04-03T18:45:00+00:00,14050.05
2026-04-03T19:00:00+00:00,14050.05
2026-04-03T19:00:00+00:00,14050.05
2026-04-03T19:00:00+00:00,14050.05
2026-04-03T19:15:00+00:00,14050.05
2026-04-03T19:15:00+00:00,14050.05
2026-04-03T19:15:00+00:00,14050.05
2026-04-03T19:30:00+00:00,14050.05
2026-04-03T19:30:00+00:00,14050.05
2026-04-03T19:30:00+00:00,14050.05
2026-04-03T19:45:00+00:00,14050.05
2026-04-03T19:45:00+00:00,14050.05
2026-04-03T19:45:00+00:00,14050.05
2026-04-03T20:00:00+00:00,14050.05
2026-04-03T20:00:00+00:00,14050.05
2026-04-03T20:00:00+00:00,14050.05
2026-04-03T20:15:00+00:00,14050.05
2026-04-03T20:15:00+00:00,14050.05
2026-04-03T20:15:00+00:00,14050.05
2026-04-03T20:30:00+00:00,14050.05
2026-04-03T20:30:00+00:00,14050.05
2026-04-03T20:30:00+00:00,14050.05
2026-04-03T20:45:00+00:00,14050.05
2026-04-03T20:45:00+00:00,14050.05
2026-04-03T20:45:00+00:00,14050.05
2026-04-03T21:00:00+00:00,14050.05
2026-04-03T21:00:00+00:00,14050.05
2026-04-03T21:00:00+00:00,14050.05
2026-04-03T21:15:00+00:00,14050.05
2026-04-03T21:15:00+00:00,14050.05
2026-04-03T21:15:00+00:00,14050.05
2026-04-03T21:30:00+00:00,14050.05
2026-04-03T21:30:00+00:00,14050.05
2026-04-03T21:30:00+00:00,14050.05
2026-04-03T21:45:00+00:00,14050.05
2026-04-03T21:45:00+00:00,14050.05
2026-04-03T21:45:00+00:00,14050.05
2026-04-03T22:00:00+00:00,14050.05
2026-04-03T22:00:00+00:00,14050.05
2026-04-03T22:00:00+00:00,14050.05
2026-04-03T22:15:00+00:00,14050.05
2026-04-03T22:15:00+00:00,14050.05
2026-04-03T22:15:00+00:00,14050.05
2026-04-03T22:30:00+00:00,14050.05
2026-04-03T22:30:00+00:00,14050.05
2026-04-03T22:30:00+00:00,14050.05
2026-04-03T22:45:00+00:00,14050.05
2026-04-03T22:45:00+00:00,14050.05
2026-04-03T22:45:00+00:00,14050.05
2026-04-03T23:00:00+00:00,14050.05
2026-04-03T23:00:00+00:00,14050.05
2026-04-03T23:00:00+00:00,14050.05
2026-04-03T23:15:00+00:00,14050.05
2026-04-03T23:15:00+00:00,14050.05
2026-04-03T23:15:00+00:00,14050.05
2026-04-03T23:30:00+00:00,14050.05
2026-04-03T23:30:00+00:00,14050.05
2026-04-03T23:30:00+00:00,14050.05
2026-04-03T23:45:00+00:00,14050.05
2026-04-03T23:45:00+00:00,14050.05
2026-04-03T23:45:00+00:00,14050.05
2026-04-04T00:00:00+00:00,14050.05
2026-04-04T00:00:00+00:00,14050.05
2026-04-04T00:00:00+00:00,14050.05
2026-04-04T00:15:00+00:00,14050.05
2026-04-04T00:15:00+00:00,14050.05
2026-04-04T00:15:00+00:00,14050.05
2026-04-04T00:30:00+00:00,14050.05
2026-04-04T00:30:00+00:00,14050.05
2026-04-04T00:30:00+00:00,14050.05
2026-04-04T00:45:00+00:00,14050.05
2026-04-04T00:45:00+00:00,14050.05
2026-04-04T00:45:00+00:00,14050.05
2026-04-04T01:00:00+00:00,14050.05
2026-04-04T01:00:00+00:00,14050.05
2026-04-04T01:00:00+00:00,14050.05
2026-04-04T01:15:00+00:00,14050.05
2026-04-04T01:15:00+00:00,14050.05
2026-04-04T01:15:00+00:00,14050.05
2026-04-04T01:30:00+00:00,14050.05
2026-04-04T01:30:00+00:00,14050.05
2026-04-04T01:30:00+00:00,14050.05
2026-04-04T01:45:00+00:00,14050.05
2026-04-04T01:45:00+00:00,14050.05
2026-04-04T01:45:00+00:00,14050.05
2026-04-04T02:00:00+00:00,14050.05
2026-04-04T02:00:00+00:00,14050.05
2026-04-04T02:00:00+00:00,14050.05
2026-04-04T02:15:00+00:00,14050.05
2026-04-04T02:15:00+00:00,14050.05
2026-04-04T02:15:00+00:00,14050.05
2026-04-04T02:30:00+00:00,14050.05
2026-04-04T02:30:00+00:00,14050.05
2026-04-04T02:30:00+00:00,14050.05
2026-04-04T02:45:00+00:00,14050.05
2026-04-04T02:45:00+00:00,14050.05
2026-04-04T02:45:00+00:00,14050.05
2026-04-04T03:00:00+00:00,14050.05
2026-04-04T03:00:00+00:00,14050.05
2026-04-04T03:00:00+00:00,14050.05
2026-04-04T03:15:00+00:00,14050.05
2026-04-04T03:15:00+00:00,14050.05
2026-04-04T03:15:00+00:00,14050.05
2026-04-04T03:30:00+00:00,14050.05
2026-04-04T03:30:00+00:00,14050.05
2026-04-04T03:30:00+00:00,14050.05
2026-04-04T03:45:00+00:00,14050.05
2026-04-04T03:45:00+00:00,14050.05
2026-04-04T03:45:00+00:00,14050.05
2026-04-04T04:00:00+00:00,14050.05
2026-04-04T04:00:00+00:00,14050.05
2026-04-04T04:00:00+00:00,14050.05
2026-04-04T04:15:00+00:00,14050.05
2026-04-04T04:15:00+00:00,14050.05
2026-04-04T04:15:00+00:00,14050.05
2026-04-04T04:30:00+00:00,14050.05
2026-04-04T04:30:00+00:00,14050.05
2026-04-04T04:30:00+00:00,14050.05
2026-04-04T04:45:00+00:00,14050.05
2026-04-04T04:45:00+00:00,14050.05
2026-04-04T04:45:00+00:00,14050.05
2026-04-04T05:00:00+00:00,14050.05
2026-04-04T05:00:00+00:00,14050.05
2026-04-04T05:00:00+00:00,14050.05
2026-04-04T05:15:00+00:00,14050.05
2026-04-04T05:15:00+00:00,14050.05
2026-04-04T05:15:00+00:00,14050.05
2026-04-04T05:30:00+00:00,14050.05
2026-04-04T05:30:00+00:00,14050.05
2026-04-04T05:30:00+00:00,14050.05
2026-04-04T05:45:00+00:00,14050.05
2026-04-04T05:45:00+00:00,14050.05
2026-04-04T05:45:00+00:00,14050.05
2026-04-04T06:00:00+00:00,14050.05
2026-04-04T06:00:00+00:00,14050.05
2026-04-04T06:00:00+00:00,14050.05
2026-04-04T06:15:00+00:00,14050.05
2026-04-04T06:15:00+00:00,14050.05
2026-04-04T06:15:00+00:00,14050.05
2026-04-04T06:30:00+00:00,14050.05
2026-04-04T06:30:00+00:00,14050.05
2026-04-04T06:30:00+00:00,14050.05
2026-04-04T06:45:00+00:00,14050.05
2026-04-04T06:45:00+00:00,14050.05
2026-04-04T06:45:00+00:00,14050.05
2026-04-04T07:00:00+00:00,14050.05
2026-04-04T07:00:00+00:00,14050.05
2026-04-04T07:00:00+00:00,14050.05
2026-04-04T07:15:00+00:00,14050.05
2026-04-04T07:15:00+00:00,14050.05
2026-04-04T07:15:00+00:00,14050.05
2026-04-04T07:30:00+00:00,14050.05
2026-04-04T07:30:00+00:00,14050.05
2026-04-04T07:30:00+00:00,14050.05
2026-04-04T07:45:00+00:00,14050.05
2026-04-04T07:45:00+00:00,14050.05
2026-04-04T07:45:00+00:00,14050.05
2026-04-04T08:00:00+00:00,14050.05
2026-04-04T08:00:00+00:00,14050.05
2026-04-04T08:00:00+00:00,14050.05
2026-04-04T08:15:00+00:00,14050.05
2026-04-04T08:15:00+00:00,14050.05
2026-04-04T08:15:00+00:00,14050.05
2026-04-04T08:30:00+00:00,14050.05
2026-04-04T08:30:00+00:00,14050.05
2026-04-04T08:30:00+00:00,14050.05
2026-04-04T08:45:00+00:00,14050.05
2026-04-04T08:45:00+00:00,14050.05
2026-04-04T08:45:00+00:00,14050.05
2026-04-04T09:00:00+00:00,14050.05
2026-04-04T09:00:00+00:00,14050.05
2026-04-04T09:00:00+00:00,14050.05
2026-04-04T09:15:00+00:00,14050.05
2026-04-04T09:15:00+00:00,14050.05
2026-04-04T09:15:00+00:00,14050.05
2026-04-04T09:30:00+00:00,14050.05
2026-04-04T09:30:00+00:00,14050.05
2026-04-04T09:30:00+00:00,14050.05
2026-04-04T09:45:00+00:00,14050.05
2026-04-04T09:45:00+00:00,14050.05
2026-04-04T09:45:00+00:00,14050.05
2026-04-04T10:00:00+00:00,14050.05
2026-04-04T10:00:00+00:00,14050.05
2026-04-04T10:00:00+00:00,14050.05
2026-04-04T10:15:00+00:00,14050.05
2026-04-04T10:15:00+00:00,14050.05
2026-04-04T10:15:00+00:00,14050.05
2026-04-04T10:30:00+00:00,14050.05
2026-04-04T10:30:00+00:00,14050.05
2026-04-04T10:30:00+00:00,14050.05
2026-04-04T10:45:00+00:00,14050.05
2026-04-04T10:45:00+00:00,14050.05
2026-04-04T10:45:00+00:00,14050.05
2026-04-04T11:00:00+00:00,14050.05
2026-04-04T11:00:00+00:00,14050.05
2026-04-04T11:00:00+00:00,14050.05
2026-04-04T11:15:00+00:00,14050.05
2026-04-04T11:15:00+00:00,14050.05
2026-04-04T11:15:00+00:00,14050.05
2026-04-04T11:30:00+00:00,14050.05
2026-04-04T11:30:00+00:00,14050.05
2026-04-04T11:30:00+00:00,14050.05
2026-04-04T11:45:00+00:00,14050.05
2026-04-04T11:45:00+00:00,14050.05
2026-04-04T11:45:00+00:00,14050.05
2026-04-04T12:00:00+00:00,14050.05
2026-04-04T12:00:00+00:00,14050.05
2026-04-04T12:00:00+00:00,14050.05
2026-04-04T12:15:00+00:00,14050.05
2026-04-04T12:15:00+00:00,14050.05
2026-04-04T12:15:00+00:00,14050.05
2026-04-04T12:30:00+00:00,14050.05
2026-04-04T12:30:00+00:00,14050.05
2026-04-04T12:30:00+00:00,14050.05
2026-04-04T12:45:00+00:00,14050.05
2026-04-04T12:45:00+00:00,14050.05
2026-04-04T12:45:00+00:00,14050.05
2026-04-04T13:00:00+00:00,14050.05
2026-04-04T13:00:00+00:00,14050.05
2026-04-04T13:00:00+00:00,14050.05
2026-04-04T13:15:00+00:00,14050.05
2026-04-04T13:15:00+00:00,14050.05
2026-04-04T13:15:00+00:00,14050.05
2026-04-04T13:30:00+00:00,14050.05
2026-04-04T13:30:00+00:00,14050.05
2026-04-04T13:30:00+00:00,14050.05
2026-04-04T13:45:00+00:00,14050.05
2026-04-04T13:45:00+00:00,14050.05
2026-04-04T13:45:00+00:00,14050.05
2026-04-04T14:00:00+00:00,14050.05
2026-04-04T14:00:00+00:00,14050.05
2026-04-04T14:00:00+00:00,14050.05
2026-04-04T14:15:00+00:00,14050.05
2026-04-04T14:15:00+00:00,14050.05
2026-04-04T14:15:00+00:00,14050.05
2026-04-04T14:30:00+00:00,14050.05
2026-04-04T14:30:00+00:00,14050.05
2026-04-04T14:30:00+00:00,14050.05
2026-04-04T14:45:00+00:00,14050.05
2026-04-04T14:45:00+00:00,14050.05
2026-04-04T14:45:00+00:00,14050.05
2026-04-04T15:00:00+00:00,14050.05
2026-04-04T15:00:00+00:00,14050.05
2026-04-04T15:00:00+00:00,14050.05
2026-04-04T15:15:00+00:00,14050.05
2026-04-04T15:15:00+00:00,14050.05
2026-04-04T15:15:00+00:00,14050.05
2026-04-04T15:30:00+00:00,14050.05
2026-04-04T15:30:00+00:00,14050.05
2026-04-04T15:30:00+00:00,14050.05
2026-04-04T15:45:00+00:00,14050.05
2026-04-04T15:45:00+00:00,14050.05
2026-04-04T15:45:00+00:00,14050.05
2026-04-04T16:00:00+00:00,14050.05
2026-04-04T16:00:00+00:00,14050.05
2026-04-04T16:00:00+00:00,14050.05
2026-04-04T16:15:00+00:00,14050.05
2026-04-04T16:15:00+00:00,14050.05
2026-04-04T16:15:00+00:00,14050.05
2026-04-04T16:30:00+00:00,14050.05
2026-04-04T16:30:00+00:00,14050.05
2026-04-04T16:30:00+00:00,14050.05
2026-04-04T16:45:00+00:00,14050.05
2026-04-04T16:45:00+00:00,14050.05
2026-04-04T16:45:00+00:00,14050.05
2026-04-04T17:00:00+00:00,14050.05
2026-04-04T17:00:00+00:00,14050.05
2026-04-04T17:00:00+00:00,14050.05
2026-04-04T17:15:00+00:00,14050.05
2026-04-04T17:15:00+00:00,14050.05
2026-04-04T17:15:00+00:00,14050.05
2026-04-04T17:30:00+00:00,14050.05
2026-04-04T17:30:00+00:00,14050.05
2026-04-04T17:30:00+00:00,14050.05
2026-04-04T17:45:00+00:00,14050.05
2026-04-04T17:45:00+00:00,14050.05
2026-04-04T17:45:00+00:00,14050.05
2026-04-04T18:00:00+00:00,14050.05
2026-04-04T18:00:00+00:00,14050.05
2026-04-04T18:00:00+00:00,14050.05
2026-04-04T18:15:00+00:00,14050.05
2026-04-04T18:15:00+00:00,14050.05
2026-04-04T18:15:00+00:00,14050.05
2026-04-04T18:30:00+00:00,14050.05
2026-04-04T18:30:00+00:00,14050.05
2026-04-04T18:30:00+00:00,14050.05
2026-04-04T18:45:00+00:00,14050.05
2026-04-04T18:45:00+00:00,14050.05
2026-04-04T18:45:00+00:00,14050.05
2026-04-04T19:00:00+00:00,14050.05
2026-04-04T19:00:00+00:00,14050.05
2026-04-04T19:00:00+00:00,14050.05
2026-04-04T19:15:00+00:00,14050.05
2026-04-04T19:15:00+00:00,14050.05
2026-04-04T19:15:00+00:00,14050.05
2026-04-04T19:30:00+00:00,14050.05
2026-04-04T19:30:00+00:00,14050.05
2026-04-04T19:30:00+00:00,14050.05
2026-04-04T19:45:00+00:00,14050.05
2026-04-04T19:45:00+00:00,14050.05
2026-04-04T19:45:00+00:00,14050.05
2026-04-04T20:00:00+00:00,14050.05
2026-04-04T20:00:00+00:00,14050.05
2026-04-04T20:00:00+00:00,14050.05
2026-04-04T20:15:00+00:00,14050.05
2026-04-04T20:15:00+00:00,14050.05
2026-04-04T20:15:00+00:00,14050.05
2026-04-04T20:30:00+00:00,14050.05
2026-04-04T20:30:00+00:00,14050.05
2026-04-04T20:30:00+00:00,14050.05
2026-04-04T20:45:00+00:00,14050.05
2026-04-04T20:45:00+00:00,14050.05
2026-04-04T20:45:00+00:00,14050.05
2026-04-04T21:00:00+00:00,14050.05
2026-04-04T21:00:00+00:00,14050.05
2026-04-04T21:00:00+00:00,14050.05
2026-04-04T21:15:00+00:00,14050.05
2026-04-04T21:15:00+00:00,14050.05
2026-04-04T21:15:00+00:00,14050.05
2026-04-04T21:30:00+00:00,14050.05
2026-04-04T21:30:00+00:00,14050.05
2026-04-04T21:30:00+00:00,14050.05
2026-04-04T21:45:00+00:00,14050.05
2026-04-04T21:45:00+00:00,14050.05
2026-04-04T21:45:00+00:00,14050.05
2026-04-04T22:00:00+00:00,14050.05
2026-04-04T22:00:00+00:00,14050.05
2026-04-04T22:00:00+00:00,14050.05
2026-04-04T22:15:00+00:00,14050.05
2026-04-04T22:15:00+00:00,14050.05
2026-04-04T22:15:00+00:00,14050.05
2026-04-04T22:30:00+00:00,14050.05
2026-04-04T22:30:00+00:00,14050.05
2026-04-04T22:30:00+00:00,14050.05
2026-04-04T22:45:00+00:00,14050.05
2026-04-04T22:45:00+00:00,14050.05
2026-04-04T22:45:00+00:00,14050.05
2026-04-04T23:00:00+00:00,14050.05
2026-04-04T23:00:00+00:00,14050.05
2026-04-04T23:00:00+00:00,14050.05
2026-04-04T23:15:00+00:00,14050.05
2026-04-04T23:15:00+00:00,14050.05
2026-04-04T23:15:00+00:00,14050.05
2026-04-04T23:30:00+00:00,14050.05
2026-04-04T23:30:00+00:00,14050.05
2026-04-04T23:30:00+00:00,14050.05
2026-04-04T23:45:00+00:00,14050.05
2026-04-04T23:45:00+00:00,14050.05
2026-04-04T23:45:00+00:00,14050.05
2026-04-05T00:00:00+00:00,14050.05
2026-04-05T00:00:00+00:00,14050.05
2026-04-05T00:00:00+00:00,14050.05
2026-04-05T00:15:00+00:00,14050.05
2026-04-05T00:15:00+00:00,14050.05
2026-04-05T00:15:00+00:00,14050.05
2026-04-05T00:30:00+00:00,14050.05
2026-04-05T00:30:00+00:00,14050.05
2026-04-05T00:30:00+00:00,14050.05
2026-04-05T00:45:00+00:00,14050.05
2026-04-05T00:45:00+00:00,14050.05
2026-04-05T00:45:00+00:00,14050.05
2026-04-05T01:00:00+00:00,14050.05
2026-04-05T01:00:00+00:00,14050.05
2026-04-05T01:00:00+00:00,14050.05
2026-04-05T01:15:00+00:00,14050.05
2026-04-05T01:15:00+00:00,14050.05
2026-04-05T01:15:00+00:00,14050.05
2026-04-05T01:30:00+00:00,14050.05
2026-04-05T01:30:00+00:00,14050.05
2026-04-05T01:30:00+00:00,14050.05
2026-04-05T01:45:00+00:00,14050.05
2026-04-05T01:45:00+00:00,14050.05
2026-04-05T01:45:00+00:00,14050.05
2026-04-05T02:00:00+00:00,14050.05
2026-04-05T02:00:00+00:00,14050.05
2026-04-05T02:00:00+00:00,14050.05
2026-04-05T02:15:00+00:00,14050.05
2026-04-05T02:15:00+00:00,14050.05
2026-04-05T02:15:00+00:00,14050.05
2026-04-05T02:30:00+00:00,14050.05
2026-04-05T02:30:00+00:00,14050.05
2026-04-05T02:30:00+00:00,14050.05
2026-04-05T02:45:00+00:00,14050.05
2026-04-05T02:45:00+00:00,14050.05
2026-04-05T02:45:00+00:00,14050.05
2026-04-05T03:00:00+00:00,14050.05
2026-04-05T03:00:00+00:00,14050.05
2026-04-05T03:00:00+00:00,14050.05
2026-04-05T03:15:00+00:00,14050.05
2026-04-05T03:15:00+00:00,14050.05
2026-04-05T03:15:00+00:00,14050.05
2026-04-05T03:30:00+00:00,14050.05
2026-04-05T03:30:00+00:00,14050.05
2026-04-05T03:30:00+00:00,14050.05
2026-04-05T03:45:00+00:00,14050.05
2026-04-05T03:45:00+00:00,14050.05
2026-04-05T03:45:00+00:00,14050.05
2026-04-05T04:00:00+00:00,14050.05
2026-04-05T04:00:00+00:00,14050.05
2026-04-05T04:00:00+00:00,14050.05
2026-04-05T04:15:00+00:00,14050.05
2026-04-05T04:15:00+00:00,14050.05
2026-04-05T04:15:00+00:00,14050.05
2026-04-05T04:30:00+00:00,14050.05
2026-04-05T04:30:00+00:00,14050.05
2026-04-05T04:30:00+00:00,14050.05
2026-04-05T04:45:00+00:00,14050.05
2026-04-05T04:45:00+00:00,14050.05
2026-04-05T04:45:00+00:00,14050.05
2026-04-05T05:00:00+00:00,14050.05
2026-04-05T05:00:00+00:00,14050.05
2026-04-05T05:00:00+00:00,14050.05
2026-04-05T05:15:00+00:00,14050.05
2026-04-05T05:15:00+00:00,14050.05
2026-04-05T05:15:00+00:00,14050.05
2026-04-05T05:30:00+00:00,14050.05
2026-04-05T05:30:00+00:00,14050.05
2026-04-05T05:30:00+00:00,14050.05
2026-04-05T05:45:00+00:00,14050.05
2026-04-05T05:45:00+00:00,14050.05
2026-04-05T05:45:00+00:00,14050.05
2026-04-05T06:00:00+00:00,14050.05
2026-04-05T06:00:00+00:00,14050.05
2026-04-05T06:00:00+00:00,14050.05
2026-04-05T06:15:00+00:00,14050.05
2026-04-05T06:15:00+00:00,14050.05
2026-04-05T06:15:00+00:00,14050.05
2026-04-05T06:30:00+00:00,14050.05
2026-04-05T06:30:00+00:00,14050.05
2026-04-05T06:30:00+00:00,14050.05
2026-04-05T06:45:00+00:00,14050.05
2026-04-05T06:45:00+00:00,14050.05
2026-04-05T06:45:00+00:00,14050.05
2026-04-05T07:00:00+00:00,14050.05
2026-04-05T07:00:00+00:00,14050.05
2026-04-05T07:00:00+00:00,14050.05
2026-04-05T07:15:00+00:00,14050.05
2026-04-05T07:15:00+00:00,14050.05
2026-04-05T07:15:00+00:00,14050.05
2026-04-05T07:30:00+00:00,14050.05
2026-04-05T07:30:00+00:00,14050.05
2026-04-05T07:30:00+00:00,14050.05
2026-04-05T07:45:00+00:00,14050.05
2026-04-05T07:45:00+00:00,14050.05
2026-04-05T07:45:00+00:00,14050.05
2026-04-05T08:00:00+00:00,14050.05
2026-04-05T08:00:00+00:00,14050.05
2026-04-05T08:00:00+00:00,14050.05
2026-04-05T08:15:00+00:00,14050.05
2026-04-05T08:15:00+00:00,14050.05
2026-04-05T08:15:00+00:00,14050.05
2026-04-05T08:30:00+00:00,14050.05
2026-04-05T08:30:00+00:00,14050.05
2026-04-05T08:30:00+00:00,14050.05
2026-04-05T08:45:00+00:00,14050.05
2026-04-05T08:45:00+00:00,14050.05
2026-04-05T08:45:00+00:00,14050.05
2026-04-05T09:00:00+00:00,14050.05
2026-04-05T09:00:00+00:00,14050.05
2026-04-05T09:00:00+00:00,14050.05
2026-04-05T09:15:00+00:00,14050.05
2026-04-05T09:15:00+00:00,14050.05
2026-04-05T09:15:00+00:00,14050.05
2026-04-05T09:30:00+00:00,14050.05
2026-04-05T09:30:00+00:00,14050.05
2026-04-05T09:30:00+00:00,14050.05
2026-04-05T09:45:00+00:00,14050.05
2026-04-05T09:45:00+00:00,14050.05
2026-04-05T09:45:00+00:00,14050.05
2026-04-05T10:00:00+00:00,14050.05
2026-04-05T10:00:00+00:00,14050.05
2026-04-05T10:00:00+00:00,14050.05
2026-04-05T10:15:00+00:00,14050.05
2026-04-05T10:15:00+00:00,14050.05
2026-04-05T10:15:00+00:00,14050.05
2026-04-05T10:30:00+00:00,14050.05
2026-04-05T10:30:00+00:00,14050.05
2026-04-05T10:30:00+00:00,14050.05
2026-04-05T10:45:00+00:00,14050.05
2026-04-05T10:45:00+00:00,14050.05
2026-04-05T10:45:00+00:00,14050.05
2026-04-05T11:00:00+00:00,14050.05
2026-04-05T11:00:00+00:00,14050.05
2026-04-05T11:00:00+00:00,14050.05
2026-04-05T11:15:00+00:00,14050.05
2026-04-05T11:15:00+00:00,14050.05
2026-04-05T11:15:00+00:00,14050.05
2026-04-05T11:30:00+00:00,14050.05
2026-04-05T11:30:00+00:00,14050.05
2026-04-05T11:30:00+00:00,14050.05
2026-04-05T11:45:00+00:00,14050.05
2026-04-05T11:45:00+00:00,14050.05
2026-04-05T11:45:00+00:00,14050.05
2026-04-05T12:00:00+00:00,14050.05
2026-04-05T12:00:00+00:00,14050.05
2026-04-05T12:00:00+00:00,14050.05
2026-04-05T12:15:00+00:00,14050.05
2026-04-05T12:15:00+00:00,14050.05
2026-04-05T12:15:00+00:00,14050.05
2026-04-05T12:30:00+00:00,14050.05
2026-04-05T12:30:00+00:00,14050.05
2026-04-05T12:30:00+00:00,14050.05
2026-04-05T12:45:00+00:00,14050.05
2026-04-05T12:45:00+00:00,14050.05
2026-04-05T12:45:00+00:00,14050.05
2026-04-05T13:00:00+00:00,14050.05
2026-04-05T13:00:00+00:00,14050.05
2026-04-05T13:00:00+00:00,14050.05
2026-04-05T13:15:00+00:00,14050.05
2026-04-05T13:15:00+00:00,14050.05
2026-04-05T13:15:00+00:00,14050.05
2026-04-05T13:30:00+00:00,14050.05
2026-04-05T13:30:00+00:00,14050.05
2026-04-05T13:30:00+00:00,14050.05
2026-04-05T13:45:00+00:00,14050.05
2026-04-05T13:45:00+00:00,14050.05
2026-04-05T13:45:00+00:00,14050.05
2026-04-05T14:00:00+00:00,14050.05
2026-04-05T14:00:00+00:00,14050.05
2026-04-05T14:00:00+00:00,14050.05
2026-04-05T14:15:00+00:00,14050.05
2026-04-05T14:15:00+00:00,14050.05
2026-04-05T14:15:00+00:00,14050.05
2026-04-05T14:30:00+00:00,14050.05
2026-04-05T14:30:00+00:00,14050.05
2026-04-05T14:30:00+00:00,14050.05
2026-04-05T14:45:00+00:00,14050.05
2026-04-05T14:45:00+00:00,14050.05
2026-04-05T14:45:00+00:00,14050.05
2026-04-05T15:00:00+00:00,14050.05
2026-04-05T15:00:00+00:00,14050.05
2026-04-05T15:00:00+00:00,14050.05
2026-04-05T15:15:00+00:00,14050.05
2026-04-05T15:15:00+00:00,14050.05
2026-04-05T15:15:00+00:00,14050.05
2026-04-05T15:30:00+00:00,14050.05
2026-04-05T15:30:00+00:00,14050.05
2026-04-05T15:30:00+00:00,14050.05
2026-04-05T15:45:00+00:00,14050.05
2026-04-05T15:45:00+00:00,14050.05
2026-04-05T15:45:00+00:00,14050.05
2026-04-05T16:00:00+00:00,14050.05
2026-04-05T16:00:00+00:00,14050.05
2026-04-05T16:00:00+00:00,14050.05
2026-04-05T16:15:00+00:00,14050.05
2026-04-05T16:15:00+00:00,14050.05
2026-04-05T16:15:00+00:00,14050.05
2026-04-05T16:30:00+00:00,14050.05
2026-04-05T16:30:00+00:00,14050.05
2026-04-05T16:30:00+00:00,14050.05
2026-04-05T16:45:00+00:00,14050.05
2026-04-05T16:45:00+00:00,14050.05
2026-04-05T16:45:00+00:00,14050.05
2026-04-05T17:00:00+00:00,14050.05
2026-04-05T17:00:00+00:00,14050.05
2026-04-05T17:00:00+00:00,14050.05
2026-04-05T17:15:00+00:00,14050.05
2026-04-05T17:15:00+00:00,14050.05
2026-04-05T17:15:00+00:00,14050.05
2026-04-05T17:30:00+00:00,14050.05
2026-04-05T17:30:00+00:00,14050.05
2026-04-05T17:30:00+00:00,14050.05
2026-04-05T17:45:00+00:00,14050.05
2026-04-05T17:45:00+00:00,14050.05
2026-04-05T17:45:00+00:00,14050.05
2026-04-05T18:00:00+00:00,14050.05
2026-04-05T18:00:00+00:00,14050.05
2026-04-05T18:00:00+00:00,14050.05
2026-04-05T18:15:00+00:00,14050.05
2026-04-05T18:15:00+00:00,14050.05
2026-04-05T18:15:00+00:00,14050.05
2026-04-05T18:30:00+00:00,14050.05
2026-04-05T18:30:00+00:00,14050.05
2026-04-05T18:30:00+00:00,14050.05
2026-04-05T18:45:00+00:00,14050.05
2026-04-05T18:45:00+00:00,14050.05
2026-04-05T18:45:00+00:00,14050.05
2026-04-05T19:00:00+00:00,14050.05
2026-04-05T19:00:00+00:00,14050.05
2026-04-05T19:00:00+00:00,14050.05
2026-04-05T19:15:00+00:00,14050.05
2026-04-05T19:15:00+00:00,14050.05
2026-04-05T19:15:00+00:00,14050.05
2026-04-05T19:30:00+00:00,14050.05
2026-04-05T19:30:00+00:00,14050.05
2026-04-05T19:30:00+00:00,14050.05
2026-04-05T19:45:00+00:00,14050.05
2026-04-05T19:45:00+00:00,14050.05
2026-04-05T19:45:00+00:00,14050.05
2026-04-05T20:00:00+00:00,14050.05
2026-04-05T20:00:00+00:00,14050.05
2026-04-05T20:00:00+00:00,14050.05
2026-04-05T20:15:00+00:00,14050.05
2026-04-05T20:15:00+00:00,14050.05
2026-04-05T20:15:00+00:00,14050.05
2026-04-05T20:30:00+00:00,14050.05
2026-04-05T20:30:00+00:00,14050.05
2026-04-05T20:30:00+00:00,14050.05
2026-04-05T20:45:00+00:00,14050.05
2026-04-05T20:45:00+00:00,14050.05
2026-04-05T20:45:00+00:00,14050.05
2026-04-05T21:00:00+00:00,14050.05
2026-04-05T21:00:00+00:00,14050.05
2026-04-05T21:00:00+00:00,14050.05
2026-04-05T21:15:00+00:00,14050.05
2026-04-05T21:15:00+00:00,14050.05
2026-04-05T21:15:00+00:00,14050.05
2026-04-05T21:30:00+00:00,14050.05
2026-04-05T21:30:00+00:00,14050.05
2026-04-05T21:30:00+00:00,14050.05
2026-04-05T21:45:00+00:00,14050.05
2026-04-05T21:45:00+00:00,14050.05
2026-04-05T21:45:00+00:00,14050.05
2026-04-05T22:00:00+00:00,14050.05
2026-04-05T22:00:00+00:00,14050.05
2026-04-05T22:00:00+00:00,14050.05
2026-04-05T22:15:00+00:00,14050.05
2026-04-05T22:15:00+00:00,14050.05
2026-04-05T22:15:00+00:00,14050.05
2026-04-05T22:30:00+00:00,14050.05
2026-04-05T22:30:00+00:00,14050.05
2026-04-05T22:30:00+00:00,14050.05
2026-04-05T22:45:00+00:00,14050.05
2026-04-05T22:45:00+00:00,14050.05
2026-04-05T22:45:00+00:00,14050.05
2026-04-05T23:00:00+00:00,14050.05
2026-04-05T23:00:00+00:00,14050.05
2026-04-05T23:00:00+00:00,14050.05
2026-04-05T23:15:00+00:00,14050.05
2026-04-05T23:15:00+00:00,14050.05
2026-04-05T23:15:00+00:00,14050.05
2026-04-05T23:30:00+00:00,14050.05
2026-04-05T23:30:00+00:00,14050.05
2026-04-05T23:30:00+00:00,14050.05
2026-04-05T23:45:00+00:00,14050.05
2026-04-05T23:45:00+00:00,14050.05
2026-04-05T23:45:00+00:00,14050.05
2026-04-06T00:00:00+00:00,14050.05
2026-04-06T00:00:00+00:00,14050.05
2026-04-06T00:00:00+00:00,14050.05
2026-04-06T00:15:00+00:00,14050.05
2026-04-06T00:15:00+00:00,14050.05
2026-04-06T00:15:00+00:00,14050.05
2026-04-06T00:30:00+00:00,14050.05
2026-04-06T00:30:00+00:00,14050.05
2026-04-06T00:30:00+00:00,14050.05
2026-04-06T00:45:00+00:00,14050.05
2026-04-06T00:45:00+00:00,14050.05
2026-04-06T00:45:00+00:00,14050.05
2026-04-06T01:00:00+00:00,14050.05
2026-04-06T01:00:00+00:00,14050.05
2026-04-06T01:00:00+00:00,14050.05
2026-04-06T01:15:00+00:00,14050.05
2026-04-06T01:15:00+00:00,14050.05
2026-04-06T01:15:00+00:00,14050.05
2026-04-06T01:30:00+00:00,14050.05
2026-04-06T01:30:00+00:00,14050.05
2026-04-06T01:30:00+00:00,14050.05
2026-04-06T01:45:00+00:00,14050.05
2026-04-06T01:45:00+00:00,14050.05
2026-04-06T01:45:00+00:00,14050.05
2026-04-06T02:00:00+00:00,14050.05
2026-04-06T02:00:00+00:00,14050.05
2026-04-06T02:00:00+00:00,14050.05
2026-04-06T02:15:00+00:00,14050.05
2026-04-06T02:15:00+00:00,14050.05
2026-04-06T02:15:00+00:00,14050.05
2026-04-06T02:30:00+00:00,14050.05
2026-04-06T02:30:00+00:00,14050.05
2026-04-06T02:30:00+00:00,14050.05
2026-04-06T02:45:00+00:00,14050.05
2026-04-06T02:45:00+00:00,14050.05
2026-04-06T02:45:00+00:00,14050.05
2026-04-06T03:00:00+00:00,14050.05
2026-04-06T03:00:00+00:00,14050.05
2026-04-06T03:00:00+00:00,14050.05
2026-04-06T03:15:00+00:00,14050.05
2026-04-06T03:15:00+00:00,14050.05
2026-04-06T03:15:00+00:00,14050.05
2026-04-06T03:30:00+00:00,14050.05
2026-04-06T03:30:00+00:00,14050.05
2026-04-06T03:30:00+00:00,14050.05
2026-04-06T03:45:00+00:00,14050.05
2026-04-06T03:45:00+00:00,14050.05
2026-04-06T03:45:00+00:00,14050.05
2026-04-06T04:00:00+00:00,14050.05
2026-04-06T04:00:00+00:00,14050.05
2026-04-06T04:00:00+00:00,14050.05
2026-04-06T04:15:00+00:00,14050.05
2026-04-06T04:15:00+00:00,14050.05
2026-04-06T04:15:00+00:00,14050.05
2026-04-06T04:30:00+00:00,14050.05
2026-04-06T04:30:00+00:00,14050.05
2026-04-06T04:30:00+00:00,14050.05
2026-04-06T04:45:00+00:00,14050.05
2026-04-06T04:45:00+00:00,14050.05
2026-04-06T04:45:00+00:00,14050.05
2026-04-06T05:00:00+00:00,14050.05
2026-04-06T05:00:00+00:00,14050.05
2026-04-06T05:00:00+00:00,14050.05
2026-04-06T05:15:00+00:00,14050.05
2026-04-06T05:15:00+00:00,14050.05
2026-04-06T05:15:00+00:00,14050.05
2026-04-06T05:30:00+00:00,14050.05
2026-04-06T05:30:00+00:00,14050.05
2026-04-06T05:30:00+00:00,14050.05
2026-04-06T05:45:00+00:00,14050.05
2026-04-06T05:45:00+00:00,14050.05
2026-04-06T05:45:00+00:00,14050.05
2026-04-06T06:00:00+00:00,14050.05
2026-04-06T06:00:00+00:00,14050.05
2026-04-06T06:00:00+00:00,14050.05
2026-04-06T06:15:00+00:00,14050.05
2026-04-06T06:15:00+00:00,14050.05
2026-04-06T06:15:00+00:00,14050.05
2026-04-06T06:30:00+00:00,14050.05
2026-04-06T06:30:00+00:00,14050.05
2026-04-06T06:30:00+00:00,14050.05
2026-04-06T06:45:00+00:00,14050.05
2026-04-06T06:45:00+00:00,14050.05
2026-04-06T06:45:00+00:00,14050.05
2026-04-06T07:00:00+00:00,14050.05
2026-04-06T07:00:00+00:00,14050.05
2026-04-06T07:00:00+00:00,14050.05
2026-04-06T07:15:00+00:00,14050.05
2026-04-06T07:15:00+00:00,14050.05
2026-04-06T07:15:00+00:00,14050.05
2026-04-06T07:30:00+00:00,14050.05
2026-04-06T07:30:00+00:00,14050.05
2026-04-06T07:30:00+00:00,14050.05
2026-04-06T07:45:00+00:00,14050.05
2026-04-06T07:45:00+00:00,14050.05
2026-04-06T07:45:00+00:00,14050.05
2026-04-06T08:00:00+00:00,14050.05
2026-04-06T08:00:00+00:00,14050.05
2026-04-06T08:00:00+00:00,14050.05
2026-04-06T08:15:00+00:00,14050.05
2026-04-06T08:15:00+00:00,14050.05
2026-04-06T08:15:00+00:00,14050.05
2026-04-06T08:30:00+00:00,14050.05
2026-04-06T08:30:00+00:00,14050.05
2026-04-06T08:30:00+00:00,14050.05
2026-04-06T08:45:00+00:00,14050.05
2026-04-06T08:45:00+00:00,14050.05
2026-04-06T08:45:00+00:00,14050.05
2026-04-06T09:00:00+00:00,14050.05
2026-04-06T09:00:00+00:00,14050.05
2026-04-06T09:00:00+00:00,14050.05
2026-04-06T09:15:00+00:00,14050.05
2026-04-06T09:15:00+00:00,14050.05
2026-04-06T09:15:00+00:00,14050.05
2026-04-06T09:30:00+00:00,14050.05
2026-04-06T09:30:00+00:00,14050.05
2026-04-06T09:30:00+00:00,14050.05
2026-04-06T09:45:00+00:00,14050.05
2026-04-06T09:45:00+00:00,14050.05
2026-04-06T09:45:00+00:00,14050.05
2026-04-06T10:00:00+00:00,14050.05
2026-04-06T10:00:00+00:00,14050.05
2026-04-06T10:00:00+00:00,14050.05
2026-04-06T10:15:00+00:00,14050.05
2026-04-06T10:15:00+00:00,14050.05
2026-04-06T10:15:00+00:00,14050.05
2026-04-06T10:30:00+00:00,14050.05
2026-04-06T10:30:00+00:00,14050.05
2026-04-06T10:30:00+00:00,14050.05
2026-04-06T10:45:00+00:00,14050.05
2026-04-06T10:45:00+00:00,14050.05
2026-04-06T10:45:00+00:00,14050.05
2026-04-06T11:00:00+00:00,14050.05
2026-04-06T11:00:00+00:00,14050.05
2026-04-06T11:00:00+00:00,14050.05
2026-04-06T11:15:00+00:00,14050.05
2026-04-06T11:15:00+00:00,14050.05
2026-04-06T11:15:00+00:00,14050.05
2026-04-06T11:30:00+00:00,14050.05
2026-04-06T11:30:00+00:00,14050.05
2026-04-06T11:30:00+00:00,14050.05
2026-04-06T11:45:00+00:00,14050.05
2026-04-06T11:45:00+00:00,14050.05
2026-04-06T11:45:00+00:00,14050.05
2026-04-06T12:00:00+00:00,14050.05
2026-04-06T12:00:00+00:00,14050.05
2026-04-06T12:00:00+00:00,14050.05
2026-04-06T12:15:00+00:00,14050.05
2026-04-06T12:15:00+00:00,14050.05
2026-04-06T12:15:00+00:00,14050.05
2026-04-06T12:30:00+00:00,14050.05
2026-04-06T12:30:00+00:00,14050.05
2026-04-06T12:30:00+00:00,14050.05
2026-04-06T12:45:00+00:00,14050.05
2026-04-06T12:45:00+00:00,14050.05
2026-04-06T12:45:00+00:00,14050.05
2026-04-06T13:00:00+00:00,14050.05
2026-04-06T13:00:00+00:00,14050.05
2026-04-06T13:00:00+00:00,14050.05
2026-04-06T13:15:00+00:00,14050.05
2026-04-06T13:15:00+00:00,14050.05
2026-04-06T13:15:00+00:00,14050.05
2026-04-06T13:30:00+00:00,14050.05
2026-04-06T13:30:00+00:00,14050.05
2026-04-06T13:30:00+00:00,14050.05
2026-04-06T13:45:00+00:00,14050.05
2026-04-06T13:45:00+00:00,14050.05
2026-04-06T13:45:00+00:00,14050.05
2026-04-06T14:00:00+00:00,14050.05
2026-04-06T14:00:00+00:00,14050.05
2026-04-06T14:00:00+00:00,14050.05
2026-04-06T14:15:00+00:00,14050.05
2026-04-06T14:15:00+00:00,14050.05
2026-04-06T14:15:00+00:00,14050.05
2026-04-06T14:30:00+00:00,14050.05
2026-04-06T14:30:00+00:00,14050.05
2026-04-06T14:30:00+00:00,14050.05
2026-04-06T14:45:00+00:00,14050.05
2026-04-06T14:45:00+00:00,14050.05
2026-04-06T14:45:00+00:00,14050.05
2026-04-06T15:00:00+00:00,14050.05
2026-04-06T15:00:00+00:00,14050.05
2026-04-06T15:00:00+00:00,14050.05
2026-04-06T15:15:00+00:00,14050.05
2026-04-06T15:15:00+00:00,14050.05
2026-04-06T15:15:00+00:00,14050.05
2026-04-06T15:30:00+00:00,14050.05
2026-04-06T15:30:00+00:00,14050.05
2026-04-06T15:30:00+00:00,14050.05
2026-04-06T15:45:00+00:00,14050.05
2026-04-06T15:45:00+00:00,14050.05
2026-04-06T15:45:00+00:00,14050.05
2026-04-06T16:00:00+00:00,14050.05
2026-04-06T16:00:00+00:00,14050.05
2026-04-06T16:00:00+00:00,14050.05
2026-04-06T16:15:00+00:00,14050.05
2026-04-06T16:15:00+00:00,14050.05
2026-04-06T16:15:00+00:00,14050.05
2026-04-06T16:30:00+00:00,14050.05
2026-04-06T16:30:00+00:00,14050.05
2026-04-06T16:30:00+00:00,14050.05
2026-04-06T16:45:00+00:00,14050.05
2026-04-06T16:45:00+00:00,14050.05
2026-04-06T16:45:00+00:00,14050.05
2026-04-06T17:00:00+00:00,14050.05
2026-04-06T17:00:00+00:00,14050.05
2026-04-06T17:00:00+00:00,14050.05
2026-04-06T17:15:00+00:00,14050.05
2026-04-06T17:15:00+00:00,14050.05
2026-04-06T17:15:00+00:00,14050.05
2026-04-06T17:30:00+00:00,14050.05
2026-04-06T17:30:00+00:00,14050.05
2026-04-06T17:30:00+00:00,14050.05
2026-04-06T17:45:00+00:00,14050.05
2026-04-06T17:45:00+00:00,14050.05
2026-04-06T17:45:00+00:00,14050.05
2026-04-06T18:00:00+00:00,14050.05
2026-04-06T18:00:00+00:00,14050.05
2026-04-06T18:00:00+00:00,14050.05
2026-04-06T18:15:00+00:00,14050.05
2026-04-06T18:15:00+00:00,14050.05
2026-04-06T18:15:00+00:00,14050.05
2026-04-06T18:30:00+00:00,14050.05
2026-04-06T18:30:00+00:00,14050.05
2026-04-06T18:30:00+00:00,14050.05
2026-04-06T18:45:00+00:00,14050.05
2026-04-06T18:45:00+00:00,14050.05
2026-04-06T18:45:00+00:00,14050.05
2026-04-06T19:00:00+00:00,14050.05
2026-04-06T19:00:00+00:00,14050.05
2026-04-06T19:00:00+00:00,14050.05
2026-04-06T19:15:00+00:00,14050.05
2026-04-06T19:15:00+00:00,14050.05
2026-04-06T19:15:00+00:00,14050.05
2026-04-06T19:30:00+00:00,14050.05
2026-04-06T19:30:00+00:00,14050.05
2026-04-06T19:30:00+00:00,14050.05
2026-04-06T19:45:00+00:00,14050.05
2026-04-06T19:45:00+00:00,14050.05
2026-04-06T19:45:00+00:00,14050.05
2026-04-06T20:00:00+00:00,14050.05
2026-04-06T20:00:00+00:00,14050.05
2026-04-06T20:00:00+00:00,14050.05
2026-04-06T20:15:00+00:00,14050.05
2026-04-06T20:15:00+00:00,14050.05
2026-04-06T20:15:00+00:00,14050.05
2026-04-06T20:30:00+00:00,14050.05
2026-04-06T20:30:00+00:00,14050.05
2026-04-06T20:30:00+00:00,14050.05
2026-04-06T20:45:00+00:00,14050.05
2026-04-06T20:45:00+00:00,14050.05
2026-04-06T20:45:00+00:00,14050.05
2026-04-06T21:00:00+00:00,14050.05
2026-04-06T21:00:00+00:00,14050.05
2026-04-06T21:00:00+00:00,14050.05
2026-04-06T21:15:00+00:00,14050.05
2026-04-06T21:15:00+00:00,14050.05
2026-04-06T21:15:00+00:00,14050.05
2026-04-06T21:30:00+00:00,14050.05
2026-04-06T21:30:00+00:00,14050.05
2026-04-06T21:30:00+00:00,14050.05
2026-04-06T21:45:00+00:00,14050.05
2026-04-06T21:45:00+00:00,14050.05
2026-04-06T21:45:00+00:00,14050.05
2026-04-06T22:00:00+00:00,14050.05
2026-04-06T22:00:00+00:00,14050.05
2026-04-06T22:00:00+00:00,14026.64
2026-04-06T22:15:00+00:00,14026.64
2026-04-06T22:15:00+00:00,14026.64
2026-04-06T22:15:00+00:00,13936.49
2026-04-06T22:30:00+00:00,13936.49
2026-04-06T22:30:00+00:00,13936.49
2026-04-06T22:30:00+00:00,13874.61
2026-04-06T22:45:00+00:00,13874.61
2026-04-06T22:45:00+00:00,13874.61
2026-04-06T22:45:00+00:00,13706.24
2026-04-06T23:00:00+00:00,13706.24
2026-04-06T23:00:00+00:00,13706.24
2026-04-06T23:00:00+00:00,13706.24
2026-04-06T23:15:00+00:00,13706.24
2026-04-06T23:15:00+00:00,13706.24
2026-04-06T23:15:00+00:00,13706.24
2026-04-06T23:30:00+00:00,13706.24
2026-04-06T23:30:00+00:00,13706.24
2026-04-06T23:30:00+00:00,13706.24
2026-04-06T23:45:00+00:00,13706.24
2026-04-06T23:45:00+00:00,13706.24
2026-04-06T23:45:00+00:00,13706.24
2026-04-07T00:00:00+00:00,13706.24
2026-04-07T00:00:00+00:00,13706.24
2026-04-07T00:00:00+00:00,13706.24
2026-04-07T00:15:00+00:00,13706.24
2026-04-07T00:15:00+00:00,13706.24
2026-04-07T00:15:00+00:00,13706.24
2026-04-07T00:30:00+00:00,13706.24
2026-04-07T00:30:00+00:00,13706.24
2026-04-07T00:30:00+00:00,13706.24
2026-04-07T00:45:00+00:00,13706.24
2026-04-07T00:45:00+00:00,13706.24
2026-04-07T00:45:00+00:00,13706.24
2026-04-07T01:00:00+00:00,13706.24
2026-04-07T01:00:00+00:00,13706.24
2026-04-07T01:00:00+00:00,13706.24
2026-04-07T01:15:00+00:00,13706.24
2026-04-07T01:15:00+00:00,13706.24
2026-04-07T01:15:00+00:00,13706.24
2026-04-07T01:30:00+00:00,13706.24
2026-04-07T01:30:00+00:00,13706.24
2026-04-07T01:30:00+00:00,13706.24
2026-04-07T01:45:00+00:00,13706.24
2026-04-07T01:45:00+00:00,13706.24
2026-04-07T01:45:00+00:00,13706.24
2026-04-07T02:00:00+00:00,13706.24
2026-04-07T02:00:00+00:00,13706.24
2026-04-07T02:00:00+00:00,13706.24
2026-04-07T02:15:00+00:00,13706.24
2026-04-07T02:15:00+00:00,13706.24
2026-04-07T02:15:00+00:00,13706.24
2026-04-07T02:30:00+00:00,13706.24
2026-04-07T02:30:00+00:00,13706.24
2026-04-07T02:30:00+00:00,13706.24
2026-04-07T02:45:00+00:00,13706.24
2026-04-07T02:45:00+00:00,13706.24
2026-04-07T02:45:00+00:00,13706.24
2026-04-07T03:00:00+00:00,13706.24
2026-04-07T03:00:00+00:00,13706.24
2026-04-07T03:00:00+00:00,13706.24
2026-04-07T03:15:00+00:00,13706.24
2026-04-07T03:15:00+00:00,13706.24
2026-04-07T03:15:00+00:00,13706.24
2026-04-07T03:30:00+00:00,13706.24
2026-04-07T03:30:00+00:00,13706.24
2026-04-07T03:30:00+00:00,13706.24
2026-04-07T03:45:00+00:00,13706.24
2026-04-07T03:45:00+00:00,13706.24
2026-04-07T03:45:00+00:00,13706.24
2026-04-07T04:00:00+00:00,13706.24
2026-04-07T04:00:00+00:00,13706.24
2026-04-07T04:00:00+00:00,13706.24
2026-04-07T04:15:00+00:00,13706.24
2026-04-07T04:15:00+00:00,13706.24
2026-04-07T04:15:00+00:00,13706.24
2026-04-07T04:30:00+00:00,13706.24
2026-04-07T04:30:00+00:00,13706.24
2026-04-07T04:30:00+00:00,13706.24
2026-04-07T04:45:00+00:00,13706.24
2026-04-07T04:45:00+00:00,13706.24
2026-04-07T04:45:00+00:00,13706.24
2026-04-07T05:00:00+00:00,13706.24
2026-04-07T05:00:00+00:00,13706.24
2026-04-07T05:00:00+00:00,13706.24
2026-04-07T05:15:00+00:00,13706.24
2026-04-07T05:15:00+00:00,13706.24
2026-04-07T05:15:00+00:00,13706.24
2026-04-07T05:30:00+00:00,13706.24
2026-04-07T05:30:00+00:00,13706.24
2026-04-07T05:30:00+00:00,13706.24
2026-04-07T05:45:00+00:00,13706.24
2026-04-07T05:45:00+00:00,13706.24
2026-04-07T05:45:00+00:00,13706.24
2026-04-07T06:00:00+00:00,13706.24
2026-04-07T06:00:00+00:00,13706.24
2026-04-07T06:00:00+00:00,13706.24
2026-04-07T06:15:00+00:00,13706.24
2026-04-07T06:15:00+00:00,13706.24
2026-04-07T06:15:00+00:00,13706.24
2026-04-07T06:30:00+00:00,13706.24
2026-04-07T06:30:00+00:00,13706.24
2026-04-07T06:30:00+00:00,13706.24
2026-04-07T06:45:00+00:00,13706.24
2026-04-07T06:45:00+00:00,13706.24
2026-04-07T06:45:00+00:00,13706.24
2026-04-07T07:00:00+00:00,13706.24
2026-04-07T07:00:00+00:00,13706.24
2026-04-07T07:00:00+00:00,13706.24
2026-04-07T07:15:00+00:00,13706.24
2026-04-07T07:15:00+00:00,13706.24
2026-04-07T07:15:00+00:00,13706.24
2026-04-07T07:30:00+00:00,13706.24
2026-04-07T07:30:00+00:00,13706.24
2026-04-07T07:30:00+00:00,13706.24
2026-04-07T07:45:00+00:00,13706.24
2026-04-07T07:45:00+00:00,13706.24
2026-04-07T07:45:00+00:00,13706.24
2026-04-07T08:00:00+00:00,13706.24
2026-04-07T08:00:00+00:00,13706.24
2026-04-07T08:00:00+00:00,13706.24
2026-04-07T08:15:00+00:00,13706.24
2026-04-07T08:15:00+00:00,13706.24
2026-04-07T08:15:00+00:00,13706.24
2026-04-07T08:30:00+00:00,13706.24
2026-04-07T08:30:00+00:00,13706.24
2026-04-07T08:30:00+00:00,13706.24
2026-04-07T08:45:00+00:00,13706.24
2026-04-07T08:45:00+00:00,13706.24
2026-04-07T08:45:00+00:00,13706.24
2026-04-07T09:00:00+00:00,13706.24
2026-04-07T09:00:00+00:00,13592.48
2026-04-07T09:00:00+00:00,13592.48
2026-04-07T09:15:00+00:00,13592.48
2026-04-07T09:15:00+00:00,13617.41
2026-04-07T09:15:00+00:00,13617.41
2026-04-07T09:30:00+00:00,13617.41
2026-04-07T09:30:00+00:00,13565.51
2026-04-07T09:30:00+00:00,13565.51
2026-04-07T09:45:00+00:00,13565.51
2026-04-07T09:45:00+00:00,13590.09
2026-04-07T09:45:00+00:00,13590.09
2026-04-07T10:00:00+00:00,13589.65
2026-04-07T10:00:00+00:00,13751.15
2026-04-07T10:00:00+00:00,13751.15
2026-04-07T10:15:00+00:00,13751.15
2026-04-07T10:15:00+00:00,13790.08
2026-04-07T10:15:00+00:00,13790.08
2026-04-07T10:30:00+00:00,13790.08
2026-04-07T10:30:00+00:00,13879.88
2026-04-07T10:30:00+00:00,13879.88
2026-04-07T10:45:00+00:00,13879.88
2026-04-07T10:45:00+00:00,13941.33
2026-04-07T10:45:00+00:00,13941.33
2026-04-07T11:00:00+00:00,13941.14
2026-04-07T11:00:00+00:00,13922.02
2026-04-07T11:00:00+00:00,13922.02
2026-04-07T11:15:00+00:00,13922.02
2026-04-07T11:15:00+00:00,13958.55
2026-04-07T11:15:00+00:00,13958.55
2026-04-07T11:30:00+00:00,13958.55
2026-04-07T11:30:00+00:00,13957.79
2026-04-07T11:30:00+00:00,13957.79
2026-04-07T11:45:00+00:00,13957.79
2026-04-07T11:45:00+00:00,13982.88
2026-04-07T11:45:00+00:00,13982.88
2026-04-07T12:00:00+00:00,13982.69
2026-04-07T12:00:00+00:00,14032.88
2026-04-07T12:00:00+00:00,14032.88
2026-04-07T12:15:00+00:00,14032.88
2026-04-07T12:15:00+00:00,14011.37
2026-04-07T12:15:00+00:00,14011.37
2026-04-07T12:30:00+00:00,14011.37
2026-04-07T12:30:00+00:00,14054.91
2026-04-07T12:30:00+00:00,14054.91
2026-04-07T12:45:00+00:00,14054.91
2026-04-07T12:45:00+00:00,14000.11
2026-04-07T12:45:00+00:00,14000.11
2026-04-07T13:00:00+00:00,13999.82
2026-04-07T13:00:00+00:00,14000.08
2026-04-07T13:00:00+00:00,14000.08
2026-04-07T13:15:00+00:00,14000.08
2026-04-07T13:15:00+00:00,14044.89
2026-04-07T13:15:00+00:00,14044.89
2026-04-07T13:30:00+00:00,14044.89
2026-04-07T13:30:00+00:00,14051.55
2026-04-07T13:30:00+00:00,14051.55
2026-04-07T13:45:00+00:00,14051.55
2026-04-07T13:45:00+00:00,14066.40
2026-04-07T13:45:00+00:00,14066.40
2026-04-07T14:00:00+00:00,14066.14
2026-04-07T14:00:00+00:00,14148.34
2026-04-07T14:00:00+00:00,14148.34
2026-04-07T14:15:00+00:00,14148.34
2026-04-07T14:15:00+00:00,14036.96
2026-04-07T14:15:00+00:00,14036.96
2026-04-07T14:30:00+00:00,14036.96
2026-04-07T14:30:00+00:00,14036.96
2026-04-07T14:30:00+00:00,14036.96
2026-04-07T14:45:00+00:00,14036.96
2026-04-07T14:45:00+00:00,14036.96
2026-04-07T14:45:00+00:00,14036.96
2026-04-07T15:00:00+00:00,14036.96
2026-04-07T15:00:00+00:00,14036.96
2026-04-07T15:00:00+00:00,14036.96
2026-04-07T15:15:00+00:00,14036.96
2026-04-07T15:15:00+00:00,14036.96
2026-04-07T15:15:00+00:00,14036.96
2026-04-07T15:30:00+00:00,14036.96
2026-04-07T15:30:00+00:00,14036.96
2026-04-07T15:30:00+00:00,14036.96
2026-04-07T15:45:00+00:00,14036.96
2026-04-07T15:45:00+00:00,14036.96
2026-04-07T15:45:00+00:00,14036.96
2026-04-07T16:00:00+00:00,14036.96
2026-04-07T16:00:00+00:00,14036.96
2026-04-07T16:00:00+00:00,14036.96
2026-04-07T16:15:00+00:00,14036.96
2026-04-07T16:15:00+00:00,14036.96
2026-04-07T16:15:00+00:00,14036.96
2026-04-07T16:30:00+00:00,14036.96
2026-04-07T16:30:00+00:00,14036.96
2026-04-07T16:30:00+00:00,14036.96
2026-04-07T16:45:00+00:00,14036.96
2026-04-07T16:45:00+00:00,14036.96
2026-04-07T16:45:00+00:00,14036.96
2026-04-07T17:00:00+00:00,14036.96
2026-04-07T17:00:00+00:00,14036.96
2026-04-07T17:00:00+00:00,14036.96
2026-04-07T17:15:00+00:00,14036.96
2026-04-07T17:15:00+00:00,14036.96
2026-04-07T17:15:00+00:00,14036.96
2026-04-07T17:30:00+00:00,14036.96
2026-04-07T17:30:00+00:00,14036.96
2026-04-07T17:30:00+00:00,14036.96
2026-04-07T17:45:00+00:00,14036.96
2026-04-07T17:45:00+00:00,14036.96
2026-04-07T17:45:00+00:00,14036.96
2026-04-07T18:00:00+00:00,14036.96
2026-04-07T18:00:00+00:00,14036.96
2026-04-07T18:00:00+00:00,14036.96
2026-04-07T18:15:00+00:00,14036.96
2026-04-07T18:15:00+00:00,14036.96
2026-04-07T18:15:00+00:00,14036.96
2026-04-07T18:30:00+00:00,14036.96
2026-04-07T18:30:00+00:00,14036.96
2026-04-07T18:30:00+00:00,14036.96
2026-04-07T18:45:00+00:00,14036.96
2026-04-07T18:45:00+00:00,14036.96
2026-04-07T18:45:00+00:00,14036.96
2026-04-07T19:00:00+00:00,14036.96
2026-04-07T19:00:00+00:00,14036.96
2026-04-07T19:00:00+00:00,14036.96
2026-04-07T19:15:00+00:00,14036.96
2026-04-07T19:15:00+00:00,14036.96
2026-04-07T19:15:00+00:00,14036.96
2026-04-07T19:30:00+00:00,14036.96
2026-04-07T19:30:00+00:00,14036.96
2026-04-07T19:30:00+00:00,14036.96
2026-04-07T19:45:00+00:00,14036.96
2026-04-07T19:45:00+00:00,14036.96
2026-04-07T19:45:00+00:00,14036.96
2026-04-07T20:00:00+00:00,14036.96
2026-04-07T20:00:00+00:00,14036.96
2026-04-07T20:00:00+00:00,14036.96
2026-04-07T20:15:00+00:00,14036.96
2026-04-07T20:15:00+00:00,14036.96
2026-04-07T20:15:00+00:00,14036.96
2026-04-07T20:30:00+00:00,14036.96
2026-04-07T20:30:00+00:00,14036.96
2026-04-07T20:30:00+00:00,14036.96
2026-04-07T20:45:00+00:00,14036.96
2026-04-07T20:45:00+00:00,14036.96
2026-04-07T20:45:00+00:00,14036.96
2026-04-07T21:00:00+00:00,14036.96
2026-04-07T21:00:00+00:00,14036.96
2026-04-07T21:00:00+00:00,14036.96
2026-04-07T21:15:00+00:00,14036.96
2026-04-07T21:15:00+00:00,14036.96
2026-04-07T21:15:00+00:00,14036.96
2026-04-07T21:30:00+00:00,14036.96
2026-04-07T21:30:00+00:00,14036.96
2026-04-07T21:30:00+00:00,14036.96
2026-04-07T21:45:00+00:00,14036.96
2026-04-07T21:45:00+00:00,14036.96
2026-04-07T21:45:00+00:00,14036.96
2026-04-07T22:00:00+00:00,14036.96
2026-04-07T22:00:00+00:00,14036.96
2026-04-07T22:00:00+00:00,14036.96
2026-04-07T22:15:00+00:00,14036.96
2026-04-07T22:15:00+00:00,14036.96
2026-04-07T22:15:00+00:00,14036.96
2026-04-07T22:30:00+00:00,14036.96
2026-04-07T22:30:00+00:00,14036.96
2026-04-07T22:30:00+00:00,14036.96
2026-04-07T22:45:00+00:00,14036.96
2026-04-07T22:45:00+00:00,14036.96
2026-04-07T22:45:00+00:00,14036.96
2026-04-07T23:00:00+00:00,14036.96
2026-04-07T23:00:00+00:00,14036.96
2026-04-07T23:00:00+00:00,14036.96
2026-04-07T23:15:00+00:00,14036.96
2026-04-07T23:15:00+00:00,14036.96
2026-04-07T23:15:00+00:00,14036.96
2026-04-07T23:30:00+00:00,14036.96
2026-04-07T23:30:00+00:00,14036.96
2026-04-07T23:30:00+00:00,14036.96
2026-04-07T23:45:00+00:00,14036.96
2026-04-07T23:45:00+00:00,14036.96
2026-04-07T23:45:00+00:00,14036.96
2026-04-08T00:00:00+00:00,14036.96
2026-04-08T00:00:00+00:00,14036.96
2026-04-08T00:00:00+00:00,14036.96
2026-04-08T00:15:00+00:00,14036.96
2026-04-08T00:15:00+00:00,14036.96
2026-04-08T00:15:00+00:00,14036.96
2026-04-08T00:30:00+00:00,14036.96
2026-04-08T00:30:00+00:00,14036.96
2026-04-08T00:30:00+00:00,14036.96
2026-04-08T00:45:00+00:00,14036.96
2026-04-08T00:45:00+00:00,14036.96
2026-04-08T00:45:00+00:00,14036.96
2026-04-08T01:00:00+00:00,14036.96
2026-04-08T01:00:00+00:00,14036.96
2026-04-08T01:00:00+00:00,14036.96
2026-04-08T01:15:00+00:00,14036.96
2026-04-08T01:15:00+00:00,14036.96
2026-04-08T01:15:00+00:00,14036.96
2026-04-08T01:30:00+00:00,14036.96
2026-04-08T01:30:00+00:00,14036.96
2026-04-08T01:30:00+00:00,14036.96
2026-04-08T01:45:00+00:00,14036.96
2026-04-08T01:45:00+00:00,14036.96
2026-04-08T01:45:00+00:00,14036.96
2026-04-08T02:00:00+00:00,14036.96
2026-04-08T02:00:00+00:00,14036.96
2026-04-08T02:00:00+00:00,14036.96
2026-04-08T02:15:00+00:00,14036.96
2026-04-08T02:15:00+00:00,14036.96
2026-04-08T02:15:00+00:00,14036.96
2026-04-08T02:30:00+00:00,14036.96
2026-04-08T02:30:00+00:00,14036.96
2026-04-08T02:30:00+00:00,14036.96
2026-04-08T02:45:00+00:00,14036.96
2026-04-08T02:45:00+00:00,14036.96
2026-04-08T02:45:00+00:00,14036.96
2026-04-08T03:00:00+00:00,14036.96
2026-04-08T03:00:00+00:00,14036.96
2026-04-08T03:00:00+00:00,14036.96
2026-04-08T03:15:00+00:00,14036.96
2026-04-08T03:15:00+00:00,14036.96
2026-04-08T03:15:00+00:00,14036.96
2026-04-08T03:30:00+00:00,14036.96
2026-04-08T03:30:00+00:00,14036.96
2026-04-08T03:30:00+00:00,14036.96
2026-04-08T03:45:00+00:00,14036.96
2026-04-08T03:45:00+00:00,14036.96
2026-04-08T03:45:00+00:00,14036.96
2026-04-08T04:00:00+00:00,14036.96
2026-04-08T04:00:00+00:00,14036.96
2026-04-08T04:00:00+00:00,14036.96
2026-04-08T04:15:00+00:00,14036.96
2026-04-08T04:15:00+00:00,14036.96
2026-04-08T04:15:00+00:00,14036.96
2026-04-08T04:30:00+00:00,14036.96
2026-04-08T04:30:00+00:00,14036.96
2026-04-08T04:30:00+00:00,14036.96
2026-04-08T04:45:00+00:00,14036.96
2026-04-08T04:45:00+00:00,14036.96
2026-04-08T04:45:00+00:00,14036.96
2026-04-08T05:00:00+00:00,14036.96
2026-04-08T05:00:00+00:00,14036.96
2026-04-08T05:00:00+00:00,14036.96
2026-04-08T05:15:00+00:00,14036.96
2026-04-08T05:15:00+00:00,14036.96
2026-04-08T05:15:00+00:00,14036.96
2026-04-08T05:30:00+00:00,14036.96
2026-04-08T05:30:00+00:00,14036.96
2026-04-08T05:30:00+00:00,14036.96
2026-04-08T05:45:00+00:00,14036.96
2026-04-08T05:45:00+00:00,14036.96
2026-04-08T05:45:00+00:00,14036.96
2026-04-08T06:00:00+00:00,14036.96
2026-04-08T06:00:00+00:00,14036.96
2026-04-08T06:00:00+00:00,14036.96
2026-04-08T06:15:00+00:00,14036.96
2026-04-08T06:15:00+00:00,14036.96
2026-04-08T06:15:00+00:00,14036.96
2026-04-08T06:30:00+00:00,14036.96
2026-04-08T06:30:00+00:00,14036.96
2026-04-08T06:30:00+00:00,14036.96
2026-04-08T06:45:00+00:00,14036.96
2026-04-08T06:45:00+00:00,14036.96
2026-04-08T06:45:00+00:00,14036.96
2026-04-08T07:00:00+00:00,14036.96
2026-04-08T07:00:00+00:00,14036.96
2026-04-08T07:00:00+00:00,14036.96
2026-04-08T07:15:00+00:00,14036.96
2026-04-08T07:15:00+00:00,14036.96
2026-04-08T07:15:00+00:00,14036.96
2026-04-08T07:30:00+00:00,14036.96
2026-04-08T07:30:00+00:00,14036.96
2026-04-08T07:30:00+00:00,14036.96
2026-04-08T07:45:00+00:00,14036.96
2026-04-08T07:45:00+00:00,14036.96
2026-04-08T07:45:00+00:00,14036.96
2026-04-08T08:00:00+00:00,14036.96
2026-04-08T08:00:00+00:00,14036.96
2026-04-08T08:00:00+00:00,14036.96
2026-04-08T08:15:00+00:00,14036.96
2026-04-08T08:15:00+00:00,14036.96
2026-04-08T08:15:00+00:00,14036.96
2026-04-08T08:30:00+00:00,14036.96
2026-04-08T08:30:00+00:00,14036.96
2026-04-08T08:30:00+00:00,14036.96
2026-04-08T08:45:00+00:00,14036.96
2026-04-08T08:45:00+00:00,14036.96
2026-04-08T08:45:00+00:00,14036.96
2026-04-08T09:00:00+00:00,14036.96
2026-04-08T09:00:00+00:00,14036.96
2026-04-08T09:00:00+00:00,14036.96
2026-04-08T09:15:00+00:00,14036.96
2026-04-08T09:15:00+00:00,14036.96
2026-04-08T09:15:00+00:00,14036.96
2026-04-08T09:30:00+00:00,14036.96
2026-04-08T09:30:00+00:00,14036.96
2026-04-08T09:30:00+00:00,14036.96
2026-04-08T09:45:00+00:00,14036.96
2026-04-08T09:45:00+00:00,14036.96
2026-04-08T09:45:00+00:00,14036.96
2026-04-08T10:00:00+00:00,14036.96
2026-04-08T10:00:00+00:00,14036.96
2026-04-08T10:00:00+00:00,14036.96
2026-04-08T10:15:00+00:00,14036.96
2026-04-08T10:15:00+00:00,14036.96
2026-04-08T10:15:00+00:00,14036.96
2026-04-08T10:30:00+00:00,14036.96
2026-04-08T10:30:00+00:00,14036.96
2026-04-08T10:30:00+00:00,14036.96
2026-04-08T10:45:00+00:00,14036.96
2026-04-08T10:45:00+00:00,14036.96
2026-04-08T10:45:00+00:00,14036.96
2026-04-08T11:00:00+00:00,14036.96
2026-04-08T11:00:00+00:00,14036.96
2026-04-08T11:00:00+00:00,14036.96
2026-04-08T11:15:00+00:00,14036.96
2026-04-08T11:15:00+00:00,14036.96
2026-04-08T11:15:00+00:00,14036.96
2026-04-08T11:30:00+00:00,14036.96
2026-04-08T11:30:00+00:00,14036.96
2026-04-08T11:30:00+00:00,14036.96
2026-04-08T11:45:00+00:00,14036.96
2026-04-08T11:45:00+00:00,14036.96
2026-04-08T11:45:00+00:00,14036.96
2026-04-08T12:00:00+00:00,14036.96
2026-04-08T12:00:00+00:00,14036.96
2026-04-08T12:00:00+00:00,14036.96
2026-04-08T12:15:00+00:00,14036.96
2026-04-08T12:15:00+00:00,14036.96
2026-04-08T12:15:00+00:00,14036.96
2026-04-08T12:30:00+00:00,14036.96
2026-04-08T12:30:00+00:00,14036.96
2026-04-08T12:30:00+00:00,14036.96
2026-04-08T12:45:00+00:00,14036.96
2026-04-08T12:45:00+00:00,14036.96
2026-04-08T12:45:00+00:00,14036.96
2026-04-08T13:00:00+00:00,14036.96
2026-04-08T13:00:00+00:00,14036.96
2026-04-08T13:00:00+00:00,14036.96
2026-04-08T13:15:00+00:00,14036.96
2026-04-08T13:15:00+00:00,14036.96
2026-04-08T13:15:00+00:00,14036.96
2026-04-08T13:30:00+00:00,14036.96
2026-04-08T13:30:00+00:00,14036.96
2026-04-08T13:30:00+00:00,14036.96
2026-04-08T13:45:00+00:00,14036.96
2026-04-08T13:45:00+00:00,14036.96
2026-04-08T13:45:00+00:00,14036.96
2026-04-08T14:00:00+00:00,14036.96
2026-04-08T14:00:00+00:00,14036.96
2026-04-08T14:00:00+00:00,14036.96
2026-04-08T14:15:00+00:00,14036.96
2026-04-08T14:15:00+00:00,14036.96
2026-04-08T14:15:00+00:00,14036.96
2026-04-08T14:30:00+00:00,14036.96
2026-04-08T14:30:00+00:00,14036.96
2026-04-08T14:30:00+00:00,14036.96
2026-04-08T14:45:00+00:00,14036.96
2026-04-08T14:45:00+00:00,14036.96
2026-04-08T14:45:00+00:00,14036.96
2026-04-08T15:00:00+00:00,14036.96
2026-04-08T15:00:00+00:00,14036.96
2026-04-08T15:00:00+00:00,14036.96
2026-04-08T15:15:00+00:00,14036.96
2026-04-08T15:15:00+00:00,14036.96
2026-04-08T15:15:00+00:00,14036.96
2026-04-08T15:30:00+00:00,14036.96
2026-04-08T15:30:00+00:00,14036.96
2026-04-08T15:30:00+00:00,14036.96
2026-04-08T15:45:00+00:00,14036.96
2026-04-08T15:45:00+00:00,14036.96
2026-04-08T15:45:00+00:00,14036.96
2026-04-08T16:00:00+00:00,14036.96
2026-04-08T16:00:00+00:00,14036.96
2026-04-08T16:00:00+00:00,14036.96
2026-04-08T16:15:00+00:00,14036.96
2026-04-08T16:15:00+00:00,14036.96
2026-04-08T16:15:00+00:00,14036.96
2026-04-08T16:30:00+00:00,14036.96
2026-04-08T16:30:00+00:00,14036.96
2026-04-08T16:30:00+00:00,14036.96
2026-04-08T16:45:00+00:00,14036.96
2026-04-08T16:45:00+00:00,14036.96
2026-04-08T16:45:00+00:00,14036.96
2026-04-08T17:00:00+00:00,14036.96
2026-04-08T17:00:00+00:00,14036.96
2026-04-08T17:00:00+00:00,14036.96
2026-04-08T17:15:00+00:00,14036.96
2026-04-08T17:15:00+00:00,14036.96
2026-04-08T17:15:00+00:00,14036.96
2026-04-08T17:30:00+00:00,14036.96
2026-04-08T17:30:00+00:00,14036.96
2026-04-08T17:30:00+00:00,14036.96
2026-04-08T17:45:00+00:00,14036.96
2026-04-08T17:45:00+00:00,14036.96
2026-04-08T17:45:00+00:00,14036.96
2026-04-08T18:00:00+00:00,14036.96
2026-04-08T18:00:00+00:00,14036.96
2026-04-08T18:00:00+00:00,14036.96
2026-04-08T18:15:00+00:00,14036.96
2026-04-08T18:15:00+00:00,14036.96
2026-04-08T18:15:00+00:00,14036.96
2026-04-08T18:30:00+00:00,14036.96
2026-04-08T18:30:00+00:00,14036.96
2026-04-08T18:30:00+00:00,14036.96
2026-04-08T18:45:00+00:00,14036.96
2026-04-08T18:45:00+00:00,14036.96
2026-04-08T18:45:00+00:00,14036.96
2026-04-08T19:00:00+00:00,14036.96
2026-04-08T19:00:00+00:00,14036.96
2026-04-08T19:00:00+00:00,14036.96
2026-04-08T19:15:00+00:00,14036.96
2026-04-08T19:15:00+00:00,14036.96
2026-04-08T19:15:00+00:00,14036.96
2026-04-08T19:30:00+00:00,14036.96
2026-04-08T19:30:00+00:00,14036.96
2026-04-08T19:30:00+00:00,14036.96
2026-04-08T19:45:00+00:00,14036.96
2026-04-08T19:45:00+00:00,14036.96
2026-04-08T19:45:00+00:00,14036.96
2026-04-08T20:00:00+00:00,14036.96
2026-04-08T20:00:00+00:00,14036.96
2026-04-08T20:00:00+00:00,14036.96
2026-04-08T20:15:00+00:00,14036.96
2026-04-08T20:15:00+00:00,14036.96
2026-04-08T20:15:00+00:00,14036.96
2026-04-08T20:30:00+00:00,14036.96
2026-04-08T20:30:00+00:00,14036.96
2026-04-08T20:30:00+00:00,14036.96
2026-04-08T20:45:00+00:00,14036.96
2026-04-08T20:45:00+00:00,14036.96
2026-04-08T20:45:00+00:00,14036.96
2026-04-08T21:00:00+00:00,14036.96
2026-04-08T21:00:00+00:00,14036.96
2026-04-08T21:00:00+00:00,14036.96
2026-04-08T21:15:00+00:00,14036.96
2026-04-08T21:15:00+00:00,14036.96
2026-04-08T21:15:00+00:00,14036.96
2026-04-08T21:30:00+00:00,14036.96
2026-04-08T21:30:00+00:00,14036.96
2026-04-08T21:30:00+00:00,14036.96
2026-04-08T21:45:00+00:00,14036.96
2026-04-08T21:45:00+00:00,14036.96
2026-04-08T21:45:00+00:00,14036.96
2026-04-08T22:00:00+00:00,14036.96
2026-04-08T22:00:00+00:00,14036.96
2026-04-08T22:00:00+00:00,14036.96
2026-04-08T22:15:00+00:00,14036.96
2026-04-08T22:15:00+00:00,14036.96
2026-04-08T22:15:00+00:00,14036.96
2026-04-08T22:30:00+00:00,14036.96
2026-04-08T22:30:00+00:00,14036.96
2026-04-08T22:30:00+00:00,14036.96
2026-04-08T22:45:00+00:00,14036.96
2026-04-08T22:45:00+00:00,14036.96
2026-04-08T22:45:00+00:00,14036.96
2026-04-08T23:00:00+00:00,14036.96
2026-04-08T23:00:00+00:00,14036.96
2026-04-08T23:00:00+00:00,14036.77
2026-04-08T23:15:00+00:00,14036.77
2026-04-08T23:15:00+00:00,14036.77
2026-04-08T23:15:00+00:00,13991.53
2026-04-08T23:30:00+00:00,13991.53
2026-04-08T23:30:00+00:00,13991.53
2026-04-08T23:30:00+00:00,14007.74
2026-04-08T23:45:00+00:00,14007.74
2026-04-08T23:45:00+00:00,14007.74
2026-04-08T23:45:00+00:00,14005.10
2026-04-09T00:00:00+00:00,14005.10
2026-04-09T00:00:00+00:00,14005.10
2026-04-09T00:00:00+00:00,13976.45
2026-04-09T00:15:00+00:00,13976.45
2026-04-09T00:15:00+00:00,13976.45
2026-04-09T00:15:00+00:00,13952.70
2026-04-09T00:30:00+00:00,13952.70
2026-04-09T00:30:00+00:00,13952.70
2026-04-09T00:30:00+00:00,13904.44
2026-04-09T00:45:00+00:00,13904.44
2026-04-09T00:45:00+00:00,13904.44
2026-04-09T00:45:00+00:00,13905.95
2026-04-09T01:00:00+00:00,13905.93
2026-04-09T01:00:00+00:00,13905.93
2026-04-09T01:00:00+00:00,13852.39
2026-04-09T01:15:00+00:00,13852.39
2026-04-09T01:15:00+00:00,13852.39
2026-04-09T01:15:00+00:00,13833.92
2026-04-09T01:30:00+00:00,13833.92
2026-04-09T01:30:00+00:00,13833.92
2026-04-09T01:30:00+00:00,13888.96
2026-04-09T01:45:00+00:00,13888.96
2026-04-09T01:45:00+00:00,13888.96
2026-04-09T01:45:00+00:00,13951.92
2026-04-09T02:00:00+00:00,13952.00
2026-04-09T02:00:00+00:00,13952.00
2026-04-09T02:00:00+00:00,13933.15
2026-04-09T02:15:00+00:00,13933.15
2026-04-09T02:15:00+00:00,13933.15
2026-04-09T02:15:00+00:00,13951.34
2026-04-09T02:30:00+00:00,13951.34
2026-04-09T02:30:00+00:00,13951.34
2026-04-09T02:30:00+00:00,13952.38
2026-04-09T02:45:00+00:00,13952.38
2026-04-09T02:45:00+00:00,13952.38
2026-04-09T02:45:00+00:00,13952.66
2026-04-09T03:00:00+00:00,13952.65
2026-04-09T03:00:00+00:00,13952.65
2026-04-09T03:00:00+00:00,13951.86
2026-04-09T03:15:00+00:00,13951.86
2026-04-09T03:15:00+00:00,13951.86
2026-04-09T03:15:00+00:00,13951.35
2026-04-09T03:30:00+00:00,13951.35
2026-04-09T03:30:00+00:00,13951.35
2026-04-09T03:30:00+00:00,13951.34
2026-04-09T03:45:00+00:00,13951.34
2026-04-09T03:45:00+00:00,13951.34
2026-04-09T03:45:00+00:00,13951.48
2026-04-09T04:00:00+00:00,13951.48
2026-04-09T04:00:00+00:00,13951.48
2026-04-09T04:00:00+00:00,13951.41
2026-04-09T04:15:00+00:00,13951.41
2026-04-09T04:15:00+00:00,13951.41
2026-04-09T04:15:00+00:00,13951.39
2026-04-09T04:30:00+00:00,13951.39
2026-04-09T04:30:00+00:00,13951.39
2026-04-09T04:30:00+00:00,13951.39
2026-04-09T04:45:00+00:00,13951.39
2026-04-09T04:45:00+00:00,13951.39
2026-04-09T04:45:00+00:00,13951.39
2026-04-09T05:00:00+00:00,13951.39
2026-04-09T05:00:00+00:00,13951.39
2026-04-09T05:00:00+00:00,13951.39
2026-04-09T05:15:00+00:00,13951.39
2026-04-09T05:15:00+00:00,13951.39
2026-04-09T05:15:00+00:00,13951.39
2026-04-09T05:30:00+00:00,13951.39
2026-04-09T05:30:00+00:00,13951.39
2026-04-09T05:30:00+00:00,13951.39
2026-04-09T05:45:00+00:00,13951.39
2026-04-09T05:45:00+00:00,13951.39
2026-04-09T05:45:00+00:00,13951.39
2026-04-09T06:00:00+00:00,13951.39
2026-04-09T06:00:00+00:00,13951.39
2026-04-09T06:00:00+00:00,13951.39
2026-04-09T06:15:00+00:00,13951.39
2026-04-09T06:15:00+00:00,13951.39
2026-04-09T06:15:00+00:00,13951.39
2026-04-09T06:30:00+00:00,13951.39
2026-04-09T06:30:00+00:00,13951.39
2026-04-09T06:30:00+00:00,13951.39
2026-04-09T06:45:00+00:00,13951.39
2026-04-09T06:45:00+00:00,13951.39
2026-04-09T06:45:00+00:00,13951.39
2026-04-09T07:00:00+00:00,13951.39
2026-04-09T07:00:00+00:00,13951.39
2026-04-09T07:00:00+00:00,13951.39
2026-04-09T07:15:00+00:00,13951.39
2026-04-09T07:15:00+00:00,13951.39
2026-04-09T07:15:00+00:00,13951.39
2026-04-09T07:30:00+00:00,13951.39
2026-04-09T07:30:00+00:00,13951.39
2026-04-09T07:30:00+00:00,13951.39
2026-04-09T07:45:00+00:00,13951.39
2026-04-09T07:45:00+00:00,13951.39
2026-04-09T07:45:00+00:00,13951.39
2026-04-09T08:00:00+00:00,13951.39
2026-04-09T08:00:00+00:00,13951.39
2026-04-09T08:00:00+00:00,13951.39
2026-04-09T08:15:00+00:00,13951.39
2026-04-09T08:15:00+00:00,13951.39
2026-04-09T08:15:00+00:00,13951.39
2026-04-09T08:30:00+00:00,13951.39
2026-04-09T08:30:00+00:00,13951.39
2026-04-09T08:30:00+00:00,13951.39
2026-04-09T08:45:00+00:00,13951.39
2026-04-09T08:45:00+00:00,13951.39
2026-04-09T08:45:00+00:00,13951.39
2026-04-09T09:00:00+00:00,13951.39
2026-04-09T09:00:00+00:00,13951.39
2026-04-09T09:00:00+00:00,13951.39
2026-04-09T09:15:00+00:00,13951.39
2026-04-09T09:15:00+00:00,13951.39
2026-04-09T09:15:00+00:00,13951.39
2026-04-09T09:30:00+00:00,13951.39
2026-04-09T09:30:00+00:00,13951.39
2026-04-09T09:30:00+00:00,13951.39
2026-04-09T09:45:00+00:00,13951.39
2026-04-09T09:45:00+00:00,13951.39
2026-04-09T09:45:00+00:00,13951.39
2026-04-09T10:00:00+00:00,13951.39
2026-04-09T10:00:00+00:00,13951.39
2026-04-09T10:00:00+00:00,13951.39
2026-04-09T10:15:00+00:00,13951.39
2026-04-09T10:15:00+00:00,13951.39
2026-04-09T10:15:00+00:00,13951.39
2026-04-09T10:30:00+00:00,13951.39
2026-04-09T10:30:00+00:00,13951.39
2026-04-09T10:30:00+00:00,13951.39
2026-04-09T10:45:00+00:00,13951.39
2026-04-09T10:45:00+00:00,13951.39
2026-04-09T10:45:00+00:00,13951.39
2026-04-09T11:00:00+00:00,13951.39
2026-04-09T11:00:00+00:00,13951.39
2026-04-09T11:00:00+00:00,13951.39
2026-04-09T11:15:00+00:00,13951.39
2026-04-09T11:15:00+00:00,13951.39
2026-04-09T11:15:00+00:00,13951.39
2026-04-09T11:30:00+00:00,13951.39
2026-04-09T11:30:00+00:00,13951.39
2026-04-09T11:30:00+00:00,13951.39
2026-04-09T11:45:00+00:00,13951.39
2026-04-09T11:45:00+00:00,13951.39
2026-04-09T11:45:00+00:00,13951.39
2026-04-09T12:00:00+00:00,13951.39
2026-04-09T12:00:00+00:00,13951.39
2026-04-09T12:00:00+00:00,13951.39
2026-04-09T12:15:00+00:00,13951.39
2026-04-09T12:15:00+00:00,13951.39
2026-04-09T12:15:00+00:00,13951.39
2026-04-09T12:30:00+00:00,13951.39
2026-04-09T12:30:00+00:00,13951.39
2026-04-09T12:30:00+00:00,13951.39
2026-04-09T12:45:00+00:00,13951.39
2026-04-09T12:45:00+00:00,13951.39
2026-04-09T12:45:00+00:00,13951.39
2026-04-09T13:00:00+00:00,13951.39
2026-04-09T13:00:00+00:00,13951.39
2026-04-09T13:00:00+00:00,13951.39
2026-04-09T13:15:00+00:00,13951.39
2026-04-09T13:15:00+00:00,13951.39
2026-04-09T13:15:00+00:00,13951.39
2026-04-09T13:30:00+00:00,13951.39
2026-04-09T13:30:00+00:00,13951.39
2026-04-09T13:30:00+00:00,13951.39
2026-04-09T13:45:00+00:00,13951.39
2026-04-09T13:45:00+00:00,13951.39
2026-04-09T13:45:00+00:00,13951.39
2026-04-09T14:00:00+00:00,13951.39
2026-04-09T14:00:00+00:00,13951.39
2026-04-09T14:00:00+00:00,13951.39
2026-04-09T14:15:00+00:00,13951.39
2026-04-09T14:15:00+00:00,13951.39
2026-04-09T14:15:00+00:00,13951.39
2026-04-09T14:30:00+00:00,13951.39
2026-04-09T14:30:00+00:00,13951.39
2026-04-09T14:30:00+00:00,13951.39
2026-04-09T14:45:00+00:00,13951.39
2026-04-09T14:45:00+00:00,13951.39
2026-04-09T14:45:00+00:00,13951.39
2026-04-09T15:00:00+00:00,13951.39
2026-04-09T15:00:00+00:00,13951.39
2026-04-09T15:00:00+00:00,13951.39
2026-04-09T15:15:00+00:00,13951.39
2026-04-09T15:15:00+00:00,13951.39
2026-04-09T15:15:00+00:00,13951.39
2026-04-09T15:30:00+00:00,13951.39
2026-04-09T15:30:00+00:00,13951.39
2026-04-09T15:30:00+00:00,13951.39
2026-04-09T15:45:00+00:00,13951.39
2026-04-09T15:45:00+00:00,13951.39
2026-04-09T15:45:00+00:00,13951.39
2026-04-09T16:00:00+00:00,13951.39
2026-04-09T16:00:00+00:00,13951.39
2026-04-09T16:00:00+00:00,13951.39
2026-04-09T16:15:00+00:00,13951.39
2026-04-09T16:15:00+00:00,13951.39
2026-04-09T16:15:00+00:00,13951.39
2026-04-09T16:30:00+00:00,13951.39
2026-04-09T16:30:00+00:00,13951.39
2026-04-09T16:30:00+00:00,13951.39
2026-04-09T16:45:00+00:00,13951.39
2026-04-09T16:45:00+00:00,13951.39
2026-04-09T16:45:00+00:00,13951.39
2026-04-09T17:00:00+00:00,13951.39
2026-04-09T17:00:00+00:00,13951.39
2026-04-09T17:00:00+00:00,13951.39
2026-04-09T17:15:00+00:00,13951.39
2026-04-09T17:15:00+00:00,13951.39
2026-04-09T17:15:00+00:00,13951.39
2026-04-09T17:30:00+00:00,13951.39
2026-04-09T17:30:00+00:00,13951.39
2026-04-09T17:30:00+00:00,13951.39
2026-04-09T17:45:00+00:00,13951.39
2026-04-09T17:45:00+00:00,13951.39
2026-04-09T17:45:00+00:00,13951.39
2026-04-09T18:00:00+00:00,13951.39
2026-04-09T18:00:00+00:00,13951.39
2026-04-09T18:00:00+00:00,13951.39
2026-04-09T18:15:00+00:00,13951.39
2026-04-09T18:15:00+00:00,13951.39
2026-04-09T18:15:00+00:00,13951.39
2026-04-09T18:30:00+00:00,13951.39
2026-04-09T18:30:00+00:00,13951.39
2026-04-09T18:30:00+00:00,13951.39
2026-04-09T18:45:00+00:00,13951.39
2026-04-09T18:45:00+00:00,13951.39
2026-04-09T18:45:00+00:00,13951.39
2026-04-09T19:00:00+00:00,13951.39
2026-04-09T19:00:00+00:00,13951.39
2026-04-09T19:00:00+00:00,13951.39
2026-04-09T19:15:00+00:00,13951.39
2026-04-09T19:15:00+00:00,13951.39
2026-04-09T19:15:00+00:00,13951.39
2026-04-09T19:30:00+00:00,13951.39
2026-04-09T19:30:00+00:00,13951.39
2026-04-09T19:30:00+00:00,13951.39
2026-04-09T19:45:00+00:00,13951.39
2026-04-09T19:45:00+00:00,13951.39
2026-04-09T19:45:00+00:00,13951.39
2026-04-09T20:00:00+00:00,13951.39
2026-04-09T20:00:00+00:00,13951.39
2026-04-09T20:00:00+00:00,13951.39
2026-04-09T20:15:00+00:00,13951.39
2026-04-09T20:15:00+00:00,13951.39
2026-04-09T20:15:00+00:00,13951.39
2026-04-09T20:30:00+00:00,13951.39
2026-04-09T20:30:00+00:00,13951.39
2026-04-09T20:30:00+00:00,13951.39
2026-04-09T20:45:00+00:00,13951.39
2026-04-09T20:45:00+00:00,13951.39
2026-04-09T20:45:00+00:00,13951.39
2026-04-09T21:00:00+00:00,13951.39
2026-04-09T21:00:00+00:00,13951.39
2026-04-09T21:00:00+00:00,13951.39
2026-04-09T21:15:00+00:00,13951.39
2026-04-09T21:15:00+00:00,13951.39
2026-04-09T21:15:00+00:00,13951.39
2026-04-09T21:30:00+00:00,13951.39
2026-04-09T21:30:00+00:00,13951.39
2026-04-09T21:30:00+00:00,13951.39
2026-04-09T21:45:00+00:00,13951.39
2026-04-09T21:45:00+00:00,13951.39
2026-04-09T21:45:00+00:00,13951.39
2026-04-09T22:00:00+00:00,13951.39
2026-04-09T22:00:00+00:00,13951.39
2026-04-09T22:00:00+00:00,13951.39
2026-04-09T22:15:00+00:00,13951.39
2026-04-09T22:15:00+00:00,13951.39
2026-04-09T22:15:00+00:00,13951.39
2026-04-09T22:30:00+00:00,13951.39
2026-04-09T22:30:00+00:00,13951.39
2026-04-09T22:30:00+00:00,13951.39
2026-04-09T22:45:00+00:00,13951.39
2026-04-09T22:45:00+00:00,13951.39
2026-04-09T22:45:00+00:00,13951.39
2026-04-09T23:00:00+00:00,13951.39
2026-04-09T23:00:00+00:00,13951.39
2026-04-09T23:00:00+00:00,13951.39
2026-04-09T23:15:00+00:00,13951.39
2026-04-09T23:15:00+00:00,13951.39
2026-04-09T23:15:00+00:00,13951.39
2026-04-09T23:30:00+00:00,13951.39
2026-04-09T23:30:00+00:00,13951.39
2026-04-09T23:30:00+00:00,13951.39
2026-04-09T23:45:00+00:00,13951.39
2026-04-09T23:45:00+00:00,13951.39
2026-04-09T23:45:00+00:00,13951.39
2026-04-10T00:00:00+00:00,13951.39
2026-04-10T00:00:00+00:00,13951.39
2026-04-10T00:00:00+00:00,13951.39
2026-04-10T00:15:00+00:00,13951.39
2026-04-10T00:15:00+00:00,13951.39
2026-04-10T00:15:00+00:00,13951.39
2026-04-10T00:30:00+00:00,13951.39
2026-04-10T00:30:00+00:00,13951.39
2026-04-10T00:30:00+00:00,13951.39
2026-04-10T00:45:00+00:00,13951.39
2026-04-10T00:45:00+00:00,13951.39
2026-04-10T00:45:00+00:00,13951.39
2026-04-10T01:00:00+00:00,13951.39
2026-04-10T01:00:00+00:00,13951.39
2026-04-10T01:00:00+00:00,13951.39
2026-04-10T01:15:00+00:00,13951.39
2026-04-10T01:15:00+00:00,13951.39
2026-04-10T01:15:00+00:00,13951.39
2026-04-10T01:30:00+00:00,13951.39
2026-04-10T01:30:00+00:00,13951.39
2026-04-10T01:30:00+00:00,13951.39
2026-04-10T01:45:00+00:00,13951.39
2026-04-10T01:45:00+00:00,13951.39
2026-04-10T01:45:00+00:00,13951.39
2026-04-10T02:00:00+00:00,13951.39
2026-04-10T02:00:00+00:00,13951.39
2026-04-10T02:00:00+00:00,13951.39
2026-04-10T02:15:00+00:00,13951.39
2026-04-10T02:15:00+00:00,13951.39
2026-04-10T02:15:00+00:00,13951.39
2026-04-10T02:30:00+00:00,13951.39
2026-04-10T02:30:00+00:00,13951.39
2026-04-10T02:30:00+00:00,13951.39
2026-04-10T02:45:00+00:00,13951.39
2026-04-10T02:45:00+00:00,13951.39
2026-04-10T02:45:00+00:00,13951.39
2026-04-10T03:00:00+00:00,13951.39
2026-04-10T03:00:00+00:00,13951.39
2026-04-10T03:00:00+00:00,13887.19
2026-04-10T03:15:00+00:00,13887.19
2026-04-10T03:15:00+00:00,13887.19
2026-04-10T03:15:00+00:00,13870.30
2026-04-10T03:30:00+00:00,13870.30
2026-04-10T03:30:00+00:00,13870.30
2026-04-10T03:30:00+00:00,13908.65
2026-04-10T03:45:00+00:00,13908.65
2026-04-10T03:45:00+00:00,13908.65
2026-04-10T03:45:00+00:00,13891.76
2026-04-10T04:00:00+00:00,13891.45
2026-04-10T04:00:00+00:00,13891.45
2026-04-10T04:00:00+00:00,13892.50
2026-04-10T04:15:00+00:00,13892.50
2026-04-10T04:15:00+00:00,13892.50
2026-04-10T04:15:00+00:00,13890.04
2026-04-10T04:30:00+00:00,13890.04
2026-04-10T04:30:00+00:00,13890.04
2026-04-10T04:30:00+00:00,13900.60
2026-04-10T04:45:00+00:00,13900.60
2026-04-10T04:45:00+00:00,13900.60
2026-04-10T04:45:00+00:00,13980.12
2026-04-10T05:00:00+00:00,13979.80
2026-04-10T05:00:00+00:00,13979.80
2026-04-10T05:00:00+00:00,13952.01
2026-04-10T05:15:00+00:00,13952.01
2026-04-10T05:15:00+00:00,13952.01
2026-04-10T05:15:00+00:00,14015.70
2026-04-10T05:30:00+00:00,14015.70
2026-04-10T05:30:00+00:00,14015.70
2026-04-10T05:30:00+00:00,13990.71
2026-04-10T05:45:00+00:00,13990.71
2026-04-10T05:45:00+00:00,13990.71
2026-04-10T05:45:00+00:00,13979.45
2026-04-10T06:00:00+00:00,13979.14
2026-04-10T06:00:00+00:00,13979.14
2026-04-10T06:00:00+00:00,13981.25
2026-04-10T06:15:00+00:00,13981.25
2026-04-10T06:15:00+00:00,13981.25
2026-04-10T06:15:00+00:00,13966.29
2026-04-10T06:30:00+00:00,13966.29
2026-04-10T06:30:00+00:00,13966.29
2026-04-10T06:30:00+00:00,13966.29
2026-04-10T06:45:00+00:00,13966.29
2026-04-10T06:45:00+00:00,13966.29
2026-04-10T06:45:00+00:00,13966.29
2026-04-10T07:00:00+00:00,13966.29
2026-04-10T07:00:00+00:00,13966.29
2026-04-10T07:00:00+00:00,13891.43
2026-04-10T07:15:00+00:00,13891.43
2026-04-10T07:15:00+00:00,13891.43
2026-04-10T07:15:00+00:00,13889.84
2026-04-10T07:30:00+00:00,13889.84
2026-04-10T07:30:00+00:00,13889.84
2026-04-10T07:30:00+00:00,13867.97
2026-04-10T07:45:00+00:00,13867.97
2026-04-10T07:45:00+00:00,13867.97
2026-04-10T07:45:00+00:00,13798.38
2026-04-10T08:00:00+00:00,13798.02
2026-04-10T08:00:00+00:00,13798.02
2026-04-10T08:00:00+00:00,13845.74
2026-04-10T08:15:00+00:00,13845.74
2026-04-10T08:15:00+00:00,13845.74
2026-04-10T08:15:00+00:00,13861.25
2026-04-10T08:30:00+00:00,13861.25
2026-04-10T08:30:00+00:00,13861.25
2026-04-10T08:30:00+00:00,13890.67
2026-04-10T08:45:00+00:00,13890.67
2026-04-10T08:45:00+00:00,13890.67
2026-04-10T08:45:00+00:00,13845.74
2026-04-10T09:00:00+00:00,13845.38
2026-04-10T09:00:00+00:00,13845.38
2026-04-10T09:00:00+00:00,13887.13
2026-04-10T09:15:00+00:00,13887.13
2026-04-10T09:15:00+00:00,13887.13
2026-04-10T09:15:00+00:00,13905.82
2026-04-10T09:30:00+00:00,13905.82
2026-04-10T09:30:00+00:00,13905.82
2026-04-10T09:30:00+00:00,13929.28
2026-04-10T09:45:00+00:00,13929.28
2026-04-10T09:45:00+00:00,13929.28
2026-04-10T09:45:00+00:00,13919.34
2026-04-10T10:00:00+00:00,13918.98
2026-04-10T10:00:00+00:00,13918.98
2026-04-10T10:00:00+00:00,13920.77
2026-04-10T10:15:00+00:00,13920.77
2026-04-10T10:15:00+00:00,13920.77
2026-04-10T10:15:00+00:00,13913.52
2026-04-10T10:30:00+00:00,13913.52
2026-04-10T10:30:00+00:00,13913.52
2026-04-10T10:30:00+00:00,13917.99
2026-04-10T10:45:00+00:00,13917.99
2026-04-10T10:45:00+00:00,13917.99
2026-04-10T10:45:00+00:00,13920.28
2026-04-10T11:00:00+00:00,13920.25
2026-04-10T11:00:00+00:00,13920.25
2026-04-10T11:00:00+00:00,13922.78
2026-04-10T11:15:00+00:00,13922.78
2026-04-10T11:15:00+00:00,13922.78
2026-04-10T11:15:00+00:00,13923.96
2026-04-10T11:30:00+00:00,13923.96
2026-04-10T11:30:00+00:00,13923.96
2026-04-10T11:30:00+00:00,13923.68
2026-04-10T11:45:00+00:00,13923.68
2026-04-10T11:45:00+00:00,13923.68
2026-04-10T11:45:00+00:00,13922.89
2026-04-10T12:00:00+00:00,13922.88
2026-04-10T12:00:00+00:00,13922.88
2026-04-10T12:00:00+00:00,13922.55
2026-04-10T12:15:00+00:00,13922.55
2026-04-10T12:15:00+00:00,13922.55
2026-04-10T12:15:00+00:00,13923.93
2026-04-10T12:30:00+00:00,13923.93
2026-04-10T12:30:00+00:00,13923.93
2026-04-10T12:30:00+00:00,13925.24
2026-04-10T12:45:00+00:00,13925.24
2026-04-10T12:45:00+00:00,13925.24
2026-04-10T12:45:00+00:00,13924.51
2026-04-10T13:00:00+00:00,13924.49
2026-04-10T13:00:00+00:00,13924.49
2026-04-10T13:00:00+00:00,13924.01
2026-04-10T13:15:00+00:00,13924.01
2026-04-10T13:15:00+00:00,13924.01
2026-04-10T13:15:00+00:00,13924.88
2026-04-10T13:30:00+00:00,13924.88
2026-04-10T13:30:00+00:00,13924.88
2026-04-10T13:30:00+00:00,13922.12
2026-04-10T13:45:00+00:00,13922.12
2026-04-10T13:45:00+00:00,13922.12
2026-04-10T13:45:00+00:00,13925.10
2026-04-10T14:00:00+00:00,13925.09
2026-04-10T14:00:00+00:00,13925.09
2026-04-10T14:00:00+00:00,13930.12
2026-04-10T14:15:00+00:00,13930.12
2026-04-10T14:15:00+00:00,13930.12
2026-04-10T14:15:00+00:00,13933.41
2026-04-10T14:30:00+00:00,13933.41
2026-04-10T14:30:00+00:00,13933.41
2026-04-10T14:30:00+00:00,13931.98
2026-04-10T14:45:00+00:00,13931.98
2026-04-10T14:45:00+00:00,13931.98
2026-04-10T14:45:00+00:00,13932.60
2026-04-10T15:00:00+00:00,13932.59
2026-04-10T15:00:00+00:00,13932.59
2026-04-10T15:00:00+00:00,13933.89
2026-04-10T15:15:00+00:00,13933.89
2026-04-10T15:15:00+00:00,13933.89
2026-04-10T15:15:00+00:00,13931.47
2026-04-10T15:30:00+00:00,13931.47
2026-04-10T15:30:00+00:00,13931.47
2026-04-10T15:30:00+00:00,13931.47
2026-04-10T15:45:00+00:00,13931.47
2026-04-10T15:45:00+00:00,13931.47
2026-04-10T15:45:00+00:00,13931.47
2026-04-10T16:00:00+00:00,13931.47
2026-04-10T16:00:00+00:00,13931.47
2026-04-10T16:00:00+00:00,13931.47
2026-04-10T16:15:00+00:00,13931.47
2026-04-10T16:15:00+00:00,13931.47
2026-04-10T16:15:00+00:00,13931.47
2026-04-10T16:30:00+00:00,13931.47
2026-04-10T16:30:00+00:00,13931.47
2026-04-10T16:30:00+00:00,13931.47
2026-04-10T16:45:00+00:00,13931.47
2026-04-10T16:45:00+00:00,13931.47
2026-04-10T16:45:00+00:00,13931.47
2026-04-10T17:00:00+00:00,13931.47
2026-04-10T17:00:00+00:00,13931.47
2026-04-10T17:00:00+00:00,13931.47
2026-04-10T17:15:00+00:00,13931.47
2026-04-10T17:15:00+00:00,13931.47
2026-04-10T17:15:00+00:00,13931.47
2026-04-10T17:30:00+00:00,13931.47
2026-04-10T17:30:00+00:00,13931.47
2026-04-10T17:30:00+00:00,13931.47
2026-04-10T17:45:00+00:00,13931.47
2026-04-10T17:45:00+00:00,13931.47
2026-04-10T17:45:00+00:00,13931.47
2026-04-10T18:00:00+00:00,13931.47
2026-04-10T18:00:00+00:00,13931.47
2026-04-10T18:00:00+00:00,13931.47
2026-04-10T18:15:00+00:00,13931.47
2026-04-10T18:15:00+00:00,13931.47
2026-04-10T18:15:00+00:00,13931.47
2026-04-10T18:30:00+00:00,13931.47
2026-04-10T18:30:00+00:00,13931.47
2026-04-10T18:30:00+00:00,13931.47
2026-04-10T18:45:00+00:00,13931.47
2026-04-10T18:45:00+00:00,13931.47
2026-04-10T18:45:00+00:00,13931.47
2026-04-10T19:00:00+00:00,13931.47
2026-04-10T19:00:00+00:00,13931.47
2026-04-10T19:00:00+00:00,13931.47
2026-04-10T19:15:00+00:00,13931.47
2026-04-10T19:15:00+00:00,13931.47
2026-04-10T19:15:00+00:00,13931.47
2026-04-10T19:30:00+00:00,13931.47
2026-04-10T19:30:00+00:00,13931.47
2026-04-10T19:30:00+00:00,13931.47
2026-04-10T19:45:00+00:00,13931.47
2026-04-10T19:45:00+00:00,13931.47
2026-04-10T19:45:00+00:00,13931.47
2026-04-10T20:00:00+00:00,13931.47
2026-04-10T20:00:00+00:00,13931.47
2026-04-10T20:00:00+00:00,13931.47
2026-04-10T20:15:00+00:00,13931.47
2026-04-10T20:15:00+00:00,13931.47
2026-04-10T20:15:00+00:00,13931.47
2026-04-10T20:30:00+00:00,13931.47
2026-04-10T20:30:00+00:00,13931.47
2026-04-10T20:30:00+00:00,13931.47
2026-04-10T20:45:00+00:00,13931.47
2026-04-10T20:45:00+00:00,13931.47
2026-04-10T20:45:00+00:00,13931.47
2026-04-10T21:00:00+00:00,13931.47
2026-04-10T21:00:00+00:00,13931.47
2026-04-10T21:00:00+00:00,13931.47
2026-04-10T21:15:00+00:00,13931.47
2026-04-10T21:15:00+00:00,13931.47
2026-04-10T21:15:00+00:00,13931.47
2026-04-10T21:30:00+00:00,13931.47
2026-04-10T21:30:00+00:00,13931.47
2026-04-10T21:30:00+00:00,13931.47
2026-04-10T21:45:00+00:00,13931.47
2026-04-10T21:45:00+00:00,13931.47
2026-04-10T21:45:00+00:00,13931.47
2026-04-10T22:00:00+00:00,13931.47
2026-04-10T22:00:00+00:00,13931.47
2026-04-10T22:00:00+00:00,13931.47
2026-04-10T22:15:00+00:00,13931.47
2026-04-10T22:15:00+00:00,13931.47
2026-04-10T22:15:00+00:00,13931.47
2026-04-10T22:30:00+00:00,13931.47
2026-04-10T22:30:00+00:00,13931.47
2026-04-10T22:30:00+00:00,13931.47
2026-04-10T22:45:00+00:00,13931.47
2026-04-10T22:45:00+00:00,13931.47
2026-04-10T22:45:00+00:00,13931.47
2026-04-10T23:00:00+00:00,13931.47
2026-04-10T23:00:00+00:00,13931.47
2026-04-10T23:00:00+00:00,13931.47
2026-04-10T23:15:00+00:00,13931.47
2026-04-10T23:15:00+00:00,13931.47
2026-04-10T23:15:00+00:00,13931.47
2026-04-10T23:30:00+00:00,13931.47
2026-04-10T23:30:00+00:00,13931.47
2026-04-10T23:30:00+00:00,13931.47
2026-04-10T23:45:00+00:00,13931.47
2026-04-10T23:45:00+00:00,13931.47
2026-04-10T23:45:00+00:00,13931.47
2026-04-11T00:00:00+00:00,13931.47
2026-04-11T00:00:00+00:00,13931.47
2026-04-11T00:00:00+00:00,13931.47
2026-04-11T00:15:00+00:00,13931.47
2026-04-11T00:15:00+00:00,13931.47
2026-04-11T00:15:00+00:00,13931.47
2026-04-11T00:30:00+00:00,13931.47
2026-04-11T00:30:00+00:00,13931.47
2026-04-11T00:30:00+00:00,13931.47
2026-04-11T00:45:00+00:00,13931.47
2026-04-11T00:45:00+00:00,13931.47
2026-04-11T00:45:00+00:00,13931.47
2026-04-11T01:00:00+00:00,13931.47
2026-04-11T01:00:00+00:00,13931.47
2026-04-11T01:00:00+00:00,13931.47
2026-04-11T01:15:00+00:00,13931.47
2026-04-11T01:15:00+00:00,13931.47
2026-04-11T01:15:00+00:00,13931.47
2026-04-11T01:30:00+00:00,13931.47
2026-04-11T01:30:00+00:00,13931.47
2026-04-11T01:30:00+00:00,13931.47
2026-04-11T01:45:00+00:00,13931.47
2026-04-11T01:45:00+00:00,13931.47
2026-04-11T01:45:00+00:00,13931.47
2026-04-11T02:00:00+00:00,13931.47
2026-04-11T02:00:00+00:00,13931.47
2026-04-11T02:00:00+00:00,13931.47
2026-04-11T02:15:00+00:00,13931.47
2026-04-11T02:15:00+00:00,13931.47
2026-04-11T02:15:00+00:00,13931.47
2026-04-11T02:30:00+00:00,13931.47
2026-04-11T02:30:00+00:00,13931.47
2026-04-11T02:30:00+00:00,13931.47
2026-04-11T02:45:00+00:00,13931.47
2026-04-11T02:45:00+00:00,13931.47
2026-04-11T02:45:00+00:00,13931.47
2026-04-11T03:00:00+00:00,13931.47
2026-04-11T03:00:00+00:00,13931.47
2026-04-11T03:00:00+00:00,13931.47
2026-04-11T03:15:00+00:00,13931.47
2026-04-11T03:15:00+00:00,13931.47
2026-04-11T03:15:00+00:00,13931.47
2026-04-11T03:30:00+00:00,13931.47
2026-04-11T03:30:00+00:00,13931.47
2026-04-11T03:30:00+00:00,13931.47
2026-04-11T03:45:00+00:00,13931.47
2026-04-11T03:45:00+00:00,13931.47
2026-04-11T03:45:00+00:00,13931.47
2026-04-11T04:00:00+00:00,13913.13
2026-04-11T04:00:00+00:00,13872.73
2026-04-11T04:00:00+00:00,13806.89
2026-04-11T04:15:00+00:00,13817.13
2026-04-11T04:15:00+00:00,13788.41
2026-04-11T04:15:00+00:00,13739.30
2026-04-11T04:30:00+00:00,13753.39
2026-04-11T04:30:00+00:00,13771.04
2026-04-11T04:30:00+00:00,13805.76
2026-04-11T04:45:00+00:00,13812.16
2026-04-11T04:45:00+00:00,13814.58
2026-04-11T04:45:00+00:00,13815.57
2026-04-11T05:00:00+00:00,13687.93
2026-04-11T05:00:00+00:00,13620.10
2026-04-11T05:00:00+00:00,13571.50
2026-04-11T05:15:00+00:00,13631.67
2026-04-11T05:15:00+00:00,13652.44
2026-04-11T05:15:00+00:00,13699.55
2026-04-11T05:30:00+00:00,13696.99
2026-04-11T05:30:00+00:00,13689.73
2026-04-11T05:30:00+00:00,13686.75
2026-04-11T05:45:00+00:00,13654.74
2026-04-11T05:45:00+00:00,13608.71
2026-04-11T05:45:00+00:00,13571.02
2026-04-11T06:00:00+00:00,13555.06
2026-04-11T06:00:00+00:00,13518.03
2026-04-11T06:00:00+00:00,13495.21
2026-04-11T06:15:00+00:00,13490.09
2026-04-11T06:15:00+00:00,13489.40
2026-04-11T06:15:00+00:00,13498.82
2026-04-11T06:30:00+00:00,13532.11
2026-04-11T06:30:00+00:00,13557.37
2026-04-11T06:30:00+00:00,13577.71
2026-04-11T06:45:00+00:00,13600.75
2026-04-11T06:45:00+00:00,13628.44
2026-04-11T06:45:00+00:00,13646.79
2026-04-11T07:00:00+00:00,13636.20
2026-04-11T07:00:00+00:00,13637.06
2026-04-11T07:00:00+00:00,13631.11
2026-04-11T07:15:00+00:00,13634.95
2026-04-11T07:15:00+00:00,13646.20
2026-04-11T07:15:00+00:00,13653.64
2026-04-11T07:30:00+00:00,13649.00
2026-04-11T07:30:00+00:00,13647.14
2026-04-11T07:30:00+00:00,13642.92
2026-04-11T07:45:00+00:00,13643.24
2026-04-11T07:45:00+00:00,13643.95
2026-04-11T07:45:00+00:00,13643.83
2026-04-11T08:00:00+00:00,13644.48
2026-04-11T08:00:00+00:00,13645.68
2026-04-11T08:00:00+00:00,13646.43
2026-04-11T08:15:00+00:00,13646.43
2026-04-11T08:15:00+00:00,13646.36
2026-04-11T08:15:00+00:00,13646.04
2026-04-11T08:30:00+00:00,13646.01
2026-04-11T08:30:00+00:00,13646.12
2026-04-11T08:30:00+00:00,13646.12
2026-04-11T08:45:00+00:00,13646.07
2026-04-11T08:45:00+00:00,13645.81
2026-04-11T08:45:00+00:00,13645.68
2026-04-11T09:00:00+00:00,13645.72
2026-04-11T09:00:00+00:00,13645.74
2026-04-11T09:00:00+00:00,13645.75
2026-04-11T09:15:00+00:00,13645.88
2026-04-11T09:15:00+00:00,13646.03
2026-04-11T09:15:00+00:00,13646.11
2026-04-11T09:30:00+00:00,13646.08
2026-04-11T09:30:00+00:00,13646.02
2026-04-11T09:30:00+00:00,13646.01
2026-04-11T09:45:00+00:00,13646.02
2026-04-11T09:45:00+00:00,13646.02
2026-04-11T09:45:00+00:00,13646.03
2026-04-11T10:00:00+00:00,13645.98
2026-04-11T10:00:00+00:00,13645.98
2026-04-11T10:00:00+00:00,13645.98
2026-04-11T10:15:00+00:00,13645.99
2026-04-11T10:15:00+00:00,13645.99
2026-04-11T10:15:00+00:00,13645.99
2026-04-11T10:30:00+00:00,13645.99
2026-04-11T10:30:00+00:00,13645.99
2026-04-11T10:30:00+00:00,13645.98
2026-04-11T10:45:00+00:00,13645.99
2026-04-11T10:45:00+00:00,13645.99
2026-04-11T10:45:00+00:00,13645.99
2026-04-11T11:00:00+00:00,13645.99
2026-04-11T11:00:00+00:00,13645.99
2026-04-11T11:00:00+00:00,13645.99
2026-04-11T11:15:00+00:00,13645.99
2026-04-11T11:15:00+00:00,13645.99
2026-04-11T11:15:00+00:00,13645.99
2026-04-11T11:30:00+00:00,13645.99
2026-04-11T11:30:00+00:00,13645.99
2026-04-11T11:30:00+00:00,13645.99
2026-04-11T11:45:00+00:00,13645.99
2026-04-11T11:45:00+00:00,13645.99
2026-04-11T11:45:00+00:00,13645.99
2026-04-11T12:00:00+00:00,13645.99
2026-04-11T12:00:00+00:00,13645.99
2026-04-11T12:00:00+00:00,13645.99
2026-04-11T12:15:00+00:00,13645.99
2026-04-11T12:15:00+00:00,13645.99
2026-04-11T12:15:00+00:00,13645.99
2026-04-11T12:30:00+00:00,13645.99
2026-04-11T12:30:00+00:00,13645.99
2026-04-11T12:30:00+00:00,13645.99
2026-04-11T12:45:00+00:00,13645.99
2026-04-11T12:45:00+00:00,13645.99
2026-04-11T12:45:00+00:00,13645.99
2026-04-11T13:00:00+00:00,13645.99
2026-04-11T13:00:00+00:00,13645.99
2026-04-11T13:00:00+00:00,13645.99
2026-04-11T13:15:00+00:00,13645.99
2026-04-11T13:15:00+00:00,13645.99
2026-04-11T13:15:00+00:00,13645.99
2026-04-11T13:30:00+00:00,13645.99
2026-04-11T13:30:00+00:00,13645.99
2026-04-11T13:30:00+00:00,13645.99
2026-04-11T13:45:00+00:00,13645.99
2026-04-11T13:45:00+00:00,13645.99
2026-04-11T13:45:00+00:00,13645.99
2026-04-11T14:00:00+00:00,13645.99
2026-04-11T14:00:00+00:00,13645.99
2026-04-11T14:00:00+00:00,13612.41
2026-04-11T14:15:00+00:00,13612.41
2026-04-11T14:15:00+00:00,13612.41
2026-04-11T14:15:00+00:00,13619.60
2026-04-11T14:30:00+00:00,13619.60
2026-04-11T14:30:00+00:00,13619.60
2026-04-11T14:30:00+00:00,13575.17
2026-04-11T14:45:00+00:00,13575.17
2026-04-11T14:45:00+00:00,13575.17
2026-04-11T14:45:00+00:00,13601.30
2026-04-11T15:00:00+00:00,13600.71
2026-04-11T15:00:00+00:00,13600.71
2026-04-11T15:00:00+00:00,13611.81
2026-04-11T15:15:00+00:00,13611.81
2026-04-11T15:15:00+00:00,13611.81
2026-04-11T15:15:00+00:00,13642.52
2026-04-11T15:30:00+00:00,13642.52
2026-04-11T15:30:00+00:00,13642.52
2026-04-11T15:30:00+00:00,13656.24
2026-04-11T15:45:00+00:00,13656.24
2026-04-11T15:45:00+00:00,13656.24
2026-04-11T15:45:00+00:00,13711.78
2026-04-11T16:00:00+00:00,13711.19
2026-04-11T16:00:00+00:00,13711.19
2026-04-11T16:00:00+00:00,13728.84
2026-04-11T16:15:00+00:00,13728.84
2026-04-11T16:15:00+00:00,13728.84
2026-04-11T16:15:00+00:00,13725.57
2026-04-11T16:30:00+00:00,13725.57
2026-04-11T16:30:00+00:00,13725.57
2026-04-11T16:30:00+00:00,13885.64
2026-04-11T16:45:00+00:00,13885.64
2026-04-11T16:45:00+00:00,13885.64
2026-04-11T16:45:00+00:00,13834.03
2026-04-11T17:00:00+00:00,13833.50
2026-04-11T17:00:00+00:00,13833.50
2026-04-11T17:00:00+00:00,13815.86
2026-04-11T17:15:00+00:00,13815.86
2026-04-11T17:15:00+00:00,13815.86
2026-04-11T17:15:00+00:00,13851.79
2026-04-11T17:30:00+00:00,13851.79
2026-04-11T17:30:00+00:00,13851.79
2026-04-11T17:30:00+00:00,13913.86
2026-04-11T17:45:00+00:00,13913.86
2026-04-11T17:45:00+00:00,13913.86
2026-04-11T17:45:00+00:00,13874.01
2026-04-11T18:00:00+00:00,13873.41
2026-04-11T18:00:00+00:00,13873.41
2026-04-11T18:00:00+00:00,13881.26
2026-04-11T18:15:00+00:00,13881.26
2026-04-11T18:15:00+00:00,13881.26
2026-04-11T18:15:00+00:00,13934.18
2026-04-11T18:30:00+00:00,13934.18
2026-04-11T18:30:00+00:00,13934.18
2026-04-11T18:30:00+00:00,14106.66
2026-04-11T18:45:00+00:00,14106.66
2026-04-11T18:45:00+00:00,14106.66
2026-04-11T18:45:00+00:00,14115.48
2026-04-11T19:00:00+00:00,14115.39
2026-04-11T19:00:00+00:00,14115.39
2026-04-11T19:00:00+00:00,14109.83
2026-04-11T19:15:00+00:00,14109.83
2026-04-11T19:15:00+00:00,14109.83
2026-04-11T19:15:00+00:00,14109.83
2026-04-11T19:30:00+00:00,14109.83
2026-04-11T19:30:00+00:00,14109.83
2026-04-11T19:30:00+00:00,14109.83
2026-04-11T19:45:00+00:00,14109.83
2026-04-11T19:45:00+00:00,14109.83
2026-04-11T19:45:00+00:00,14109.83
2026-04-11T20:00:00+00:00,14109.83
2026-04-11T20:00:00+00:00,14109.83
2026-04-11T20:00:00+00:00,14109.83
2026-04-11T20:15:00+00:00,14109.83
2026-04-11T20:15:00+00:00,14109.83
2026-04-11T20:15:00+00:00,14109.83
2026-04-11T20:30:00+00:00,14109.83
2026-04-11T20:30:00+00:00,14109.83
2026-04-11T20:30:00+00:00,14109.83
2026-04-11T20:45:00+00:00,14109.83
2026-04-11T20:45:00+00:00,14109.83
2026-04-11T20:45:00+00:00,14109.83
2026-04-11T21:00:00+00:00,14109.83
2026-04-11T21:00:00+00:00,14109.83
2026-04-11T21:00:00+00:00,14109.83
2026-04-11T21:15:00+00:00,14109.83
2026-04-11T21:15:00+00:00,14109.83
2026-04-11T21:15:00+00:00,14109.83
2026-04-11T21:30:00+00:00,14109.83
2026-04-11T21:30:00+00:00,14109.83
2026-04-11T21:30:00+00:00,14109.83
2026-04-11T21:45:00+00:00,14109.83
2026-04-11T21:45:00+00:00,14109.83
2026-04-11T21:45:00+00:00,14109.83
2026-04-11T22:00:00+00:00,14109.83
2026-04-11T22:00:00+00:00,14109.83
2026-04-11T22:00:00+00:00,14109.83
2026-04-11T22:15:00+00:00,14109.83
2026-04-11T22:15:00+00:00,14109.83
2026-04-11T22:15:00+00:00,14109.83
2026-04-11T22:30:00+00:00,14109.83
2026-04-11T22:30:00+00:00,14109.83
2026-04-11T22:30:00+00:00,14109.83
2026-04-11T22:45:00+00:00,14109.83
2026-04-11T22:45:00+00:00,14109.83
2026-04-11T22:45:00+00:00,14109.83
2026-04-11T23:00:00+00:00,14109.83
2026-04-11T23:00:00+00:00,14109.83
2026-04-11T23:00:00+00:00,14109.83
2026-04-11T23:15:00+00:00,14109.83
2026-04-11T23:15:00+00:00,14109.83
2026-04-11T23:15:00+00:00,14109.83
2026-04-11T23:30:00+00:00,14109.83
2026-04-11T23:30:00+00:00,14109.83
2026-04-11T23:30:00+00:00,14109.83
2026-04-11T23:45:00+00:00,14109.83
2026-04-11T23:45:00+00:00,14109.83
2026-04-11T23:45:00+00:00,14109.83
2026-04-12T00:00:00+00:00,14109.83
2026-04-12T00:00:00+00:00,14109.83
2026-04-12T00:00:00+00:00,14109.83
2026-04-12T00:15:00+00:00,14109.83
2026-04-12T00:15:00+00:00,14109.83
2026-04-12T00:15:00+00:00,14109.83
2026-04-12T00:30:00+00:00,14109.83
2026-04-12T00:30:00+00:00,14109.83
2026-04-12T00:30:00+00:00,14109.83
2026-04-12T00:45:00+00:00,14109.83
2026-04-12T00:45:00+00:00,14109.83
2026-04-12T00:45:00+00:00,14109.83
2026-04-12T01:00:00+00:00,14109.83
2026-04-12T01:00:00+00:00,14109.83
2026-04-12T01:00:00+00:00,14109.83
2026-04-12T01:15:00+00:00,14109.83
2026-04-12T01:15:00+00:00,14109.83
2026-04-12T01:15:00+00:00,14109.83
2026-04-12T01:30:00+00:00,14109.83
2026-04-12T01:30:00+00:00,14109.83
2026-04-12T01:30:00+00:00,14109.83
2026-04-12T01:45:00+00:00,14109.83
2026-04-12T01:45:00+00:00,14109.83
2026-04-12T01:45:00+00:00,14109.83
2026-04-12T02:00:00+00:00,14109.83
2026-04-12T02:00:00+00:00,14109.83
2026-04-12T02:00:00+00:00,14109.83
2026-04-12T02:15:00+00:00,14109.83
2026-04-12T02:15:00+00:00,14109.83
2026-04-12T02:15:00+00:00,14109.83
2026-04-12T02:30:00+00:00,14109.83
2026-04-12T02:30:00+00:00,14109.83
2026-04-12T02:30:00+00:00,14109.83
2026-04-12T02:45:00+00:00,14109.83
2026-04-12T02:45:00+00:00,14109.83
2026-04-12T02:45:00+00:00,14109.83
2026-04-12T03:00:00+00:00,14109.83
2026-04-12T03:00:00+00:00,14109.83
2026-04-12T03:00:00+00:00,14109.83
2026-04-12T03:15:00+00:00,14109.83
2026-04-12T03:15:00+00:00,14109.83
2026-04-12T03:15:00+00:00,14109.83
2026-04-12T03:30:00+00:00,14109.83
2026-04-12T03:30:00+00:00,14109.83
2026-04-12T03:30:00+00:00,14109.83
2026-04-12T03:45:00+00:00,14109.83
2026-04-12T03:45:00+00:00,14109.83
2026-04-12T03:45:00+00:00,14109.83
2026-04-12T04:00:00+00:00,14109.83
2026-04-12T04:00:00+00:00,14109.83
2026-04-12T04:00:00+00:00,14109.83
2026-04-12T04:15:00+00:00,14109.83
2026-04-12T04:15:00+00:00,14109.83
2026-04-12T04:15:00+00:00,14109.83
2026-04-12T04:30:00+00:00,14109.83
2026-04-12T04:30:00+00:00,14109.83
2026-04-12T04:30:00+00:00,14109.83
2026-04-12T04:45:00+00:00,14109.83
2026-04-12T04:45:00+00:00,14109.83
2026-04-12T04:45:00+00:00,14109.83
2026-04-12T05:00:00+00:00,14109.83
2026-04-12T05:00:00+00:00,14109.83
2026-04-12T05:00:00+00:00,14109.83
2026-04-12T05:15:00+00:00,14109.83
2026-04-12T05:15:00+00:00,14109.83
2026-04-12T05:15:00+00:00,14109.83
2026-04-12T05:30:00+00:00,14109.83
2026-04-12T05:30:00+00:00,14109.83
2026-04-12T05:30:00+00:00,14109.83
2026-04-12T05:45:00+00:00,14109.83
2026-04-12T05:45:00+00:00,14109.83
2026-04-12T05:45:00+00:00,14109.83
2026-04-12T06:00:00+00:00,14109.83
2026-04-12T06:00:00+00:00,14109.83
2026-04-12T06:00:00+00:00,14109.83
2026-04-12T06:15:00+00:00,14109.83
2026-04-12T06:15:00+00:00,14109.83
2026-04-12T06:15:00+00:00,14109.83
2026-04-12T06:30:00+00:00,14109.83
2026-04-12T06:30:00+00:00,14109.83
2026-04-12T06:30:00+00:00,14109.83
2026-04-12T06:45:00+00:00,14109.83
2026-04-12T06:45:00+00:00,14109.83
2026-04-12T06:45:00+00:00,14109.83
2026-04-12T07:00:00+00:00,14109.83
2026-04-12T07:00:00+00:00,14109.83
2026-04-12T07:00:00+00:00,14109.83
2026-04-12T07:15:00+00:00,14109.83
2026-04-12T07:15:00+00:00,14109.83
2026-04-12T07:15:00+00:00,14109.83
2026-04-12T07:30:00+00:00,14109.83
2026-04-12T07:30:00+00:00,14109.83
2026-04-12T07:30:00+00:00,14109.83
2026-04-12T07:45:00+00:00,14109.83
2026-04-12T07:45:00+00:00,14109.83
2026-04-12T07:45:00+00:00,14109.83
2026-04-12T08:00:00+00:00,14109.83
2026-04-12T08:00:00+00:00,14109.83
2026-04-12T08:00:00+00:00,14109.83
2026-04-12T08:15:00+00:00,14109.83
2026-04-12T08:15:00+00:00,14109.83
2026-04-12T08:15:00+00:00,14109.83
2026-04-12T08:30:00+00:00,14109.83
2026-04-12T08:30:00+00:00,14109.83
2026-04-12T08:30:00+00:00,14109.83
2026-04-12T08:45:00+00:00,14109.83
2026-04-12T08:45:00+00:00,14109.83
2026-04-12T08:45:00+00:00,14109.83
2026-04-12T09:00:00+00:00,14109.83
2026-04-12T09:00:00+00:00,14109.83
2026-04-12T09:00:00+00:00,14109.83
2026-04-12T09:15:00+00:00,14109.83
2026-04-12T09:15:00+00:00,14109.83
2026-04-12T09:15:00+00:00,14109.83
2026-04-12T09:30:00+00:00,14109.83
2026-04-12T09:30:00+00:00,14109.83
2026-04-12T09:30:00+00:00,14109.83
2026-04-12T09:45:00+00:00,14109.83
2026-04-12T09:45:00+00:00,14109.83
2026-04-12T09:45:00+00:00,14109.83
2026-04-12T10:00:00+00:00,14109.83
2026-04-12T10:00:00+00:00,14109.83
2026-04-12T10:00:00+00:00,14109.83
2026-04-12T10:15:00+00:00,14109.83
2026-04-12T10:15:00+00:00,14109.83
2026-04-12T10:15:00+00:00,14109.83
2026-04-12T10:30:00+00:00,14109.83
2026-04-12T10:30:00+00:00,14109.83
2026-04-12T10:30:00+00:00,14109.83
2026-04-12T10:45:00+00:00,14109.83
2026-04-12T10:45:00+00:00,14109.83
2026-04-12T10:45:00+00:00,14109.83
2026-04-12T11:00:00+00:00,14109.83
2026-04-12T11:00:00+00:00,14109.83
2026-04-12T11:00:00+00:00,14109.83
2026-04-12T11:15:00+00:00,14109.83
2026-04-12T11:15:00+00:00,14109.83
2026-04-12T11:15:00+00:00,14109.83
2026-04-12T11:30:00+00:00,14109.83
2026-04-12T11:30:00+00:00,14109.83
2026-04-12T11:30:00+00:00,14109.83
2026-04-12T11:45:00+00:00,14109.83
2026-04-12T11:45:00+00:00,14109.83
2026-04-12T11:45:00+00:00,14109.83
2026-04-12T12:00:00+00:00,14109.83
2026-04-12T12:00:00+00:00,14109.83
2026-04-12T12:00:00+00:00,14109.83
2026-04-12T12:15:00+00:00,14109.83
2026-04-12T12:15:00+00:00,14109.83
2026-04-12T12:15:00+00:00,14109.83
2026-04-12T12:30:00+00:00,14109.83
2026-04-12T12:30:00+00:00,14109.83
2026-04-12T12:30:00+00:00,14109.83
2026-04-12T12:45:00+00:00,14109.83
2026-04-12T12:45:00+00:00,14109.83
2026-04-12T12:45:00+00:00,14109.83
2026-04-12T13:00:00+00:00,14109.83
2026-04-12T13:00:00+00:00,14109.83
2026-04-12T13:00:00+00:00,14109.83
2026-04-12T13:15:00+00:00,14109.83
2026-04-12T13:15:00+00:00,14109.83
2026-04-12T13:15:00+00:00,14109.83
2026-04-12T13:30:00+00:00,14109.83
2026-04-12T13:30:00+00:00,14109.83
2026-04-12T13:30:00+00:00,14109.83
2026-04-12T13:45:00+00:00,14109.83
2026-04-12T13:45:00+00:00,14109.83
2026-04-12T13:45:00+00:00,14109.83
2026-04-12T14:00:00+00:00,14109.83
2026-04-12T14:00:00+00:00,14109.83
2026-04-12T14:00:00+00:00,14109.83
2026-04-12T14:15:00+00:00,14109.83
2026-04-12T14:15:00+00:00,14109.83
2026-04-12T14:15:00+00:00,14109.83
2026-04-12T14:30:00+00:00,14109.83
2026-04-12T14:30:00+00:00,14109.83
2026-04-12T14:30:00+00:00,14109.83
2026-04-12T14:45:00+00:00,14109.83
2026-04-12T14:45:00+00:00,14109.83
2026-04-12T14:45:00+00:00,14109.83
2026-04-12T15:00:00+00:00,14109.83
2026-04-12T15:00:00+00:00,14109.83
2026-04-12T15:00:00+00:00,14109.83
2026-04-12T15:15:00+00:00,14109.83
2026-04-12T15:15:00+00:00,14109.83
2026-04-12T15:15:00+00:00,14109.83
2026-04-12T15:30:00+00:00,14109.83
2026-04-12T15:30:00+00:00,14109.83
2026-04-12T15:30:00+00:00,14109.83
2026-04-12T15:45:00+00:00,14109.83
2026-04-12T15:45:00+00:00,14109.83
2026-04-12T15:45:00+00:00,14109.83
2026-04-12T16:00:00+00:00,14109.83
2026-04-12T16:00:00+00:00,14109.83
2026-04-12T16:00:00+00:00,14109.83
2026-04-12T16:15:00+00:00,14109.83
2026-04-12T16:15:00+00:00,14109.83
2026-04-12T16:15:00+00:00,14109.83
2026-04-12T16:30:00+00:00,14109.83
2026-04-12T16:30:00+00:00,14109.83
2026-04-12T16:30:00+00:00,14109.83
2026-04-12T16:45:00+00:00,14109.83
2026-04-12T16:45:00+00:00,14109.83
2026-04-12T16:45:00+00:00,14109.83
2026-04-12T17:00:00+00:00,14109.83
2026-04-12T17:00:00+00:00,14109.83
2026-04-12T17:00:00+00:00,14109.83
2026-04-12T17:15:00+00:00,14109.83
2026-04-12T17:15:00+00:00,14109.83
2026-04-12T17:15:00+00:00,14109.83
2026-04-12T17:30:00+00:00,14109.83
2026-04-12T17:30:00+00:00,14109.83
2026-04-12T17:30:00+00:00,14109.83
2026-04-12T17:45:00+00:00,14109.83
2026-04-12T17:45:00+00:00,14109.83
2026-04-12T17:45:00+00:00,14109.83
2026-04-12T18:00:00+00:00,14109.83
2026-04-12T18:00:00+00:00,14109.83
2026-04-12T18:00:00+00:00,14109.83
2026-04-12T18:15:00+00:00,14109.83
2026-04-12T18:15:00+00:00,14109.83
2026-04-12T18:15:00+00:00,14109.83
2026-04-12T18:30:00+00:00,14109.83
2026-04-12T18:30:00+00:00,14109.83
2026-04-12T18:30:00+00:00,14109.83
2026-04-12T18:45:00+00:00,14109.83
2026-04-12T18:45:00+00:00,14109.83
2026-04-12T18:45:00+00:00,14109.83
2026-04-12T19:00:00+00:00,14109.83
2026-04-12T19:00:00+00:00,14109.83
2026-04-12T19:00:00+00:00,14109.83
2026-04-12T19:15:00+00:00,14109.83
2026-04-12T19:15:00+00:00,14109.83
2026-04-12T19:15:00+00:00,14109.83
2026-04-12T19:30:00+00:00,14109.83
2026-04-12T19:30:00+00:00,14109.83
2026-04-12T19:30:00+00:00,14109.83
2026-04-12T19:45:00+00:00,14109.83
2026-04-12T19:45:00+00:00,14109.83
2026-04-12T19:45:00+00:00,14109.83
2026-04-12T20:00:00+00:00,14109.83
2026-04-12T20:00:00+00:00,14109.83
2026-04-12T20:00:00+00:00,14109.83
2026-04-12T20:15:00+00:00,14109.83
2026-04-12T20:15:00+00:00,14109.83
2026-04-12T20:15:00+00:00,14109.83
2026-04-12T20:30:00+00:00,14109.83
2026-04-12T20:30:00+00:00,14109.83
2026-04-12T20:30:00+00:00,14109.83
2026-04-12T20:45:00+00:00,14109.83
2026-04-12T20:45:00+00:00,14109.83
2026-04-12T20:45:00+00:00,14109.83
2026-04-12T21:00:00+00:00,14109.83
2026-04-12T21:00:00+00:00,14125.98
2026-04-12T21:00:00+00:00,14125.98
2026-04-12T21:15:00+00:00,14125.98
2026-04-12T21:15:00+00:00,14086.85
2026-04-12T21:15:00+00:00,14086.85
2026-04-12T21:30:00+00:00,14086.85
2026-04-12T21:30:00+00:00,14045.14
2026-04-12T21:30:00+00:00,14045.14
2026-04-12T21:45:00+00:00,14045.14
2026-04-12T21:45:00+00:00,14023.72
2026-04-12T21:45:00+00:00,14023.72
2026-04-12T22:00:00+00:00,14023.89
2026-04-12T22:00:00+00:00,14264.22
2026-04-12T22:00:00+00:00,14264.22
2026-04-12T22:15:00+00:00,14264.22
2026-04-12T22:15:00+00:00,14488.68
2026-04-12T22:15:00+00:00,14488.68
2026-04-12T22:30:00+00:00,14488.68
2026-04-12T22:30:00+00:00,14389.65
2026-04-12T22:30:00+00:00,14389.65
2026-04-12T22:45:00+00:00,14389.65
2026-04-12T22:45:00+00:00,14361.68
2026-04-12T22:45:00+00:00,14361.68
2026-04-12T23:00:00+00:00,14361.91
2026-04-12T23:00:00+00:00,14500.90
2026-04-12T23:00:00+00:00,14500.90
2026-04-12T23:15:00+00:00,14500.90
2026-04-12T23:15:00+00:00,14491.76
2026-04-12T23:15:00+00:00,14491.76
2026-04-12T23:30:00+00:00,14491.76
2026-04-12T23:30:00+00:00,14489.83
2026-04-12T23:30:00+00:00,14489.83
2026-04-12T23:45:00+00:00,14489.83
2026-04-12T23:45:00+00:00,14497.86
2026-04-12T23:45:00+00:00,14497.86
2026-04-13T00:00:00+00:00,14498.14
2026-04-13T00:00:00+00:00,14448.27
2026-04-13T00:00:00+00:00,14448.27
2026-04-13T00:15:00+00:00,14448.27
2026-04-13T00:15:00+00:00,14448.27
2026-04-13T00:15:00+00:00,14448.27
2026-04-13T00:30:00+00:00,14448.27
2026-04-13T00:30:00+00:00,14448.27
2026-04-13T00:30:00+00:00,14448.27
2026-04-13T00:45:00+00:00,14448.27
2026-04-13T00:45:00+00:00,14448.27
2026-04-13T00:45:00+00:00,14448.27
2026-04-13T01:00:00+00:00,14448.27
2026-04-13T01:00:00+00:00,14448.27
2026-04-13T01:00:00+00:00,14448.27
2026-04-13T01:15:00+00:00,14448.27
2026-04-13T01:15:00+00:00,14448.27
2026-04-13T01:15:00+00:00,14448.27
2026-04-13T01:30:00+00:00,14448.27
2026-04-13T01:30:00+00:00,14448.27
2026-04-13T01:30:00+00:00,14448.27
2026-04-13T01:45:00+00:00,14448.27
2026-04-13T01:45:00+00:00,14448.27
2026-04-13T01:45:00+00:00,14448.27
2026-04-13T02:00:00+00:00,14448.27
2026-04-13T02:00:00+00:00,14448.27
2026-04-13T02:00:00+00:00,14448.27
2026-04-13T02:15:00+00:00,14448.27
2026-04-13T02:15:00+00:00,14448.27
2026-04-13T02:15:00+00:00,14448.27
2026-04-13T02:30:00+00:00,14448.27
2026-04-13T02:30:00+00:00,14448.27
2026-04-13T02:30:00+00:00,14448.27
2026-04-13T02:45:00+00:00,14448.27
2026-04-13T02:45:00+00:00,14448.27
2026-04-13T02:45:00+00:00,14448.27
2026-04-13T03:00:00+00:00,14448.27
2026-04-13T03:00:00+00:00,14448.27
2026-04-13T03:00:00+00:00,14448.27
2026-04-13T03:15:00+00:00,14448.27
2026-04-13T03:15:00+00:00,14448.27
2026-04-13T03:15:00+00:00,14448.27
2026-04-13T03:30:00+00:00,14448.27
2026-04-13T03:30:00+00:00,14448.27
2026-04-13T03:30:00+00:00,14448.27
2026-04-13T03:45:00+00:00,14448.27
2026-04-13T03:45:00+00:00,14448.27
2026-04-13T03:45:00+00:00,14448.27
2026-04-13T04:00:00+00:00,14448.27
2026-04-13T04:00:00+00:00,14448.27
2026-04-13T04:00:00+00:00,14448.27
2026-04-13T04:15:00+00:00,14448.27
2026-04-13T04:15:00+00:00,14448.27
2026-04-13T04:15:00+00:00,14448.27
2026-04-13T04:30:00+00:00,14448.27
2026-04-13T04:30:00+00:00,14448.27
2026-04-13T04:30:00+00:00,14448.27
2026-04-13T04:45:00+00:00,14448.27
2026-04-13T04:45:00+00:00,14448.27
2026-04-13T04:45:00+00:00,14448.27
2026-04-13T05:00:00+00:00,14448.27
2026-04-13T05:00:00+00:00,14448.27
2026-04-13T05:00:00+00:00,14448.27
2026-04-13T05:15:00+00:00,14448.27
2026-04-13T05:15:00+00:00,14448.27
2026-04-13T05:15:00+00:00,14448.27
2026-04-13T05:30:00+00:00,14448.27
2026-04-13T05:30:00+00:00,14448.27
2026-04-13T05:30:00+00:00,14448.27
2026-04-13T05:45:00+00:00,14448.27
2026-04-13T05:45:00+00:00,14448.27
2026-04-13T05:45:00+00:00,14448.27
2026-04-13T06:00:00+00:00,14448.27
2026-04-13T06:00:00+00:00,14448.27
2026-04-13T06:00:00+00:00,14448.27
2026-04-13T06:15:00+00:00,14448.27
2026-04-13T06:15:00+00:00,14448.27
2026-04-13T06:15:00+00:00,14448.27
2026-04-13T06:30:00+00:00,14448.27
2026-04-13T06:30:00+00:00,14448.27
2026-04-13T06:30:00+00:00,14448.27
2026-04-13T06:45:00+00:00,14448.27
2026-04-13T06:45:00+00:00,14448.27
2026-04-13T06:45:00+00:00,14448.27
2026-04-13T07:00:00+00:00,14448.27
2026-04-13T07:00:00+00:00,14448.27
2026-04-13T07:00:00+00:00,14448.27
2026-04-13T07:15:00+00:00,14448.27
2026-04-13T07:15:00+00:00,14448.27
2026-04-13T07:15:00+00:00,14448.27
2026-04-13T07:30:00+00:00,14448.27
2026-04-13T07:30:00+00:00,14448.27
2026-04-13T07:30:00+00:00,14448.27
2026-04-13T07:45:00+00:00,14448.27
2026-04-13T07:45:00+00:00,14448.27
2026-04-13T07:45:00+00:00,14448.27
2026-04-13T08:00:00+00:00,14448.27
2026-04-13T08:00:00+00:00,14448.27
2026-04-13T08:00:00+00:00,14448.27
2026-04-13T08:15:00+00:00,14448.27
2026-04-13T08:15:00+00:00,14448.27
2026-04-13T08:15:00+00:00,14448.27
2026-04-13T08:30:00+00:00,14448.27
2026-04-13T08:30:00+00:00,14448.27
2026-04-13T08:30:00+00:00,14448.27
2026-04-13T08:45:00+00:00,14448.27
2026-04-13T08:45:00+00:00,14448.27
2026-04-13T08:45:00+00:00,14448.27
2026-04-13T09:00:00+00:00,14448.27
2026-04-13T09:00:00+00:00,14448.27
2026-04-13T09:00:00+00:00,14448.27
2026-04-13T09:15:00+00:00,14448.27
2026-04-13T09:15:00+00:00,14448.27
2026-04-13T09:15:00+00:00,14448.27
2026-04-13T09:30:00+00:00,14448.27
2026-04-13T09:30:00+00:00,14448.27
2026-04-13T09:30:00+00:00,14448.27
2026-04-13T09:45:00+00:00,14448.27
2026-04-13T09:45:00+00:00,14448.27
2026-04-13T09:45:00+00:00,14448.27
2026-04-13T10:00:00+00:00,14448.27
2026-04-13T10:00:00+00:00,14448.27
2026-04-13T10:00:00+00:00,14448.27
2026-04-13T10:15:00+00:00,14448.27
2026-04-13T10:15:00+00:00,14448.27
2026-04-13T10:15:00+00:00,14448.27
2026-04-13T10:30:00+00:00,14448.27
2026-04-13T10:30:00+00:00,14448.27
2026-04-13T10:30:00+00:00,14448.27
2026-04-13T10:45:00+00:00,14448.27
2026-04-13T10:45:00+00:00,14448.27
2026-04-13T10:45:00+00:00,14448.27
2026-04-13T11:00:00+00:00,14448.27
2026-04-13T11:00:00+00:00,14448.27
2026-04-13T11:00:00+00:00,14448.27
2026-04-13T11:15:00+00:00,14448.27
2026-04-13T11:15:00+00:00,14448.27
2026-04-13T11:15:00+00:00,14448.27
2026-04-13T11:30:00+00:00,14448.27
2026-04-13T11:30:00+00:00,14448.27
2026-04-13T11:30:00+00:00,14448.27
2026-04-13T11:45:00+00:00,14448.27
2026-04-13T11:45:00+00:00,14448.27
2026-04-13T11:45:00+00:00,14448.27
2026-04-13T12:00:00+00:00,14448.27
2026-04-13T12:00:00+00:00,14448.27
2026-04-13T12:00:00+00:00,14448.27
2026-04-13T12:15:00+00:00,14448.27
2026-04-13T12:15:00+00:00,14448.27
2026-04-13T12:15:00+00:00,14448.27
2026-04-13T12:30:00+00:00,14448.27
2026-04-13T12:30:00+00:00,14448.27
2026-04-13T12:30:00+00:00,14448.27
2026-04-13T12:45:00+00:00,14448.27
2026-04-13T12:45:00+00:00,14448.27
2026-04-13T12:45:00+00:00,14448.27
2026-04-13T13:00:00+00:00,14448.27
2026-04-13T13:00:00+00:00,14448.27
2026-04-13T13:00:00+00:00,14448.27
2026-04-13T13:15:00+00:00,14448.27
2026-04-13T13:15:00+00:00,14448.27
2026-04-13T13:15:00+00:00,14448.27
2026-04-13T13:30:00+00:00,14448.27
2026-04-13T13:30:00+00:00,14448.27
2026-04-13T13:30:00+00:00,14448.27
2026-04-13T13:45:00+00:00,14448.27
2026-04-13T13:45:00+00:00,14448.27
2026-04-13T13:45:00+00:00,14448.27
2026-04-13T14:00:00+00:00,14448.27
2026-04-13T14:00:00+00:00,14448.27
2026-04-13T14:00:00+00:00,14448.27
2026-04-13T14:15:00+00:00,14448.27
2026-04-13T14:15:00+00:00,14448.27
2026-04-13T14:15:00+00:00,14448.27
2026-04-13T14:30:00+00:00,14448.27
2026-04-13T14:30:00+00:00,14448.27
2026-04-13T14:30:00+00:00,14448.27
2026-04-13T14:45:00+00:00,14448.27
2026-04-13T14:45:00+00:00,14448.27
2026-04-13T14:45:00+00:00,14448.27
2026-04-13T15:00:00+00:00,14448.27
2026-04-13T15:00:00+00:00,14448.27
2026-04-13T15:00:00+00:00,14448.27
2026-04-13T15:15:00+00:00,14448.27
2026-04-13T15:15:00+00:00,14448.27
2026-04-13T15:15:00+00:00,14448.27
2026-04-13T15:30:00+00:00,14448.27
2026-04-13T15:30:00+00:00,14448.27
2026-04-13T15:30:00+00:00,14448.27
2026-04-13T15:45:00+00:00,14448.27
2026-04-13T15:45:00+00:00,14448.27
2026-04-13T15:45:00+00:00,14448.27
2026-04-13T16:00:00+00:00,14448.27
2026-04-13T16:00:00+00:00,14448.27
2026-04-13T16:00:00+00:00,14448.27
2026-04-13T16:15:00+00:00,14448.27
2026-04-13T16:15:00+00:00,14448.27
2026-04-13T16:15:00+00:00,14448.27
2026-04-13T16:30:00+00:00,14448.27
2026-04-13T16:30:00+00:00,14448.27
2026-04-13T16:30:00+00:00,14448.27
2026-04-13T16:45:00+00:00,14448.27
2026-04-13T16:45:00+00:00,14448.27
2026-04-13T16:45:00+00:00,14448.27
2026-04-13T17:00:00+00:00,14448.27
2026-04-13T17:00:00+00:00,14448.27
2026-04-13T17:00:00+00:00,14448.27
2026-04-13T17:15:00+00:00,14448.27
2026-04-13T17:15:00+00:00,14448.27
2026-04-13T17:15:00+00:00,14448.27
2026-04-13T17:30:00+00:00,14448.27
2026-04-13T17:30:00+00:00,14448.27
2026-04-13T17:30:00+00:00,14448.27
2026-04-13T17:45:00+00:00,14448.27
2026-04-13T17:45:00+00:00,14448.27
2026-04-13T17:45:00+00:00,14448.27
2026-04-13T18:00:00+00:00,14448.27
2026-04-13T18:00:00+00:00,14448.27
2026-04-13T18:00:00+00:00,14448.27
2026-04-13T18:15:00+00:00,14448.27
2026-04-13T18:15:00+00:00,14448.27
2026-04-13T18:15:00+00:00,14448.27
2026-04-13T18:30:00+00:00,14448.27
2026-04-13T18:30:00+00:00,14448.27
2026-04-13T18:30:00+00:00,14448.27
2026-04-13T18:45:00+00:00,14448.27
2026-04-13T18:45:00+00:00,14448.27
2026-04-13T18:45:00+00:00,14448.27
2026-04-13T19:00:00+00:00,14448.27
2026-04-13T19:00:00+00:00,14448.27
2026-04-13T19:00:00+00:00,14448.27
2026-04-13T19:15:00+00:00,14448.27
2026-04-13T19:15:00+00:00,14448.27
2026-04-13T19:15:00+00:00,14448.27
2026-04-13T19:30:00+00:00,14448.27
2026-04-13T19:30:00+00:00,14448.27
2026-04-13T19:30:00+00:00,14448.27
2026-04-13T19:45:00+00:00,14448.27
2026-04-13T19:45:00+00:00,14448.27
2026-04-13T19:45:00+00:00,14448.27
2026-04-13T20:00:00+00:00,14448.27
2026-04-13T20:00:00+00:00,14448.27
2026-04-13T20:00:00+00:00,14448.27
2026-04-13T20:15:00+00:00,14448.27
2026-04-13T20:15:00+00:00,14448.27
2026-04-13T20:15:00+00:00,14448.27
2026-04-13T20:30:00+00:00,14448.27
2026-04-13T20:30:00+00:00,14448.27
2026-04-13T20:30:00+00:00,14448.27
2026-04-13T20:45:00+00:00,14448.27
2026-04-13T20:45:00+00:00,14448.27
2026-04-13T20:45:00+00:00,14448.27
2026-04-13T21:00:00+00:00,14448.27
2026-04-13T21:00:00+00:00,14448.27
2026-04-13T21:00:00+00:00,14448.27
2026-04-13T21:15:00+00:00,14448.27
2026-04-13T21:15:00+00:00,14448.27
2026-04-13T21:15:00+00:00,14448.27
2026-04-13T21:30:00+00:00,14448.27
2026-04-13T21:30:00+00:00,14448.27
2026-04-13T21:30:00+00:00,14448.27
2026-04-13T21:45:00+00:00,14448.27
2026-04-13T21:45:00+00:00,14448.27
2026-04-13T21:45:00+00:00,14448.27
2026-04-13T22:00:00+00:00,14448.27
2026-04-13T22:00:00+00:00,14448.27
2026-04-13T22:00:00+00:00,14448.27
2026-04-13T22:15:00+00:00,14448.27
2026-04-13T22:15:00+00:00,14448.27
2026-04-13T22:15:00+00:00,14448.27
2026-04-13T22:30:00+00:00,14448.27
2026-04-13T22:30:00+00:00,14448.27
2026-04-13T22:30:00+00:00,14448.27
2026-04-13T22:45:00+00:00,14448.27
2026-04-13T22:45:00+00:00,14448.27
2026-04-13T22:45:00+00:00,14448.27
2026-04-13T23:00:00+00:00,14448.27
2026-04-13T23:00:00+00:00,14448.27
2026-04-13T23:00:00+00:00,14448.27
2026-04-13T23:15:00+00:00,14448.27
2026-04-13T23:15:00+00:00,14448.27
2026-04-13T23:15:00+00:00,14448.27
2026-04-13T23:30:00+00:00,14448.27
2026-04-13T23:30:00+00:00,14448.27
2026-04-13T23:30:00+00:00,14448.27
2026-04-13T23:45:00+00:00,14448.27
2026-04-13T23:45:00+00:00,14448.27
2026-04-13T23:45:00+00:00,14448.27
2026-04-14T00:00:00+00:00,14448.27
2026-04-14T00:00:00+00:00,14448.27
2026-04-14T00:00:00+00:00,14448.27
2026-04-14T00:15:00+00:00,14448.27
2026-04-14T00:15:00+00:00,14448.27
2026-04-14T00:15:00+00:00,14448.27
2026-04-14T00:30:00+00:00,14448.27
2026-04-14T00:30:00+00:00,14448.27
2026-04-14T00:30:00+00:00,14448.27
2026-04-14T00:45:00+00:00,14448.27
2026-04-14T00:45:00+00:00,14448.27
2026-04-14T00:45:00+00:00,14448.27
2026-04-14T01:00:00+00:00,14448.27
2026-04-14T01:00:00+00:00,14448.27
2026-04-14T01:00:00+00:00,14448.27
2026-04-14T01:15:00+00:00,14448.27
2026-04-14T01:15:00+00:00,14448.27
2026-04-14T01:15:00+00:00,14448.27
2026-04-14T01:30:00+00:00,14448.27
2026-04-14T01:30:00+00:00,14448.27
2026-04-14T01:30:00+00:00,14448.27
2026-04-14T01:45:00+00:00,14448.27
2026-04-14T01:45:00+00:00,14448.27
2026-04-14T01:45:00+00:00,14448.27
2026-04-14T02:00:00+00:00,14448.27
2026-04-14T02:00:00+00:00,14448.27
2026-04-14T02:00:00+00:00,14448.27
2026-04-14T02:15:00+00:00,14448.27
2026-04-14T02:15:00+00:00,14448.27
2026-04-14T02:15:00+00:00,14448.27
2026-04-14T02:30:00+00:00,14448.27
2026-04-14T02:30:00+00:00,14448.27
2026-04-14T02:30:00+00:00,14448.27
2026-04-14T02:45:00+00:00,14448.27
2026-04-14T02:45:00+00:00,14448.27
2026-04-14T02:45:00+00:00,14448.27
2026-04-14T03:00:00+00:00,14448.27
2026-04-14T03:00:00+00:00,14448.27
2026-04-14T03:00:00+00:00,14448.27
2026-04-14T03:15:00+00:00,14448.27
2026-04-14T03:15:00+00:00,14448.27
2026-04-14T03:15:00+00:00,14448.27
2026-04-14T03:30:00+00:00,14448.27
2026-04-14T03:30:00+00:00,14448.27
2026-04-14T03:30:00+00:00,14448.27
2026-04-14T03:45:00+00:00,14448.27
2026-04-14T03:45:00+00:00,14448.27
2026-04-14T03:45:00+00:00,14448.27
2026-04-14T04:00:00+00:00,14448.27
2026-04-14T04:00:00+00:00,14448.27
2026-04-14T04:00:00+00:00,14448.27
2026-04-14T04:15:00+00:00,14448.27
2026-04-14T04:15:00+00:00,14448.27
2026-04-14T04:15:00+00:00,14448.27
2026-04-14T04:30:00+00:00,14448.27
2026-04-14T04:30:00+00:00,14448.27
2026-04-14T04:30:00+00:00,14448.27
2026-04-14T04:45:00+00:00,14448.27
2026-04-14T04:45:00+00:00,14448.27
2026-04-14T04:45:00+00:00,14448.27
2026-04-14T05:00:00+00:00,14448.27
2026-04-14T05:00:00+00:00,14448.27
2026-04-14T05:00:00+00:00,14448.27
2026-04-14T05:15:00+00:00,14448.27
2026-04-14T05:15:00+00:00,14448.27
2026-04-14T05:15:00+00:00,14448.27
2026-04-14T05:30:00+00:00,14448.27
2026-04-14T05:30:00+00:00,14448.27
2026-04-14T05:30:00+00:00,14448.27
2026-04-14T05:45:00+00:00,14448.27
2026-04-14T05:45:00+00:00,14448.27
2026-04-14T05:45:00+00:00,14448.27
2026-04-14T06:00:00+00:00,14448.27
2026-04-14T06:00:00+00:00,14448.27
2026-04-14T06:00:00+00:00,14448.27
2026-04-14T06:15:00+00:00,14448.27
2026-04-14T06:15:00+00:00,14448.27
2026-04-14T06:15:00+00:00,14448.27
2026-04-14T06:30:00+00:00,14448.27
2026-04-14T06:30:00+00:00,14448.27
2026-04-14T06:30:00+00:00,14448.27
2026-04-14T06:45:00+00:00,14448.27
2026-04-14T06:45:00+00:00,14448.27
2026-04-14T06:45:00+00:00,14448.27
2026-04-14T07:00:00+00:00,14448.27
2026-04-14T07:00:00+00:00,14448.27
2026-04-14T07:00:00+00:00,14448.27
2026-04-14T07:15:00+00:00,14448.27
2026-04-14T07:15:00+00:00,14448.27
2026-04-14T07:15:00+00:00,14448.27
2026-04-14T07:30:00+00:00,14448.27
2026-04-14T07:30:00+00:00,14448.27
2026-04-14T07:30:00+00:00,14448.27
2026-04-14T07:45:00+00:00,14448.27
2026-04-14T07:45:00+00:00,14448.27
2026-04-14T07:45:00+00:00,14448.27
2026-04-14T08:00:00+00:00,14448.27
2026-04-14T08:00:00+00:00,14448.27
2026-04-14T08:00:00+00:00,14448.27
2026-04-14T08:15:00+00:00,14448.27
2026-04-14T08:15:00+00:00,14448.27
2026-04-14T08:15:00+00:00,14448.27
2026-04-14T08:30:00+00:00,14448.27
2026-04-14T08:30:00+00:00,14448.27
2026-04-14T08:30:00+00:00,14448.27
2026-04-14T08:45:00+00:00,14448.27
2026-04-14T08:45:00+00:00,14448.27
2026-04-14T08:45:00+00:00,14448.27
2026-04-14T09:00:00+00:00,14448.27
2026-04-14T09:00:00+00:00,14448.27
2026-04-14T09:00:00+00:00,14448.27
2026-04-14T09:15:00+00:00,14448.27
2026-04-14T09:15:00+00:00,14448.27
2026-04-14T09:15:00+00:00,14448.27
2026-04-14T09:30:00+00:00,14448.27
2026-04-14T09:30:00+00:00,14448.27
2026-04-14T09:30:00+00:00,14448.27
2026-04-14T09:45:00+00:00,14448.27
2026-04-14T09:45:00+00:00,14448.27
2026-04-14T09:45:00+00:00,14448.27
2026-04-14T10:00:00+00:00,14448.27
2026-04-14T10:00:00+00:00,14448.27
2026-04-14T10:00:00+00:00,14448.27
2026-04-14T10:15:00+00:00,14448.27
2026-04-14T10:15:00+00:00,14448.27
2026-04-14T10:15:00+00:00,14448.27
2026-04-14T10:30:00+00:00,14448.27
2026-04-14T10:30:00+00:00,14448.27
2026-04-14T10:30:00+00:00,14448.27
2026-04-14T10:45:00+00:00,14448.27
2026-04-14T10:45:00+00:00,14448.27
2026-04-14T10:45:00+00:00,14448.27
2026-04-14T11:00:00+00:00,14448.27
2026-04-14T11:00:00+00:00,14448.27
2026-04-14T11:00:00+00:00,14448.27
2026-04-14T11:15:00+00:00,14448.27
2026-04-14T11:15:00+00:00,14448.27
2026-04-14T11:15:00+00:00,14448.27
2026-04-14T11:30:00+00:00,14448.27
2026-04-14T11:30:00+00:00,14448.27
2026-04-14T11:30:00+00:00,14448.27
2026-04-14T11:45:00+00:00,14448.27
2026-04-14T11:45:00+00:00,14448.27
2026-04-14T11:45:00+00:00,14448.27
2026-04-14T12:00:00+00:00,14448.27
2026-04-14T12:00:00+00:00,14448.27
2026-04-14T12:00:00+00:00,14448.27
2026-04-14T12:15:00+00:00,14448.27
2026-04-14T12:15:00+00:00,14448.27
2026-04-14T12:15:00+00:00,14448.27
2026-04-14T12:30:00+00:00,14448.27
2026-04-14T12:30:00+00:00,14448.27
2026-04-14T12:30:00+00:00,14448.27
2026-04-14T12:45:00+00:00,14448.27
2026-04-14T12:45:00+00:00,14448.27
2026-04-14T12:45:00+00:00,14448.27
2026-04-14T13:00:00+00:00,14448.27
2026-04-14T13:00:00+00:00,14448.27
2026-04-14T13:00:00+00:00,14448.27
2026-04-14T13:15:00+00:00,14448.27
2026-04-14T13:15:00+00:00,14448.27
2026-04-14T13:15:00+00:00,14448.27
2026-04-14T13:30:00+00:00,14448.27
2026-04-14T13:30:00+00:00,14448.27
2026-04-14T13:30:00+00:00,14448.27
2026-04-14T13:45:00+00:00,14448.27
2026-04-14T13:45:00+00:00,14448.27
2026-04-14T13:45:00+00:00,14448.27
2026-04-14T14:00:00+00:00,14448.27
2026-04-14T14:00:00+00:00,14448.27
2026-04-14T14:00:00+00:00,14448.27
2026-04-14T14:15:00+00:00,14448.27
2026-04-14T14:15:00+00:00,14448.27
2026-04-14T14:15:00+00:00,14448.27
2026-04-14T14:30:00+00:00,14448.27
2026-04-14T14:30:00+00:00,14448.27
2026-04-14T14:30:00+00:00,14448.27
2026-04-14T14:45:00+00:00,14448.27
2026-04-14T14:45:00+00:00,14448.27
2026-04-14T14:45:00+00:00,14448.27
2026-04-14T15:00:00+00:00,14448.27
2026-04-14T15:00:00+00:00,14448.27
2026-04-14T15:00:00+00:00,14448.27
2026-04-14T15:15:00+00:00,14448.27
2026-04-14T15:15:00+00:00,14448.27
2026-04-14T15:15:00+00:00,14448.27
2026-04-14T15:30:00+00:00,14448.27
2026-04-14T15:30:00+00:00,14448.27
2026-04-14T15:30:00+00:00,14448.27
2026-04-14T15:45:00+00:00,14448.27
2026-04-14T15:45:00+00:00,14448.27
2026-04-14T15:45:00+00:00,14448.27
2026-04-14T16:00:00+00:00,14448.27
2026-04-14T16:00:00+00:00,14448.27
2026-04-14T16:00:00+00:00,14448.27
2026-04-14T16:15:00+00:00,14448.27
2026-04-14T16:15:00+00:00,14448.27
2026-04-14T16:15:00+00:00,14448.27
2026-04-14T16:30:00+00:00,14448.27
2026-04-14T16:30:00+00:00,14448.27
2026-04-14T16:30:00+00:00,14448.27
2026-04-14T16:45:00+00:00,14448.27
2026-04-14T16:45:00+00:00,14448.27
2026-04-14T16:45:00+00:00,14448.27
2026-04-14T17:00:00+00:00,14448.27
2026-04-14T17:00:00+00:00,14448.27
2026-04-14T17:00:00+00:00,14448.27
2026-04-14T17:15:00+00:00,14448.27
2026-04-14T17:15:00+00:00,14448.27
2026-04-14T17:15:00+00:00,14448.27
2026-04-14T17:30:00+00:00,14448.27
2026-04-14T17:30:00+00:00,14448.27
2026-04-14T17:30:00+00:00,14448.27
2026-04-14T17:45:00+00:00,14448.27
2026-04-14T17:45:00+00:00,14448.27
2026-04-14T17:45:00+00:00,14448.27
2026-04-14T18:00:00+00:00,14448.27
2026-04-14T18:00:00+00:00,14448.27
2026-04-14T18:00:00+00:00,14448.27
2026-04-14T18:15:00+00:00,14448.27
2026-04-14T18:15:00+00:00,14448.27
2026-04-14T18:15:00+00:00,14448.27
2026-04-14T18:30:00+00:00,14448.27
2026-04-14T18:30:00+00:00,14448.27
2026-04-14T18:30:00+00:00,14448.27
2026-04-14T18:45:00+00:00,14448.27
2026-04-14T18:45:00+00:00,14448.27
2026-04-14T18:45:00+00:00,14448.27
2026-04-14T19:00:00+00:00,14448.27
2026-04-14T19:00:00+00:00,14448.27
2026-04-14T19:00:00+00:00,14448.27
2026-04-14T19:15:00+00:00,14448.27
2026-04-14T19:15:00+00:00,14448.27
2026-04-14T19:15:00+00:00,14448.27
2026-04-14T19:30:00+00:00,14448.27
2026-04-14T19:30:00+00:00,14448.27
2026-04-14T19:30:00+00:00,14448.27
2026-04-14T19:45:00+00:00,14448.27
2026-04-14T19:45:00+00:00,14448.27
2026-04-14T19:45:00+00:00,14448.27
2026-04-14T20:00:00+00:00,14448.27
2026-04-14T20:00:00+00:00,14448.27
2026-04-14T20:00:00+00:00,14448.27
2026-04-14T20:15:00+00:00,14448.27
2026-04-14T20:15:00+00:00,14448.27
2026-04-14T20:15:00+00:00,14448.27
2026-04-14T20:30:00+00:00,14448.27
2026-04-14T20:30:00+00:00,14448.27
2026-04-14T20:30:00+00:00,14448.27
2026-04-14T20:45:00+00:00,14448.27
2026-04-14T20:45:00+00:00,14448.27
2026-04-14T20:45:00+00:00,14448.27
2026-04-14T21:00:00+00:00,14448.27
2026-04-14T21:00:00+00:00,14448.27
2026-04-14T21:00:00+00:00,14448.27
2026-04-14T21:15:00+00:00,14448.27
2026-04-14T21:15:00+00:00,14448.27
2026-04-14T21:15:00+00:00,14448.27
2026-04-14T21:30:00+00:00,14448.27
2026-04-14T21:30:00+00:00,14448.27
2026-04-14T21:30:00+00:00,14448.27
2026-04-14T21:45:00+00:00,14448.27
2026-04-14T21:45:00+00:00,14448.27
2026-04-14T21:45:00+00:00,14448.27
2026-04-14T22:00:00+00:00,14448.27
2026-04-14T22:00:00+00:00,14448.27
2026-04-14T22:00:00+00:00,14448.27
2026-04-14T22:15:00+00:00,14448.27
2026-04-14T22:15:00+00:00,14448.27
2026-04-14T22:15:00+00:00,14448.27
2026-04-14T22:30:00+00:00,14448.27
2026-04-14T22:30:00+00:00,14448.27
2026-04-14T22:30:00+00:00,14448.27
2026-04-14T22:45:00+00:00,14448.27
2026-04-14T22:45:00+00:00,14448.27
2026-04-14T22:45:00+00:00,14448.27
2026-04-14T23:00:00+00:00,14448.27
2026-04-14T23:00:00+00:00,14448.27
2026-04-14T23:00:00+00:00,14448.27
2026-04-14T23:15:00+00:00,14448.27
2026-04-14T23:15:00+00:00,14448.27
2026-04-14T23:15:00+00:00,14448.27
2026-04-14T23:30:00+00:00,14448.27
2026-04-14T23:30:00+00:00,14448.27
2026-04-14T23:30:00+00:00,14448.27
2026-04-14T23:45:00+00:00,14448.27
2026-04-14T23:45:00+00:00,14448.27
2026-04-14T23:45:00+00:00,14448.27
2026-04-15T00:00:00+00:00,14448.27
2026-04-15T00:00:00+00:00,14448.27
2026-04-15T00:00:00+00:00,14448.27
2026-04-15T00:15:00+00:00,14448.27
2026-04-15T00:15:00+00:00,14448.27
2026-04-15T00:15:00+00:00,14448.27
2026-04-15T00:30:00+00:00,14448.27
2026-04-15T00:30:00+00:00,14448.27
2026-04-15T00:30:00+00:00,14448.27
2026-04-15T00:45:00+00:00,14448.27
2026-04-15T00:45:00+00:00,14448.27
2026-04-15T00:45:00+00:00,14448.27
2026-04-15T01:00:00+00:00,14448.27
2026-04-15T01:00:00+00:00,14448.27
2026-04-15T01:00:00+00:00,14448.27
2026-04-15T01:15:00+00:00,14448.27
2026-04-15T01:15:00+00:00,14448.27
2026-04-15T01:15:00+00:00,14448.27
2026-04-15T01:30:00+00:00,14448.27
2026-04-15T01:30:00+00:00,14448.27
2026-04-15T01:30:00+00:00,14448.27
2026-04-15T01:45:00+00:00,14448.27
2026-04-15T01:45:00+00:00,14448.27
2026-04-15T01:45:00+00:00,14448.27
2026-04-15T02:00:00+00:00,14448.27
2026-04-15T02:00:00+00:00,14448.27
2026-04-15T02:00:00+00:00,14448.27
2026-04-15T02:15:00+00:00,14448.27
2026-04-15T02:15:00+00:00,14448.27
2026-04-15T02:15:00+00:00,14448.27
2026-04-15T02:30:00+00:00,14448.27
2026-04-15T02:30:00+00:00,14448.27
2026-04-15T02:30:00+00:00,14448.27
2026-04-15T02:45:00+00:00,14448.27
2026-04-15T02:45:00+00:00,14448.27
2026-04-15T02:45:00+00:00,14448.27
2026-04-15T03:00:00+00:00,14448.27
2026-04-15T03:00:00+00:00,14448.27
2026-04-15T03:00:00+00:00,14448.27
2026-04-15T03:15:00+00:00,14448.27
2026-04-15T03:15:00+00:00,14448.27
2026-04-15T03:15:00+00:00,14448.27
2026-04-15T03:30:00+00:00,14448.27
2026-04-15T03:30:00+00:00,14448.27
2026-04-15T03:30:00+00:00,14448.27
2026-04-15T03:45:00+00:00,14448.27
2026-04-15T03:45:00+00:00,14448.27
2026-04-15T03:45:00+00:00,14448.27
2026-04-15T04:00:00+00:00,14448.27
2026-04-15T04:00:00+00:00,14448.27
2026-04-15T04:00:00+00:00,14448.27
2026-04-15T04:15:00+00:00,14448.27
2026-04-15T04:15:00+00:00,14448.27
2026-04-15T04:15:00+00:00,14448.27
2026-04-15T04:30:00+00:00,14448.27
2026-04-15T04:30:00+00:00,14448.27
2026-04-15T04:30:00+00:00,14448.27
2026-04-15T04:45:00+00:00,14448.27
2026-04-15T04:45:00+00:00,14448.27
2026-04-15T04:45:00+00:00,14448.27
2026-04-15T05:00:00+00:00,14448.27
2026-04-15T05:00:00+00:00,14448.27
2026-04-15T05:00:00+00:00,14448.27
2026-04-15T05:15:00+00:00,14448.27
2026-04-15T05:15:00+00:00,14448.27
2026-04-15T05:15:00+00:00,14448.27
2026-04-15T05:30:00+00:00,14448.27
2026-04-15T05:30:00+00:00,14448.27
2026-04-15T05:30:00+00:00,14448.27
2026-04-15T05:45:00+00:00,14448.27
2026-04-15T05:45:00+00:00,14448.27
2026-04-15T05:45:00+00:00,14448.27
2026-04-15T06:00:00+00:00,14448.27
2026-04-15T06:00:00+00:00,14448.27
2026-04-15T06:00:00+00:00,14448.27
2026-04-15T06:15:00+00:00,14448.27
2026-04-15T06:15:00+00:00,14448.27
2026-04-15T06:15:00+00:00,14448.27
2026-04-15T06:30:00+00:00,14448.27
2026-04-15T06:30:00+00:00,14448.27
2026-04-15T06:30:00+00:00,14448.27
2026-04-15T06:45:00+00:00,14448.27
2026-04-15T06:45:00+00:00,14448.27
2026-04-15T06:45:00+00:00,14448.27
2026-04-15T07:00:00+00:00,14448.27
2026-04-15T07:00:00+00:00,14448.27
2026-04-15T07:00:00+00:00,14448.27
2026-04-15T07:15:00+00:00,14448.27
2026-04-15T07:15:00+00:00,14448.27
2026-04-15T07:15:00+00:00,14448.27
2026-04-15T07:30:00+00:00,14448.27
2026-04-15T07:30:00+00:00,14448.27
2026-04-15T07:30:00+00:00,14448.27
2026-04-15T07:45:00+00:00,14448.27
2026-04-15T07:45:00+00:00,14448.27
2026-04-15T07:45:00+00:00,14448.27
2026-04-15T08:00:00+00:00,14448.27
2026-04-15T08:00:00+00:00,14448.27
2026-04-15T08:00:00+00:00,14448.27
2026-04-15T08:15:00+00:00,14448.27
2026-04-15T08:15:00+00:00,14448.27
2026-04-15T08:15:00+00:00,14448.27
2026-04-15T08:30:00+00:00,14448.27
2026-04-15T08:30:00+00:00,14448.27
2026-04-15T08:30:00+00:00,14448.27
2026-04-15T08:45:00+00:00,14448.27
2026-04-15T08:45:00+00:00,14448.27
2026-04-15T08:45:00+00:00,14448.27
2026-04-15T09:00:00+00:00,14448.27
2026-04-15T09:00:00+00:00,14448.27
2026-04-15T09:00:00+00:00,14448.27
2026-04-15T09:15:00+00:00,14448.27
2026-04-15T09:15:00+00:00,14448.27
2026-04-15T09:15:00+00:00,14448.27
2026-04-15T09:30:00+00:00,14448.27
2026-04-15T09:30:00+00:00,14448.27
2026-04-15T09:30:00+00:00,14448.27
2026-04-15T09:45:00+00:00,14448.27
2026-04-15T09:45:00+00:00,14448.27
2026-04-15T09:45:00+00:00,14448.27
2026-04-15T10:00:00+00:00,14448.27
2026-04-15T10:00:00+00:00,14448.27
2026-04-15T10:00:00+00:00,14448.27
2026-04-15T10:15:00+00:00,14448.27
2026-04-15T10:15:00+00:00,14448.27
2026-04-15T10:15:00+00:00,14448.27
2026-04-15T10:30:00+00:00,14448.27
2026-04-15T10:30:00+00:00,14448.27
2026-04-15T10:30:00+00:00,14448.27
2026-04-15T10:45:00+00:00,14448.27
2026-04-15T10:45:00+00:00,14448.27
2026-04-15T10:45:00+00:00,14448.27
2026-04-15T11:00:00+00:00,14448.27
2026-04-15T11:00:00+00:00,14448.27
2026-04-15T11:00:00+00:00,14448.27
2026-04-15T11:15:00+00:00,14448.27
2026-04-15T11:15:00+00:00,14448.27
2026-04-15T11:15:00+00:00,14448.27
2026-04-15T11:30:00+00:00,14448.27
2026-04-15T11:30:00+00:00,14448.27
2026-04-15T11:30:00+00:00,14448.27
2026-04-15T11:45:00+00:00,14448.27
2026-04-15T11:45:00+00:00,14448.27
2026-04-15T11:45:00+00:00,14448.27
2026-04-15T12:00:00+00:00,14448.27
2026-04-15T12:00:00+00:00,14448.27
2026-04-15T12:00:00+00:00,14448.27
2026-04-15T12:15:00+00:00,14448.27
2026-04-15T12:15:00+00:00,14448.27
2026-04-15T12:15:00+00:00,14448.27
2026-04-15T12:30:00+00:00,14448.27
2026-04-15T12:30:00+00:00,14448.27
2026-04-15T12:30:00+00:00,14448.27
2026-04-15T12:45:00+00:00,14448.27
2026-04-15T12:45:00+00:00,14448.27
2026-04-15T12:45:00+00:00,14448.27
2026-04-15T13:00:00+00:00,14448.27
2026-04-15T13:00:00+00:00,14448.27
2026-04-15T13:00:00+00:00,14448.27
2026-04-15T13:15:00+00:00,14448.27
2026-04-15T13:15:00+00:00,14448.27
2026-04-15T13:15:00+00:00,14448.27
2026-04-15T13:30:00+00:00,14448.27
2026-04-15T13:30:00+00:00,14448.27
2026-04-15T13:30:00+00:00,14448.27
2026-04-15T13:45:00+00:00,14448.27
2026-04-15T13:45:00+00:00,14448.27
2026-04-15T13:45:00+00:00,14448.27
2026-04-15T14:00:00+00:00,14448.27
2026-04-15T14:00:00+00:00,14448.27
2026-04-15T14:00:00+00:00,14448.27
2026-04-15T14:15:00+00:00,14448.27
2026-04-15T14:15:00+00:00,14448.27
2026-04-15T14:15:00+00:00,14448.27
2026-04-15T14:30:00+00:00,14448.27
2026-04-15T14:30:00+00:00,14448.27
2026-04-15T14:30:00+00:00,14448.27
2026-04-15T14:45:00+00:00,14448.27
2026-04-15T14:45:00+00:00,14448.27
2026-04-15T14:45:00+00:00,14448.27
2026-04-15T15:00:00+00:00,14448.27
2026-04-15T15:00:00+00:00,14448.27
2026-04-15T15:00:00+00:00,14448.27
2026-04-15T15:15:00+00:00,14448.27
2026-04-15T15:15:00+00:00,14448.27
2026-04-15T15:15:00+00:00,14448.27
2026-04-15T15:30:00+00:00,14448.27
2026-04-15T15:30:00+00:00,14448.27
2026-04-15T15:30:00+00:00,14448.27
2026-04-15T15:45:00+00:00,14448.27
2026-04-15T15:45:00+00:00,14448.27
2026-04-15T15:45:00+00:00,14448.27
2026-04-15T16:00:00+00:00,14448.27
2026-04-15T16:00:00+00:00,14448.27
2026-04-15T16:00:00+00:00,14448.27
2026-04-15T16:15:00+00:00,14448.27
2026-04-15T16:15:00+00:00,14448.27
2026-04-15T16:15:00+00:00,14448.27
2026-04-15T16:30:00+00:00,14448.27
2026-04-15T16:30:00+00:00,14448.27
2026-04-15T16:30:00+00:00,14448.27
2026-04-15T16:45:00+00:00,14448.27
2026-04-15T16:45:00+00:00,14448.27
2026-04-15T16:45:00+00:00,14448.27
2026-04-15T17:00:00+00:00,14448.27
2026-04-15T17:00:00+00:00,14448.27
2026-04-15T17:00:00+00:00,14448.27
2026-04-15T17:15:00+00:00,14448.27
2026-04-15T17:15:00+00:00,14448.27
2026-04-15T17:15:00+00:00,14448.27
2026-04-15T17:30:00+00:00,14448.27
2026-04-15T17:30:00+00:00,14448.27
2026-04-15T17:30:00+00:00,14448.27
2026-04-15T17:45:00+00:00,14448.27
2026-04-15T17:45:00+00:00,14448.27
2026-04-15T17:45:00+00:00,14448.27
2026-04-15T18:00:00+00:00,14448.27
2026-04-15T18:00:00+00:00,14448.27
2026-04-15T18:00:00+00:00,14448.27
2026-04-15T18:15:00+00:00,14448.27
2026-04-15T18:15:00+00:00,14448.27
2026-04-15T18:15:00+00:00,14448.27
2026-04-15T18:30:00+00:00,14448.27
2026-04-15T18:30:00+00:00,14448.27
2026-04-15T18:30:00+00:00,14448.27
2026-04-15T18:45:00+00:00,14448.27
2026-04-15T18:45:00+00:00,14448.27
2026-04-15T18:45:00+00:00,14448.27
2026-04-15T19:00:00+00:00,14448.27
2026-04-15T19:00:00+00:00,14448.27
2026-04-15T19:00:00+00:00,14448.27
2026-04-15T19:15:00+00:00,14448.27
2026-04-15T19:15:00+00:00,14448.27
2026-04-15T19:15:00+00:00,14448.27
2026-04-15T19:30:00+00:00,14448.27
2026-04-15T19:30:00+00:00,14448.27
2026-04-15T19:30:00+00:00,14448.27
2026-04-15T19:45:00+00:00,14448.27
2026-04-15T19:45:00+00:00,14448.27
2026-04-15T19:45:00+00:00,14448.27
2026-04-15T20:00:00+00:00,14448.27
2026-04-15T20:00:00+00:00,14448.27
2026-04-15T20:00:00+00:00,14448.27
2026-04-15T20:15:00+00:00,14448.27
2026-04-15T20:15:00+00:00,14448.27
2026-04-15T20:15:00+00:00,14448.27
2026-04-15T20:30:00+00:00,14448.27
2026-04-15T20:30:00+00:00,14448.27
2026-04-15T20:30:00+00:00,14448.27
2026-04-15T20:45:00+00:00,14448.27
2026-04-15T20:45:00+00:00,14448.27
2026-04-15T20:45:00+00:00,14448.27
2026-04-15T21:00:00+00:00,14448.27
2026-04-15T21:00:00+00:00,14448.27
2026-04-15T21:00:00+00:00,14448.27
2026-04-15T21:15:00+00:00,14448.27
2026-04-15T21:15:00+00:00,14448.27
2026-04-15T21:15:00+00:00,14448.27
2026-04-15T21:30:00+00:00,14448.27
2026-04-15T21:30:00+00:00,14448.27
2026-04-15T21:30:00+00:00,14448.27
2026-04-15T21:45:00+00:00,14448.27
2026-04-15T21:45:00+00:00,14448.27
2026-04-15T21:45:00+00:00,14448.27
2026-04-15T22:00:00+00:00,14448.27
2026-04-15T22:00:00+00:00,14448.27
2026-04-15T22:00:00+00:00,14448.27
2026-04-15T22:15:00+00:00,14448.27
2026-04-15T22:15:00+00:00,14448.27
2026-04-15T22:15:00+00:00,14448.27
2026-04-15T22:30:00+00:00,14448.27
2026-04-15T22:30:00+00:00,14448.27
2026-04-15T22:30:00+00:00,14448.27
2026-04-15T22:45:00+00:00,14448.27
2026-04-15T22:45:00+00:00,14448.27
2026-04-15T22:45:00+00:00,14448.27
2026-04-15T23:00:00+00:00,14448.27
2026-04-15T23:00:00+00:00,14448.27
2026-04-15T23:00:00+00:00,14448.27
2026-04-15T23:15:00+00:00,14448.27
2026-04-15T23:15:00+00:00,14448.27
2026-04-15T23:15:00+00:00,14448.27
2026-04-15T23:30:00+00:00,14448.27
2026-04-15T23:30:00+00:00,14448.27
2026-04-15T23:30:00+00:00,14448.27
2026-04-15T23:45:00+00:00,14448.27
2026-04-15T23:45:00+00:00,14448.27
2026-04-15T23:45:00+00:00,14448.27
2026-04-16T00:00:00+00:00,14448.27
2026-04-16T00:00:00+00:00,14448.27
2026-04-16T00:00:00+00:00,14448.27
2026-04-16T00:15:00+00:00,14448.27
2026-04-16T00:15:00+00:00,14448.27
2026-04-16T00:15:00+00:00,14448.27
2026-04-16T00:30:00+00:00,14448.27
2026-04-16T00:30:00+00:00,14448.27
2026-04-16T00:30:00+00:00,14448.27
2026-04-16T00:45:00+00:00,14448.27
2026-04-16T00:45:00+00:00,14448.27
2026-04-16T00:45:00+00:00,14448.27
2026-04-16T01:00:00+00:00,14448.27
2026-04-16T01:00:00+00:00,14448.27
2026-04-16T01:00:00+00:00,14448.27
2026-04-16T01:15:00+00:00,14448.27
2026-04-16T01:15:00+00:00,14448.27
2026-04-16T01:15:00+00:00,14448.27
2026-04-16T01:30:00+00:00,14448.27
2026-04-16T01:30:00+00:00,14448.27
2026-04-16T01:30:00+00:00,14448.27
2026-04-16T01:45:00+00:00,14448.27
2026-04-16T01:45:00+00:00,14448.27
2026-04-16T01:45:00+00:00,14448.27
2026-04-16T02:00:00+00:00,14448.27
2026-04-16T02:00:00+00:00,14448.27
2026-04-16T02:00:00+00:00,14448.27
2026-04-16T02:15:00+00:00,14448.27
2026-04-16T02:15:00+00:00,14448.27
2026-04-16T02:15:00+00:00,14448.27
2026-04-16T02:30:00+00:00,14448.27
2026-04-16T02:30:00+00:00,14448.27
2026-04-16T02:30:00+00:00,14448.27
2026-04-16T02:45:00+00:00,14448.27
2026-04-16T02:45:00+00:00,14448.27
2026-04-16T02:45:00+00:00,14448.27
2026-04-16T03:00:00+00:00,14448.27
2026-04-16T03:00:00+00:00,14448.27
2026-04-16T03:00:00+00:00,14448.27
2026-04-16T03:15:00+00:00,14448.27
2026-04-16T03:15:00+00:00,14448.27
2026-04-16T03:15:00+00:00,14448.27
2026-04-16T03:30:00+00:00,14448.27
2026-04-16T03:30:00+00:00,14448.27
2026-04-16T03:30:00+00:00,14448.27
2026-04-16T03:45:00+00:00,14448.27
2026-04-16T03:45:00+00:00,14448.27
2026-04-16T03:45:00+00:00,14448.27
2026-04-16T04:00:00+00:00,14448.27
2026-04-16T04:00:00+00:00,14448.27
2026-04-16T04:00:00+00:00,14448.27
2026-04-16T04:15:00+00:00,14448.27
2026-04-16T04:15:00+00:00,14448.27
2026-04-16T04:15:00+00:00,14448.27
2026-04-16T04:30:00+00:00,14448.27
2026-04-16T04:30:00+00:00,14448.27
2026-04-16T04:30:00+00:00,14448.27
2026-04-16T04:45:00+00:00,14448.27
2026-04-16T04:45:00+00:00,14448.27
2026-04-16T04:45:00+00:00,14448.27
2026-04-16T05:00:00+00:00,14448.27
2026-04-16T05:00:00+00:00,14448.27
2026-04-16T05:00:00+00:00,14448.27
2026-04-16T05:15:00+00:00,14448.27
2026-04-16T05:15:00+00:00,14448.27
2026-04-16T05:15:00+00:00,14448.27
2026-04-16T05:30:00+00:00,14448.27
2026-04-16T05:30:00+00:00,14448.27
2026-04-16T05:30:00+00:00,14448.27
2026-04-16T05:45:00+00:00,14448.27
2026-04-16T05:45:00+00:00,14448.27
2026-04-16T05:45:00+00:00,14448.27
2026-04-16T06:00:00+00:00,14448.27
2026-04-16T06:00:00+00:00,14448.27
2026-04-16T06:00:00+00:00,14448.27
2026-04-16T06:15:00+00:00,14448.27
2026-04-16T06:15:00+00:00,14448.27
2026-04-16T06:15:00+00:00,14448.27
2026-04-16T06:30:00+00:00,14448.27
2026-04-16T06:30:00+00:00,14448.27
2026-04-16T06:30:00+00:00,14448.27
2026-04-16T06:45:00+00:00,14448.27
2026-04-16T06:45:00+00:00,14448.27
2026-04-16T06:45:00+00:00,14448.27
2026-04-16T07:00:00+00:00,14448.27
2026-04-16T07:00:00+00:00,14448.27
2026-04-16T07:00:00+00:00,14448.27
2026-04-16T07:15:00+00:00,14448.27
2026-04-16T07:15:00+00:00,14448.27
2026-04-16T07:15:00+00:00,14448.27
2026-04-16T07:30:00+00:00,14448.27
2026-04-16T07:30:00+00:00,14448.27
2026-04-16T07:30:00+00:00,14448.27
2026-04-16T07:45:00+00:00,14448.27
2026-04-16T07:45:00+00:00,14448.27
2026-04-16T07:45:00+00:00,14448.27
2026-04-16T08:00:00+00:00,14448.27
2026-04-16T08:00:00+00:00,14448.27
2026-04-16T08:00:00+00:00,14318.99
2026-04-16T08:15:00+00:00,14318.99
2026-04-16T08:15:00+00:00,14318.99
2026-04-16T08:15:00+00:00,14393.72
2026-04-16T08:30:00+00:00,14393.72
2026-04-16T08:30:00+00:00,14393.72
2026-04-16T08:30:00+00:00,14388.61
2026-04-16T08:45:00+00:00,14388.61
2026-04-16T08:45:00+00:00,14388.61
2026-04-16T08:45:00+00:00,14384.90
2026-04-16T09:00:00+00:00,14384.83
2026-04-16T09:00:00+00:00,14384.83
2026-04-16T09:00:00+00:00,14419.18
2026-04-16T09:15:00+00:00,14419.18
2026-04-16T09:15:00+00:00,14419.18
2026-04-16T09:15:00+00:00,14459.10
2026-04-16T09:30:00+00:00,14459.10
2026-04-16T09:30:00+00:00,14459.10
2026-04-16T09:30:00+00:00,14394.58
2026-04-16T09:45:00+00:00,14394.58
2026-04-16T09:45:00+00:00,14394.58
2026-04-16T09:45:00+00:00,14349.10
2026-04-16T10:00:00+00:00,14349.07
2026-04-16T10:00:00+00:00,14349.07
2026-04-16T10:00:00+00:00,14271.09
2026-04-16T10:15:00+00:00,14271.09
2026-04-16T10:15:00+00:00,14271.09
2026-04-16T10:15:00+00:00,14286.88
2026-04-16T10:30:00+00:00,14286.88
2026-04-16T10:30:00+00:00,14286.88
2026-04-16T10:30:00+00:00,14254.38
2026-04-16T10:45:00+00:00,14254.38
2026-04-16T10:45:00+00:00,14254.38
2026-04-16T10:45:00+00:00,14216.32
2026-04-16T11:00:00+00:00,14216.30
2026-04-16T11:00:00+00:00,14216.30
2026-04-16T11:00:00+00:00,14217.93
2026-04-16T11:15:00+00:00,14217.93
2026-04-16T11:15:00+00:00,14217.93
2026-04-16T11:15:00+00:00,14224.66
2026-04-16T11:30:00+00:00,14224.66
2026-04-16T11:30:00+00:00,14224.66
2026-04-16T11:30:00+00:00,14228.89
2026-04-16T11:45:00+00:00,14228.89
2026-04-16T11:45:00+00:00,14228.89
2026-04-16T11:45:00+00:00,14232.49
2026-04-16T12:00:00+00:00,14232.50
2026-04-16T12:00:00+00:00,14232.50
2026-04-16T12:00:00+00:00,14234.82
2026-04-16T12:15:00+00:00,14234.82
2026-04-16T12:15:00+00:00,14234.82
2026-04-16T12:15:00+00:00,14234.62
2026-04-16T12:30:00+00:00,14234.62
2026-04-16T12:30:00+00:00,14234.62
2026-04-16T12:30:00+00:00,14234.46
2026-04-16T12:45:00+00:00,14234.46
2026-04-16T12:45:00+00:00,14234.46
2026-04-16T12:45:00+00:00,14234.39
2026-04-16T13:00:00+00:00,14234.40
2026-04-16T13:00:00+00:00,14234.40
2026-04-16T13:00:00+00:00,14234.58
2026-04-16T13:15:00+00:00,14234.58
2026-04-16T13:15:00+00:00,14234.58
2026-04-16T13:15:00+00:00,14234.65
2026-04-16T13:30:00+00:00,14234.65
2026-04-16T13:30:00+00:00,14234.65
2026-04-16T13:30:00+00:00,14234.47
2026-04-16T13:45:00+00:00,14234.47
2026-04-16T13:45:00+00:00,14234.47
2026-04-16T13:45:00+00:00,14234.27
2026-04-16T14:00:00+00:00,14234.27
2026-04-16T14:00:00+00:00,14234.27
2026-04-16T14:00:00+00:00,14234.27
2026-04-16T14:15:00+00:00,14234.27
2026-04-16T14:15:00+00:00,14234.27
2026-04-16T14:15:00+00:00,14234.27
2026-04-16T14:30:00+00:00,14234.27
2026-04-16T14:30:00+00:00,14234.27
2026-04-16T14:30:00+00:00,14234.27
2026-04-16T14:45:00+00:00,14234.27
2026-04-16T14:45:00+00:00,14234.27
2026-04-16T14:45:00+00:00,14234.27
2026-04-16T15:00:00+00:00,14234.27
2026-04-16T15:00:00+00:00,14234.27
2026-04-16T15:00:00+00:00,14234.27
2026-04-16T15:15:00+00:00,14234.27
2026-04-16T15:15:00+00:00,14234.27
2026-04-16T15:15:00+00:00,14234.27
2026-04-16T15:30:00+00:00,14234.27
2026-04-16T15:30:00+00:00,14234.27
2026-04-16T15:30:00+00:00,14234.27
2026-04-16T15:45:00+00:00,14234.27
2026-04-16T15:45:00+00:00,14234.27
2026-04-16T15:45:00+00:00,14234.27
2026-04-16T16:00:00+00:00,14234.27
2026-04-16T16:00:00+00:00,14234.27
2026-04-16T16:00:00+00:00,14234.27
2026-04-16T16:15:00+00:00,14234.27
2026-04-16T16:15:00+00:00,14234.27
2026-04-16T16:15:00+00:00,14234.27
2026-04-16T16:30:00+00:00,14234.27
2026-04-16T16:30:00+00:00,14234.27
2026-04-16T16:30:00+00:00,14234.27
2026-04-16T16:45:00+00:00,14234.27
2026-04-16T16:45:00+00:00,14234.27
2026-04-16T16:45:00+00:00,14234.27
2026-04-16T17:00:00+00:00,14234.27
2026-04-16T17:00:00+00:00,14234.27
2026-04-16T17:00:00+00:00,14234.27
2026-04-16T17:15:00+00:00,14234.27
2026-04-16T17:15:00+00:00,14234.27
2026-04-16T17:15:00+00:00,14234.27
2026-04-16T17:30:00+00:00,14234.27
2026-04-16T17:30:00+00:00,14234.27
2026-04-16T17:30:00+00:00,14234.27
2026-04-16T17:45:00+00:00,14234.27
2026-04-16T17:45:00+00:00,14234.27
2026-04-16T17:45:00+00:00,14234.27
2026-04-16T18:00:00+00:00,14234.27
2026-04-16T18:00:00+00:00,14234.27
2026-04-16T18:00:00+00:00,14234.27
2026-04-16T18:15:00+00:00,14234.27
2026-04-16T18:15:00+00:00,14234.27
2026-04-16T18:15:00+00:00,14234.27
2026-04-16T18:30:00+00:00,14234.27
2026-04-16T18:30:00+00:00,14234.27
2026-04-16T18:30:00+00:00,14234.27
2026-04-16T18:45:00+00:00,14234.27
2026-04-16T18:45:00+00:00,14234.27
2026-04-16T18:45:00+00:00,14234.27
2026-04-16T19:00:00+00:00,14234.27
2026-04-16T19:00:00+00:00,14234.27
2026-04-16T19:00:00+00:00,14234.27
2026-04-16T19:15:00+00:00,14234.27
2026-04-16T19:15:00+00:00,14234.27
2026-04-16T19:15:00+00:00,14234.27
2026-04-16T19:30:00+00:00,14234.27
2026-04-16T19:30:00+00:00,14234.27
2026-04-16T19:30:00+00:00,14234.27
2026-04-16T19:45:00+00:00,14234.27
2026-04-16T19:45:00+00:00,14234.27
2026-04-16T19:45:00+00:00,14234.27
2026-04-16T20:00:00+00:00,14234.27
2026-04-16T20:00:00+00:00,14234.27
2026-04-16T20:00:00+00:00,14234.27
2026-04-16T20:15:00+00:00,14234.27
2026-04-16T20:15:00+00:00,14234.27
2026-04-16T20:15:00+00:00,14234.27
2026-04-16T20:30:00+00:00,14234.27
2026-04-16T20:30:00+00:00,14234.27
2026-04-16T20:30:00+00:00,14234.27
2026-04-16T20:45:00+00:00,14234.27
2026-04-16T20:45:00+00:00,14234.27
2026-04-16T20:45:00+00:00,14234.27
2026-04-16T21:00:00+00:00,14234.27
2026-04-16T21:00:00+00:00,14234.27
2026-04-16T21:00:00+00:00,14234.27
2026-04-16T21:15:00+00:00,14234.27
2026-04-16T21:15:00+00:00,14234.27
2026-04-16T21:15:00+00:00,14234.27
2026-04-16T21:30:00+00:00,14234.27
2026-04-16T21:30:00+00:00,14234.27
2026-04-16T21:30:00+00:00,14234.27
2026-04-16T21:45:00+00:00,14234.27
2026-04-16T21:45:00+00:00,14234.27
2026-04-16T21:45:00+00:00,14234.27
2026-04-16T22:00:00+00:00,14234.27
2026-04-16T22:00:00+00:00,14234.27
2026-04-16T22:00:00+00:00,14234.27
2026-04-16T22:15:00+00:00,14234.27
2026-04-16T22:15:00+00:00,14234.27
2026-04-16T22:15:00+00:00,14234.27
2026-04-16T22:30:00+00:00,14234.27
2026-04-16T22:30:00+00:00,14234.27
2026-04-16T22:30:00+00:00,14234.27
2026-04-16T22:45:00+00:00,14234.27
2026-04-16T22:45:00+00:00,14234.27
2026-04-16T22:45:00+00:00,14234.27
2026-04-16T23:00:00+00:00,14234.27
2026-04-16T23:00:00+00:00,14234.27
2026-04-16T23:00:00+00:00,14234.27
2026-04-16T23:15:00+00:00,14234.27
2026-04-16T23:15:00+00:00,14234.27
2026-04-16T23:15:00+00:00,14234.27
2026-04-16T23:30:00+00:00,14234.27
2026-04-16T23:30:00+00:00,14234.27
2026-04-16T23:30:00+00:00,14234.27
2026-04-16T23:45:00+00:00,14234.27
2026-04-16T23:45:00+00:00,14234.27
2026-04-16T23:45:00+00:00,14234.27
2026-04-17T00:00:00+00:00,14234.27
2026-04-17T00:00:00+00:00,14234.27
2026-04-17T00:00:00+00:00,14234.27
2026-04-17T00:15:00+00:00,14234.27
2026-04-17T00:15:00+00:00,14234.27
2026-04-17T00:15:00+00:00,14234.27
2026-04-17T00:30:00+00:00,14234.27
2026-04-17T00:30:00+00:00,14234.27
2026-04-17T00:30:00+00:00,14234.27
2026-04-17T00:45:00+00:00,14234.27
2026-04-17T00:45:00+00:00,14234.27
2026-04-17T00:45:00+00:00,14234.27
2026-04-17T01:00:00+00:00,14234.27
2026-04-17T01:00:00+00:00,14234.27
2026-04-17T01:00:00+00:00,14234.27
2026-04-17T01:15:00+00:00,14234.27
2026-04-17T01:15:00+00:00,14234.27
2026-04-17T01:15:00+00:00,14234.27
2026-04-17T01:30:00+00:00,14234.27
2026-04-17T01:30:00+00:00,14234.27
2026-04-17T01:30:00+00:00,14234.27
2026-04-17T01:45:00+00:00,14234.27
2026-04-17T01:45:00+00:00,14234.27
2026-04-17T01:45:00+00:00,14234.27
2026-04-17T02:00:00+00:00,14234.27
2026-04-17T02:00:00+00:00,14234.27
2026-04-17T02:00:00+00:00,14234.27
2026-04-17T02:15:00+00:00,14234.27
2026-04-17T02:15:00+00:00,14234.27
2026-04-17T02:15:00+00:00,14234.27
2026-04-17T02:30:00+00:00,14234.27
2026-04-17T02:30:00+00:00,14234.27
2026-04-17T02:30:00+00:00,14234.27
2026-04-17T02:45:00+00:00,14234.27
2026-04-17T02:45:00+00:00,14234.27
2026-04-17T02:45:00+00:00,14234.27
2026-04-17T03:00:00+00:00,14234.27
2026-04-17T03:00:00+00:00,14234.27
2026-04-17T03:00:00+00:00,14234.27
2026-04-17T03:15:00+00:00,14234.27
2026-04-17T03:15:00+00:00,14234.27
2026-04-17T03:15:00+00:00,14234.27
2026-04-17T03:30:00+00:00,14234.27
2026-04-17T03:30:00+00:00,14234.27
2026-04-17T03:30:00+00:00,14234.27
2026-04-17T03:45:00+00:00,14234.27
2026-04-17T03:45:00+00:00,14234.27
2026-04-17T03:45:00+00:00,14234.27
2026-04-17T04:00:00+00:00,14219.19
2026-04-17T04:00:00+00:00,14236.33
2026-04-17T04:00:00+00:00,14218.49
2026-04-17T04:15:00+00:00,14247.67
2026-04-17T04:15:00+00:00,14282.43
2026-04-17T04:15:00+00:00,14316.84
2026-04-17T04:30:00+00:00,14342.78
2026-04-17T04:30:00+00:00,14373.92
2026-04-17T04:30:00+00:00,14398.80
2026-04-17T04:45:00+00:00,14362.05
2026-04-17T04:45:00+00:00,14315.57
2026-04-17T04:45:00+00:00,14303.54
2026-04-17T05:00:00+00:00,14217.85
2026-04-17T05:00:00+00:00,14114.50
2026-04-17T05:00:00+00:00,14048.57
2026-04-17T05:15:00+00:00,14062.62
2026-04-17T05:15:00+00:00,14066.91
2026-04-17T05:15:00+00:00,14083.50
2026-04-17T05:30:00+00:00,14072.69
2026-04-17T05:30:00+00:00,14072.69
2026-04-17T05:30:00+00:00,14066.47
2026-04-17T05:45:00+00:00,14044.85
2026-04-17T05:45:00+00:00,14044.85
2026-04-17T05:45:00+00:00,14041.53
2026-04-17T06:00:00+00:00,14090.04
2026-04-17T06:00:00+00:00,14110.34
2026-04-17T06:00:00+00:00,14158.03
2026-04-17T06:15:00+00:00,14181.81
2026-04-17T06:15:00+00:00,14201.35
2026-04-17T06:15:00+00:00,14221.25
2026-04-17T06:30:00+00:00,14259.08
2026-04-17T06:30:00+00:00,14290.24
2026-04-17T06:30:00+00:00,14312.22
2026-04-17T06:45:00+00:00,14329.51
2026-04-17T06:45:00+00:00,14341.49
2026-04-17T06:45:00+00:00,14370.93
2026-04-17T07:00:00+00:00,14417.81
2026-04-17T07:00:00+00:00,14485.76
2026-04-17T07:00:00+00:00,14522.67
2026-04-17T07:15:00+00:00,14508.62
2026-04-17T07:15:00+00:00,14467.25
2026-04-17T07:15:00+00:00,14448.59
2026-04-17T07:30:00+00:00,14436.70
2026-04-17T07:30:00+00:00,14438.46
2026-04-17T07:30:00+00:00,14455.87
2026-04-17T07:45:00+00:00,14450.47
2026-04-17T07:45:00+00:00,14448.36
2026-04-17T07:45:00+00:00,14475.31
2026-04-17T08:00:00+00:00,14487.97
2026-04-17T08:00:00+00:00,14515.26
2026-04-17T08:00:00+00:00,14506.55
2026-04-17T08:15:00+00:00,14528.71
2026-04-17T08:15:00+00:00,14547.90
2026-04-17T08:15:00+00:00,14566.14
2026-04-17T08:30:00+00:00,14611.54
2026-04-17T08:30:00+00:00,14641.82
2026-04-17T08:30:00+00:00,14740.92
2026-04-17T08:45:00+00:00,14770.65
2026-04-17T08:45:00+00:00,14835.96
2026-04-17T08:45:00+00:00,15008.88
2026-04-17T09:00:00+00:00,15018.19
2026-04-17T09:00:00+00:00,15003.93
2026-04-17T09:00:00+00:00,14964.25
2026-04-17T09:15:00+00:00,15046.93
2026-04-17T09:15:00+00:00,15124.70
2026-04-17T09:15:00+00:00,15124.70
2026-04-17T09:30:00+00:00,15014.36
2026-04-17T09:30:00+00:00,14929.97
2026-04-17T09:30:00+00:00,14929.97
2026-04-17T09:45:00+00:00,14929.97
2026-04-17T09:45:00+00:00,14929.97
2026-04-17T09:45:00+00:00,14929.97
2026-04-17T10:00:00+00:00,14929.97
2026-04-17T10:00:00+00:00,14929.97
2026-04-17T10:00:00+00:00,14929.97
2026-04-17T10:15:00+00:00,14929.97
2026-04-17T10:15:00+00:00,14929.97
2026-04-17T10:15:00+00:00,14929.97
2026-04-17T10:30:00+00:00,14929.97
2026-04-17T10:30:00+00:00,14929.97
2026-04-17T10:30:00+00:00,14929.97
2026-04-17T10:45:00+00:00,14929.97
2026-04-17T10:45:00+00:00,14929.97
2026-04-17T10:45:00+00:00,14929.97
2026-04-17T11:00:00+00:00,14929.97
2026-04-17T11:00:00+00:00,14930.54
2026-04-17T11:00:00+00:00,14930.54
2026-04-17T11:15:00+00:00,14930.54
2026-04-17T11:15:00+00:00,14982.38
2026-04-17T11:15:00+00:00,14982.38
2026-04-17T11:30:00+00:00,14982.38
2026-04-17T11:30:00+00:00,14987.18
2026-04-17T11:30:00+00:00,14987.18
2026-04-17T11:45:00+00:00,14987.18
2026-04-17T11:45:00+00:00,15031.83
2026-04-17T11:45:00+00:00,15031.83
2026-04-17T12:00:00+00:00,15031.57
2026-04-17T12:00:00+00:00,15025.57
2026-04-17T12:00:00+00:00,15025.57
2026-04-17T12:15:00+00:00,15025.57
2026-04-17T12:15:00+00:00,15029.17
2026-04-17T12:15:00+00:00,15029.17
2026-04-17T12:30:00+00:00,15029.17
2026-04-17T12:30:00+00:00,15028.93
2026-04-17T12:30:00+00:00,15028.93
2026-04-17T12:45:00+00:00,15028.93
2026-04-17T12:45:00+00:00,15195.26
2026-04-17T12:45:00+00:00,15195.26
2026-04-17T13:00:00+00:00,15195.00
2026-04-17T13:00:00+00:00,15420.63
2026-04-17T13:00:00+00:00,15420.63
2026-04-17T13:15:00+00:00,15420.63
2026-04-17T13:15:00+00:00,15381.56
2026-04-17T13:15:00+00:00,15381.56
2026-04-17T13:30:00+00:00,15381.56
2026-04-17T13:30:00+00:00,15390.09
2026-04-17T13:30:00+00:00,15390.09
2026-04-17T13:45:00+00:00,15390.09
2026-04-17T13:45:00+00:00,15400.07
2026-04-17T13:45:00+00:00,15400.07
2026-04-17T14:00:00+00:00,15400.03
2026-04-17T14:00:00+00:00,15393.39
2026-04-17T14:00:00+00:00,15393.39
2026-04-17T14:15:00+00:00,15393.39
2026-04-17T14:15:00+00:00,15393.39
2026-04-17T14:15:00+00:00,15393.39
2026-04-17T14:30:00+00:00,15393.39
2026-04-17T14:30:00+00:00,15393.39
2026-04-17T14:30:00+00:00,15393.39
2026-04-17T14:45:00+00:00,15393.39
2026-04-17T14:45:00+00:00,15393.39
2026-04-17T14:45:00+00:00,15393.39
2026-04-17T15:00:00+00:00,15393.39
2026-04-17T15:00:00+00:00,15393.39
2026-04-17T15:00:00+00:00,15393.39
2026-04-17T15:15:00+00:00,15393.39
2026-04-17T15:15:00+00:00,15393.39
2026-04-17T15:15:00+00:00,15393.39
2026-04-17T15:30:00+00:00,15393.39
2026-04-17T15:30:00+00:00,15393.39
2026-04-17T15:30:00+00:00,15393.39
2026-04-17T15:45:00+00:00,15393.39
2026-04-17T15:45:00+00:00,15393.39
2026-04-17T15:45:00+00:00,15393.39
2026-04-17T16:00:00+00:00,15393.39
2026-04-17T16:00:00+00:00,15393.39
2026-04-17T16:00:00+00:00,15393.39
2026-04-17T16:15:00+00:00,15393.39
2026-04-17T16:15:00+00:00,15393.39
2026-04-17T16:15:00+00:00,15393.39
2026-04-17T16:30:00+00:00,15393.39
2026-04-17T16:30:00+00:00,15393.39
2026-04-17T16:30:00+00:00,15393.39
2026-04-17T16:45:00+00:00,15393.39
2026-04-17T16:45:00+00:00,15393.39
2026-04-17T16:45:00+00:00,15393.39
2026-04-17T17:00:00+00:00,15393.39
2026-04-17T17:00:00+00:00,15393.39
2026-04-17T17:00:00+00:00,15393.39
2026-04-17T17:15:00+00:00,15393.39
2026-04-17T17:15:00+00:00,15393.39
2026-04-17T17:15:00+00:00,15393.39
2026-04-17T17:30:00+00:00,15393.39
2026-04-17T17:30:00+00:00,15393.39
2026-04-17T17:30:00+00:00,15393.39
2026-04-17T17:45:00+00:00,15393.39
2026-04-17T17:45:00+00:00,15393.39
2026-04-17T17:45:00+00:00,15393.39
2026-04-17T18:00:00+00:00,15393.39
2026-04-17T18:00:00+00:00,15393.39
2026-04-17T18:00:00+00:00,15393.39
2026-04-17T18:15:00+00:00,15393.39
2026-04-17T18:15:00+00:00,15393.39
2026-04-17T18:15:00+00:00,15393.39
2026-04-17T18:30:00+00:00,15393.39
2026-04-17T18:30:00+00:00,15393.39
2026-04-17T18:30:00+00:00,15393.39
2026-04-17T18:45:00+00:00,15393.39
2026-04-17T18:45:00+00:00,15393.39
2026-04-17T18:45:00+00:00,15393.39
2026-04-17T19:00:00+00:00,15393.39
2026-04-17T19:00:00+00:00,15393.39
2026-04-17T19:00:00+00:00,15393.39
2026-04-17T19:15:00+00:00,15393.39
2026-04-17T19:15:00+00:00,15393.39
2026-04-17T19:15:00+00:00,15393.39
2026-04-17T19:30:00+00:00,15393.39
2026-04-17T19:30:00+00:00,15393.39
2026-04-17T19:30:00+00:00,15393.39
2026-04-17T19:45:00+00:00,15393.39
2026-04-17T19:45:00+00:00,15393.39
2026-04-17T19:45:00+00:00,15393.39
2026-04-17T20:00:00+00:00,15393.39
2026-04-17T20:00:00+00:00,15393.39
2026-04-17T20:00:00+00:00,15393.39
2026-04-17T20:15:00+00:00,15393.39
2026-04-17T20:15:00+00:00,15393.39
2026-04-17T20:15:00+00:00,15393.39
2026-04-17T20:30:00+00:00,15393.39
2026-04-17T20:30:00+00:00,15393.39
2026-04-17T20:30:00+00:00,15393.39
2026-04-17T20:45:00+00:00,15393.39
2026-04-17T20:45:00+00:00,15393.39
2026-04-17T20:45:00+00:00,15393.39
2026-04-17T21:00:00+00:00,15393.39
2026-04-17T21:00:00+00:00,15393.39
2026-04-17T21:00:00+00:00,15393.39
2026-04-17T21:15:00+00:00,15393.39
2026-04-17T21:15:00+00:00,15393.39
2026-04-17T21:15:00+00:00,15393.39
2026-04-17T21:30:00+00:00,15393.39
2026-04-17T21:30:00+00:00,15393.39
2026-04-17T21:30:00+00:00,15393.39
2026-04-17T21:45:00+00:00,15393.39
2026-04-17T21:45:00+00:00,15393.39
2026-04-17T21:45:00+00:00,15393.39
2026-04-17T22:00:00+00:00,15393.39
2026-04-17T22:00:00+00:00,15393.39
2026-04-17T22:00:00+00:00,15393.39
2026-04-17T22:15:00+00:00,15393.39
2026-04-17T22:15:00+00:00,15393.39
2026-04-17T22:15:00+00:00,15393.39
2026-04-17T22:30:00+00:00,15393.39
2026-04-17T22:30:00+00:00,15393.39
2026-04-17T22:30:00+00:00,15393.39
2026-04-17T22:45:00+00:00,15393.39
2026-04-17T22:45:00+00:00,15393.39
2026-04-17T22:45:00+00:00,15393.39
2026-04-17T23:00:00+00:00,15393.39
2026-04-17T23:00:00+00:00,15302.68
2026-04-17T23:00:00+00:00,15302.68
2026-04-17T23:15:00+00:00,15302.68
2026-04-17T23:15:00+00:00,15253.07
2026-04-17T23:15:00+00:00,15253.07
2026-04-17T23:30:00+00:00,15253.07
2026-04-17T23:30:00+00:00,15229.92
2026-04-17T23:30:00+00:00,15229.92
2026-04-17T23:45:00+00:00,15229.92
2026-04-17T23:45:00+00:00,15247.99
2026-04-17T23:45:00+00:00,15247.99
2026-04-18T00:00:00+00:00,15248.11
2026-04-18T00:00:00+00:00,15247.09
2026-04-18T00:00:00+00:00,15247.09
2026-04-18T00:15:00+00:00,15247.09
2026-04-18T00:15:00+00:00,15293.90
2026-04-18T00:15:00+00:00,15293.90
2026-04-18T00:30:00+00:00,15293.90
2026-04-18T00:30:00+00:00,15235.39
2026-04-18T00:30:00+00:00,15235.39
2026-04-18T00:45:00+00:00,15235.39
2026-04-18T00:45:00+00:00,15298.48
2026-04-18T00:45:00+00:00,15298.48
2026-04-18T01:00:00+00:00,15298.89
2026-04-18T01:00:00+00:00,15326.11
2026-04-18T01:00:00+00:00,15326.11
2026-04-18T01:15:00+00:00,15326.11
2026-04-18T01:15:00+00:00,15335.27
2026-04-18T01:15:00+00:00,15335.27
2026-04-18T01:30:00+00:00,15335.27
2026-04-18T01:30:00+00:00,15263.02
2026-04-18T01:30:00+00:00,15263.02
2026-04-18T01:45:00+00:00,15263.02
2026-04-18T01:45:00+00:00,15274.47
2026-04-18T01:45:00+00:00,15274.47
2026-04-18T02:00:00+00:00,15274.87
2026-04-18T02:00:00+00:00,15281.49
2026-04-18T02:00:00+00:00,15281.49
2026-04-18T02:15:00+00:00,15281.49
2026-04-18T02:15:00+00:00,15288.99
2026-04-18T02:15:00+00:00,15288.99
2026-04-18T02:30:00+00:00,15288.99
2026-04-18T02:30:00+00:00,15286.99
2026-04-18T02:30:00+00:00,15286.99
2026-04-18T02:45:00+00:00,15286.99
2026-04-18T02:45:00+00:00,15286.37
2026-04-18T02:45:00+00:00,15286.37
2026-04-18T03:00:00+00:00,15286.39
2026-04-18T03:00:00+00:00,15285.73
2026-04-18T03:00:00+00:00,15285.73
2026-04-18T03:15:00+00:00,15285.73
2026-04-18T03:15:00+00:00,15285.32
2026-04-18T03:15:00+00:00,15285.32
2026-04-18T03:30:00+00:00,15285.32
2026-04-18T03:30:00+00:00,15285.48
2026-04-18T03:30:00+00:00,15285.48
2026-04-18T03:45:00+00:00,15285.48
2026-04-18T03:45:00+00:00,15284.98
2026-04-18T03:45:00+00:00,15284.98
2026-04-18T04:00:00+00:00,15284.98
2026-04-18T04:00:00+00:00,15285.08
2026-04-18T04:00:00+00:00,15282.70
2026-04-18T04:15:00+00:00,15282.70
2026-04-18T04:15:00+00:00,15282.68
2026-04-18T04:15:00+00:00,15257.67
2026-04-18T04:30:00+00:00,15257.67
2026-04-18T04:30:00+00:00,15257.66
2026-04-18T04:30:00+00:00,15258.44
2026-04-18T04:45:00+00:00,15258.44
2026-04-18T04:45:00+00:00,15258.44
2026-04-18T04:45:00+00:00,15289.70
2026-04-18T05:00:00+00:00,15289.95
2026-04-18T05:00:00+00:00,15289.95
2026-04-18T05:00:00+00:00,15312.62
2026-04-18T05:15:00+00:00,15312.62
2026-04-18T05:15:00+00:00,15312.61
2026-04-18T05:15:00+00:00,15300.63
2026-04-18T05:30:00+00:00,15300.63
2026-04-18T05:30:00+00:00,15300.63
2026-04-18T05:30:00+00:00,15300.37
2026-04-18T05:45:00+00:00,15300.37
2026-04-18T05:45:00+00:00,15300.37
2026-04-18T05:45:00+00:00,15293.07
2026-04-18T06:00:00+00:00,15293.22
2026-04-18T06:00:00+00:00,15293.22
2026-04-18T06:00:00+00:00,15303.64
2026-04-18T06:15:00+00:00,15303.64
2026-04-18T06:15:00+00:00,15303.64
2026-04-18T06:15:00+00:00,15283.84
2026-04-18T06:30:00+00:00,15283.84
2026-04-18T06:30:00+00:00,15283.84
2026-04-18T06:30:00+00:00,15297.13
2026-04-18T06:45:00+00:00,15297.13
2026-04-18T06:45:00+00:00,15297.13
2026-04-18T06:45:00+00:00,15294.00
2026-04-18T07:00:00+00:00,15294.21
2026-04-18T07:00:00+00:00,15294.21
2026-04-18T07:00:00+00:00,15285.88
2026-04-18T07:15:00+00:00,15285.88
2026-04-18T07:15:00+00:00,15285.88
2026-04-18T07:15:00+00:00,15287.24
2026-04-18T07:30:00+00:00,15287.24
2026-04-18T07:30:00+00:00,15287.24
2026-04-18T07:30:00+00:00,15285.81
2026-04-18T07:45:00+00:00,15285.81
2026-04-18T07:45:00+00:00,15285.81
2026-04-18T07:45:00+00:00,15285.78
2026-04-18T08:00:00+00:00,15285.78
2026-04-18T08:00:00+00:00,15285.78
2026-04-18T08:00:00+00:00,15285.78
2026-04-18T08:15:00+00:00,15285.78
2026-04-18T08:15:00+00:00,15285.78
2026-04-18T08:15:00+00:00,15285.78
2026-04-18T08:30:00+00:00,15285.78
2026-04-18T08:30:00+00:00,15285.78
2026-04-18T08:30:00+00:00,15285.78
2026-04-18T08:45:00+00:00,15285.78
2026-04-18T08:45:00+00:00,15285.78
2026-04-18T08:45:00+00:00,15285.78
2026-04-18T09:00:00+00:00,15285.78
2026-04-18T09:00:00+00:00,15285.78
2026-04-18T09:00:00+00:00,15285.78
2026-04-18T09:15:00+00:00,15285.78
2026-04-18T09:15:00+00:00,15285.78
2026-04-18T09:15:00+00:00,15285.78
2026-04-18T09:30:00+00:00,15285.78
2026-04-18T09:30:00+00:00,15285.78
2026-04-18T09:30:00+00:00,15285.78
2026-04-18T09:45:00+00:00,15285.78
2026-04-18T09:45:00+00:00,15285.78
2026-04-18T09:45:00+00:00,15285.78
2026-04-18T10:00:00+00:00,15285.78
2026-04-18T10:00:00+00:00,15285.78
2026-04-18T10:00:00+00:00,15285.78
2026-04-18T10:15:00+00:00,15285.78
2026-04-18T10:15:00+00:00,15285.78
2026-04-18T10:15:00+00:00,15285.78
2026-04-18T10:30:00+00:00,15285.78
2026-04-18T10:30:00+00:00,15285.78
2026-04-18T10:30:00+00:00,15285.78
2026-04-18T10:45:00+00:00,15285.78
2026-04-18T10:45:00+00:00,15285.78
2026-04-18T10:45:00+00:00,15285.78
2026-04-18T11:00:00+00:00,15285.78
2026-04-18T11:00:00+00:00,15285.78
2026-04-18T11:00:00+00:00,15285.78
2026-04-18T11:15:00+00:00,15285.78
2026-04-18T11:15:00+00:00,15285.78
2026-04-18T11:15:00+00:00,15285.78
2026-04-18T11:30:00+00:00,15285.78
2026-04-18T11:30:00+00:00,15285.78
2026-04-18T11:30:00+00:00,15285.78
2026-04-18T11:45:00+00:00,15285.78
2026-04-18T11:45:00+00:00,15285.78
2026-04-18T11:45:00+00:00,15285.78
2026-04-18T12:00:00+00:00,15285.78
2026-04-18T12:00:00+00:00,15285.78
2026-04-18T12:00:00+00:00,15285.78
2026-04-18T12:15:00+00:00,15285.78
2026-04-18T12:15:00+00:00,15285.78
2026-04-18T12:15:00+00:00,15285.78
2026-04-18T12:30:00+00:00,15285.78
2026-04-18T12:30:00+00:00,15285.78
2026-04-18T12:30:00+00:00,15285.78
2026-04-18T12:45:00+00:00,15285.78
2026-04-18T12:45:00+00:00,15285.78
2026-04-18T12:45:00+00:00,15285.78
2026-04-18T13:00:00+00:00,15285.78
2026-04-18T13:00:00+00:00,15285.78
2026-04-18T13:00:00+00:00,15285.78
2026-04-18T13:15:00+00:00,15285.78
2026-04-18T13:15:00+00:00,15285.78
2026-04-18T13:15:00+00:00,15285.78
2026-04-18T13:30:00+00:00,15285.78
2026-04-18T13:30:00+00:00,15285.78
2026-04-18T13:30:00+00:00,15285.78
2026-04-18T13:45:00+00:00,15285.78
2026-04-18T13:45:00+00:00,15285.78
2026-04-18T13:45:00+00:00,15285.78
2026-04-18T14:00:00+00:00,15285.78
2026-04-18T14:00:00+00:00,15285.78
2026-04-18T14:00:00+00:00,15285.78
2026-04-18T14:15:00+00:00,15285.78
2026-04-18T14:15:00+00:00,15285.78
2026-04-18T14:15:00+00:00,15285.78
2026-04-18T14:30:00+00:00,15285.78
2026-04-18T14:30:00+00:00,15285.78
2026-04-18T14:30:00+00:00,15285.78
2026-04-18T14:45:00+00:00,15285.78
2026-04-18T14:45:00+00:00,15285.78
2026-04-18T14:45:00+00:00,15285.78
2026-04-18T15:00:00+00:00,15285.78
2026-04-18T15:00:00+00:00,15285.78
2026-04-18T15:00:00+00:00,15285.78
2026-04-18T15:15:00+00:00,15285.78
2026-04-18T15:15:00+00:00,15285.78
2026-04-18T15:15:00+00:00,15285.78
2026-04-18T15:30:00+00:00,15285.78
2026-04-18T15:30:00+00:00,15285.78
2026-04-18T15:30:00+00:00,15285.78
2026-04-18T15:45:00+00:00,15285.78
2026-04-18T15:45:00+00:00,15285.78
2026-04-18T15:45:00+00:00,15285.78
2026-04-18T16:00:00+00:00,15285.78
2026-04-18T16:00:00+00:00,15285.78
2026-04-18T16:00:00+00:00,15285.78
2026-04-18T16:15:00+00:00,15285.78
2026-04-18T16:15:00+00:00,15285.78
2026-04-18T16:15:00+00:00,15285.78
2026-04-18T16:30:00+00:00,15285.78
2026-04-18T16:30:00+00:00,15285.78
2026-04-18T16:30:00+00:00,15285.78
2026-04-18T16:45:00+00:00,15285.78
2026-04-18T16:45:00+00:00,15285.78
2026-04-18T16:45:00+00:00,15285.78
2026-04-18T17:00:00+00:00,15285.78
2026-04-18T17:00:00+00:00,15285.78
2026-04-18T17:00:00+00:00,15285.78
2026-04-18T17:15:00+00:00,15285.78
2026-04-18T17:15:00+00:00,15285.78
2026-04-18T17:15:00+00:00,15285.78
2026-04-18T17:30:00+00:00,15285.78
2026-04-18T17:30:00+00:00,15285.78
2026-04-18T17:30:00+00:00,15285.78
2026-04-18T17:45:00+00:00,15285.78
2026-04-18T17:45:00+00:00,15285.78
2026-04-18T17:45:00+00:00,15285.78
2026-04-18T18:00:00+00:00,15285.78
2026-04-18T18:00:00+00:00,15285.78
2026-04-18T18:00:00+00:00,15285.78
2026-04-18T18:15:00+00:00,15285.78
2026-04-18T18:15:00+00:00,15285.78
2026-04-18T18:15:00+00:00,15285.78
2026-04-18T18:30:00+00:00,15285.78
2026-04-18T18:30:00+00:00,15285.78
2026-04-18T18:30:00+00:00,15285.78
2026-04-18T18:45:00+00:00,15285.78
2026-04-18T18:45:00+00:00,15285.78
2026-04-18T18:45:00+00:00,15285.78
2026-04-18T19:00:00+00:00,15285.78
2026-04-18T19:00:00+00:00,15285.78
2026-04-18T19:00:00+00:00,15285.78
2026-04-18T19:15:00+00:00,15285.78
2026-04-18T19:15:00+00:00,15285.78
2026-04-18T19:15:00+00:00,15285.78
2026-04-18T19:30:00+00:00,15285.78
2026-04-18T19:30:00+00:00,15285.78
2026-04-18T19:30:00+00:00,15285.78
2026-04-18T19:45:00+00:00,15285.78
2026-04-18T19:45:00+00:00,15285.78
2026-04-18T19:45:00+00:00,15285.78
2026-04-18T20:00:00+00:00,15285.78
2026-04-18T20:00:00+00:00,15285.78
2026-04-18T20:00:00+00:00,15285.78
2026-04-18T20:15:00+00:00,15285.78
2026-04-18T20:15:00+00:00,15285.78
2026-04-18T20:15:00+00:00,15285.78
2026-04-18T20:30:00+00:00,15285.78
2026-04-18T20:30:00+00:00,15285.78
2026-04-18T20:30:00+00:00,15285.78
2026-04-18T20:45:00+00:00,15285.78
2026-04-18T20:45:00+00:00,15285.78
2026-04-18T20:45:00+00:00,15285.78
2026-04-18T21:00:00+00:00,15285.78
2026-04-18T21:00:00+00:00,15285.78
2026-04-18T21:00:00+00:00,15285.78
2026-04-18T21:15:00+00:00,15285.78
2026-04-18T21:15:00+00:00,15285.78
2026-04-18T21:15:00+00:00,15285.78
2026-04-18T21:30:00+00:00,15285.78
2026-04-18T21:30:00+00:00,15285.78
2026-04-18T21:30:00+00:00,15285.78
2026-04-18T21:45:00+00:00,15285.78
2026-04-18T21:45:00+00:00,15285.78
2026-04-18T21:45:00+00:00,15285.78
2026-04-18T22:00:00+00:00,15285.78
2026-04-18T22:00:00+00:00,15285.78
2026-04-18T22:00:00+00:00,15285.78
2026-04-18T22:15:00+00:00,15285.78
2026-04-18T22:15:00+00:00,15285.78
2026-04-18T22:15:00+00:00,15285.78
2026-04-18T22:30:00+00:00,15285.78
2026-04-18T22:30:00+00:00,15285.78
2026-04-18T22:30:00+00:00,15285.78
2026-04-18T22:45:00+00:00,15285.78
2026-04-18T22:45:00+00:00,15285.78
2026-04-18T22:45:00+00:00,15285.78
2026-04-18T23:00:00+00:00,15285.78
2026-04-18T23:00:00+00:00,15285.78
2026-04-18T23:00:00+00:00,15285.78
2026-04-18T23:15:00+00:00,15285.78
2026-04-18T23:15:00+00:00,15285.78
2026-04-18T23:15:00+00:00,15285.78
2026-04-18T23:30:00+00:00,15285.78
2026-04-18T23:30:00+00:00,15285.78
2026-04-18T23:30:00+00:00,15285.78
2026-04-18T23:45:00+00:00,15285.78
2026-04-18T23:45:00+00:00,15285.78
2026-04-18T23:45:00+00:00,15285.78
2026-04-19T00:00:00+00:00,15285.78
2026-04-19T00:00:00+00:00,15285.78
2026-04-19T00:00:00+00:00,15285.78
2026-04-19T00:15:00+00:00,15285.78
2026-04-19T00:15:00+00:00,15285.78
2026-04-19T00:15:00+00:00,15285.78
2026-04-19T00:30:00+00:00,15285.78
2026-04-19T00:30:00+00:00,15285.78
2026-04-19T00:30:00+00:00,15285.78
2026-04-19T00:45:00+00:00,15285.78
2026-04-19T00:45:00+00:00,15285.78
2026-04-19T00:45:00+00:00,15285.78
2026-04-19T01:00:00+00:00,15285.78
2026-04-19T01:00:00+00:00,15285.78
2026-04-19T01:00:00+00:00,15285.78
2026-04-19T01:15:00+00:00,15285.78
2026-04-19T01:15:00+00:00,15285.78
2026-04-19T01:15:00+00:00,15285.78
2026-04-19T01:30:00+00:00,15285.78
2026-04-19T01:30:00+00:00,15285.78
2026-04-19T01:30:00+00:00,15285.78
2026-04-19T01:45:00+00:00,15285.78
2026-04-19T01:45:00+00:00,15285.78
2026-04-19T01:45:00+00:00,15285.78
2026-04-19T02:00:00+00:00,15285.78
2026-04-19T02:00:00+00:00,15285.78
2026-04-19T02:00:00+00:00,15285.78
2026-04-19T02:15:00+00:00,15285.78
2026-04-19T02:15:00+00:00,15285.78
2026-04-19T02:15:00+00:00,15285.78
2026-04-19T02:30:00+00:00,15285.78
2026-04-19T02:30:00+00:00,15285.78
2026-04-19T02:30:00+00:00,15285.78
2026-04-19T02:45:00+00:00,15285.78
2026-04-19T02:45:00+00:00,15285.78
2026-04-19T02:45:00+00:00,15285.78
2026-04-19T03:00:00+00:00,15285.78
2026-04-19T03:00:00+00:00,15285.78
2026-04-19T03:00:00+00:00,15285.78
2026-04-19T03:15:00+00:00,15285.78
2026-04-19T03:15:00+00:00,15285.78
2026-04-19T03:15:00+00:00,15285.78
2026-04-19T03:30:00+00:00,15285.78
2026-04-19T03:30:00+00:00,15285.78
2026-04-19T03:30:00+00:00,15285.78
2026-04-19T03:45:00+00:00,15285.78
2026-04-19T03:45:00+00:00,15285.78
2026-04-19T03:45:00+00:00,15285.78
2026-04-19T04:00:00+00:00,15285.78
2026-04-19T04:00:00+00:00,15285.78
2026-04-19T04:00:00+00:00,15285.78
2026-04-19T04:15:00+00:00,15285.78
2026-04-19T04:15:00+00:00,15285.78
2026-04-19T04:15:00+00:00,15285.78
2026-04-19T04:30:00+00:00,15285.78
2026-04-19T04:30:00+00:00,15285.78
2026-04-19T04:30:00+00:00,15285.78
2026-04-19T04:45:00+00:00,15285.78
2026-04-19T04:45:00+00:00,15285.78
2026-04-19T04:45:00+00:00,15285.78
2026-04-19T05:00:00+00:00,15285.78
2026-04-19T05:00:00+00:00,15285.78
2026-04-19T05:00:00+00:00,15285.78
2026-04-19T05:15:00+00:00,15285.78
2026-04-19T05:15:00+00:00,15285.78
2026-04-19T05:15:00+00:00,15285.78
2026-04-19T05:30:00+00:00,15285.78
2026-04-19T05:30:00+00:00,15285.78
2026-04-19T05:30:00+00:00,15285.78
2026-04-19T05:45:00+00:00,15285.78
2026-04-19T05:45:00+00:00,15285.78
2026-04-19T05:45:00+00:00,15285.78
2026-04-19T06:00:00+00:00,15285.78
2026-04-19T06:00:00+00:00,15285.78
2026-04-19T06:00:00+00:00,15285.78
2026-04-19T06:15:00+00:00,15285.78
2026-04-19T06:15:00+00:00,15285.78
2026-04-19T06:15:00+00:00,15285.78
2026-04-19T06:30:00+00:00,15285.78
2026-04-19T06:30:00+00:00,15285.78
2026-04-19T06:30:00+00:00,15285.78
2026-04-19T06:45:00+00:00,15285.78
2026-04-19T06:45:00+00:00,15285.78
2026-04-19T06:45:00+00:00,15285.78
2026-04-19T07:00:00+00:00,15285.78
2026-04-19T07:00:00+00:00,15285.78
2026-04-19T07:00:00+00:00,15285.78
2026-04-19T07:15:00+00:00,15285.78
2026-04-19T07:15:00+00:00,15285.78
2026-04-19T07:15:00+00:00,15285.78
2026-04-19T07:30:00+00:00,15285.78
2026-04-19T07:30:00+00:00,15285.78
2026-04-19T07:30:00+00:00,15285.78
2026-04-19T07:45:00+00:00,15285.78
2026-04-19T07:45:00+00:00,15285.78
2026-04-19T07:45:00+00:00,15285.78
2026-04-19T08:00:00+00:00,15285.78
2026-04-19T08:00:00+00:00,15285.78
2026-04-19T08:00:00+00:00,15285.78
2026-04-19T08:15:00+00:00,15285.78
2026-04-19T08:15:00+00:00,15285.78
2026-04-19T08:15:00+00:00,15285.78
2026-04-19T08:30:00+00:00,15285.78
2026-04-19T08:30:00+00:00,15285.78
2026-04-19T08:30:00+00:00,15285.78
2026-04-19T08:45:00+00:00,15285.78
2026-04-19T08:45:00+00:00,15285.78
2026-04-19T08:45:00+00:00,15285.78
2026-04-19T09:00:00+00:00,15285.78
2026-04-19T09:00:00+00:00,15285.78
2026-04-19T09:00:00+00:00,15285.78
2026-04-19T09:15:00+00:00,15285.78
2026-04-19T09:15:00+00:00,15285.78
2026-04-19T09:15:00+00:00,15285.78
2026-04-19T09:30:00+00:00,15285.78
2026-04-19T09:30:00+00:00,15285.78
2026-04-19T09:30:00+00:00,15285.78
2026-04-19T09:45:00+00:00,15285.78
2026-04-19T09:45:00+00:00,15285.78
2026-04-19T09:45:00+00:00,15285.78
2026-04-19T10:00:00+00:00,15285.78
2026-04-19T10:00:00+00:00,15285.78
2026-04-19T10:00:00+00:00,15285.78
2026-04-19T10:15:00+00:00,15285.78
2026-04-19T10:15:00+00:00,15285.78
2026-04-19T10:15:00+00:00,15285.78
2026-04-19T10:30:00+00:00,15285.78
2026-04-19T10:30:00+00:00,15285.78
2026-04-19T10:30:00+00:00,15285.78
2026-04-19T10:45:00+00:00,15285.78
2026-04-19T10:45:00+00:00,15285.78
2026-04-19T10:45:00+00:00,15285.78
2026-04-19T11:00:00+00:00,15285.78
2026-04-19T11:00:00+00:00,15285.78
2026-04-19T11:00:00+00:00,15285.78
2026-04-19T11:15:00+00:00,15285.78
2026-04-19T11:15:00+00:00,15285.78
2026-04-19T11:15:00+00:00,15285.78
2026-04-19T11:30:00+00:00,15285.78
2026-04-19T11:30:00+00:00,15285.78
2026-04-19T11:30:00+00:00,15285.78
2026-04-19T11:45:00+00:00,15285.78
2026-04-19T11:45:00+00:00,15285.78
2026-04-19T11:45:00+00:00,15285.78
2026-04-19T12:00:00+00:00,15285.78
2026-04-19T12:00:00+00:00,15285.78
2026-04-19T12:00:00+00:00,15285.78
2026-04-19T12:15:00+00:00,15285.78
2026-04-19T12:15:00+00:00,15285.78
2026-04-19T12:15:00+00:00,15285.78
2026-04-19T12:30:00+00:00,15285.78
2026-04-19T12:30:00+00:00,15285.78
2026-04-19T12:30:00+00:00,15285.78
2026-04-19T12:45:00+00:00,15285.78
2026-04-19T12:45:00+00:00,15285.78
2026-04-19T12:45:00+00:00,15285.78
2026-04-19T13:00:00+00:00,15285.78
2026-04-19T13:00:00+00:00,15285.78
2026-04-19T13:00:00+00:00,15285.78
2026-04-19T13:15:00+00:00,15285.78
2026-04-19T13:15:00+00:00,15285.78
2026-04-19T13:15:00+00:00,15285.78
2026-04-19T13:30:00+00:00,15285.78
2026-04-19T13:30:00+00:00,15285.78
2026-04-19T13:30:00+00:00,15285.78
2026-04-19T13:45:00+00:00,15285.78
2026-04-19T13:45:00+00:00,15285.78
2026-04-19T13:45:00+00:00,15285.78
2026-04-19T14:00:00+00:00,15285.78
2026-04-19T14:00:00+00:00,15285.78
2026-04-19T14:00:00+00:00,15285.78
2026-04-19T14:15:00+00:00,15285.78
2026-04-19T14:15:00+00:00,15285.78
2026-04-19T14:15:00+00:00,15285.78
2026-04-19T14:30:00+00:00,15285.78
2026-04-19T14:30:00+00:00,15285.78
2026-04-19T14:30:00+00:00,15285.78
2026-04-19T14:45:00+00:00,15285.78
2026-04-19T14:45:00+00:00,15285.78
2026-04-19T14:45:00+00:00,15285.78
2026-04-19T15:00:00+00:00,15285.78
2026-04-19T15:00:00+00:00,15285.78
2026-04-19T15:00:00+00:00,15285.78
2026-04-19T15:15:00+00:00,15285.78
2026-04-19T15:15:00+00:00,15285.78
2026-04-19T15:15:00+00:00,15285.78
2026-04-19T15:30:00+00:00,15285.78
2026-04-19T15:30:00+00:00,15285.78
2026-04-19T15:30:00+00:00,15285.78
2026-04-19T15:45:00+00:00,15285.78
2026-04-19T15:45:00+00:00,15285.78
2026-04-19T15:45:00+00:00,15285.78
2026-04-19T16:00:00+00:00,15285.78
2026-04-19T16:00:00+00:00,15285.78
2026-04-19T16:00:00+00:00,15285.78
2026-04-19T16:15:00+00:00,15285.78
2026-04-19T16:15:00+00:00,15285.78
2026-04-19T16:15:00+00:00,15285.78
2026-04-19T16:30:00+00:00,15285.78
2026-04-19T16:30:00+00:00,15285.78
2026-04-19T16:30:00+00:00,15285.78
2026-04-19T16:45:00+00:00,15285.78
2026-04-19T16:45:00+00:00,15285.78
2026-04-19T16:45:00+00:00,15285.78
2026-04-19T17:00:00+00:00,15285.78
2026-04-19T17:00:00+00:00,15285.78
2026-04-19T17:00:00+00:00,15285.78
2026-04-19T17:15:00+00:00,15285.78
2026-04-19T17:15:00+00:00,15285.78
2026-04-19T17:15:00+00:00,15285.78
2026-04-19T17:30:00+00:00,15285.78
2026-04-19T17:30:00+00:00,15285.78
2026-04-19T17:30:00+00:00,15285.78
2026-04-19T17:45:00+00:00,15285.78
2026-04-19T17:45:00+00:00,15285.78
2026-04-19T17:45:00+00:00,15285.78
2026-04-19T18:00:00+00:00,15285.78
2026-04-19T18:00:00+00:00,15285.78
2026-04-19T18:00:00+00:00,15285.78
2026-04-19T18:15:00+00:00,15285.78
2026-04-19T18:15:00+00:00,15285.78
2026-04-19T18:15:00+00:00,15285.78
2026-04-19T18:30:00+00:00,15285.78
2026-04-19T18:30:00+00:00,15285.78
2026-04-19T18:30:00+00:00,15285.78
2026-04-19T18:45:00+00:00,15285.78
2026-04-19T18:45:00+00:00,15285.78
2026-04-19T18:45:00+00:00,15285.78
2026-04-19T19:00:00+00:00,15285.78
2026-04-19T19:00:00+00:00,15285.78
2026-04-19T19:00:00+00:00,15285.78
2026-04-19T19:15:00+00:00,15285.78
2026-04-19T19:15:00+00:00,15285.78
2026-04-19T19:15:00+00:00,15285.78
2026-04-19T19:30:00+00:00,15285.78
2026-04-19T19:30:00+00:00,15285.78
2026-04-19T19:30:00+00:00,15285.78
2026-04-19T19:45:00+00:00,15285.78
2026-04-19T19:45:00+00:00,15285.78
2026-04-19T19:45:00+00:00,15285.78
2026-04-19T20:00:00+00:00,15285.78
2026-04-19T20:00:00+00:00,15285.78
2026-04-19T20:00:00+00:00,15285.78
2026-04-19T20:15:00+00:00,15285.78
2026-04-19T20:15:00+00:00,15285.78
2026-04-19T20:15:00+00:00,15285.78
2026-04-19T20:30:00+00:00,15285.78
2026-04-19T20:30:00+00:00,15285.78
2026-04-19T20:30:00+00:00,15285.78
2026-04-19T20:45:00+00:00,15285.78
2026-04-19T20:45:00+00:00,15285.78
2026-04-19T20:45:00+00:00,15285.78
2026-04-19T21:00:00+00:00,15285.78
2026-04-19T21:00:00+00:00,15285.78
2026-04-19T21:00:00+00:00,15285.78
2026-04-19T21:15:00+00:00,15285.78
2026-04-19T21:15:00+00:00,15285.78
2026-04-19T21:15:00+00:00,15285.78
2026-04-19T21:30:00+00:00,15285.78
2026-04-19T21:30:00+00:00,15285.78
2026-04-19T21:30:00+00:00,15285.78
2026-04-19T21:45:00+00:00,15285.78
2026-04-19T21:45:00+00:00,15285.78
2026-04-19T21:45:00+00:00,15285.78
2026-04-19T22:00:00+00:00,15285.78
2026-04-19T22:00:00+00:00,15285.78
2026-04-19T22:00:00+00:00,15285.78
2026-04-19T22:15:00+00:00,15285.78
2026-04-19T22:15:00+00:00,15285.78
2026-04-19T22:15:00+00:00,15285.78
2026-04-19T22:30:00+00:00,15285.78
2026-04-19T22:30:00+00:00,15285.78
2026-04-19T22:30:00+00:00,15285.78
2026-04-19T22:45:00+00:00,15285.78
2026-04-19T22:45:00+00:00,15285.78
2026-04-19T22:45:00+00:00,15285.78
2026-04-19T23:00:00+00:00,15285.78
2026-04-19T23:00:00+00:00,15285.78
2026-04-19T23:00:00+00:00,15285.78
2026-04-19T23:15:00+00:00,15285.78
2026-04-19T23:15:00+00:00,15285.78
2026-04-19T23:15:00+00:00,15285.78
2026-04-19T23:30:00+00:00,15285.78
2026-04-19T23:30:00+00:00,15285.78
2026-04-19T23:30:00+00:00,15285.78
2026-04-19T23:45:00+00:00,15285.78
2026-04-19T23:45:00+00:00,15285.78
2026-04-19T23:45:00+00:00,15285.78
2026-04-20T00:00:00+00:00,15285.78
2026-04-20T00:00:00+00:00,15285.78
2026-04-20T00:00:00+00:00,15285.78
2026-04-20T00:15:00+00:00,15285.78
2026-04-20T00:15:00+00:00,15285.78
2026-04-20T00:15:00+00:00,15285.78
2026-04-20T00:30:00+00:00,15285.78
2026-04-20T00:30:00+00:00,15285.78
2026-04-20T00:30:00+00:00,15285.78
2026-04-20T00:45:00+00:00,15285.78
2026-04-20T00:45:00+00:00,15285.78
2026-04-20T00:45:00+00:00,15285.78
2026-04-20T01:00:00+00:00,15285.78
2026-04-20T01:00:00+00:00,15285.78
2026-04-20T01:00:00+00:00,15285.78
2026-04-20T01:15:00+00:00,15285.78
2026-04-20T01:15:00+00:00,15285.78
2026-04-20T01:15:00+00:00,15285.78
2026-04-20T01:30:00+00:00,15285.78
2026-04-20T01:30:00+00:00,15285.78
2026-04-20T01:30:00+00:00,15285.78
2026-04-20T01:45:00+00:00,15285.78
2026-04-20T01:45:00+00:00,15285.78
2026-04-20T01:45:00+00:00,15285.78
2026-04-20T02:00:00+00:00,15285.78
2026-04-20T02:00:00+00:00,15285.78
2026-04-20T02:00:00+00:00,15285.78
2026-04-20T02:15:00+00:00,15285.78
2026-04-20T02:15:00+00:00,15285.78
2026-04-20T02:15:00+00:00,15285.78
2026-04-20T02:30:00+00:00,15285.78
2026-04-20T02:30:00+00:00,15285.78
2026-04-20T02:30:00+00:00,15285.78
2026-04-20T02:45:00+00:00,15285.78
2026-04-20T02:45:00+00:00,15285.78
2026-04-20T02:45:00+00:00,15285.78
2026-04-20T03:00:00+00:00,15285.78
2026-04-20T03:00:00+00:00,15285.78
2026-04-20T03:00:00+00:00,15285.78
2026-04-20T03:15:00+00:00,15285.78
2026-04-20T03:15:00+00:00,15285.78
2026-04-20T03:15:00+00:00,15285.78
2026-04-20T03:30:00+00:00,15285.78
2026-04-20T03:30:00+00:00,15285.78
2026-04-20T03:30:00+00:00,15285.78
2026-04-20T03:45:00+00:00,15285.78
2026-04-20T03:45:00+00:00,15285.78
2026-04-20T03:45:00+00:00,15285.78
2026-04-20T04:00:00+00:00,15285.78
2026-04-20T04:00:00+00:00,15285.78
2026-04-20T04:00:00+00:00,15285.78
2026-04-20T04:15:00+00:00,15285.78
2026-04-20T04:15:00+00:00,15285.78
2026-04-20T04:15:00+00:00,15285.78
2026-04-20T04:30:00+00:00,15285.78
2026-04-20T04:30:00+00:00,15285.78
2026-04-20T04:30:00+00:00,15285.78
2026-04-20T04:45:00+00:00,15285.78
2026-04-20T04:45:00+00:00,15285.78
2026-04-20T04:45:00+00:00,15285.78
2026-04-20T05:00:00+00:00,15285.78
2026-04-20T05:00:00+00:00,15285.78
2026-04-20T05:00:00+00:00,15285.78
2026-04-20T05:15:00+00:00,15285.78
2026-04-20T05:15:00+00:00,15285.78
2026-04-20T05:15:00+00:00,15285.78
2026-04-20T05:30:00+00:00,15285.78
2026-04-20T05:30:00+00:00,15285.78
2026-04-20T05:30:00+00:00,15285.78
2026-04-20T05:45:00+00:00,15285.78
2026-04-20T05:45:00+00:00,15285.78
2026-04-20T05:45:00+00:00,15285.78
2026-04-20T06:00:00+00:00,15285.78
2026-04-20T06:00:00+00:00,15285.78
2026-04-20T06:00:00+00:00,15285.78
2026-04-20T06:15:00+00:00,15285.78
2026-04-20T06:15:00+00:00,15285.78
2026-04-20T06:15:00+00:00,15285.78
2026-04-20T06:30:00+00:00,15285.78
2026-04-20T06:30:00+00:00,15285.78
2026-04-20T06:30:00+00:00,15285.78
2026-04-20T06:45:00+00:00,15285.78
2026-04-20T06:45:00+00:00,15285.78
2026-04-20T06:45:00+00:00,15285.78
2026-04-20T07:00:00+00:00,15285.78
2026-04-20T07:00:00+00:00,15285.78
2026-04-20T07:00:00+00:00,15285.78
2026-04-20T07:15:00+00:00,15285.78
2026-04-20T07:15:00+00:00,15285.78
2026-04-20T07:15:00+00:00,15285.78
2026-04-20T07:30:00+00:00,15285.78
2026-04-20T07:30:00+00:00,15285.78
2026-04-20T07:30:00+00:00,15285.78
2026-04-20T07:45:00+00:00,15285.78
2026-04-20T07:45:00+00:00,15285.78
2026-04-20T07:45:00+00:00,15285.78
2026-04-20T08:00:00+00:00,15285.78
2026-04-20T08:00:00+00:00,15285.78
2026-04-20T08:00:00+00:00,15285.78
2026-04-20T08:15:00+00:00,15285.78
2026-04-20T08:15:00+00:00,15285.78
2026-04-20T08:15:00+00:00,15285.78
2026-04-20T08:30:00+00:00,15285.78
2026-04-20T08:30:00+00:00,15285.78
2026-04-20T08:30:00+00:00,15285.78
2026-04-20T08:45:00+00:00,15285.78
2026-04-20T08:45:00+00:00,15285.78
2026-04-20T08:45:00+00:00,15285.78
2026-04-20T09:00:00+00:00,15285.78
2026-04-20T09:00:00+00:00,15285.78
2026-04-20T09:00:00+00:00,15285.78
2026-04-20T09:15:00+00:00,15285.78
2026-04-20T09:15:00+00:00,15285.78
2026-04-20T09:15:00+00:00,15285.78
2026-04-20T09:30:00+00:00,15285.78
2026-04-20T09:30:00+00:00,15285.78
2026-04-20T09:30:00+00:00,15285.78
2026-04-20T09:45:00+00:00,15285.78
2026-04-20T09:45:00+00:00,15285.78
2026-04-20T09:45:00+00:00,15285.78
2026-04-20T10:00:00+00:00,15285.78
2026-04-20T10:00:00+00:00,15285.78
2026-04-20T10:00:00+00:00,15285.78
2026-04-20T10:15:00+00:00,15285.78
2026-04-20T10:15:00+00:00,15285.78
2026-04-20T10:15:00+00:00,15285.78
2026-04-20T10:30:00+00:00,15285.78
2026-04-20T10:30:00+00:00,15285.78
2026-04-20T10:30:00+00:00,15285.78
2026-04-20T10:45:00+00:00,15285.78
2026-04-20T10:45:00+00:00,15285.78
2026-04-20T10:45:00+00:00,15285.78
2026-04-20T11:00:00+00:00,15285.78
2026-04-20T11:00:00+00:00,15199.23
2026-04-20T11:00:00+00:00,15199.23
2026-04-20T11:15:00+00:00,15199.23
2026-04-20T11:15:00+00:00,15192.77
2026-04-20T11:15:00+00:00,15192.77
2026-04-20T11:30:00+00:00,15192.77
2026-04-20T11:30:00+00:00,15136.51
2026-04-20T11:30:00+00:00,15136.51
2026-04-20T11:45:00+00:00,15136.51
2026-04-20T11:45:00+00:00,15185.09
2026-04-20T11:45:00+00:00,15185.09
2026-04-20T12:00:00+00:00,15185.17
2026-04-20T12:00:00+00:00,15145.81
2026-04-20T12:00:00+00:00,15145.81
2026-04-20T12:15:00+00:00,15145.81
2026-04-20T12:15:00+00:00,15092.31
2026-04-20T12:15:00+00:00,15092.31
2026-04-20T12:30:00+00:00,15092.31
2026-04-20T12:30:00+00:00,15177.48
2026-04-20T12:30:00+00:00,15177.48
2026-04-20T12:45:00+00:00,15177.48
2026-04-20T12:45:00+00:00,15108.92
2026-04-20T12:45:00+00:00,15108.92
2026-04-20T13:00:00+00:00,15108.90
2026-04-20T13:00:00+00:00,15090.45
2026-04-20T13:00:00+00:00,15090.45
2026-04-20T13:15:00+00:00,15090.45
2026-04-20T13:15:00+00:00,15143.64
2026-04-20T13:15:00+00:00,15143.64
2026-04-20T13:30:00+00:00,15143.64
2026-04-20T13:30:00+00:00,15119.04
2026-04-20T13:30:00+00:00,15119.04
2026-04-20T13:45:00+00:00,15119.04
2026-04-20T13:45:00+00:00,15107.97
2026-04-20T13:45:00+00:00,15107.97
2026-04-20T14:00:00+00:00,15108.18
2026-04-20T14:00:00+00:00,15150.77
2026-04-20T14:00:00+00:00,15150.77
2026-04-20T14:15:00+00:00,15150.77
2026-04-20T14:15:00+00:00,15118.94
2026-04-20T14:15:00+00:00,15118.94
2026-04-20T14:30:00+00:00,15118.94
2026-04-20T14:30:00+00:00,15125.09
2026-04-20T14:30:00+00:00,15125.09
2026-04-20T14:45:00+00:00,15125.09
2026-04-20T14:45:00+00:00,15135.84
2026-04-20T14:45:00+00:00,15135.84
2026-04-20T15:00:00+00:00,15135.84
2026-04-20T15:00:00+00:00,15135.32
2026-04-20T15:00:00+00:00,15135.32
2026-04-20T15:15:00+00:00,15135.32
2026-04-20T15:15:00+00:00,15127.38
2026-04-20T15:15:00+00:00,15127.38
2026-04-20T15:30:00+00:00,15127.38
2026-04-20T15:30:00+00:00,15127.38
2026-04-20T15:30:00+00:00,15127.38
2026-04-20T15:45:00+00:00,15127.38
2026-04-20T15:45:00+00:00,15127.38
2026-04-20T15:45:00+00:00,15127.38
2026-04-20T16:00:00+00:00,15127.38
2026-04-20T16:00:00+00:00,15127.38
2026-04-20T16:00:00+00:00,15127.38
2026-04-20T16:15:00+00:00,15127.38
2026-04-20T16:15:00+00:00,15127.38
2026-04-20T16:15:00+00:00,15127.38
2026-04-20T16:30:00+00:00,15127.38
2026-04-20T16:30:00+00:00,15127.38
2026-04-20T16:30:00+00:00,15127.38
2026-04-20T16:45:00+00:00,15127.38
2026-04-20T16:45:00+00:00,15127.38
2026-04-20T16:45:00+00:00,15127.38
2026-04-20T17:00:00+00:00,15127.38
2026-04-20T17:00:00+00:00,15127.38
2026-04-20T17:00:00+00:00,15127.38
2026-04-20T17:15:00+00:00,15127.38
2026-04-20T17:15:00+00:00,15127.38
2026-04-20T17:15:00+00:00,15127.38
2026-04-20T17:30:00+00:00,15127.38
2026-04-20T17:30:00+00:00,15127.38
2026-04-20T17:30:00+00:00,15127.38
2026-04-20T17:45:00+00:00,15127.38
2026-04-20T17:45:00+00:00,15127.38
2026-04-20T17:45:00+00:00,15127.38
2026-04-20T18:00:00+00:00,15127.38
2026-04-20T18:00:00+00:00,15127.38
2026-04-20T18:00:00+00:00,15127.38
2026-04-20T18:15:00+00:00,15127.38
2026-04-20T18:15:00+00:00,15127.38
2026-04-20T18:15:00+00:00,15127.38
2026-04-20T18:30:00+00:00,15127.38
2026-04-20T18:30:00+00:00,15127.38
2026-04-20T18:30:00+00:00,15127.38
2026-04-20T18:45:00+00:00,15127.38
2026-04-20T18:45:00+00:00,15127.38
2026-04-20T18:45:00+00:00,15127.38
2026-04-20T19:00:00+00:00,15127.38
2026-04-20T19:00:00+00:00,15127.38
2026-04-20T19:00:00+00:00,15127.38
2026-04-20T19:15:00+00:00,15127.38
2026-04-20T19:15:00+00:00,15127.38
2026-04-20T19:15:00+00:00,15127.38
2026-04-20T19:30:00+00:00,15127.38
2026-04-20T19:30:00+00:00,15127.38
2026-04-20T19:30:00+00:00,15127.38
2026-04-20T19:45:00+00:00,15127.38
2026-04-20T19:45:00+00:00,15127.38
2026-04-20T19:45:00+00:00,15127.38
2026-04-20T20:00:00+00:00,15127.38
2026-04-20T20:00:00+00:00,15127.38
2026-04-20T20:00:00+00:00,15127.38
2026-04-20T20:15:00+00:00,15127.38
2026-04-20T20:15:00+00:00,15127.38
2026-04-20T20:15:00+00:00,15127.38
2026-04-20T20:30:00+00:00,15127.38
2026-04-20T20:30:00+00:00,15127.38
2026-04-20T20:30:00+00:00,15127.38
2026-04-20T20:45:00+00:00,15127.38
2026-04-20T20:45:00+00:00,15127.38
2026-04-20T20:45:00+00:00,15127.38
2026-04-20T21:00:00+00:00,15127.38
2026-04-20T21:00:00+00:00,15127.38
2026-04-20T21:00:00+00:00,15127.38
2026-04-20T21:15:00+00:00,15127.38
2026-04-20T21:15:00+00:00,15127.38
2026-04-20T21:15:00+00:00,15127.38
2026-04-20T21:30:00+00:00,15127.38
2026-04-20T21:30:00+00:00,15127.38
2026-04-20T21:30:00+00:00,15127.38
2026-04-20T21:45:00+00:00,15127.38
2026-04-20T21:45:00+00:00,15127.38
2026-04-20T21:45:00+00:00,15127.38
2026-04-20T22:00:00+00:00,15127.38
2026-04-20T22:00:00+00:00,15127.38
2026-04-20T22:00:00+00:00,15127.38
2026-04-20T22:15:00+00:00,15127.38
2026-04-20T22:15:00+00:00,15127.38
2026-04-20T22:15:00+00:00,15127.38
2026-04-20T22:30:00+00:00,15127.38
2026-04-20T22:30:00+00:00,15127.38
2026-04-20T22:30:00+00:00,15127.38
2026-04-20T22:45:00+00:00,15127.38
2026-04-20T22:45:00+00:00,15127.38
2026-04-20T22:45:00+00:00,15127.38
2026-04-20T23:00:00+00:00,15127.38
2026-04-20T23:00:00+00:00,15127.38
2026-04-20T23:00:00+00:00,15127.38
2026-04-20T23:15:00+00:00,15127.38
2026-04-20T23:15:00+00:00,15127.38
2026-04-20T23:15:00+00:00,15127.38
2026-04-20T23:30:00+00:00,15127.38
2026-04-20T23:30:00+00:00,15127.38
2026-04-20T23:30:00+00:00,15127.38
2026-04-20T23:45:00+00:00,15127.38
2026-04-20T23:45:00+00:00,15127.38
2026-04-20T23:45:00+00:00,15127.38
2026-04-21T00:00:00+00:00,15127.38
2026-04-21T00:00:00+00:00,15127.38
2026-04-21T00:00:00+00:00,15127.38
2026-04-21T00:15:00+00:00,15127.38
2026-04-21T00:15:00+00:00,15127.38
2026-04-21T00:15:00+00:00,15127.38
2026-04-21T00:30:00+00:00,15127.38
2026-04-21T00:30:00+00:00,15127.38
2026-04-21T00:30:00+00:00,15127.38
2026-04-21T00:45:00+00:00,15127.38
2026-04-21T00:45:00+00:00,15127.38
2026-04-21T00:45:00+00:00,15127.38
2026-04-21T01:00:00+00:00,15127.38
2026-04-21T01:00:00+00:00,15127.38
2026-04-21T01:00:00+00:00,15127.38
2026-04-21T01:15:00+00:00,15127.38
2026-04-21T01:15:00+00:00,15127.38
2026-04-21T01:15:00+00:00,15127.38
2026-04-21T01:30:00+00:00,15127.38
2026-04-21T01:30:00+00:00,15127.38
2026-04-21T01:30:00+00:00,15127.38
2026-04-21T01:45:00+00:00,15127.38
2026-04-21T01:45:00+00:00,15127.38
2026-04-21T01:45:00+00:00,15127.38
2026-04-21T02:00:00+00:00,15127.38
2026-04-21T02:00:00+00:00,15127.38
2026-04-21T02:00:00+00:00,15127.38
2026-04-21T02:15:00+00:00,15127.38
2026-04-21T02:15:00+00:00,15127.38
2026-04-21T02:15:00+00:00,15127.38
2026-04-21T02:30:00+00:00,15127.38
2026-04-21T02:30:00+00:00,15127.38
2026-04-21T02:30:00+00:00,15127.38
2026-04-21T02:45:00+00:00,15127.38
2026-04-21T02:45:00+00:00,15127.38
2026-04-21T02:45:00+00:00,15127.38
2026-04-21T03:00:00+00:00,15127.38
2026-04-21T03:00:00+00:00,15127.38
2026-04-21T03:00:00+00:00,15096.83
2026-04-21T03:15:00+00:00,15096.83
2026-04-21T03:15:00+00:00,15096.83
2026-04-21T03:15:00+00:00,15114.22
2026-04-21T03:30:00+00:00,15114.22
2026-04-21T03:30:00+00:00,15114.22
2026-04-21T03:30:00+00:00,15094.57
2026-04-21T03:45:00+00:00,15094.57
2026-04-21T03:45:00+00:00,15094.57
2026-04-21T03:45:00+00:00,15135.14
2026-04-21T04:00:00+00:00,15135.42
2026-04-21T04:00:00+00:00,15135.42
2026-04-21T04:00:00+00:00,15114.00
2026-04-21T04:15:00+00:00,15114.00
2026-04-21T04:15:00+00:00,15114.00
2026-04-21T04:15:00+00:00,15118.79
2026-04-21T04:30:00+00:00,15118.79
2026-04-21T04:30:00+00:00,15118.79
2026-04-21T04:30:00+00:00,15139.46
2026-04-21T04:45:00+00:00,15139.46
2026-04-21T04:45:00+00:00,15139.46
2026-04-21T04:45:00+00:00,15160.37
2026-04-21T05:00:00+00:00,15149.61
2026-04-21T05:00:00+00:00,15149.61
2026-04-21T05:00:00+00:00,15173.04
2026-04-21T05:15:00+00:00,15184.12
2026-04-21T05:15:00+00:00,15184.12
2026-04-21T05:15:00+00:00,15184.12
2026-04-21T05:30:00+00:00,15149.67
2026-04-21T05:30:00+00:00,15149.67
2026-04-21T05:30:00+00:00,15135.56
2026-04-21T05:45:00+00:00,15126.94
2026-04-21T05:45:00+00:00,15126.94
2026-04-21T05:45:00+00:00,15117.37
2026-04-21T06:00:00+00:00,15073.32
2026-04-21T06:00:00+00:00,15073.32
2026-04-21T06:00:00+00:00,15067.02
2026-04-21T06:15:00+00:00,15057.18
2026-04-21T06:15:00+00:00,15057.18
2026-04-21T06:15:00+00:00,15050.62
2026-04-21T06:30:00+00:00,15172.42
2026-04-21T06:30:00+00:00,15172.42
2026-04-21T06:30:00+00:00,15234.92
2026-04-21T06:45:00+00:00,15205.39
2026-04-21T06:45:00+00:00,15205.39
2026-04-21T06:45:00+00:00,15198.84
2026-04-21T07:00:00+00:00,15160.78
2026-04-21T07:00:00+00:00,15160.78
2026-04-21T07:00:00+00:00,15156.50
2026-04-21T07:15:00+00:00,15156.50
2026-04-21T07:15:00+00:00,15156.50
2026-04-21T07:15:00+00:00,15213.20
2026-04-21T07:30:00+00:00,15213.20
2026-04-21T07:30:00+00:00,15213.20
2026-04-21T07:30:00+00:00,15216.98
2026-04-21T07:45:00+00:00,15216.98
2026-04-21T07:45:00+00:00,15216.98
2026-04-21T07:45:00+00:00,15190.02
2026-04-21T08:00:00+00:00,15190.04
2026-04-21T08:00:00+00:00,15190.04
2026-04-21T08:00:00+00:00,15201.63
2026-04-21T08:15:00+00:00,15201.63
2026-04-21T08:15:00+00:00,15201.63
2026-04-21T08:15:00+00:00,15257.07
2026-04-21T08:30:00+00:00,15257.07
2026-04-21T08:30:00+00:00,15257.07
2026-04-21T08:30:00+00:00,15282.27
2026-04-21T08:45:00+00:00,15282.27
2026-04-21T08:45:00+00:00,15282.27
2026-04-21T08:45:00+00:00,15292.92
2026-04-21T09:00:00+00:00,15292.83
2026-04-21T09:00:00+00:00,15292.83
2026-04-21T09:00:00+00:00,15286.21
2026-04-21T09:15:00+00:00,15286.21
2026-04-21T09:15:00+00:00,15286.21
2026-04-21T09:15:00+00:00,15258.05
2026-04-21T09:30:00+00:00,15258.05
2026-04-21T09:30:00+00:00,15258.05
2026-04-21T09:30:00+00:00,15258.05
2026-04-21T09:45:00+00:00,15258.05
2026-04-21T09:45:00+00:00,15258.05
2026-04-21T09:45:00+00:00,15258.05
2026-04-21T10:00:00+00:00,15258.05
2026-04-21T10:00:00+00:00,15258.05
2026-04-21T10:00:00+00:00,15258.05
2026-04-21T10:15:00+00:00,15258.05
2026-04-21T10:15:00+00:00,15258.05
2026-04-21T10:15:00+00:00,15258.05
2026-04-21T10:30:00+00:00,15258.05
2026-04-21T10:30:00+00:00,15258.05
2026-04-21T10:30:00+00:00,15258.05
2026-04-21T10:45:00+00:00,15258.05
2026-04-21T10:45:00+00:00,15258.05
2026-04-21T10:45:00+00:00,15258.05
2026-04-21T11:00:00+00:00,15258.05
2026-04-21T11:00:00+00:00,15258.05
2026-04-21T11:00:00+00:00,15258.05
2026-04-21T11:15:00+00:00,15258.05
2026-04-21T11:15:00+00:00,15258.05
2026-04-21T11:15:00+00:00,15258.05
2026-04-21T11:30:00+00:00,15258.05
2026-04-21T11:30:00+00:00,15258.05
2026-04-21T11:30:00+00:00,15258.05
2026-04-21T11:45:00+00:00,15258.05
2026-04-21T11:45:00+00:00,15258.05
2026-04-21T11:45:00+00:00,15258.05
2026-04-21T12:00:00+00:00,15258.05
2026-04-21T12:00:00+00:00,15258.05
2026-04-21T12:00:00+00:00,15258.05
2026-04-21T12:15:00+00:00,15258.05
2026-04-21T12:15:00+00:00,15258.05
2026-04-21T12:15:00+00:00,15258.05
2026-04-21T12:30:00+00:00,15258.05
2026-04-21T12:30:00+00:00,15258.05
2026-04-21T12:30:00+00:00,15258.05
2026-04-21T12:45:00+00:00,15258.05
2026-04-21T12:45:00+00:00,15258.05
2026-04-21T12:45:00+00:00,15258.05
2026-04-21T13:00:00+00:00,15258.05
2026-04-21T13:00:00+00:00,15258.05
2026-04-21T13:00:00+00:00,15258.05
2026-04-21T13:15:00+00:00,15258.05
2026-04-21T13:15:00+00:00,15258.05
2026-04-21T13:15:00+00:00,15258.05
2026-04-21T13:30:00+00:00,15258.05
2026-04-21T13:30:00+00:00,15258.05
2026-04-21T13:30:00+00:00,15258.05
2026-04-21T13:45:00+00:00,15258.05
2026-04-21T13:45:00+00:00,15258.05
2026-04-21T13:45:00+00:00,15258.05
2026-04-21T14:00:00+00:00,15258.05
2026-04-21T14:00:00+00:00,15258.05
2026-04-21T14:00:00+00:00,15258.05
2026-04-21T14:15:00+00:00,15258.05
2026-04-21T14:15:00+00:00,15258.05
2026-04-21T14:15:00+00:00,15258.05
2026-04-21T14:30:00+00:00,15258.05
2026-04-21T14:30:00+00:00,15258.05
2026-04-21T14:30:00+00:00,15258.05
2026-04-21T14:45:00+00:00,15258.05
2026-04-21T14:45:00+00:00,15258.05
2026-04-21T14:45:00+00:00,15258.05
2026-04-21T15:00:00+00:00,15258.05
2026-04-21T15:00:00+00:00,15258.05
2026-04-21T15:00:00+00:00,15258.05
2026-04-21T15:15:00+00:00,15258.05
2026-04-21T15:15:00+00:00,15258.05
2026-04-21T15:15:00+00:00,15258.05
2026-04-21T15:30:00+00:00,15258.05
2026-04-21T15:30:00+00:00,15258.05
2026-04-21T15:30:00+00:00,15258.05
2026-04-21T15:45:00+00:00,15258.05
2026-04-21T15:45:00+00:00,15258.05
2026-04-21T15:45:00+00:00,15258.05
2026-04-21T16:00:00+00:00,15258.05
2026-04-21T16:00:00+00:00,15258.05
2026-04-21T16:00:00+00:00,15258.05
2026-04-21T16:15:00+00:00,15258.05
2026-04-21T16:15:00+00:00,15258.05
2026-04-21T16:15:00+00:00,15258.05
2026-04-21T16:30:00+00:00,15258.05
2026-04-21T16:30:00+00:00,15258.05
2026-04-21T16:30:00+00:00,15258.05
2026-04-21T16:45:00+00:00,15258.05
2026-04-21T16:45:00+00:00,15258.05
2026-04-21T16:45:00+00:00,15258.05
2026-04-21T17:00:00+00:00,15258.05
2026-04-21T17:00:00+00:00,15258.05
2026-04-21T17:00:00+00:00,15258.05
2026-04-21T17:15:00+00:00,15258.05
2026-04-21T17:15:00+00:00,15258.05
2026-04-21T17:15:00+00:00,15258.05
2026-04-21T17:30:00+00:00,15258.05
2026-04-21T17:30:00+00:00,15258.05
2026-04-21T17:30:00+00:00,15258.05
2026-04-21T17:45:00+00:00,15258.05
2026-04-21T17:45:00+00:00,15258.05
2026-04-21T17:45:00+00:00,15258.05
2026-04-21T18:00:00+00:00,15258.05
2026-04-21T18:00:00+00:00,15258.05
2026-04-21T18:00:00+00:00,15258.05
2026-04-21T18:15:00+00:00,15258.05
2026-04-21T18:15:00+00:00,15258.05
2026-04-21T18:15:00+00:00,15258.05
2026-04-21T18:30:00+00:00,15258.05
2026-04-21T18:30:00+00:00,15258.05
2026-04-21T18:30:00+00:00,15258.05
2026-04-21T18:45:00+00:00,15258.05
2026-04-21T18:45:00+00:00,15258.05
2026-04-21T18:45:00+00:00,15258.05
2026-04-21T19:00:00+00:00,15258.05
2026-04-21T19:00:00+00:00,15258.05
2026-04-21T19:00:00+00:00,15258.05
2026-04-21T19:15:00+00:00,15258.05
2026-04-21T19:15:00+00:00,15258.05
2026-04-21T19:15:00+00:00,15258.05
2026-04-21T19:30:00+00:00,15258.05
2026-04-21T19:30:00+00:00,15258.05
2026-04-21T19:30:00+00:00,15258.05
2026-04-21T19:45:00+00:00,15258.05
2026-04-21T19:45:00+00:00,15258.05
2026-04-21T19:45:00+00:00,15258.05
2026-04-21T20:00:00+00:00,15258.05
2026-04-21T20:00:00+00:00,15258.05
2026-04-21T20:00:00+00:00,15258.05
2026-04-21T20:15:00+00:00,15258.05
2026-04-21T20:15:00+00:00,15258.05
2026-04-21T20:15:00+00:00,15258.05
2026-04-21T20:30:00+00:00,15258.05
2026-04-21T20:30:00+00:00,15258.05
2026-04-21T20:30:00+00:00,15258.05
2026-04-21T20:45:00+00:00,15258.05
2026-04-21T20:45:00+00:00,15258.05
2026-04-21T20:45:00+00:00,15258.05
2026-04-21T21:00:00+00:00,15258.05
2026-04-21T21:00:00+00:00,15258.05
2026-04-21T21:00:00+00:00,15258.05
2026-04-21T21:15:00+00:00,15258.05
2026-04-21T21:15:00+00:00,15258.05
2026-04-21T21:15:00+00:00,15258.05
2026-04-21T21:30:00+00:00,15258.05
2026-04-21T21:30:00+00:00,15258.05
2026-04-21T21:30:00+00:00,15258.05
2026-04-21T21:45:00+00:00,15258.05
2026-04-21T21:45:00+00:00,15258.05
2026-04-21T21:45:00+00:00,15258.05
2026-04-21T22:00:00+00:00,15258.05
2026-04-21T22:00:00+00:00,15258.05
2026-04-21T22:00:00+00:00,15258.05
2026-04-21T22:15:00+00:00,15258.05
2026-04-21T22:15:00+00:00,15258.05
2026-04-21T22:15:00+00:00,15258.05
2026-04-21T22:30:00+00:00,15258.05
2026-04-21T22:30:00+00:00,15258.05
2026-04-21T22:30:00+00:00,15258.05
2026-04-21T22:45:00+00:00,15258.05
2026-04-21T22:45:00+00:00,15258.05
2026-04-21T22:45:00+00:00,15258.05
2026-04-21T23:00:00+00:00,15258.05
2026-04-21T23:00:00+00:00,15258.05
2026-04-21T23:00:00+00:00,15258.05
2026-04-21T23:15:00+00:00,15258.05
2026-04-21T23:15:00+00:00,15258.05
2026-04-21T23:15:00+00:00,15258.05
2026-04-21T23:30:00+00:00,15258.05
2026-04-21T23:30:00+00:00,15258.05
2026-04-21T23:30:00+00:00,15258.05
2026-04-21T23:45:00+00:00,15258.05
2026-04-21T23:45:00+00:00,15258.05
2026-04-21T23:45:00+00:00,15258.05
2026-04-22T00:00:00+00:00,15258.05
2026-04-22T00:00:00+00:00,15258.05
2026-04-22T00:00:00+00:00,15258.05
2026-04-22T00:15:00+00:00,15258.05
2026-04-22T00:15:00+00:00,15258.05
2026-04-22T00:15:00+00:00,15258.05
2026-04-22T00:30:00+00:00,15258.05
2026-04-22T00:30:00+00:00,15258.05
2026-04-22T00:30:00+00:00,15258.05
2026-04-22T00:45:00+00:00,15258.05
2026-04-22T00:45:00+00:00,15258.05
2026-04-22T00:45:00+00:00,15258.05
2026-04-22T01:00:00+00:00,15258.05
2026-04-22T01:00:00+00:00,15258.05
2026-04-22T01:00:00+00:00,15258.05
2026-04-22T01:15:00+00:00,15258.05
2026-04-22T01:15:00+00:00,15258.05
2026-04-22T01:15:00+00:00,15258.05
2026-04-22T01:30:00+00:00,15258.05
2026-04-22T01:30:00+00:00,15258.05
2026-04-22T01:30:00+00:00,15258.05
2026-04-22T01:45:00+00:00,15258.05
2026-04-22T01:45:00+00:00,15258.05
2026-04-22T01:45:00+00:00,15258.05
2026-04-22T02:00:00+00:00,15258.05
2026-04-22T02:00:00+00:00,15258.05
2026-04-22T02:00:00+00:00,15258.05
2026-04-22T02:15:00+00:00,15258.05
2026-04-22T02:15:00+00:00,15258.05
2026-04-22T02:15:00+00:00,15258.05
2026-04-22T02:30:00+00:00,15258.05
2026-04-22T02:30:00+00:00,15258.05
2026-04-22T02:30:00+00:00,15258.05
2026-04-22T02:45:00+00:00,15258.05
2026-04-22T02:45:00+00:00,15258.05
2026-04-22T02:45:00+00:00,15258.05
2026-04-22T03:00:00+00:00,15258.05
2026-04-22T03:00:00+00:00,15258.05
2026-04-22T03:00:00+00:00,15258.05
2026-04-22T03:15:00+00:00,15258.05
2026-04-22T03:15:00+00:00,15258.05
2026-04-22T03:15:00+00:00,15258.05
2026-04-22T03:30:00+00:00,15258.05
2026-04-22T03:30:00+00:00,15258.05
2026-04-22T03:30:00+00:00,15258.05
2026-04-22T03:45:00+00:00,15258.05
2026-04-22T03:45:00+00:00,15258.05
2026-04-22T03:45:00+00:00,15258.05
2026-04-22T04:00:00+00:00,15258.05
2026-04-22T04:00:00+00:00,15258.05
2026-04-22T04:00:00+00:00,15258.05
2026-04-22T04:15:00+00:00,15258.05
2026-04-22T04:15:00+00:00,15258.05
2026-04-22T04:15:00+00:00,15258.05
2026-04-22T04:30:00+00:00,15258.05
2026-04-22T04:30:00+00:00,15258.05
2026-04-22T04:30:00+00:00,15258.05
2026-04-22T04:45:00+00:00,15258.05
2026-04-22T04:45:00+00:00,15258.05
2026-04-22T04:45:00+00:00,15258.05
2026-04-22T05:00:00+00:00,15258.05
2026-04-22T05:00:00+00:00,15258.05
2026-04-22T05:00:00+00:00,15258.05
2026-04-22T05:15:00+00:00,15258.05
2026-04-22T05:15:00+00:00,15258.05
2026-04-22T05:15:00+00:00,15258.05
2026-04-22T05:30:00+00:00,15258.05
2026-04-22T05:30:00+00:00,15258.05
2026-04-22T05:30:00+00:00,15258.05
2026-04-22T05:45:00+00:00,15258.05
2026-04-22T05:45:00+00:00,15258.05
2026-04-22T05:45:00+00:00,15258.05
2026-04-22T06:00:00+00:00,15258.05
2026-04-22T06:00:00+00:00,15258.05
2026-04-22T06:00:00+00:00,15258.05
2026-04-22T06:15:00+00:00,15258.05
2026-04-22T06:15:00+00:00,15258.05
2026-04-22T06:15:00+00:00,15258.05
2026-04-22T06:30:00+00:00,15258.05
2026-04-22T06:30:00+00:00,15258.05
2026-04-22T06:30:00+00:00,15258.05
2026-04-22T06:45:00+00:00,15258.05
2026-04-22T06:45:00+00:00,15258.05
2026-04-22T06:45:00+00:00,15258.05
2026-04-22T07:00:00+00:00,15258.05
2026-04-22T07:00:00+00:00,15258.05
2026-04-22T07:00:00+00:00,15258.05
2026-04-22T07:15:00+00:00,15258.05
2026-04-22T07:15:00+00:00,15258.05
2026-04-22T07:15:00+00:00,15258.05
2026-04-22T07:30:00+00:00,15258.05
2026-04-22T07:30:00+00:00,15258.05
2026-04-22T07:30:00+00:00,15258.05
2026-04-22T07:45:00+00:00,15258.05
2026-04-22T07:45:00+00:00,15258.05
2026-04-22T07:45:00+00:00,15258.05
2026-04-22T08:00:00+00:00,15258.05
2026-04-22T08:00:00+00:00,15258.05
2026-04-22T08:00:00+00:00,15258.05
2026-04-22T08:15:00+00:00,15258.05
2026-04-22T08:15:00+00:00,15258.05
2026-04-22T08:15:00+00:00,15258.05
2026-04-22T08:30:00+00:00,15258.05
2026-04-22T08:30:00+00:00,15258.05
2026-04-22T08:30:00+00:00,15258.05
2026-04-22T08:45:00+00:00,15258.05
2026-04-22T08:45:00+00:00,15258.05
2026-04-22T08:45:00+00:00,15258.05
2026-04-22T09:00:00+00:00,15258.05
2026-04-22T09:00:00+00:00,15258.05
2026-04-22T09:00:00+00:00,15258.05
2026-04-22T09:15:00+00:00,15258.05
2026-04-22T09:15:00+00:00,15258.05
2026-04-22T09:15:00+00:00,15258.05
2026-04-22T09:30:00+00:00,15258.05
2026-04-22T09:30:00+00:00,15258.05
2026-04-22T09:30:00+00:00,15258.05
2026-04-22T09:45:00+00:00,15258.05
2026-04-22T09:45:00+00:00,15258.05
2026-04-22T09:45:00+00:00,15258.05
2026-04-22T10:00:00+00:00,15258.05
2026-04-22T10:00:00+00:00,15258.05
2026-04-22T10:00:00+00:00,15258.05
2026-04-22T10:15:00+00:00,15258.05
2026-04-22T10:15:00+00:00,15258.05
2026-04-22T10:15:00+00:00,15258.05
2026-04-22T10:30:00+00:00,15258.05
2026-04-22T10:30:00+00:00,15258.05
2026-04-22T10:30:00+00:00,15258.05
2026-04-22T10:45:00+00:00,15258.05
2026-04-22T10:45:00+00:00,15258.05
2026-04-22T10:45:00+00:00,15258.05
2026-04-22T11:00:00+00:00,15258.05
2026-04-22T11:00:00+00:00,15258.05
2026-04-22T11:00:00+00:00,15258.05
2026-04-22T11:15:00+00:00,15258.05
2026-04-22T11:15:00+00:00,15258.05
2026-04-22T11:15:00+00:00,15258.05
2026-04-22T11:30:00+00:00,15258.05
2026-04-22T11:30:00+00:00,15258.05
2026-04-22T11:30:00+00:00,15258.05
2026-04-22T11:45:00+00:00,15258.05
2026-04-22T11:45:00+00:00,15258.05
2026-04-22T11:45:00+00:00,15258.05
2026-04-22T12:00:00+00:00,15258.05
2026-04-22T12:00:00+00:00,15258.05
2026-04-22T12:00:00+00:00,15258.05
2026-04-22T12:15:00+00:00,15258.05
2026-04-22T12:15:00+00:00,15258.05
2026-04-22T12:15:00+00:00,15258.05
2026-04-22T12:30:00+00:00,15258.05
2026-04-22T12:30:00+00:00,15258.05
2026-04-22T12:30:00+00:00,15258.05
2026-04-22T12:45:00+00:00,15258.05
2026-04-22T12:45:00+00:00,15258.05
2026-04-22T12:45:00+00:00,15258.05
2026-04-22T13:00:00+00:00,15258.05
2026-04-22T13:00:00+00:00,15258.05
2026-04-22T13:00:00+00:00,15258.05
2026-04-22T13:15:00+00:00,15258.05
2026-04-22T13:15:00+00:00,15258.05
2026-04-22T13:15:00+00:00,15258.05
2026-04-22T13:30:00+00:00,15258.05
2026-04-22T13:30:00+00:00,15258.05
2026-04-22T13:30:00+00:00,15258.05
2026-04-22T13:45:00+00:00,15258.05
2026-04-22T13:45:00+00:00,15258.05
2026-04-22T13:45:00+00:00,15258.05
2026-04-22T14:00:00+00:00,15258.05
2026-04-22T14:00:00+00:00,15258.05
2026-04-22T14:00:00+00:00,15258.05
2026-04-22T14:15:00+00:00,15258.05
2026-04-22T14:15:00+00:00,15258.05
2026-04-22T14:15:00+00:00,15258.05
2026-04-22T14:30:00+00:00,15258.05
2026-04-22T14:30:00+00:00,15258.05
2026-04-22T14:30:00+00:00,15258.05
2026-04-22T14:45:00+00:00,15258.05
2026-04-22T14:45:00+00:00,15258.05
2026-04-22T14:45:00+00:00,15258.05
2026-04-22T15:00:00+00:00,15258.05
2026-04-22T15:00:00+00:00,15258.05
2026-04-22T15:00:00+00:00,15258.05
2026-04-22T15:15:00+00:00,15258.05
2026-04-22T15:15:00+00:00,15258.05
2026-04-22T15:15:00+00:00,15258.05
2026-04-22T15:30:00+00:00,15258.05
2026-04-22T15:30:00+00:00,15258.05
2026-04-22T15:30:00+00:00,15258.05
2026-04-22T15:45:00+00:00,15258.05
2026-04-22T15:45:00+00:00,15258.05
2026-04-22T15:45:00+00:00,15258.05
2026-04-22T16:00:00+00:00,15258.05
2026-04-22T16:00:00+00:00,15258.05
2026-04-22T16:00:00+00:00,15258.05
2026-04-22T16:15:00+00:00,15258.05
2026-04-22T16:15:00+00:00,15258.05
2026-04-22T16:15:00+00:00,15258.05
2026-04-22T16:30:00+00:00,15258.05
2026-04-22T16:30:00+00:00,15258.05
2026-04-22T16:30:00+00:00,15258.05
2026-04-22T16:45:00+00:00,15258.05
2026-04-22T16:45:00+00:00,15258.05
2026-04-22T16:45:00+00:00,15258.05
2026-04-22T17:00:00+00:00,15258.05
2026-04-22T17:00:00+00:00,15258.05
2026-04-22T17:00:00+00:00,15258.05
2026-04-22T17:15:00+00:00,15258.05
2026-04-22T17:15:00+00:00,15258.05
2026-04-22T17:15:00+00:00,15258.05
2026-04-22T17:30:00+00:00,15258.05
2026-04-22T17:30:00+00:00,15258.05
2026-04-22T17:30:00+00:00,15258.05
2026-04-22T17:45:00+00:00,15258.05
2026-04-22T17:45:00+00:00,15258.05
2026-04-22T17:45:00+00:00,15258.05
2026-04-22T18:00:00+00:00,15258.05
2026-04-22T18:00:00+00:00,15258.05
2026-04-22T18:00:00+00:00,15258.05
2026-04-22T18:15:00+00:00,15258.05
2026-04-22T18:15:00+00:00,15258.05
2026-04-22T18:15:00+00:00,15258.05
2026-04-22T18:30:00+00:00,15258.05
2026-04-22T18:30:00+00:00,15258.05
2026-04-22T18:30:00+00:00,15258.05
2026-04-22T18:45:00+00:00,15258.05
2026-04-22T18:45:00+00:00,15258.05
2026-04-22T18:45:00+00:00,15258.05
2026-04-22T19:00:00+00:00,15258.05
2026-04-22T19:00:00+00:00,15258.05
2026-04-22T19:00:00+00:00,15258.05
2026-04-22T19:15:00+00:00,15258.05
2026-04-22T19:15:00+00:00,15258.05
2026-04-22T19:15:00+00:00,15258.05
2026-04-22T19:30:00+00:00,15258.05
2026-04-22T19:30:00+00:00,15258.05
2026-04-22T19:30:00+00:00,15258.05
2026-04-22T19:45:00+00:00,15258.05
2026-04-22T19:45:00+00:00,15258.05
2026-04-22T19:45:00+00:00,15258.05
2026-04-22T20:00:00+00:00,15258.05
2026-04-22T20:00:00+00:00,15258.05
2026-04-22T20:00:00+00:00,15258.05
2026-04-22T20:15:00+00:00,15258.05
2026-04-22T20:15:00+00:00,15258.05
2026-04-22T20:15:00+00:00,15258.05
2026-04-22T20:30:00+00:00,15258.05
2026-04-22T20:30:00+00:00,15258.05
2026-04-22T20:30:00+00:00,15258.05
2026-04-22T20:45:00+00:00,15258.05
2026-04-22T20:45:00+00:00,15258.05
2026-04-22T20:45:00+00:00,15258.05
2026-04-22T21:00:00+00:00,15258.05
2026-04-22T21:00:00+00:00,15258.05
2026-04-22T21:00:00+00:00,15274.36
2026-04-22T21:15:00+00:00,15274.36
2026-04-22T21:15:00+00:00,15274.36
2026-04-22T21:15:00+00:00,15272.58
2026-04-22T21:30:00+00:00,15272.58
2026-04-22T21:30:00+00:00,15272.58
2026-04-22T21:30:00+00:00,15316.80
2026-04-22T21:45:00+00:00,15316.80
2026-04-22T21:45:00+00:00,15316.80
2026-04-22T21:45:00+00:00,15320.36
2026-04-22T22:00:00+00:00,15320.79
2026-04-22T22:00:00+00:00,15320.79
2026-04-22T22:00:00+00:00,15320.79
2026-04-22T22:15:00+00:00,15320.79
2026-04-22T22:15:00+00:00,15320.79
2026-04-22T22:15:00+00:00,15263.09
2026-04-22T22:30:00+00:00,15263.09
2026-04-22T22:30:00+00:00,15263.09
2026-04-22T22:30:00+00:00,15254.19
2026-04-22T22:45:00+00:00,15254.19
2026-04-22T22:45:00+00:00,15254.19
2026-04-22T22:45:00+00:00,15279.87
2026-04-22T23:00:00+00:00,15280.02
2026-04-22T23:00:00+00:00,15280.02
2026-04-22T23:00:00+00:00,15268.59
2026-04-22T23:15:00+00:00,15268.59
2026-04-22T23:15:00+00:00,15268.59
2026-04-22T23:15:00+00:00,15211.65
2026-04-22T23:30:00+00:00,15211.65
2026-04-22T23:30:00+00:00,15211.65
2026-04-22T23:30:00+00:00,15211.91
2026-04-22T23:45:00+00:00,15211.91
2026-04-22T23:45:00+00:00,15211.91
2026-04-22T23:45:00+00:00,15211.91
2026-04-23T00:00:00+00:00,15211.91
2026-04-23T00:00:00+00:00,15211.91
2026-04-23T00:00:00+00:00,15211.91
2026-04-23T00:15:00+00:00,15211.91
2026-04-23T00:15:00+00:00,15211.91
2026-04-23T00:15:00+00:00,15211.91
2026-04-23T00:30:00+00:00,15211.91
2026-04-23T00:30:00+00:00,15211.91
2026-04-23T00:30:00+00:00,15211.91
2026-04-23T00:45:00+00:00,15211.91
2026-04-23T00:45:00+00:00,15211.91
2026-04-23T00:45:00+00:00,15211.91
2026-04-23T01:00:00+00:00,15211.91
2026-04-23T01:00:00+00:00,15211.91
2026-04-23T01:00:00+00:00,15211.91
2026-04-23T01:15:00+00:00,15211.91
2026-04-23T01:15:00+00:00,15211.91
2026-04-23T01:15:00+00:00,15211.91
2026-04-23T01:30:00+00:00,15211.91
2026-04-23T01:30:00+00:00,15211.91
2026-04-23T01:30:00+00:00,15211.91
2026-04-23T01:45:00+00:00,15211.91
2026-04-23T01:45:00+00:00,15211.91
2026-04-23T01:45:00+00:00,15211.91
2026-04-23T02:00:00+00:00,15211.91
2026-04-23T02:00:00+00:00,15211.91
2026-04-23T02:00:00+00:00,15211.91
2026-04-23T02:15:00+00:00,15211.91
2026-04-23T02:15:00+00:00,15211.91
2026-04-23T02:15:00+00:00,15211.91
2026-04-23T02:30:00+00:00,15211.91
2026-04-23T02:30:00+00:00,15211.91
2026-04-23T02:30:00+00:00,15211.91
2026-04-23T02:45:00+00:00,15211.91
2026-04-23T02:45:00+00:00,15211.91
2026-04-23T02:45:00+00:00,15211.91
2026-04-23T03:00:00+00:00,15211.91
2026-04-23T03:00:00+00:00,15211.91
2026-04-23T03:00:00+00:00,15211.91
2026-04-23T03:15:00+00:00,15211.91
2026-04-23T03:15:00+00:00,15211.91
2026-04-23T03:15:00+00:00,15211.91
2026-04-23T03:30:00+00:00,15211.91
2026-04-23T03:30:00+00:00,15211.91
2026-04-23T03:30:00+00:00,15211.91
2026-04-23T03:45:00+00:00,15211.91
2026-04-23T03:45:00+00:00,15211.91
2026-04-23T03:45:00+00:00,15211.91
2026-04-23T04:00:00+00:00,15211.91
2026-04-23T04:00:00+00:00,15211.91
2026-04-23T04:00:00+00:00,15211.91
2026-04-23T04:15:00+00:00,15211.91
2026-04-23T04:15:00+00:00,15211.91
2026-04-23T04:15:00+00:00,15211.91
2026-04-23T04:30:00+00:00,15211.91
2026-04-23T04:30:00+00:00,15211.91
2026-04-23T04:30:00+00:00,15211.91
2026-04-23T04:45:00+00:00,15211.91
2026-04-23T04:45:00+00:00,15211.91
2026-04-23T04:45:00+00:00,15211.91
2026-04-23T05:00:00+00:00,15211.91
2026-04-23T05:00:00+00:00,15211.91
2026-04-23T05:00:00+00:00,15211.91
2026-04-23T05:15:00+00:00,15211.91
2026-04-23T05:15:00+00:00,15211.91
2026-04-23T05:15:00+00:00,15211.91
2026-04-23T05:30:00+00:00,15211.91
2026-04-23T05:30:00+00:00,15211.91
2026-04-23T05:30:00+00:00,15211.91
2026-04-23T05:45:00+00:00,15211.91
2026-04-23T05:45:00+00:00,15211.91
2026-04-23T05:45:00+00:00,15211.91
2026-04-23T06:00:00+00:00,15211.91
2026-04-23T06:00:00+00:00,15211.91
2026-04-23T06:00:00+00:00,15211.91
2026-04-23T06:15:00+00:00,15211.91
2026-04-23T06:15:00+00:00,15211.91
2026-04-23T06:15:00+00:00,15211.91
2026-04-23T06:30:00+00:00,15211.91
2026-04-23T06:30:00+00:00,15211.91
2026-04-23T06:30:00+00:00,15211.91
2026-04-23T06:45:00+00:00,15211.91
2026-04-23T06:45:00+00:00,15211.91
2026-04-23T06:45:00+00:00,15211.91
2026-04-23T07:00:00+00:00,15211.91
2026-04-23T07:00:00+00:00,15211.91
2026-04-23T07:00:00+00:00,15211.91
2026-04-23T07:15:00+00:00,15211.91
2026-04-23T07:15:00+00:00,15211.91
2026-04-23T07:15:00+00:00,15211.91
2026-04-23T07:30:00+00:00,15211.91
2026-04-23T07:30:00+00:00,15211.91
2026-04-23T07:30:00+00:00,15211.91
2026-04-23T07:45:00+00:00,15211.91
2026-04-23T07:45:00+00:00,15211.91
2026-04-23T07:45:00+00:00,15211.91
2026-04-23T08:00:00+00:00,15211.91
2026-04-23T08:00:00+00:00,15211.91
2026-04-23T08:00:00+00:00,15211.91
2026-04-23T08:15:00+00:00,15211.91
2026-04-23T08:15:00+00:00,15211.91
2026-04-23T08:15:00+00:00,15211.91
2026-04-23T08:30:00+00:00,15211.91
2026-04-23T08:30:00+00:00,15211.91
2026-04-23T08:30:00+00:00,15211.91
2026-04-23T08:45:00+00:00,15211.91
2026-04-23T08:45:00+00:00,15211.91
2026-04-23T08:45:00+00:00,15211.91
2026-04-23T09:00:00+00:00,15211.91
2026-04-23T09:00:00+00:00,15211.91
2026-04-23T09:00:00+00:00,15211.91
2026-04-23T09:15:00+00:00,15211.91
2026-04-23T09:15:00+00:00,15211.91
2026-04-23T09:15:00+00:00,15211.91
2026-04-23T09:30:00+00:00,15211.91
2026-04-23T09:30:00+00:00,15211.91
2026-04-23T09:30:00+00:00,15211.91
2026-04-23T09:45:00+00:00,15211.91
2026-04-23T09:45:00+00:00,15211.91
2026-04-23T09:45:00+00:00,15211.91
2026-04-23T10:00:00+00:00,15211.91
2026-04-23T10:00:00+00:00,15211.91
2026-04-23T10:00:00+00:00,15211.91
2026-04-23T10:15:00+00:00,15211.91
2026-04-23T10:15:00+00:00,15211.91
2026-04-23T10:15:00+00:00,15211.91
2026-04-23T10:30:00+00:00,15211.91
2026-04-23T10:30:00+00:00,15211.91
2026-04-23T10:30:00+00:00,15211.91
2026-04-23T10:45:00+00:00,15211.91
2026-04-23T10:45:00+00:00,15211.91
2026-04-23T10:45:00+00:00,15211.91
2026-04-23T11:00:00+00:00,15211.91
2026-04-23T11:00:00+00:00,15211.91
2026-04-23T11:00:00+00:00,15211.91
2026-04-23T11:15:00+00:00,15211.91
2026-04-23T11:15:00+00:00,15211.91
2026-04-23T11:15:00+00:00,15211.91
2026-04-23T11:30:00+00:00,15211.91
2026-04-23T11:30:00+00:00,15211.91
2026-04-23T11:30:00+00:00,15211.91
2026-04-23T11:45:00+00:00,15211.91
2026-04-23T11:45:00+00:00,15211.91
2026-04-23T11:45:00+00:00,15211.91
2026-04-23T12:00:00+00:00,15211.91
2026-04-23T12:00:00+00:00,15211.91
2026-04-23T12:00:00+00:00,15211.91
2026-04-23T12:15:00+00:00,15211.91
2026-04-23T12:15:00+00:00,15211.91
2026-04-23T12:15:00+00:00,15211.91
2026-04-23T12:30:00+00:00,15211.91
2026-04-23T12:30:00+00:00,15211.91
2026-04-23T12:30:00+00:00,15211.91
2026-04-23T12:45:00+00:00,15211.91
2026-04-23T12:45:00+00:00,15211.91
2026-04-23T12:45:00+00:00,15211.91
2026-04-23T13:00:00+00:00,15211.91
2026-04-23T13:00:00+00:00,15211.91
2026-04-23T13:00:00+00:00,15211.91
2026-04-23T13:15:00+00:00,15211.91
2026-04-23T13:15:00+00:00,15211.91
2026-04-23T13:15:00+00:00,15211.91
2026-04-23T13:30:00+00:00,15211.91
2026-04-23T13:30:00+00:00,15211.91
2026-04-23T13:30:00+00:00,15211.91
2026-04-23T13:45:00+00:00,15211.91
2026-04-23T13:45:00+00:00,15211.91
2026-04-23T13:45:00+00:00,15211.91
2026-04-23T14:00:00+00:00,15211.91
2026-04-23T14:00:00+00:00,15211.91
2026-04-23T14:00:00+00:00,15211.91
2026-04-23T14:15:00+00:00,15211.91
2026-04-23T14:15:00+00:00,15211.91
2026-04-23T14:15:00+00:00,15211.91
2026-04-23T14:30:00+00:00,15211.91
2026-04-23T14:30:00+00:00,15211.91
2026-04-23T14:30:00+00:00,15211.91
2026-04-23T14:45:00+00:00,15211.91
2026-04-23T14:45:00+00:00,15211.91
2026-04-23T14:45:00+00:00,15211.91
2026-04-23T15:00:00+00:00,15211.91
2026-04-23T15:00:00+00:00,15211.91
2026-04-23T15:00:00+00:00,15211.91
2026-04-23T15:15:00+00:00,15211.91
2026-04-23T15:15:00+00:00,15211.91
2026-04-23T15:15:00+00:00,15211.91
2026-04-23T15:30:00+00:00,15211.91
2026-04-23T15:30:00+00:00,15211.91
2026-04-23T15:30:00+00:00,15211.91
2026-04-23T15:45:00+00:00,15211.91
2026-04-23T15:45:00+00:00,15211.91
2026-04-23T15:45:00+00:00,15211.91
2026-04-23T16:00:00+00:00,15211.91
2026-04-23T16:00:00+00:00,15211.91
2026-04-23T16:00:00+00:00,15211.91
2026-04-23T16:15:00+00:00,15211.91
2026-04-23T16:15:00+00:00,15211.91
2026-04-23T16:15:00+00:00,15211.91
2026-04-23T16:30:00+00:00,15211.91
2026-04-23T16:30:00+00:00,15211.91
2026-04-23T16:30:00+00:00,15211.91
2026-04-23T16:45:00+00:00,15211.91
2026-04-23T16:45:00+00:00,15211.91
2026-04-23T16:45:00+00:00,15211.91
2026-04-23T17:00:00+00:00,15211.91
2026-04-23T17:00:00+00:00,15211.91
2026-04-23T17:00:00+00:00,15211.91
2026-04-23T17:15:00+00:00,15211.91
2026-04-23T17:15:00+00:00,15211.91
2026-04-23T17:15:00+00:00,15211.91
2026-04-23T17:30:00+00:00,15211.91
2026-04-23T17:30:00+00:00,15211.91
2026-04-23T17:30:00+00:00,15211.91
2026-04-23T17:45:00+00:00,15211.91
2026-04-23T17:45:00+00:00,15211.91
2026-04-23T17:45:00+00:00,15211.91
2026-04-23T18:00:00+00:00,15211.91
2026-04-23T18:00:00+00:00,15211.91
2026-04-23T18:00:00+00:00,15211.91
2026-04-23T18:15:00+00:00,15211.91
2026-04-23T18:15:00+00:00,15211.91
2026-04-23T18:15:00+00:00,15211.91
2026-04-23T18:30:00+00:00,15211.91
2026-04-23T18:30:00+00:00,15211.91
2026-04-23T18:30:00+00:00,15211.91
2026-04-23T18:45:00+00:00,15211.91
2026-04-23T18:45:00+00:00,15211.91
2026-04-23T18:45:00+00:00,15211.91
2026-04-23T19:00:00+00:00,15211.91
2026-04-23T19:00:00+00:00,15211.91
2026-04-23T19:00:00+00:00,15211.91
2026-04-23T19:15:00+00:00,15211.91
2026-04-23T19:15:00+00:00,15211.91
2026-04-23T19:15:00+00:00,15211.91
2026-04-23T19:30:00+00:00,15211.91
2026-04-23T19:30:00+00:00,15211.91
2026-04-23T19:30:00+00:00,15211.91
2026-04-23T19:45:00+00:00,15211.91
2026-04-23T19:45:00+00:00,15211.91
2026-04-23T19:45:00+00:00,15211.91
2026-04-23T20:00:00+00:00,15211.91
2026-04-23T20:00:00+00:00,15211.91
2026-04-23T20:00:00+00:00,15211.91
2026-04-23T20:15:00+00:00,15211.91
2026-04-23T20:15:00+00:00,15211.91
2026-04-23T20:15:00+00:00,15211.91
2026-04-23T20:30:00+00:00,15211.91
2026-04-23T20:30:00+00:00,15211.91
2026-04-23T20:30:00+00:00,15211.91
2026-04-23T20:45:00+00:00,15211.91
2026-04-23T20:45:00+00:00,15211.91
2026-04-23T20:45:00+00:00,15211.91
2026-04-23T21:00:00+00:00,15211.91
2026-04-23T21:00:00+00:00,15211.91
2026-04-23T21:00:00+00:00,15211.91
2026-04-23T21:15:00+00:00,15211.91
2026-04-23T21:15:00+00:00,15211.91
2026-04-23T21:15:00+00:00,15211.91
2026-04-23T21:30:00+00:00,15211.91
2026-04-23T21:30:00+00:00,15211.91
2026-04-23T21:30:00+00:00,15211.91
2026-04-23T21:45:00+00:00,15211.91
2026-04-23T21:45:00+00:00,15211.91
2026-04-23T21:45:00+00:00,15211.91
2026-04-23T22:00:00+00:00,15211.91
2026-04-23T22:00:00+00:00,15211.91
2026-04-23T22:00:00+00:00,15211.91
2026-04-23T22:15:00+00:00,15211.91
2026-04-23T22:15:00+00:00,15211.91
2026-04-23T22:15:00+00:00,15211.91
2026-04-23T22:30:00+00:00,15211.91
2026-04-23T22:30:00+00:00,15211.91
2026-04-23T22:30:00+00:00,15211.91
2026-04-23T22:45:00+00:00,15211.91
2026-04-23T22:45:00+00:00,15211.91
2026-04-23T22:45:00+00:00,15211.91
2026-04-23T23:00:00+00:00,15211.91
2026-04-23T23:00:00+00:00,15211.91
2026-04-23T23:00:00+00:00,15211.91
2026-04-23T23:15:00+00:00,15211.91
2026-04-23T23:15:00+00:00,15211.91
2026-04-23T23:15:00+00:00,15211.91
2026-04-23T23:30:00+00:00,15211.91
2026-04-23T23:30:00+00:00,15211.91
2026-04-23T23:30:00+00:00,15211.91
2026-04-23T23:45:00+00:00,15211.91
2026-04-23T23:45:00+00:00,15211.91
2026-04-23T23:45:00+00:00,15211.91
2026-04-24T00:00:00+00:00,15211.91
2026-04-24T00:00:00+00:00,15211.91
2026-04-24T00:00:00+00:00,15211.91
2026-04-24T00:15:00+00:00,15211.91
2026-04-24T00:15:00+00:00,15211.91
2026-04-24T00:15:00+00:00,15211.91
2026-04-24T00:30:00+00:00,15211.91
2026-04-24T00:30:00+00:00,15211.91
2026-04-24T00:30:00+00:00,15211.91
2026-04-24T00:45:00+00:00,15211.91
2026-04-24T00:45:00+00:00,15211.91
2026-04-24T00:45:00+00:00,15211.91
2026-04-24T01:00:00+00:00,15211.91
2026-04-24T01:00:00+00:00,15211.91
2026-04-24T01:00:00+00:00,15211.91
2026-04-24T01:15:00+00:00,15211.91
2026-04-24T01:15:00+00:00,15211.91
2026-04-24T01:15:00+00:00,15211.91
2026-04-24T01:30:00+00:00,15211.91
2026-04-24T01:30:00+00:00,15211.91
2026-04-24T01:30:00+00:00,15211.91
2026-04-24T01:45:00+00:00,15211.91
2026-04-24T01:45:00+00:00,15211.91
2026-04-24T01:45:00+00:00,15211.91
2026-04-24T02:00:00+00:00,15211.91
2026-04-24T02:00:00+00:00,15211.91
2026-04-24T02:00:00+00:00,15211.91
2026-04-24T02:15:00+00:00,15211.91
2026-04-24T02:15:00+00:00,15211.91
2026-04-24T02:15:00+00:00,15211.91
2026-04-24T02:30:00+00:00,15211.91
2026-04-24T02:30:00+00:00,15211.91
2026-04-24T02:30:00+00:00,15211.91
2026-04-24T02:45:00+00:00,15211.91
2026-04-24T02:45:00+00:00,15211.91
2026-04-24T02:45:00+00:00,15211.91
2026-04-24T03:00:00+00:00,15211.91
2026-04-24T03:00:00+00:00,15211.91
2026-04-24T03:00:00+00:00,15211.91
2026-04-24T03:15:00+00:00,15211.91
2026-04-24T03:15:00+00:00,15211.91
2026-04-24T03:15:00+00:00,15211.91
2026-04-24T03:30:00+00:00,15211.91
2026-04-24T03:30:00+00:00,15211.91
2026-04-24T03:30:00+00:00,15211.91
2026-04-24T03:45:00+00:00,15211.91
2026-04-24T03:45:00+00:00,15211.91
2026-04-24T03:45:00+00:00,15211.91
2026-04-24T04:00:00+00:00,15195.62
2026-04-24T04:00:00+00:00,15195.62
2026-04-24T04:00:00+00:00,15195.62
2026-04-24T04:15:00+00:00,15165.08
2026-04-24T04:15:00+00:00,15165.08
2026-04-24T04:15:00+00:00,15165.08
2026-04-24T04:30:00+00:00,15162.24
2026-04-24T04:30:00+00:00,15162.24
2026-04-24T04:30:00+00:00,15162.24
2026-04-24T04:45:00+00:00,15175.02
2026-04-24T04:45:00+00:00,15175.02
2026-04-24T04:45:00+00:00,15175.02
2026-04-24T05:00:00+00:00,15151.12
2026-04-24T05:00:00+00:00,15151.12
2026-04-24T05:00:00+00:00,15151.12
2026-04-24T05:15:00+00:00,15164.62
2026-04-24T05:15:00+00:00,15164.62
2026-04-24T05:15:00+00:00,15164.62
2026-04-24T05:30:00+00:00,15197.29
2026-04-24T05:30:00+00:00,15197.29
2026-04-24T05:30:00+00:00,15197.29
2026-04-24T05:45:00+00:00,15236.36
2026-04-24T05:45:00+00:00,15236.36
2026-04-24T05:45:00+00:00,15236.36
2026-04-24T06:00:00+00:00,15239.29
2026-04-24T06:00:00+00:00,15239.29
2026-04-24T06:00:00+00:00,15239.29
2026-04-24T06:15:00+00:00,15225.08
2026-04-24T06:15:00+00:00,15225.08
2026-04-24T06:15:00+00:00,15225.08
2026-04-24T06:30:00+00:00,15201.64
2026-04-24T06:30:00+00:00,15201.64
2026-04-24T06:30:00+00:00,15201.64
2026-04-24T06:45:00+00:00,15194.54
2026-04-24T06:45:00+00:00,15194.54
2026-04-24T06:45:00+00:00,15194.54
2026-04-24T07:00:00+00:00,15211.28
2026-04-24T07:00:00+00:00,15211.28
2026-04-24T07:00:00+00:00,15211.28
2026-04-24T07:15:00+00:00,15212.52
2026-04-24T07:15:00+00:00,15212.52
2026-04-24T07:15:00+00:00,15212.52
2026-04-24T07:30:00+00:00,15211.54
2026-04-24T07:30:00+00:00,15211.54
2026-04-24T07:30:00+00:00,15211.54
2026-04-24T07:45:00+00:00,15210.92
2026-04-24T07:45:00+00:00,15210.92
2026-04-24T07:45:00+00:00,15210.92
2026-04-24T08:00:00+00:00,15210.79
2026-04-24T08:00:00+00:00,15210.79
2026-04-24T08:00:00+00:00,15210.79
2026-04-24T08:15:00+00:00,15211.44
2026-04-24T08:15:00+00:00,15211.44
2026-04-24T08:15:00+00:00,15211.44
2026-04-24T08:30:00+00:00,15211.10
2026-04-24T08:30:00+00:00,15211.10
2026-04-24T08:30:00+00:00,15211.10
2026-04-24T08:45:00+00:00,15211.21
2026-04-24T08:45:00+00:00,15211.21
2026-04-24T08:45:00+00:00,15211.21
2026-04-24T09:00:00+00:00,15210.82
2026-04-24T09:00:00+00:00,15210.82
2026-04-24T09:00:00+00:00,15210.82
2026-04-24T09:15:00+00:00,15210.82
2026-04-24T09:15:00+00:00,15210.82
2026-04-24T09:15:00+00:00,15210.82
2026-04-24T09:30:00+00:00,15210.82
2026-04-24T09:30:00+00:00,15210.82
2026-04-24T09:30:00+00:00,15210.82
2026-04-24T09:45:00+00:00,15210.82
2026-04-24T09:45:00+00:00,15210.82
2026-04-24T09:45:00+00:00,15210.82
2026-04-24T10:00:00+00:00,15164.50
2026-04-24T10:00:00+00:00,15164.50
2026-04-24T10:00:00+00:00,15164.50
2026-04-24T10:15:00+00:00,15221.33
2026-04-24T10:15:00+00:00,15221.33
2026-04-24T10:15:00+00:00,15221.33
2026-04-24T10:30:00+00:00,15222.40
2026-04-24T10:30:00+00:00,15222.40
2026-04-24T10:30:00+00:00,15222.40
2026-04-24T10:45:00+00:00,15243.84
2026-04-24T10:45:00+00:00,15243.84
2026-04-24T10:45:00+00:00,15243.84
2026-04-24T11:00:00+00:00,15269.67
2026-04-24T11:00:00+00:00,15269.67
2026-04-24T11:00:00+00:00,15269.67
2026-04-24T11:15:00+00:00,15412.27
2026-04-24T11:15:00+00:00,15412.27
2026-04-24T11:15:00+00:00,15412.27
2026-04-24T11:30:00+00:00,15401.54
2026-04-24T11:30:00+00:00,15401.54
2026-04-24T11:30:00+00:00,15401.54
2026-04-24T11:45:00+00:00,15375.81
2026-04-24T11:45:00+00:00,15375.81
2026-04-24T11:45:00+00:00,15375.81
2026-04-24T12:00:00+00:00,15411.36
2026-04-24T12:00:00+00:00,15411.36
2026-04-24T12:00:00+00:00,15411.36
2026-04-24T12:15:00+00:00,15375.98
2026-04-24T12:15:00+00:00,15375.98
2026-04-24T12:15:00+00:00,15375.98
2026-04-24T12:30:00+00:00,15329.88
2026-04-24T12:30:00+00:00,15329.88
2026-04-24T12:30:00+00:00,15329.88
2026-04-24T12:45:00+00:00,15345.96
2026-04-24T12:45:00+00:00,15345.96
2026-04-24T12:45:00+00:00,15345.96
2026-04-24T13:00:00+00:00,15369.54
2026-04-24T13:00:00+00:00,15369.54
2026-04-24T13:00:00+00:00,15369.54
2026-04-24T13:15:00+00:00,15321.29
2026-04-24T13:15:00+00:00,15321.29
2026-04-24T13:15:00+00:00,15321.29
2026-04-24T13:30:00+00:00,15298.78
2026-04-24T13:30:00+00:00,15298.78
2026-04-24T13:30:00+00:00,15298.78
2026-04-24T13:45:00+00:00,15210.34
2026-04-24T13:45:00+00:00,15210.34
2026-04-24T13:45:00+00:00,15210.34
2026-04-24T14:00:00+00:00,15210.34
2026-04-24T14:00:00+00:00,15210.34
2026-04-24T14:00:00+00:00,15210.34
2026-04-24T14:15:00+00:00,15210.34
2026-04-24T14:15:00+00:00,15210.34
2026-04-24T14:15:00+00:00,15210.34
2026-04-24T14:30:00+00:00,15210.34
2026-04-24T14:30:00+00:00,15210.34
2026-04-24T14:30:00+00:00,15210.34
2026-04-24T14:45:00+00:00,15210.34
2026-04-24T14:45:00+00:00,15210.34
2026-04-24T14:45:00+00:00,15210.34
2026-04-24T15:00:00+00:00,15210.34
2026-04-24T15:00:00+00:00,15210.34
2026-04-24T15:00:00+00:00,15210.34
2026-04-24T15:15:00+00:00,15210.34
2026-04-24T15:15:00+00:00,15210.34
2026-04-24T15:15:00+00:00,15210.34
2026-04-24T15:30:00+00:00,15210.34
2026-04-24T15:30:00+00:00,15210.34
2026-04-24T15:30:00+00:00,15210.34
2026-04-24T15:45:00+00:00,15210.34
2026-04-24T15:45:00+00:00,15210.34
2026-04-24T15:45:00+00:00,15210.34
2026-04-24T16:00:00+00:00,15210.34
2026-04-24T16:00:00+00:00,15210.34
2026-04-24T16:00:00+00:00,15210.34
2026-04-24T16:15:00+00:00,15210.34
2026-04-24T16:15:00+00:00,15210.34
2026-04-24T16:15:00+00:00,15210.34
2026-04-24T16:30:00+00:00,15210.34
2026-04-24T16:30:00+00:00,15210.34
2026-04-24T16:30:00+00:00,15210.34
2026-04-24T16:45:00+00:00,15210.34
2026-04-24T16:45:00+00:00,15210.34
2026-04-24T16:45:00+00:00,15210.34
2026-04-24T17:00:00+00:00,15210.34
2026-04-24T17:00:00+00:00,15210.34
2026-04-24T17:00:00+00:00,15210.34
2026-04-24T17:15:00+00:00,15210.34
2026-04-24T17:15:00+00:00,15210.34
2026-04-24T17:15:00+00:00,15210.34
2026-04-24T17:30:00+00:00,15210.34
2026-04-24T17:30:00+00:00,15210.34
2026-04-24T17:30:00+00:00,15210.34
2026-04-24T17:45:00+00:00,15210.34
2026-04-24T17:45:00+00:00,15210.34
2026-04-24T17:45:00+00:00,15210.34
2026-04-24T18:00:00+00:00,15210.34
2026-04-24T18:00:00+00:00,15210.34
2026-04-24T18:00:00+00:00,15210.34
2026-04-24T18:15:00+00:00,15210.34
2026-04-24T18:15:00+00:00,15210.34
2026-04-24T18:15:00+00:00,15210.34
2026-04-24T18:30:00+00:00,15210.34
2026-04-24T18:30:00+00:00,15210.34
2026-04-24T18:30:00+00:00,15210.34
2026-04-24T18:45:00+00:00,15210.34
2026-04-24T18:45:00+00:00,15210.34
2026-04-24T18:45:00+00:00,15210.34
2026-04-24T19:00:00+00:00,15210.34
2026-04-24T19:00:00+00:00,15210.34
2026-04-24T19:00:00+00:00,15210.34
2026-04-24T19:15:00+00:00,15210.34
2026-04-24T19:15:00+00:00,15210.34
2026-04-24T19:15:00+00:00,15210.34
2026-04-24T19:30:00+00:00,15210.34
2026-04-24T19:30:00+00:00,15210.34
2026-04-24T19:30:00+00:00,15210.34
2026-04-24T19:45:00+00:00,15210.34
2026-04-24T19:45:00+00:00,15210.34
2026-04-24T19:45:00+00:00,15210.34
2026-04-24T20:00:00+00:00,15210.34
2026-04-24T20:00:00+00:00,15210.34
2026-04-24T20:00:00+00:00,15210.34
2026-04-24T20:15:00+00:00,15210.34
2026-04-24T20:15:00+00:00,15210.34
2026-04-24T20:15:00+00:00,15210.34
2026-04-24T20:30:00+00:00,15210.34
2026-04-24T20:30:00+00:00,15210.34
2026-04-24T20:30:00+00:00,15210.34
2026-04-24T20:45:00+00:00,15210.34
2026-04-24T20:45:00+00:00,15210.34
2026-04-24T20:45:00+00:00,15210.34
2026-04-24T21:00:00+00:00,15210.34
2026-04-24T21:00:00+00:00,15210.34
2026-04-24T21:00:00+00:00,15210.34
2026-04-24T21:15:00+00:00,15210.34
2026-04-24T21:15:00+00:00,15210.34
2026-04-24T21:15:00+00:00,15210.34
2026-04-24T21:30:00+00:00,15210.34
2026-04-24T21:30:00+00:00,15210.34
2026-04-24T21:30:00+00:00,15210.34
2026-04-24T21:45:00+00:00,15210.34
2026-04-24T21:45:00+00:00,15210.34
2026-04-24T21:45:00+00:00,15210.34
2026-04-24T22:00:00+00:00,15210.34
2026-04-24T22:00:00+00:00,15210.34
2026-04-24T22:00:00+00:00,15210.34
2026-04-24T22:15:00+00:00,15210.34
2026-04-24T22:15:00+00:00,15210.34
2026-04-24T22:15:00+00:00,15210.34
2026-04-24T22:30:00+00:00,15210.34
2026-04-24T22:30:00+00:00,15210.34
2026-04-24T22:30:00+00:00,15210.34
2026-04-24T22:45:00+00:00,15210.34
2026-04-24T22:45:00+00:00,15210.34
2026-04-24T22:45:00+00:00,15210.34
2026-04-24T23:00:00+00:00,15210.34
2026-04-24T23:00:00+00:00,15210.34
2026-04-24T23:00:00+00:00,15210.34
2026-04-24T23:15:00+00:00,15210.34
2026-04-24T23:15:00+00:00,15210.34
2026-04-24T23:15:00+00:00,15210.34
2026-04-24T23:30:00+00:00,15210.34
2026-04-24T23:30:00+00:00,15210.34
2026-04-24T23:30:00+00:00,15210.34
2026-04-24T23:45:00+00:00,15210.34
2026-04-24T23:45:00+00:00,15210.34
2026-04-24T23:45:00+00:00,15210.34
2026-04-25T00:00:00+00:00,15210.34
2026-04-25T00:00:00+00:00,15210.34
2026-04-25T00:00:00+00:00,15210.34
2026-04-25T00:15:00+00:00,15210.34
2026-04-25T00:15:00+00:00,15210.34
2026-04-25T00:15:00+00:00,15210.34
2026-04-25T00:30:00+00:00,15210.34
2026-04-25T00:30:00+00:00,15210.34
2026-04-25T00:30:00+00:00,15210.34
2026-04-25T00:45:00+00:00,15210.34
2026-04-25T00:45:00+00:00,15210.34
2026-04-25T00:45:00+00:00,15210.34
2026-04-25T01:00:00+00:00,15210.34
2026-04-25T01:00:00+00:00,15210.34
2026-04-25T01:00:00+00:00,15210.34
2026-04-25T01:15:00+00:00,15210.34
2026-04-25T01:15:00+00:00,15210.34
2026-04-25T01:15:00+00:00,15210.34
2026-04-25T01:30:00+00:00,15210.34
2026-04-25T01:30:00+00:00,15210.34
2026-04-25T01:30:00+00:00,15210.34
2026-04-25T01:45:00+00:00,15210.34
2026-04-25T01:45:00+00:00,15210.34
2026-04-25T01:45:00+00:00,15210.34
2026-04-25T02:00:00+00:00,15210.34
2026-04-25T02:00:00+00:00,15210.34
2026-04-25T02:00:00+00:00,15210.34
2026-04-25T02:15:00+00:00,15210.34
2026-04-25T02:15:00+00:00,15210.34
2026-04-25T02:15:00+00:00,15210.34
2026-04-25T02:30:00+00:00,15210.34
2026-04-25T02:30:00+00:00,15210.34
2026-04-25T02:30:00+00:00,15210.34
2026-04-25T02:45:00+00:00,15210.34
2026-04-25T02:45:00+00:00,15210.34
2026-04-25T02:45:00+00:00,15210.34
2026-04-25T03:00:00+00:00,15210.34
2026-04-25T03:00:00+00:00,15210.34
2026-04-25T03:00:00+00:00,15210.34
2026-04-25T03:15:00+00:00,15210.34
2026-04-25T03:15:00+00:00,15210.34
2026-04-25T03:15:00+00:00,15210.34
2026-04-25T03:30:00+00:00,15210.34
2026-04-25T03:30:00+00:00,15210.34
2026-04-25T03:30:00+00:00,15210.34
2026-04-25T03:45:00+00:00,15210.34
2026-04-25T03:45:00+00:00,15210.34
2026-04-25T03:45:00+00:00,15210.34
2026-04-25T04:00:00+00:00,15210.34
2026-04-25T04:00:00+00:00,15210.34
2026-04-25T04:00:00+00:00,15210.34
2026-04-25T04:15:00+00:00,15210.34
2026-04-25T04:15:00+00:00,15210.34
2026-04-25T04:15:00+00:00,15210.34
2026-04-25T04:30:00+00:00,15210.34
2026-04-25T04:30:00+00:00,15210.34
2026-04-25T04:30:00+00:00,15210.34
2026-04-25T04:45:00+00:00,15210.34
2026-04-25T04:45:00+00:00,15210.34
2026-04-25T04:45:00+00:00,15210.34
2026-04-25T05:00:00+00:00,15210.34
2026-04-25T05:00:00+00:00,15210.34
2026-04-25T05:00:00+00:00,15210.34
2026-04-25T05:15:00+00:00,15210.34
2026-04-25T05:15:00+00:00,15210.34
2026-04-25T05:15:00+00:00,15210.34
2026-04-25T05:30:00+00:00,15210.34
2026-04-25T05:30:00+00:00,15210.34
2026-04-25T05:30:00+00:00,15210.34
2026-04-25T05:45:00+00:00,15210.34
2026-04-25T05:45:00+00:00,15210.34
2026-04-25T05:45:00+00:00,15210.34
2026-04-25T06:00:00+00:00,15210.34
2026-04-25T06:00:00+00:00,15210.34
2026-04-25T06:00:00+00:00,15210.34
2026-04-25T06:15:00+00:00,15210.34
2026-04-25T06:15:00+00:00,15210.34
2026-04-25T06:15:00+00:00,15210.34
2026-04-25T06:30:00+00:00,15210.34
2026-04-25T06:30:00+00:00,15210.34
2026-04-25T06:30:00+00:00,15210.34
2026-04-25T06:45:00+00:00,15210.34
2026-04-25T06:45:00+00:00,15210.34
2026-04-25T06:45:00+00:00,15210.34
2026-04-25T07:00:00+00:00,15210.34
2026-04-25T07:00:00+00:00,15210.34
2026-04-25T07:00:00+00:00,15210.34
2026-04-25T07:15:00+00:00,15210.34
2026-04-25T07:15:00+00:00,15210.34
2026-04-25T07:15:00+00:00,15210.34
2026-04-25T07:30:00+00:00,15210.34
2026-04-25T07:30:00+00:00,15210.34
2026-04-25T07:30:00+00:00,15210.34
2026-04-25T07:45:00+00:00,15210.34
2026-04-25T07:45:00+00:00,15210.34
2026-04-25T07:45:00+00:00,15210.34
2026-04-25T08:00:00+00:00,15210.34
2026-04-25T08:00:00+00:00,15210.34
2026-04-25T08:00:00+00:00,15210.34
2026-04-25T08:15:00+00:00,15210.34
2026-04-25T08:15:00+00:00,15210.34
2026-04-25T08:15:00+00:00,15210.34
2026-04-25T08:30:00+00:00,15210.34
2026-04-25T08:30:00+00:00,15210.34
2026-04-25T08:30:00+00:00,15210.34
2026-04-25T08:45:00+00:00,15210.34
2026-04-25T08:45:00+00:00,15210.34
2026-04-25T08:45:00+00:00,15210.34
2026-04-25T09:00:00+00:00,15210.34
2026-04-25T09:00:00+00:00,15210.34
2026-04-25T09:00:00+00:00,15210.34
2026-04-25T09:15:00+00:00,15210.34
2026-04-25T09:15:00+00:00,15210.34
2026-04-25T09:15:00+00:00,15210.34
2026-04-25T09:30:00+00:00,15210.34
2026-04-25T09:30:00+00:00,15210.34
2026-04-25T09:30:00+00:00,15210.34
2026-04-25T09:45:00+00:00,15210.34
2026-04-25T09:45:00+00:00,15210.34
2026-04-25T09:45:00+00:00,15210.34
2026-04-25T10:00:00+00:00,15210.34
2026-04-25T10:00:00+00:00,15210.34
2026-04-25T10:00:00+00:00,15210.34
2026-04-25T10:15:00+00:00,15210.34
2026-04-25T10:15:00+00:00,15210.34
2026-04-25T10:15:00+00:00,15210.34
2026-04-25T10:30:00+00:00,15210.34
2026-04-25T10:30:00+00:00,15210.34
2026-04-25T10:30:00+00:00,15210.34
2026-04-25T10:45:00+00:00,15210.34
2026-04-25T10:45:00+00:00,15210.34
2026-04-25T10:45:00+00:00,15210.34
2026-04-25T11:00:00+00:00,15210.34
2026-04-25T11:00:00+00:00,15210.34
2026-04-25T11:00:00+00:00,15210.34
2026-04-25T11:15:00+00:00,15210.34
2026-04-25T11:15:00+00:00,15210.34
2026-04-25T11:15:00+00:00,15210.34
2026-04-25T11:30:00+00:00,15210.34
2026-04-25T11:30:00+00:00,15210.34
2026-04-25T11:30:00+00:00,15210.34
2026-04-25T11:45:00+00:00,15210.34
2026-04-25T11:45:00+00:00,15210.34
2026-04-25T11:45:00+00:00,15210.34
2026-04-25T12:00:00+00:00,15210.34
2026-04-25T12:00:00+00:00,15210.34
2026-04-25T12:00:00+00:00,15210.34
2026-04-25T12:15:00+00:00,15210.34
2026-04-25T12:15:00+00:00,15210.34
2026-04-25T12:15:00+00:00,15210.34
2026-04-25T12:30:00+00:00,15210.34
2026-04-25T12:30:00+00:00,15210.34
2026-04-25T12:30:00+00:00,15210.34
2026-04-25T12:45:00+00:00,15210.34
2026-04-25T12:45:00+00:00,15210.34
2026-04-25T12:45:00+00:00,15210.34
2026-04-25T13:00:00+00:00,15210.34
2026-04-25T13:00:00+00:00,15210.34
2026-04-25T13:00:00+00:00,15210.34
2026-04-25T13:15:00+00:00,15210.34
2026-04-25T13:15:00+00:00,15210.34
2026-04-25T13:15:00+00:00,15210.34
2026-04-25T13:30:00+00:00,15210.34
2026-04-25T13:30:00+00:00,15210.34
2026-04-25T13:30:00+00:00,15210.34
2026-04-25T13:45:00+00:00,15210.34
2026-04-25T13:45:00+00:00,15210.34
2026-04-25T13:45:00+00:00,15210.34
2026-04-25T14:00:00+00:00,15210.34
2026-04-25T14:00:00+00:00,15210.34
2026-04-25T14:00:00+00:00,15210.34
2026-04-25T14:15:00+00:00,15210.34
2026-04-25T14:15:00+00:00,15210.34
2026-04-25T14:15:00+00:00,15210.34
2026-04-25T14:30:00+00:00,15210.34
2026-04-25T14:30:00+00:00,15210.34
2026-04-25T14:30:00+00:00,15210.34
2026-04-25T14:45:00+00:00,15210.34
2026-04-25T14:45:00+00:00,15210.34
2026-04-25T14:45:00+00:00,15210.34
2026-04-25T15:00:00+00:00,15210.34
2026-04-25T15:00:00+00:00,15210.34
2026-04-25T15:00:00+00:00,15210.34
2026-04-25T15:15:00+00:00,15210.34
2026-04-25T15:15:00+00:00,15210.34
2026-04-25T15:15:00+00:00,15210.34
2026-04-25T15:30:00+00:00,15210.34
2026-04-25T15:30:00+00:00,15210.34
2026-04-25T15:30:00+00:00,15210.34
2026-04-25T15:45:00+00:00,15210.34
2026-04-25T15:45:00+00:00,15210.34
2026-04-25T15:45:00+00:00,15210.34
2026-04-25T16:00:00+00:00,15210.34
2026-04-25T16:00:00+00:00,15210.34
2026-04-25T16:00:00+00:00,15210.34
2026-04-25T16:15:00+00:00,15210.34
2026-04-25T16:15:00+00:00,15210.34
2026-04-25T16:15:00+00:00,15210.34
2026-04-25T16:30:00+00:00,15210.34
2026-04-25T16:30:00+00:00,15210.34
2026-04-25T16:30:00+00:00,15210.34
2026-04-25T16:45:00+00:00,15210.34
2026-04-25T16:45:00+00:00,15210.34
2026-04-25T16:45:00+00:00,15210.34
2026-04-25T17:00:00+00:00,15210.34
2026-04-25T17:00:00+00:00,15210.34
2026-04-25T17:00:00+00:00,15210.34
2026-04-25T17:15:00+00:00,15210.34
2026-04-25T17:15:00+00:00,15210.34
2026-04-25T17:15:00+00:00,15210.34
2026-04-25T17:30:00+00:00,15210.34
2026-04-25T17:30:00+00:00,15210.34
2026-04-25T17:30:00+00:00,15210.34
2026-04-25T17:45:00+00:00,15210.34
2026-04-25T17:45:00+00:00,15210.34
2026-04-25T17:45:00+00:00,15210.34
2026-04-25T18:00:00+00:00,15210.34
2026-04-25T18:00:00+00:00,15210.34
2026-04-25T18:00:00+00:00,15210.34
2026-04-25T18:15:00+00:00,15210.34
2026-04-25T18:15:00+00:00,15210.34
2026-04-25T18:15:00+00:00,15210.34
2026-04-25T18:30:00+00:00,15210.34
2026-04-25T18:30:00+00:00,15210.34
2026-04-25T18:30:00+00:00,15210.34
2026-04-25T18:45:00+00:00,15210.34
2026-04-25T18:45:00+00:00,15210.34
2026-04-25T18:45:00+00:00,15210.34
2026-04-25T19:00:00+00:00,15210.34
2026-04-25T19:00:00+00:00,15210.34
2026-04-25T19:00:00+00:00,15210.34
2026-04-25T19:15:00+00:00,15210.34
2026-04-25T19:15:00+00:00,15210.34
2026-04-25T19:15:00+00:00,15210.34
2026-04-25T19:30:00+00:00,15210.34
2026-04-25T19:30:00+00:00,15210.34
2026-04-25T19:30:00+00:00,15210.34
2026-04-25T19:45:00+00:00,15210.34
2026-04-25T19:45:00+00:00,15210.34
2026-04-25T19:45:00+00:00,15210.34
2026-04-25T20:00:00+00:00,15210.34
2026-04-25T20:00:00+00:00,15210.34
2026-04-25T20:00:00+00:00,15210.34
2026-04-25T20:15:00+00:00,15210.34
2026-04-25T20:15:00+00:00,15210.34
2026-04-25T20:15:00+00:00,15210.34
2026-04-25T20:30:00+00:00,15210.34
2026-04-25T20:30:00+00:00,15210.34
2026-04-25T20:30:00+00:00,15210.34
2026-04-25T20:45:00+00:00,15210.34
2026-04-25T20:45:00+00:00,15210.34
2026-04-25T20:45:00+00:00,15210.34
2026-04-25T21:00:00+00:00,15210.34
2026-04-25T21:00:00+00:00,15210.34
2026-04-25T21:00:00+00:00,15210.34
2026-04-25T21:15:00+00:00,15210.34
2026-04-25T21:15:00+00:00,15210.34
2026-04-25T21:15:00+00:00,15210.34
2026-04-25T21:30:00+00:00,15210.34
2026-04-25T21:30:00+00:00,15210.34
2026-04-25T21:30:00+00:00,15210.34
2026-04-25T21:45:00+00:00,15210.34
2026-04-25T21:45:00+00:00,15210.34
2026-04-25T21:45:00+00:00,15210.34
2026-04-25T22:00:00+00:00,15210.34
2026-04-25T22:00:00+00:00,15210.34
2026-04-25T22:00:00+00:00,15210.34
2026-04-25T22:15:00+00:00,15210.34
2026-04-25T22:15:00+00:00,15210.34
2026-04-25T22:15:00+00:00,15210.34
2026-04-25T22:30:00+00:00,15210.34
2026-04-25T22:30:00+00:00,15210.34
2026-04-25T22:30:00+00:00,15210.34
2026-04-25T22:45:00+00:00,15210.34
2026-04-25T22:45:00+00:00,15210.34
2026-04-25T22:45:00+00:00,15210.34
2026-04-25T23:00:00+00:00,15210.34
2026-04-25T23:00:00+00:00,15210.34
2026-04-25T23:00:00+00:00,15210.34
2026-04-25T23:15:00+00:00,15210.34
2026-04-25T23:15:00+00:00,15210.34
2026-04-25T23:15:00+00:00,15210.34
2026-04-25T23:30:00+00:00,15210.34
2026-04-25T23:30:00+00:00,15210.34
2026-04-25T23:30:00+00:00,15210.34
2026-04-25T23:45:00+00:00,15210.34
2026-04-25T23:45:00+00:00,15210.34
2026-04-25T23:45:00+00:00,15210.34
2026-04-26T00:00:00+00:00,15210.34
2026-04-26T00:00:00+00:00,15210.34
2026-04-26T00:00:00+00:00,15210.34
2026-04-26T00:15:00+00:00,15210.34
2026-04-26T00:15:00+00:00,15210.34
2026-04-26T00:15:00+00:00,15210.34
2026-04-26T00:30:00+00:00,15210.34
2026-04-26T00:30:00+00:00,15210.34
2026-04-26T00:30:00+00:00,15210.34
2026-04-26T00:45:00+00:00,15210.34
2026-04-26T00:45:00+00:00,15210.34
2026-04-26T00:45:00+00:00,15210.34
2026-04-26T01:00:00+00:00,15210.34
2026-04-26T01:00:00+00:00,15210.34
2026-04-26T01:00:00+00:00,15210.34
2026-04-26T01:15:00+00:00,15210.34
2026-04-26T01:15:00+00:00,15210.34
2026-04-26T01:15:00+00:00,15210.34
2026-04-26T01:30:00+00:00,15210.34
2026-04-26T01:30:00+00:00,15210.34
2026-04-26T01:30:00+00:00,15210.34
2026-04-26T01:45:00+00:00,15210.34
2026-04-26T01:45:00+00:00,15210.34
2026-04-26T01:45:00+00:00,15210.34
2026-04-26T02:00:00+00:00,15210.34
2026-04-26T02:00:00+00:00,15210.34
2026-04-26T02:00:00+00:00,15210.34
2026-04-26T02:15:00+00:00,15210.34
2026-04-26T02:15:00+00:00,15210.34
2026-04-26T02:15:00+00:00,15210.34
2026-04-26T02:30:00+00:00,15210.34
2026-04-26T02:30:00+00:00,15210.34
2026-04-26T02:30:00+00:00,15210.34
2026-04-26T02:45:00+00:00,15210.34
2026-04-26T02:45:00+00:00,15210.34
2026-04-26T02:45:00+00:00,15210.34
2026-04-26T03:00:00+00:00,15210.34
2026-04-26T03:00:00+00:00,15210.34
2026-04-26T03:00:00+00:00,15210.34
2026-04-26T03:15:00+00:00,15210.34
2026-04-26T03:15:00+00:00,15210.34
2026-04-26T03:15:00+00:00,15210.34
2026-04-26T03:30:00+00:00,15210.34
2026-04-26T03:30:00+00:00,15210.34
2026-04-26T03:30:00+00:00,15210.34
2026-04-26T03:45:00+00:00,15210.34
2026-04-26T03:45:00+00:00,15210.34
2026-04-26T03:45:00+00:00,15210.34
2026-04-26T04:00:00+00:00,15210.34
2026-04-26T04:00:00+00:00,15210.34
2026-04-26T04:00:00+00:00,15210.34
2026-04-26T04:15:00+00:00,15210.34
2026-04-26T04:15:00+00:00,15210.34
2026-04-26T04:15:00+00:00,15210.34
2026-04-26T04:30:00+00:00,15210.34
2026-04-26T04:30:00+00:00,15210.34
2026-04-26T04:30:00+00:00,15210.34
2026-04-26T04:45:00+00:00,15210.34
2026-04-26T04:45:00+00:00,15210.34
2026-04-26T04:45:00+00:00,15210.34
2026-04-26T05:00:00+00:00,15210.34
2026-04-26T05:00:00+00:00,15210.34
2026-04-26T05:00:00+00:00,15210.34
2026-04-26T05:15:00+00:00,15210.34
2026-04-26T05:15:00+00:00,15210.34
2026-04-26T05:15:00+00:00,15210.34
2026-04-26T05:30:00+00:00,15210.34
2026-04-26T05:30:00+00:00,15210.34
2026-04-26T05:30:00+00:00,15210.34
2026-04-26T05:45:00+00:00,15210.34
2026-04-26T05:45:00+00:00,15210.34
2026-04-26T05:45:00+00:00,15210.34
2026-04-26T06:00:00+00:00,15210.34
2026-04-26T06:00:00+00:00,15210.34
2026-04-26T06:00:00+00:00,15210.34
2026-04-26T06:15:00+00:00,15210.34
2026-04-26T06:15:00+00:00,15210.34
2026-04-26T06:15:00+00:00,15210.34
2026-04-26T06:30:00+00:00,15210.34
2026-04-26T06:30:00+00:00,15210.34
2026-04-26T06:30:00+00:00,15210.34
2026-04-26T06:45:00+00:00,15210.34
2026-04-26T06:45:00+00:00,15210.34
2026-04-26T06:45:00+00:00,15210.34
2026-04-26T07:00:00+00:00,15210.34
2026-04-26T07:00:00+00:00,15210.34
2026-04-26T07:00:00+00:00,15210.34
2026-04-26T07:15:00+00:00,15210.34
2026-04-26T07:15:00+00:00,15210.34
2026-04-26T07:15:00+00:00,15210.34
2026-04-26T07:30:00+00:00,15210.34
2026-04-26T07:30:00+00:00,15210.34
2026-04-26T07:30:00+00:00,15210.34
2026-04-26T07:45:00+00:00,15210.34
2026-04-26T07:45:00+00:00,15210.34
2026-04-26T07:45:00+00:00,15210.34
2026-04-26T08:00:00+00:00,15210.34
2026-04-26T08:00:00+00:00,15210.34
2026-04-26T08:00:00+00:00,15210.34
2026-04-26T08:15:00+00:00,15210.34
2026-04-26T08:15:00+00:00,15210.34
2026-04-26T08:15:00+00:00,15210.34
2026-04-26T08:30:00+00:00,15210.34
2026-04-26T08:30:00+00:00,15210.34
2026-04-26T08:30:00+00:00,15210.34
2026-04-26T08:45:00+00:00,15210.34
2026-04-26T08:45:00+00:00,15210.34
2026-04-26T08:45:00+00:00,15210.34
2026-04-26T09:00:00+00:00,15210.34
2026-04-26T09:00:00+00:00,15210.34
2026-04-26T09:00:00+00:00,15210.34
2026-04-26T09:15:00+00:00,15210.34
2026-04-26T09:15:00+00:00,15210.34
2026-04-26T09:15:00+00:00,15210.34
2026-04-26T09:30:00+00:00,15210.34
2026-04-26T09:30:00+00:00,15210.34
2026-04-26T09:30:00+00:00,15210.34
2026-04-26T09:45:00+00:00,15210.34
2026-04-26T09:45:00+00:00,15210.34
2026-04-26T09:45:00+00:00,15210.34
2026-04-26T10:00:00+00:00,15210.34
2026-04-26T10:00:00+00:00,15210.34
2026-04-26T10:00:00+00:00,15210.34
2026-04-26T10:15:00+00:00,15210.34
2026-04-26T10:15:00+00:00,15210.34
2026-04-26T10:15:00+00:00,15210.34
2026-04-26T10:30:00+00:00,15210.34
2026-04-26T10:30:00+00:00,15210.34
2026-04-26T10:30:00+00:00,15210.34
2026-04-26T10:45:00+00:00,15210.34
2026-04-26T10:45:00+00:00,15210.34
2026-04-26T10:45:00+00:00,15210.34
2026-04-26T11:00:00+00:00,15210.34
2026-04-26T11:00:00+00:00,15210.34
2026-04-26T11:00:00+00:00,15210.34
2026-04-26T11:15:00+00:00,15210.34
2026-04-26T11:15:00+00:00,15210.34
2026-04-26T11:15:00+00:00,15210.34
2026-04-26T11:30:00+00:00,15210.34
2026-04-26T11:30:00+00:00,15210.34
2026-04-26T11:30:00+00:00,15210.34
2026-04-26T11:45:00+00:00,15210.34
2026-04-26T11:45:00+00:00,15210.34
2026-04-26T11:45:00+00:00,15210.34
2026-04-26T12:00:00+00:00,15210.34
2026-04-26T12:00:00+00:00,15210.34
2026-04-26T12:00:00+00:00,15210.34
2026-04-26T12:15:00+00:00,15210.34
2026-04-26T12:15:00+00:00,15210.34
2026-04-26T12:15:00+00:00,15210.34
2026-04-26T12:30:00+00:00,15210.34
2026-04-26T12:30:00+00:00,15210.34
2026-04-26T12:30:00+00:00,15210.34
2026-04-26T12:45:00+00:00,15210.34
2026-04-26T12:45:00+00:00,15210.34
2026-04-26T12:45:00+00:00,15210.34
2026-04-26T13:00:00+00:00,15210.34
2026-04-26T13:00:00+00:00,15210.34
2026-04-26T13:00:00+00:00,15210.34
2026-04-26T13:15:00+00:00,15210.34
2026-04-26T13:15:00+00:00,15210.34
2026-04-26T13:15:00+00:00,15210.34
2026-04-26T13:30:00+00:00,15210.34
2026-04-26T13:30:00+00:00,15210.34
2026-04-26T13:30:00+00:00,15210.34
2026-04-26T13:45:00+00:00,15210.34
2026-04-26T13:45:00+00:00,15210.34
2026-04-26T13:45:00+00:00,15210.34
2026-04-26T14:00:00+00:00,15210.34
2026-04-26T14:00:00+00:00,15210.34
2026-04-26T14:00:00+00:00,15210.34
2026-04-26T14:15:00+00:00,15210.34
2026-04-26T14:15:00+00:00,15210.34
2026-04-26T14:15:00+00:00,15210.34
2026-04-26T14:30:00+00:00,15210.34
2026-04-26T14:30:00+00:00,15210.34
2026-04-26T14:30:00+00:00,15210.34
2026-04-26T14:45:00+00:00,15210.34
2026-04-26T14:45:00+00:00,15210.34
2026-04-26T14:45:00+00:00,15210.34
2026-04-26T15:00:00+00:00,15210.34
2026-04-26T15:00:00+00:00,15210.34
2026-04-26T15:00:00+00:00,15210.34
2026-04-26T15:15:00+00:00,15210.34
2026-04-26T15:15:00+00:00,15210.34
2026-04-26T15:15:00+00:00,15210.34
2026-04-26T15:30:00+00:00,15210.34
2026-04-26T15:30:00+00:00,15210.34
2026-04-26T15:30:00+00:00,15210.34
2026-04-26T15:45:00+00:00,15210.34
2026-04-26T15:45:00+00:00,15210.34
2026-04-26T15:45:00+00:00,15210.34
2026-04-26T16:00:00+00:00,15210.34
2026-04-26T16:00:00+00:00,15210.34
2026-04-26T16:00:00+00:00,15210.34
2026-04-26T16:15:00+00:00,15210.34
2026-04-26T16:15:00+00:00,15210.34
2026-04-26T16:15:00+00:00,15210.34
2026-04-26T16:30:00+00:00,15210.34
2026-04-26T16:30:00+00:00,15210.34
2026-04-26T16:30:00+00:00,15210.34
2026-04-26T16:45:00+00:00,15210.34
2026-04-26T16:45:00+00:00,15210.34
2026-04-26T16:45:00+00:00,15210.34
2026-04-26T17:00:00+00:00,15210.34
2026-04-26T17:00:00+00:00,15210.34
2026-04-26T17:00:00+00:00,15210.34
2026-04-26T17:15:00+00:00,15210.34
2026-04-26T17:15:00+00:00,15210.34
2026-04-26T17:15:00+00:00,15210.34
2026-04-26T17:30:00+00:00,15210.34
2026-04-26T17:30:00+00:00,15210.34
2026-04-26T17:30:00+00:00,15210.34
2026-04-26T17:45:00+00:00,15210.34
2026-04-26T17:45:00+00:00,15210.34
2026-04-26T17:45:00+00:00,15210.34
2026-04-26T18:00:00+00:00,15210.34
2026-04-26T18:00:00+00:00,15210.34
2026-04-26T18:00:00+00:00,15210.34
2026-04-26T18:15:00+00:00,15210.34
2026-04-26T18:15:00+00:00,15210.34
2026-04-26T18:15:00+00:00,15210.34
2026-04-26T18:30:00+00:00,15210.34
2026-04-26T18:30:00+00:00,15210.34
2026-04-26T18:30:00+00:00,15210.34
2026-04-26T18:45:00+00:00,15210.34
2026-04-26T18:45:00+00:00,15210.34
2026-04-26T18:45:00+00:00,15210.34
2026-04-26T19:00:00+00:00,15210.34
2026-04-26T19:00:00+00:00,15210.34
2026-04-26T19:00:00+00:00,15210.34
2026-04-26T19:15:00+00:00,15210.34
2026-04-26T19:15:00+00:00,15210.34
2026-04-26T19:15:00+00:00,15210.34
2026-04-26T19:30:00+00:00,15210.34
2026-04-26T19:30:00+00:00,15210.34
2026-04-26T19:30:00+00:00,15210.34
2026-04-26T19:45:00+00:00,15210.34
2026-04-26T19:45:00+00:00,15210.34
2026-04-26T19:45:00+00:00,15210.34
2026-04-26T20:00:00+00:00,15210.34
2026-04-26T20:00:00+00:00,15210.34
2026-04-26T20:00:00+00:00,15210.34
2026-04-26T20:15:00+00:00,15210.34
2026-04-26T20:15:00+00:00,15210.34
2026-04-26T20:15:00+00:00,15210.34
2026-04-26T20:30:00+00:00,15210.34
2026-04-26T20:30:00+00:00,15210.34
2026-04-26T20:30:00+00:00,15210.34
2026-04-26T20:45:00+00:00,15210.34
2026-04-26T20:45:00+00:00,15210.34
2026-04-26T20:45:00+00:00,15210.34
2026-04-26T21:00:00+00:00,15210.34
2026-04-26T21:00:00+00:00,15210.34
2026-04-26T21:00:00+00:00,15210.34
2026-04-26T21:15:00+00:00,15210.34
2026-04-26T21:15:00+00:00,15210.34
2026-04-26T21:15:00+00:00,15210.34
2026-04-26T21:30:00+00:00,15210.34
2026-04-26T21:30:00+00:00,15210.34
2026-04-26T21:30:00+00:00,15210.34
2026-04-26T21:45:00+00:00,15210.34
2026-04-26T21:45:00+00:00,15210.34
2026-04-26T21:45:00+00:00,15210.34
2026-04-26T22:00:00+00:00,15210.34
2026-04-26T22:00:00+00:00,15210.34
2026-04-26T22:00:00+00:00,15210.34
2026-04-26T22:15:00+00:00,15210.34
2026-04-26T22:15:00+00:00,15210.34
2026-04-26T22:15:00+00:00,15210.34
2026-04-26T22:30:00+00:00,15210.34
2026-04-26T22:30:00+00:00,15210.34
2026-04-26T22:30:00+00:00,15210.34
2026-04-26T22:45:00+00:00,15210.34
2026-04-26T22:45:00+00:00,15210.34
2026-04-26T22:45:00+00:00,15210.34
2026-04-26T23:00:00+00:00,15210.34
2026-04-26T23:00:00+00:00,15210.34
2026-04-26T23:00:00+00:00,15210.34
2026-04-26T23:15:00+00:00,15210.34
2026-04-26T23:15:00+00:00,15210.34
2026-04-26T23:15:00+00:00,15210.34
2026-04-26T23:30:00+00:00,15210.34
2026-04-26T23:30:00+00:00,15210.34
2026-04-26T23:30:00+00:00,15210.34
2026-04-26T23:45:00+00:00,15210.34
2026-04-26T23:45:00+00:00,15210.34
2026-04-26T23:45:00+00:00,15210.34
2026-04-27T00:00:00+00:00,15210.34
2026-04-27T00:00:00+00:00,15210.34
2026-04-27T00:00:00+00:00,15210.34
2026-04-27T00:15:00+00:00,15210.34
2026-04-27T00:15:00+00:00,15210.34
2026-04-27T00:15:00+00:00,15210.34
2026-04-27T00:30:00+00:00,15210.34
2026-04-27T00:30:00+00:00,15210.34
2026-04-27T00:30:00+00:00,15210.34
2026-04-27T00:45:00+00:00,15210.34
2026-04-27T00:45:00+00:00,15210.34
2026-04-27T00:45:00+00:00,15210.34
2026-04-27T01:00:00+00:00,15210.34
2026-04-27T01:00:00+00:00,15210.34
2026-04-27T01:00:00+00:00,15210.34
2026-04-27T01:15:00+00:00,15210.34
2026-04-27T01:15:00+00:00,15210.34
2026-04-27T01:15:00+00:00,15210.34
2026-04-27T01:30:00+00:00,15210.34
2026-04-27T01:30:00+00:00,15210.34
2026-04-27T01:30:00+00:00,15210.34
2026-04-27T01:45:00+00:00,15210.34
2026-04-27T01:45:00+00:00,15210.34
2026-04-27T01:45:00+00:00,15210.34
2026-04-27T02:00:00+00:00,15210.34
2026-04-27T02:00:00+00:00,15210.34
2026-04-27T02:00:00+00:00,15210.34
2026-04-27T02:15:00+00:00,15210.34
2026-04-27T02:15:00+00:00,15210.34
2026-04-27T02:15:00+00:00,15210.34
2026-04-27T02:30:00+00:00,15210.34
2026-04-27T02:30:00+00:00,15210.34
2026-04-27T02:30:00+00:00,15210.34
2026-04-27T02:45:00+00:00,15210.34
2026-04-27T02:45:00+00:00,15210.34
2026-04-27T02:45:00+00:00,15210.34
2026-04-27T03:00:00+00:00,15210.34
2026-04-27T03:00:00+00:00,15210.34
2026-04-27T03:00:00+00:00,15210.34
2026-04-27T03:15:00+00:00,15210.34
2026-04-27T03:15:00+00:00,15210.34
2026-04-27T03:15:00+00:00,15210.34
2026-04-27T03:30:00+00:00,15210.34
2026-04-27T03:30:00+00:00,15210.34
2026-04-27T03:30:00+00:00,15210.34
2026-04-27T03:45:00+00:00,15210.34
2026-04-27T03:45:00+00:00,15210.34
2026-04-27T03:45:00+00:00,15210.34
2026-04-27T04:00:00+00:00,15210.34
2026-04-27T04:00:00+00:00,15210.34
2026-04-27T04:00:00+00:00,15210.34
2026-04-27T04:15:00+00:00,15210.34
2026-04-27T04:15:00+00:00,15210.34
2026-04-27T04:15:00+00:00,15210.34
2026-04-27T04:30:00+00:00,15210.34
2026-04-27T04:30:00+00:00,15210.34
2026-04-27T04:30:00+00:00,15210.34
2026-04-27T04:45:00+00:00,15210.34
2026-04-27T04:45:00+00:00,15210.34
2026-04-27T04:45:00+00:00,15210.34
2026-04-27T05:00:00+00:00,15210.34
2026-04-27T05:00:00+00:00,15210.34
2026-04-27T05:00:00+00:00,15210.34
2026-04-27T05:15:00+00:00,15210.34
2026-04-27T05:15:00+00:00,15210.34
2026-04-27T05:15:00+00:00,15210.34
2026-04-27T05:30:00+00:00,15210.34
2026-04-27T05:30:00+00:00,15210.34
2026-04-27T05:30:00+00:00,15210.34
2026-04-27T05:45:00+00:00,15210.34
2026-04-27T05:45:00+00:00,15210.34
2026-04-27T05:45:00+00:00,15210.34
2026-04-27T06:00:00+00:00,15210.34
2026-04-27T06:00:00+00:00,15210.34
2026-04-27T06:00:00+00:00,15210.34
2026-04-27T06:15:00+00:00,15210.34
2026-04-27T06:15:00+00:00,15210.34
2026-04-27T06:15:00+00:00,15210.34
2026-04-27T06:30:00+00:00,15210.34
2026-04-27T06:30:00+00:00,15210.34
2026-04-27T06:30:00+00:00,15210.34
2026-04-27T06:45:00+00:00,15210.34
2026-04-27T06:45:00+00:00,15210.34
2026-04-27T06:45:00+00:00,15210.34
2026-04-27T07:00:00+00:00,15210.34
2026-04-27T07:00:00+00:00,15210.34
2026-04-27T07:00:00+00:00,15210.34
2026-04-27T07:15:00+00:00,15210.34
2026-04-27T07:15:00+00:00,15210.34
2026-04-27T07:15:00+00:00,15210.34
2026-04-27T07:30:00+00:00,15210.34
2026-04-27T07:30:00+00:00,15210.34
2026-04-27T07:30:00+00:00,15210.34
2026-04-27T07:45:00+00:00,15210.34
2026-04-27T07:45:00+00:00,15210.34
2026-04-27T07:45:00+00:00,15210.34
2026-04-27T08:00:00+00:00,15210.34
2026-04-27T08:00:00+00:00,15210.34
2026-04-27T08:00:00+00:00,15210.34
2026-04-27T08:15:00+00:00,15210.34
2026-04-27T08:15:00+00:00,15210.34
2026-04-27T08:15:00+00:00,15210.34
2026-04-27T08:30:00+00:00,15210.34
2026-04-27T08:30:00+00:00,15210.34
2026-04-27T08:30:00+00:00,15210.34
2026-04-27T08:45:00+00:00,15210.34
2026-04-27T08:45:00+00:00,15210.34
2026-04-27T08:45:00+00:00,15210.34
2026-04-27T09:00:00+00:00,15210.34
2026-04-27T09:00:00+00:00,15210.34
2026-04-27T09:00:00+00:00,15210.34
2026-04-27T09:15:00+00:00,15210.34
2026-04-27T09:15:00+00:00,15210.34
2026-04-27T09:15:00+00:00,15210.34
2026-04-27T09:30:00+00:00,15210.34
2026-04-27T09:30:00+00:00,15210.34
2026-04-27T09:30:00+00:00,15210.34
2026-04-27T09:45:00+00:00,15210.34
2026-04-27T09:45:00+00:00,15210.34
2026-04-27T09:45:00+00:00,15210.34
2026-04-27T10:00:00+00:00,15210.34
2026-04-27T10:00:00+00:00,15210.34
2026-04-27T10:00:00+00:00,15210.34
2026-04-27T10:15:00+00:00,15210.34
2026-04-27T10:15:00+00:00,15210.34
2026-04-27T10:15:00+00:00,15210.34
2026-04-27T10:30:00+00:00,15210.34
2026-04-27T10:30:00+00:00,15210.34
2026-04-27T10:30:00+00:00,15210.34
2026-04-27T10:45:00+00:00,15210.34
2026-04-27T10:45:00+00:00,15210.34
2026-04-27T10:45:00+00:00,15210.34
2026-04-27T11:00:00+00:00,15210.34
2026-04-27T11:00:00+00:00,15210.34
2026-04-27T11:00:00+00:00,15210.34
2026-04-27T11:15:00+00:00,15210.34
2026-04-27T11:15:00+00:00,15210.34
2026-04-27T11:15:00+00:00,15210.34
2026-04-27T11:30:00+00:00,15210.34
2026-04-27T11:30:00+00:00,15210.34
2026-04-27T11:30:00+00:00,15210.34
2026-04-27T11:45:00+00:00,15210.34
2026-04-27T11:45:00+00:00,15210.34
2026-04-27T11:45:00+00:00,15210.34
2026-04-27T12:00:00+00:00,15210.34
2026-04-27T12:00:00+00:00,15210.34
2026-04-27T12:00:00+00:00,15210.34
2026-04-27T12:15:00+00:00,15210.34
2026-04-27T12:15:00+00:00,15210.34
2026-04-27T12:15:00+00:00,15210.34
2026-04-27T12:30:00+00:00,15210.34
2026-04-27T12:30:00+00:00,15210.34
2026-04-27T12:30:00+00:00,15210.34
2026-04-27T12:45:00+00:00,15210.34
2026-04-27T12:45:00+00:00,15210.34
2026-04-27T12:45:00+00:00,15210.34
2026-04-27T13:00:00+00:00,15210.34
2026-04-27T13:00:00+00:00,15210.34
2026-04-27T13:00:00+00:00,15210.34
2026-04-27T13:15:00+00:00,15210.34
2026-04-27T13:15:00+00:00,15210.34
2026-04-27T13:15:00+00:00,15210.34
2026-04-27T13:30:00+00:00,15210.34
2026-04-27T13:30:00+00:00,15210.34
2026-04-27T13:30:00+00:00,15210.34
2026-04-27T13:45:00+00:00,15210.34
2026-04-27T13:45:00+00:00,15210.34
2026-04-27T13:45:00+00:00,15210.34
2026-04-27T14:00:00+00:00,15210.34
2026-04-27T14:00:00+00:00,15210.34
2026-04-27T14:00:00+00:00,15210.34
2026-04-27T14:15:00+00:00,15210.34
2026-04-27T14:15:00+00:00,15210.34
2026-04-27T14:15:00+00:00,15210.34
2026-04-27T14:30:00+00:00,15210.34
2026-04-27T14:30:00+00:00,15210.34
2026-04-27T14:30:00+00:00,15210.34
2026-04-27T14:45:00+00:00,15210.34
2026-04-27T14:45:00+00:00,15210.34
2026-04-27T14:45:00+00:00,15210.34
2026-04-27T15:00:00+00:00,15210.34
2026-04-27T15:00:00+00:00,15210.34
2026-04-27T15:00:00+00:00,15210.34
2026-04-27T15:15:00+00:00,15210.34
2026-04-27T15:15:00+00:00,15210.34
2026-04-27T15:15:00+00:00,15210.34
2026-04-27T15:30:00+00:00,15210.34
2026-04-27T15:30:00+00:00,15210.34
2026-04-27T15:30:00+00:00,15210.34
2026-04-27T15:45:00+00:00,15210.34
2026-04-27T15:45:00+00:00,15210.34
2026-04-27T15:45:00+00:00,15210.34
2026-04-27T16:00:00+00:00,15210.34
2026-04-27T16:00:00+00:00,15210.34
2026-04-27T16:00:00+00:00,15210.34
2026-04-27T16:15:00+00:00,15210.34
2026-04-27T16:15:00+00:00,15210.34
2026-04-27T16:15:00+00:00,15210.34
2026-04-27T16:30:00+00:00,15210.34
2026-04-27T16:30:00+00:00,15210.34
2026-04-27T16:30:00+00:00,15210.34
2026-04-27T16:45:00+00:00,15210.34
2026-04-27T16:45:00+00:00,15210.34
2026-04-27T16:45:00+00:00,15210.34
2026-04-27T17:00:00+00:00,15210.34
2026-04-27T17:00:00+00:00,15210.34
2026-04-27T17:00:00+00:00,15210.34
2026-04-27T17:15:00+00:00,15210.34
2026-04-27T17:15:00+00:00,15210.34
2026-04-27T17:15:00+00:00,15210.34
2026-04-27T17:30:00+00:00,15210.34
2026-04-27T17:30:00+00:00,15210.34
2026-04-27T17:30:00+00:00,15210.34
2026-04-27T17:45:00+00:00,15210.34
2026-04-27T17:45:00+00:00,15210.34
2026-04-27T17:45:00+00:00,15210.34
2026-04-27T18:00:00+00:00,15210.34
2026-04-27T18:00:00+00:00,15210.34
2026-04-27T18:00:00+00:00,15210.34
2026-04-27T18:15:00+00:00,15210.34
2026-04-27T18:15:00+00:00,15210.34
2026-04-27T18:15:00+00:00,15210.34
2026-04-27T18:30:00+00:00,15210.34
2026-04-27T18:30:00+00:00,15210.34
2026-04-27T18:30:00+00:00,15210.34
2026-04-27T18:45:00+00:00,15210.34
2026-04-27T18:45:00+00:00,15210.34
2026-04-27T18:45:00+00:00,15210.34
2026-04-27T19:00:00+00:00,15210.34
2026-04-27T19:00:00+00:00,15210.34
2026-04-27T19:00:00+00:00,15210.34
2026-04-27T19:15:00+00:00,15210.34
2026-04-27T19:15:00+00:00,15210.34
2026-04-27T19:15:00+00:00,15210.34
2026-04-27T19:30:00+00:00,15210.34
2026-04-27T19:30:00+00:00,15210.34
2026-04-27T19:30:00+00:00,15210.34
2026-04-27T19:45:00+00:00,15210.34
2026-04-27T19:45:00+00:00,15210.34
2026-04-27T19:45:00+00:00,15210.34
2026-04-27T20:00:00+00:00,15210.34
2026-04-27T20:00:00+00:00,15210.34
2026-04-27T20:00:00+00:00,15210.34
2026-04-27T20:15:00+00:00,15210.34
2026-04-27T20:15:00+00:00,15210.34
2026-04-27T20:15:00+00:00,15210.34
2026-04-27T20:30:00+00:00,15210.34
2026-04-27T20:30:00+00:00,15210.34
2026-04-27T20:30:00+00:00,15210.34
2026-04-27T20:45:00+00:00,15210.34
2026-04-27T20:45:00+00:00,15210.34
2026-04-27T20:45:00+00:00,15210.34
2026-04-27T21:00:00+00:00,15210.34
2026-04-27T21:00:00+00:00,15210.34
2026-04-27T21:00:00+00:00,15210.34
2026-04-27T21:15:00+00:00,15210.34
2026-04-27T21:15:00+00:00,15210.34
2026-04-27T21:15:00+00:00,15210.34
2026-04-27T21:30:00+00:00,15210.34
2026-04-27T21:30:00+00:00,15210.34
2026-04-27T21:30:00+00:00,15210.34
2026-04-27T21:45:00+00:00,15210.34
2026-04-27T21:45:00+00:00,15210.34
2026-04-27T21:45:00+00:00,15210.34
2026-04-27T22:00:00+00:00,15210.34
2026-04-27T22:00:00+00:00,15210.34
2026-04-27T22:00:00+00:00,15210.34
2026-04-27T22:15:00+00:00,15210.34
2026-04-27T22:15:00+00:00,15210.34
2026-04-27T22:15:00+00:00,15210.34
2026-04-27T22:30:00+00:00,15210.34
2026-04-27T22:30:00+00:00,15210.34
2026-04-27T22:30:00+00:00,15210.34
2026-04-27T22:45:00+00:00,15210.34
2026-04-27T22:45:00+00:00,15210.34
2026-04-27T22:45:00+00:00,15210.34
2026-04-27T23:00:00+00:00,15210.34
2026-04-27T23:00:00+00:00,15210.34
2026-04-27T23:00:00+00:00,15210.34
2026-04-27T23:15:00+00:00,15210.34
2026-04-27T23:15:00+00:00,15210.34
2026-04-27T23:15:00+00:00,15210.34
2026-04-27T23:30:00+00:00,15210.34
2026-04-27T23:30:00+00:00,15210.34
2026-04-27T23:30:00+00:00,15210.34
2026-04-27T23:45:00+00:00,15210.34
2026-04-27T23:45:00+00:00,15210.34
2026-04-27T23:45:00+00:00,15210.34
2026-04-28T00:00:00+00:00,15210.34
2026-04-28T00:00:00+00:00,15210.34
2026-04-28T00:00:00+00:00,15210.34
2026-04-28T00:15:00+00:00,15210.34
2026-04-28T00:15:00+00:00,15210.34
2026-04-28T00:15:00+00:00,15210.34
2026-04-28T00:30:00+00:00,15210.34
2026-04-28T00:30:00+00:00,15210.34
2026-04-28T00:30:00+00:00,15210.34
2026-04-28T00:45:00+00:00,15210.34
2026-04-28T00:45:00+00:00,15210.34
2026-04-28T00:45:00+00:00,15210.34
2026-04-28T01:00:00+00:00,15210.34
2026-04-28T01:00:00+00:00,15210.34
2026-04-28T01:00:00+00:00,15210.34
2026-04-28T01:15:00+00:00,15210.34
2026-04-28T01:15:00+00:00,15210.34
2026-04-28T01:15:00+00:00,15210.34
2026-04-28T01:30:00+00:00,15210.34
2026-04-28T01:30:00+00:00,15210.34
2026-04-28T01:30:00+00:00,15210.34
2026-04-28T01:45:00+00:00,15210.34
2026-04-28T01:45:00+00:00,15210.34
2026-04-28T01:45:00+00:00,15210.34
2026-04-28T02:00:00+00:00,15210.34
2026-04-28T02:00:00+00:00,15210.34
2026-04-28T02:00:00+00:00,15210.34
2026-04-28T02:15:00+00:00,15210.34
2026-04-28T02:15:00+00:00,15210.34
2026-04-28T02:15:00+00:00,15210.34
2026-04-28T02:30:00+00:00,15210.34
2026-04-28T02:30:00+00:00,15210.34
2026-04-28T02:30:00+00:00,15210.34
2026-04-28T02:45:00+00:00,15210.34
2026-04-28T02:45:00+00:00,15210.34
2026-04-28T02:45:00+00:00,15210.34
2026-04-28T03:00:00+00:00,15210.34
2026-04-28T03:00:00+00:00,15210.34
2026-04-28T03:00:00+00:00,15210.34
2026-04-28T03:15:00+00:00,15210.34
2026-04-28T03:15:00+00:00,15210.34
2026-04-28T03:15:00+00:00,15210.34
2026-04-28T03:30:00+00:00,15210.34
2026-04-28T03:30:00+00:00,15210.34
2026-04-28T03:30:00+00:00,15210.34
2026-04-28T03:45:00+00:00,15210.34
2026-04-28T03:45:00+00:00,15210.34
2026-04-28T03:45:00+00:00,15210.34
2026-04-28T04:00:00+00:00,15210.34
2026-04-28T04:00:00+00:00,15210.34
2026-04-28T04:00:00+00:00,15210.34
2026-04-28T04:15:00+00:00,15210.34
2026-04-28T04:15:00+00:00,15210.34
2026-04-28T04:15:00+00:00,15210.34
2026-04-28T04:30:00+00:00,15210.34
2026-04-28T04:30:00+00:00,15210.34
2026-04-28T04:30:00+00:00,15210.34
2026-04-28T04:45:00+00:00,15210.34
2026-04-28T04:45:00+00:00,15210.34
2026-04-28T04:45:00+00:00,15210.34
2026-04-28T05:00:00+00:00,15210.34
2026-04-28T05:00:00+00:00,15210.34
2026-04-28T05:00:00+00:00,15210.34
2026-04-28T05:15:00+00:00,15210.34
2026-04-28T05:15:00+00:00,15210.34
2026-04-28T05:15:00+00:00,15210.34
2026-04-28T05:30:00+00:00,15210.34
2026-04-28T05:30:00+00:00,15210.34
2026-04-28T05:30:00+00:00,15210.34
2026-04-28T05:45:00+00:00,15210.34
2026-04-28T05:45:00+00:00,15210.34
2026-04-28T05:45:00+00:00,15210.34
2026-04-28T06:00:00+00:00,15210.34
2026-04-28T06:00:00+00:00,15210.34
2026-04-28T06:00:00+00:00,15210.34
2026-04-28T06:15:00+00:00,15210.34
2026-04-28T06:15:00+00:00,15210.34
2026-04-28T06:15:00+00:00,15210.34
2026-04-28T06:30:00+00:00,15210.34
2026-04-28T06:30:00+00:00,15210.34
2026-04-28T06:30:00+00:00,15210.34
2026-04-28T06:45:00+00:00,15210.34
2026-04-28T06:45:00+00:00,15210.34
2026-04-28T06:45:00+00:00,15210.34
2026-04-28T07:00:00+00:00,15210.34
2026-04-28T07:00:00+00:00,15210.34
2026-04-28T07:00:00+00:00,15210.34
2026-04-28T07:15:00+00:00,15210.34
2026-04-28T07:15:00+00:00,15210.34
2026-04-28T07:15:00+00:00,15210.34
2026-04-28T07:30:00+00:00,15210.34
2026-04-28T07:30:00+00:00,15210.34
2026-04-28T07:30:00+00:00,15210.34
2026-04-28T07:45:00+00:00,15210.34
2026-04-28T07:45:00+00:00,15210.34
2026-04-28T07:45:00+00:00,15210.34
2026-04-28T08:00:00+00:00,15210.34
2026-04-28T08:00:00+00:00,15210.34
2026-04-28T08:00:00+00:00,15210.34
2026-04-28T08:15:00+00:00,15210.34
2026-04-28T08:15:00+00:00,15210.34
2026-04-28T08:15:00+00:00,15210.34
2026-04-28T08:30:00+00:00,15210.34
2026-04-28T08:30:00+00:00,15210.34
2026-04-28T08:30:00+00:00,15210.34
2026-04-28T08:45:00+00:00,15210.34
2026-04-28T08:45:00+00:00,15210.34
2026-04-28T08:45:00+00:00,15210.34
2026-04-28T09:00:00+00:00,15210.34
2026-04-28T09:00:00+00:00,15210.34
2026-04-28T09:00:00+00:00,15210.34
2026-04-28T09:15:00+00:00,15210.34
2026-04-28T09:15:00+00:00,15210.34
2026-04-28T09:15:00+00:00,15210.34
2026-04-28T09:30:00+00:00,15210.34
2026-04-28T09:30:00+00:00,15210.34
2026-04-28T09:30:00+00:00,15210.34
2026-04-28T09:45:00+00:00,15210.34
2026-04-28T09:45:00+00:00,15210.34
2026-04-28T09:45:00+00:00,15210.34
2026-04-28T10:00:00+00:00,15210.34
2026-04-28T10:00:00+00:00,15210.34
2026-04-28T10:00:00+00:00,15210.34
2026-04-28T10:15:00+00:00,15210.34
2026-04-28T10:15:00+00:00,15210.34
2026-04-28T10:15:00+00:00,15210.34
2026-04-28T10:30:00+00:00,15210.34
2026-04-28T10:30:00+00:00,15210.34
2026-04-28T10:30:00+00:00,15210.34
2026-04-28T10:45:00+00:00,15210.34
2026-04-28T10:45:00+00:00,15210.34
2026-04-28T10:45:00+00:00,15210.34
2026-04-28T11:00:00+00:00,15210.34
2026-04-28T11:00:00+00:00,15210.34
2026-04-28T11:00:00+00:00,15210.34
2026-04-28T11:15:00+00:00,15210.34
2026-04-28T11:15:00+00:00,15210.34
2026-04-28T11:15:00+00:00,15210.34
2026-04-28T11:30:00+00:00,15210.34
2026-04-28T11:30:00+00:00,15210.34
2026-04-28T11:30:00+00:00,15210.34
2026-04-28T11:45:00+00:00,15210.34
2026-04-28T11:45:00+00:00,15210.34
2026-04-28T11:45:00+00:00,15210.34
2026-04-28T12:00:00+00:00,15210.34
2026-04-28T12:00:00+00:00,15210.34
2026-04-28T12:00:00+00:00,15210.34
2026-04-28T12:15:00+00:00,15210.34
2026-04-28T12:15:00+00:00,15210.34
2026-04-28T12:15:00+00:00,15210.34
2026-04-28T12:30:00+00:00,15210.34
2026-04-28T12:30:00+00:00,15210.34
2026-04-28T12:30:00+00:00,15210.34
2026-04-28T12:45:00+00:00,15210.34
2026-04-28T12:45:00+00:00,15210.34
2026-04-28T12:45:00+00:00,15210.34
2026-04-28T13:00:00+00:00,15210.34
2026-04-28T13:00:00+00:00,15210.34
2026-04-28T13:00:00+00:00,15210.34
2026-04-28T13:15:00+00:00,15210.34
2026-04-28T13:15:00+00:00,15210.34
2026-04-28T13:15:00+00:00,15210.34
2026-04-28T13:30:00+00:00,15210.34
2026-04-28T13:30:00+00:00,15210.34
2026-04-28T13:30:00+00:00,15210.34
2026-04-28T13:45:00+00:00,15210.34
2026-04-28T13:45:00+00:00,15210.34
2026-04-28T13:45:00+00:00,15210.34
2026-04-28T14:00:00+00:00,15210.34
2026-04-28T14:00:00+00:00,15210.34
2026-04-28T14:00:00+00:00,15210.34
2026-04-28T14:15:00+00:00,15210.34
2026-04-28T14:15:00+00:00,15210.34
2026-04-28T14:15:00+00:00,15210.34
2026-04-28T14:30:00+00:00,15210.34
2026-04-28T14:30:00+00:00,15210.34
2026-04-28T14:30:00+00:00,15210.34
2026-04-28T14:45:00+00:00,15210.34
2026-04-28T14:45:00+00:00,15210.34
2026-04-28T14:45:00+00:00,15210.34
2026-04-28T15:00:00+00:00,15210.34
2026-04-28T15:00:00+00:00,15210.34
2026-04-28T15:00:00+00:00,15210.34
2026-04-28T15:15:00+00:00,15210.34
2026-04-28T15:15:00+00:00,15210.34
2026-04-28T15:15:00+00:00,15210.34
2026-04-28T15:30:00+00:00,15210.34
2026-04-28T15:30:00+00:00,15210.34
2026-04-28T15:30:00+00:00,15210.34
2026-04-28T15:45:00+00:00,15210.34
2026-04-28T15:45:00+00:00,15210.34
2026-04-28T15:45:00+00:00,15210.34
2026-04-28T16:00:00+00:00,15210.34
2026-04-28T16:00:00+00:00,15210.34
2026-04-28T16:00:00+00:00,15210.34
2026-04-28T16:15:00+00:00,15210.34
2026-04-28T16:15:00+00:00,15210.34
2026-04-28T16:15:00+00:00,15210.34
2026-04-28T16:30:00+00:00,15210.34
2026-04-28T16:30:00+00:00,15210.34
2026-04-28T16:30:00+00:00,15210.34
2026-04-28T16:45:00+00:00,15210.34
2026-04-28T16:45:00+00:00,15210.34
2026-04-28T16:45:00+00:00,15210.34
2026-04-28T17:00:00+00:00,15210.34
2026-04-28T17:00:00+00:00,15210.34
2026-04-28T17:00:00+00:00,15210.34
2026-04-28T17:15:00+00:00,15210.34
2026-04-28T17:15:00+00:00,15210.34
2026-04-28T17:15:00+00:00,15210.34
2026-04-28T17:30:00+00:00,15210.34
2026-04-28T17:30:00+00:00,15210.34
2026-04-28T17:30:00+00:00,15210.34
2026-04-28T17:45:00+00:00,15210.34
2026-04-28T17:45:00+00:00,15210.34
2026-04-28T17:45:00+00:00,15210.34
2026-04-28T18:00:00+00:00,15210.34
2026-04-28T18:00:00+00:00,15210.34
2026-04-28T18:00:00+00:00,15210.34
2026-04-28T18:15:00+00:00,15210.34
2026-04-28T18:15:00+00:00,15210.34
2026-04-28T18:15:00+00:00,15210.34
2026-04-28T18:30:00+00:00,15210.34
2026-04-28T18:30:00+00:00,15210.34
2026-04-28T18:30:00+00:00,15210.34
2026-04-28T18:45:00+00:00,15210.34
2026-04-28T18:45:00+00:00,15210.34
2026-04-28T18:45:00+00:00,15210.34
2026-04-28T19:00:00+00:00,15210.34
2026-04-28T19:00:00+00:00,15210.34
2026-04-28T19:00:00+00:00,15210.34
2026-04-28T19:15:00+00:00,15210.34
2026-04-28T19:15:00+00:00,15210.34
2026-04-28T19:15:00+00:00,15210.34
2026-04-28T19:30:00+00:00,15210.34
2026-04-28T19:30:00+00:00,15210.34
2026-04-28T19:30:00+00:00,15210.34
2026-04-28T19:45:00+00:00,15210.34
2026-04-28T19:45:00+00:00,15210.34
2026-04-28T19:45:00+00:00,15210.34
2026-04-28T20:00:00+00:00,15210.34
2026-04-28T20:00:00+00:00,15210.34
2026-04-28T20:00:00+00:00,15210.34
2026-04-28T20:15:00+00:00,15210.34
2026-04-28T20:15:00+00:00,15210.34
2026-04-28T20:15:00+00:00,15210.34
2026-04-28T20:30:00+00:00,15210.34
2026-04-28T20:30:00+00:00,15210.34
2026-04-28T20:30:00+00:00,15210.34
2026-04-28T20:45:00+00:00,15210.34
2026-04-28T20:45:00+00:00,15210.34
2026-04-28T20:45:00+00:00,15210.34
2026-04-28T21:00:00+00:00,15210.34
2026-04-28T21:00:00+00:00,15210.34
2026-04-28T21:00:00+00:00,15210.34
2026-04-28T21:15:00+00:00,15210.34
2026-04-28T21:15:00+00:00,15210.34
2026-04-28T21:15:00+00:00,15210.34
2026-04-28T21:30:00+00:00,15210.34
2026-04-28T21:30:00+00:00,15210.34
2026-04-28T21:30:00+00:00,15210.34
2026-04-28T21:45:00+00:00,15210.34
2026-04-28T21:45:00+00:00,15210.34
2026-04-28T21:45:00+00:00,15210.34
2026-04-28T22:00:00+00:00,15210.34
2026-04-28T22:00:00+00:00,15210.34
2026-04-28T22:00:00+00:00,15210.34
2026-04-28T22:15:00+00:00,15210.34
2026-04-28T22:15:00+00:00,15210.34
2026-04-28T22:15:00+00:00,15210.34
2026-04-28T22:30:00+00:00,15210.34
2026-04-28T22:30:00+00:00,15210.34
2026-04-28T22:30:00+00:00,15210.34
2026-04-28T22:45:00+00:00,15210.34
2026-04-28T22:45:00+00:00,15210.34
2026-04-28T22:45:00+00:00,15210.34
2026-04-28T23:00:00+00:00,15210.34
2026-04-28T23:00:00+00:00,15210.34
2026-04-28T23:00:00+00:00,15210.34
2026-04-28T23:15:00+00:00,15210.34
2026-04-28T23:15:00+00:00,15210.34
2026-04-28T23:15:00+00:00,15210.34
2026-04-28T23:30:00+00:00,15210.34
2026-04-28T23:30:00+00:00,15210.34
2026-04-28T23:30:00+00:00,15210.34
2026-04-28T23:45:00+00:00,15210.34
2026-04-28T23:45:00+00:00,15210.34
2026-04-28T23:45:00+00:00,15210.34
2026-04-29T00:00:00+00:00,15210.34
2026-04-29T00:00:00+00:00,15210.34
2026-04-29T00:00:00+00:00,15210.34
2026-04-29T00:15:00+00:00,15210.34
2026-04-29T00:15:00+00:00,15210.34
2026-04-29T00:15:00+00:00,15210.34
2026-04-29T00:30:00+00:00,15210.34
2026-04-29T00:30:00+00:00,15210.34
2026-04-29T00:30:00+00:00,15210.34
2026-04-29T00:45:00+00:00,15210.34
2026-04-29T00:45:00+00:00,15210.34
2026-04-29T00:45:00+00:00,15210.34
2026-04-29T01:00:00+00:00,15210.34
2026-04-29T01:00:00+00:00,15210.34
2026-04-29T01:00:00+00:00,15210.34
2026-04-29T01:15:00+00:00,15210.34
2026-04-29T01:15:00+00:00,15210.34
2026-04-29T01:15:00+00:00,15210.34
2026-04-29T01:30:00+00:00,15210.34
2026-04-29T01:30:00+00:00,15210.34
2026-04-29T01:30:00+00:00,15210.34
2026-04-29T01:45:00+00:00,15210.34
2026-04-29T01:45:00+00:00,15210.34
2026-04-29T01:45:00+00:00,15210.34
2026-04-29T02:00:00+00:00,15210.34
2026-04-29T02:00:00+00:00,15210.34
2026-04-29T02:00:00+00:00,15210.34
2026-04-29T02:15:00+00:00,15210.34
2026-04-29T02:15:00+00:00,15210.34
2026-04-29T02:15:00+00:00,15210.34
2026-04-29T02:30:00+00:00,15210.34
2026-04-29T02:30:00+00:00,15210.34
2026-04-29T02:30:00+00:00,15210.34
2026-04-29T02:45:00+00:00,15210.34
2026-04-29T02:45:00+00:00,15210.34
2026-04-29T02:45:00+00:00,15210.34
2026-04-29T03:00:00+00:00,15210.34
2026-04-29T03:00:00+00:00,15210.34
2026-04-29T03:00:00+00:00,15210.34
2026-04-29T03:15:00+00:00,15210.34
2026-04-29T03:15:00+00:00,15210.34
2026-04-29T03:15:00+00:00,15210.34
2026-04-29T03:30:00+00:00,15210.34
2026-04-29T03:30:00+00:00,15210.34
2026-04-29T03:30:00+00:00,15210.34
2026-04-29T03:45:00+00:00,15210.34
2026-04-29T03:45:00+00:00,15210.34
2026-04-29T03:45:00+00:00,15210.34
2026-04-29T04:00:00+00:00,15210.34
2026-04-29T04:00:00+00:00,15210.34
2026-04-29T04:00:00+00:00,15210.34
2026-04-29T04:15:00+00:00,15210.34
2026-04-29T04:15:00+00:00,15210.34
2026-04-29T04:15:00+00:00,15210.34
2026-04-29T04:30:00+00:00,15210.34
2026-04-29T04:30:00+00:00,15210.34
2026-04-29T04:30:00+00:00,15210.34
2026-04-29T04:45:00+00:00,15210.34
2026-04-29T04:45:00+00:00,15210.34
2026-04-29T04:45:00+00:00,15210.34
2026-04-29T05:00:00+00:00,15210.34
2026-04-29T05:00:00+00:00,15210.34
2026-04-29T05:00:00+00:00,15210.34
2026-04-29T05:15:00+00:00,15210.34
2026-04-29T05:15:00+00:00,15210.34
2026-04-29T05:15:00+00:00,15210.34
2026-04-29T05:30:00+00:00,15210.34
2026-04-29T05:30:00+00:00,15210.34
2026-04-29T05:30:00+00:00,15210.34
2026-04-29T05:45:00+00:00,15210.34
2026-04-29T05:45:00+00:00,15210.34
2026-04-29T05:45:00+00:00,15210.34
2026-04-29T06:00:00+00:00,15210.34
2026-04-29T06:00:00+00:00,15210.34
2026-04-29T06:00:00+00:00,15210.34
2026-04-29T06:15:00+00:00,15210.34
2026-04-29T06:15:00+00:00,15210.34
2026-04-29T06:15:00+00:00,15210.34
2026-04-29T06:30:00+00:00,15210.34
2026-04-29T06:30:00+00:00,15210.34
2026-04-29T06:30:00+00:00,15210.34
2026-04-29T06:45:00+00:00,15210.34
2026-04-29T06:45:00+00:00,15210.34
2026-04-29T06:45:00+00:00,15210.34
2026-04-29T07:00:00+00:00,15210.34
2026-04-29T07:00:00+00:00,15210.34
2026-04-29T07:00:00+00:00,15210.34
2026-04-29T07:15:00+00:00,15210.34
2026-04-29T07:15:00+00:00,15210.34
2026-04-29T07:15:00+00:00,15210.34
2026-04-29T07:30:00+00:00,15210.34
2026-04-29T07:30:00+00:00,15210.34
2026-04-29T07:30:00+00:00,15210.34
2026-04-29T07:45:00+00:00,15210.34
2026-04-29T07:45:00+00:00,15210.34
2026-04-29T07:45:00+00:00,15210.34
2026-04-29T08:00:00+00:00,15210.34
2026-04-29T08:00:00+00:00,15210.34
2026-04-29T08:00:00+00:00,15210.34
2026-04-29T08:15:00+00:00,15210.34
2026-04-29T08:15:00+00:00,15210.34
2026-04-29T08:15:00+00:00,15210.34
2026-04-29T08:30:00+00:00,15210.34
2026-04-29T08:30:00+00:00,15210.34
2026-04-29T08:30:00+00:00,15210.34
2026-04-29T08:45:00+00:00,15210.34
2026-04-29T08:45:00+00:00,15210.34
2026-04-29T08:45:00+00:00,15210.34
2026-04-29T09:00:00+00:00,15210.34
2026-04-29T09:00:00+00:00,15210.34
2026-04-29T09:00:00+00:00,15210.34
2026-04-29T09:15:00+00:00,15210.34
2026-04-29T09:15:00+00:00,15210.34
2026-04-29T09:15:00+00:00,15210.34
2026-04-29T09:30:00+00:00,15210.34
2026-04-29T09:30:00+00:00,15210.34
2026-04-29T09:30:00+00:00,15210.34
2026-04-29T09:45:00+00:00,15210.34
2026-04-29T09:45:00+00:00,15210.34
2026-04-29T09:45:00+00:00,15210.34
2026-04-29T10:00:00+00:00,15210.34
2026-04-29T10:00:00+00:00,15210.34
2026-04-29T10:00:00+00:00,15210.34
2026-04-29T10:15:00+00:00,15210.34
2026-04-29T10:15:00+00:00,15210.34
2026-04-29T10:15:00+00:00,15210.34
2026-04-29T10:30:00+00:00,15210.34
2026-04-29T10:30:00+00:00,15210.34
2026-04-29T10:30:00+00:00,15210.34
2026-04-29T10:45:00+00:00,15210.34
2026-04-29T10:45:00+00:00,15210.34
2026-04-29T10:45:00+00:00,15210.34
2026-04-29T11:00:00+00:00,15210.34
2026-04-29T11:00:00+00:00,15210.34
2026-04-29T11:00:00+00:00,15210.34
2026-04-29T11:15:00+00:00,15210.34
2026-04-29T11:15:00+00:00,15210.34
2026-04-29T11:15:00+00:00,15210.34
2026-04-29T11:30:00+00:00,15210.34
2026-04-29T11:30:00+00:00,15210.34
2026-04-29T11:30:00+00:00,15210.34
2026-04-29T11:45:00+00:00,15210.34
2026-04-29T11:45:00+00:00,15210.34
2026-04-29T11:45:00+00:00,15210.34
2026-04-29T12:00:00+00:00,15210.34
2026-04-29T12:00:00+00:00,15210.34
2026-04-29T12:00:00+00:00,15210.34
2026-04-29T12:15:00+00:00,15210.34
2026-04-29T12:15:00+00:00,15210.34
2026-04-29T12:15:00+00:00,15210.34
2026-04-29T12:30:00+00:00,15210.34
2026-04-29T12:30:00+00:00,15210.34
2026-04-29T12:30:00+00:00,15210.34
2026-04-29T12:45:00+00:00,15210.34
2026-04-29T12:45:00+00:00,15210.34
2026-04-29T12:45:00+00:00,15210.34
2026-04-29T13:00:00+00:00,15210.34
2026-04-29T13:00:00+00:00,15210.34
2026-04-29T13:00:00+00:00,15210.34
2026-04-29T13:15:00+00:00,15210.34
2026-04-29T13:15:00+00:00,15210.34
2026-04-29T13:15:00+00:00,15210.34
2026-04-29T13:30:00+00:00,15210.34
2026-04-29T13:30:00+00:00,15210.34
2026-04-29T13:30:00+00:00,15210.34
2026-04-29T13:45:00+00:00,15210.34
2026-04-29T13:45:00+00:00,15210.34
2026-04-29T13:45:00+00:00,15210.34
2026-04-29T14:00:00+00:00,15210.34
2026-04-29T14:00:00+00:00,15210.34
2026-04-29T14:00:00+00:00,15210.34
2026-04-29T14:15:00+00:00,15210.34
2026-04-29T14:15:00+00:00,15210.34
2026-04-29T14:15:00+00:00,15210.34
2026-04-29T14:30:00+00:00,15210.34
2026-04-29T14:30:00+00:00,15210.34
2026-04-29T14:30:00+00:00,15210.34
2026-04-29T14:45:00+00:00,15210.34
2026-04-29T14:45:00+00:00,15210.34
2026-04-29T14:45:00+00:00,15210.34
2026-04-29T15:00:00+00:00,15210.34
2026-04-29T15:00:00+00:00,15210.34
2026-04-29T15:00:00+00:00,15210.34
2026-04-29T15:15:00+00:00,15210.34
2026-04-29T15:15:00+00:00,15210.34
2026-04-29T15:15:00+00:00,15210.34
2026-04-29T15:30:00+00:00,15210.34
2026-04-29T15:30:00+00:00,15210.34
2026-04-29T15:30:00+00:00,15210.34
2026-04-29T15:45:00+00:00,15210.34
2026-04-29T15:45:00+00:00,15210.34
2026-04-29T15:45:00+00:00,15210.34
2026-04-29T16:00:00+00:00,15210.34
2026-04-29T16:00:00+00:00,15210.34
2026-04-29T16:00:00+00:00,15210.34
2026-04-29T16:15:00+00:00,15210.34
2026-04-29T16:15:00+00:00,15210.34
2026-04-29T16:15:00+00:00,15210.34
2026-04-29T16:30:00+00:00,15210.34
2026-04-29T16:30:00+00:00,15210.34
2026-04-29T16:30:00+00:00,15210.34
2026-04-29T16:45:00+00:00,15210.34
2026-04-29T16:45:00+00:00,15210.34
2026-04-29T16:45:00+00:00,15210.34
2026-04-29T17:00:00+00:00,15210.34
2026-04-29T17:00:00+00:00,15210.34
2026-04-29T17:00:00+00:00,15210.34
2026-04-29T17:15:00+00:00,15210.34
2026-04-29T17:15:00+00:00,15210.34
2026-04-29T17:15:00+00:00,15210.34
2026-04-29T17:30:00+00:00,15210.34
2026-04-29T17:30:00+00:00,15210.34
2026-04-29T17:30:00+00:00,15210.34
2026-04-29T17:45:00+00:00,15210.34
2026-04-29T17:45:00+00:00,15210.34
2026-04-29T17:45:00+00:00,15210.34
2026-04-29T18:00:00+00:00,15210.34
2026-04-29T18:00:00+00:00,15210.34
2026-04-29T18:00:00+00:00,15210.34
2026-04-29T18:15:00+00:00,15210.34
2026-04-29T18:15:00+00:00,15210.34
2026-04-29T18:15:00+00:00,15210.34
2026-04-29T18:30:00+00:00,15210.34
2026-04-29T18:30:00+00:00,15210.34
2026-04-29T18:30:00+00:00,15210.34
2026-04-29T18:45:00+00:00,15210.34
2026-04-29T18:45:00+00:00,15210.34
2026-04-29T18:45:00+00:00,15210.34
2026-04-29T19:00:00+00:00,15210.34
2026-04-29T19:00:00+00:00,15210.34
2026-04-29T19:00:00+00:00,15210.34
2026-04-29T19:15:00+00:00,15210.34
2026-04-29T19:15:00+00:00,15210.34
2026-04-29T19:15:00+00:00,15210.34
2026-04-29T19:30:00+00:00,15210.34
2026-04-29T19:30:00+00:00,15210.34
2026-04-29T19:30:00+00:00,15210.34
2026-04-29T19:45:00+00:00,15210.34
2026-04-29T19:45:00+00:00,15210.34
2026-04-29T19:45:00+00:00,15210.34
2026-04-29T20:00:00+00:00,15210.34
2026-04-29T20:00:00+00:00,15210.34
2026-04-29T20:00:00+00:00,15210.34
2026-04-29T20:15:00+00:00,15210.34
2026-04-29T20:15:00+00:00,15210.34
2026-04-29T20:15:00+00:00,15210.34
2026-04-29T20:30:00+00:00,15210.34
2026-04-29T20:30:00+00:00,15210.34
2026-04-29T20:30:00+00:00,15210.34
2026-04-29T20:45:00+00:00,15210.34
2026-04-29T20:45:00+00:00,15210.34
2026-04-29T20:45:00+00:00,15210.34
2026-04-29T21:00:00+00:00,15210.34
2026-04-29T21:00:00+00:00,15210.34
2026-04-29T21:00:00+00:00,15210.34
2026-04-29T21:15:00+00:00,15210.34
2026-04-29T21:15:00+00:00,15210.34
2026-04-29T21:15:00+00:00,15210.34
2026-04-29T21:30:00+00:00,15210.34
2026-04-29T21:30:00+00:00,15210.34
2026-04-29T21:30:00+00:00,15210.34
2026-04-29T21:45:00+00:00,15210.34
2026-04-29T21:45:00+00:00,15210.34
2026-04-29T21:45:00+00:00,15210.34
2026-04-29T22:00:00+00:00,15210.34
2026-04-29T22:00:00+00:00,15210.34
2026-04-29T22:00:00+00:00,15210.34
2026-04-29T22:15:00+00:00,15210.34
2026-04-29T22:15:00+00:00,15210.34
2026-04-29T22:15:00+00:00,15210.34
2026-04-29T22:30:00+00:00,15210.34
2026-04-29T22:30:00+00:00,15210.34
2026-04-29T22:30:00+00:00,15210.34
2026-04-29T22:45:00+00:00,15210.34
2026-04-29T22:45:00+00:00,15210.34
2026-04-29T22:45:00+00:00,15210.34
2026-04-29T23:00:00+00:00,15210.34
2026-04-29T23:00:00+00:00,15210.34
2026-04-29T23:00:00+00:00,15210.34
2026-04-29T23:15:00+00:00,15210.34
2026-04-29T23:15:00+00:00,15210.34
2026-04-29T23:15:00+00:00,15210.34
2026-04-29T23:30:00+00:00,15210.34
2026-04-29T23:30:00+00:00,15210.34
2026-04-29T23:30:00+00:00,15210.34
2026-04-29T23:45:00+00:00,15210.34
2026-04-29T23:45:00+00:00,15210.34
2026-04-29T23:45:00+00:00,15210.34
2026-04-30T00:00:00+00:00,15210.34
2026-04-30T00:00:00+00:00,15210.34
2026-04-30T00:00:00+00:00,15210.34
2026-04-30T00:15:00+00:00,15210.34
2026-04-30T00:15:00+00:00,15210.34
2026-04-30T00:15:00+00:00,15210.34
2026-04-30T00:30:00+00:00,15210.34
2026-04-30T00:30:00+00:00,15210.34
2026-04-30T00:30:00+00:00,15210.34
2026-04-30T00:45:00+00:00,15210.34
2026-04-30T00:45:00+00:00,15210.34
2026-04-30T00:45:00+00:00,15210.34
2026-04-30T01:00:00+00:00,15218.49
2026-04-30T01:00:00+00:00,15218.49
2026-04-30T01:00:00+00:00,15218.49
2026-04-30T01:15:00+00:00,15144.60
2026-04-30T01:15:00+00:00,15144.60
2026-04-30T01:15:00+00:00,15144.60
2026-04-30T01:30:00+00:00,15173.51
2026-04-30T01:30:00+00:00,15173.51
2026-04-30T01:30:00+00:00,15173.51
2026-04-30T01:45:00+00:00,15216.35
2026-04-30T01:45:00+00:00,15216.35
2026-04-30T01:45:00+00:00,15216.35
2026-04-30T02:00:00+00:00,15202.49
2026-04-30T02:00:00+00:00,15202.49
2026-04-30T02:00:00+00:00,15202.49
2026-04-30T02:15:00+00:00,15283.87
2026-04-30T02:15:00+00:00,15283.87
2026-04-30T02:15:00+00:00,15283.87
2026-04-30T02:30:00+00:00,15509.83
2026-04-30T02:30:00+00:00,15509.83
2026-04-30T02:30:00+00:00,15509.83
2026-04-30T02:45:00+00:00,15471.28
2026-04-30T02:45:00+00:00,15471.28
2026-04-30T02:45:00+00:00,15471.28
2026-04-30T03:00:00+00:00,15456.15
2026-04-30T03:00:00+00:00,15456.15
2026-04-30T03:00:00+00:00,15456.15
2026-04-30T03:15:00+00:00,15417.60
2026-04-30T03:15:00+00:00,15417.60
2026-04-30T03:15:00+00:00,15417.60
2026-04-30T03:30:00+00:00,15375.84
2026-04-30T03:30:00+00:00,15375.84
2026-04-30T03:30:00+00:00,15375.84
2026-04-30T03:45:00+00:00,15386.54
2026-04-30T03:45:00+00:00,15386.54
2026-04-30T03:45:00+00:00,15386.54
2026-04-30T04:00:00+00:00,15411.97
2026-04-30T04:00:00+00:00,15411.97
2026-04-30T04:00:00+00:00,15411.97
2026-04-30T04:15:00+00:00,15458.02
2026-04-30T04:15:00+00:00,15458.02
2026-04-30T04:15:00+00:00,15458.02
2026-04-30T04:30:00+00:00,15553.33
2026-04-30T04:30:00+00:00,15553.33
2026-04-30T04:30:00+00:00,15553.33
2026-04-30T04:45:00+00:00,15536.19
2026-04-30T04:45:00+00:00,15536.19
2026-04-30T04:45:00+00:00,15536.19
2026-04-30T05:00:00+00:00,15486.74
2026-04-30T05:00:00+00:00,15486.74
2026-04-30T05:00:00+00:00,15486.74
2026-04-30T05:15:00+00:00,15563.84
2026-04-30T05:15:00+00:00,15563.84
2026-04-30T05:15:00+00:00,15563.84
2026-04-30T05:30:00+00:00,15442.93
2026-04-30T05:30:00+00:00,15442.93
2026-04-30T05:30:00+00:00,15442.93
2026-04-30T05:45:00+00:00,15442.93
2026-04-30T05:45:00+00:00,15442.93
2026-04-30T05:45:00+00:00,15442.93
2026-04-30T06:00:00+00:00,15442.93
2026-04-30T06:00:00+00:00,15442.93
2026-04-30T06:00:00+00:00,15442.93
2026-04-30T06:15:00+00:00,15442.93
2026-04-30T06:15:00+00:00,15442.93
2026-04-30T06:15:00+00:00,15442.93
2026-04-30T06:30:00+00:00,15442.93
2026-04-30T06:30:00+00:00,15442.93
2026-04-30T06:30:00+00:00,15442.93
2026-04-30T06:45:00+00:00,15442.93
2026-04-30T06:45:00+00:00,15442.93
2026-04-30T06:45:00+00:00,15442.93
2026-04-30T07:00:00+00:00,15442.93
2026-04-30T07:00:00+00:00,15442.93
2026-04-30T07:00:00+00:00,15442.93
2026-04-30T07:15:00+00:00,15442.93
2026-04-30T07:15:00+00:00,15442.93
2026-04-30T07:15:00+00:00,15442.93
2026-04-30T07:30:00+00:00,15442.93
2026-04-30T07:30:00+00:00,15442.93
2026-04-30T07:30:00+00:00,15442.93
2026-04-30T07:45:00+00:00,15442.93
2026-04-30T07:45:00+00:00,15442.93
2026-04-30T07:45:00+00:00,15442.93
2026-04-30T08:00:00+00:00,15442.93
2026-04-30T08:00:00+00:00,15442.93
2026-04-30T08:00:00+00:00,15442.93
2026-04-30T08:15:00+00:00,15442.93
2026-04-30T08:15:00+00:00,15442.93
2026-04-30T08:15:00+00:00,15442.93
2026-04-30T08:30:00+00:00,15442.93
2026-04-30T08:30:00+00:00,15442.93
2026-04-30T08:30:00+00:00,15442.93
2026-04-30T08:45:00+00:00,15442.93
2026-04-30T08:45:00+00:00,15442.93
2026-04-30T08:45:00+00:00,15442.93
2026-04-30T09:00:00+00:00,15442.93
2026-04-30T09:00:00+00:00,15442.93
2026-04-30T09:00:00+00:00,15442.93
2026-04-30T09:15:00+00:00,15442.93
2026-04-30T09:15:00+00:00,15442.93
2026-04-30T09:15:00+00:00,15442.93
2026-04-30T09:30:00+00:00,15442.93
2026-04-30T09:30:00+00:00,15442.93
2026-04-30T09:30:00+00:00,15442.93
2026-04-30T09:45:00+00:00,15442.93
2026-04-30T09:45:00+00:00,15442.93
2026-04-30T09:45:00+00:00,15442.93
2026-04-30T10:00:00+00:00,15442.93
2026-04-30T10:00:00+00:00,15442.93
2026-04-30T10:00:00+00:00,15442.93
2026-04-30T10:15:00+00:00,15442.93
2026-04-30T10:15:00+00:00,15442.93
2026-04-30T10:15:00+00:00,15442.93
2026-04-30T10:30:00+00:00,15442.93
2026-04-30T10:30:00+00:00,15442.93
2026-04-30T10:30:00+00:00,15442.93
2026-04-30T10:45:00+00:00,15442.93
2026-04-30T10:45:00+00:00,15442.93
2026-04-30T10:45:00+00:00,15442.93
2026-04-30T11:00:00+00:00,15442.93
2026-04-30T11:00:00+00:00,15442.93
2026-04-30T11:00:00+00:00,15442.93
2026-04-30T11:15:00+00:00,15442.93
2026-04-30T11:15:00+00:00,15442.93
2026-04-30T11:15:00+00:00,15442.93
2026-04-30T11:30:00+00:00,15442.93
2026-04-30T11:30:00+00:00,15442.93
2026-04-30T11:30:00+00:00,15442.93
2026-04-30T11:45:00+00:00,15442.93
2026-04-30T11:45:00+00:00,15442.93
2026-04-30T11:45:00+00:00,15442.93
2026-04-30T12:00:00+00:00,15367.55
2026-04-30T12:00:00+00:00,15367.55
2026-04-30T12:00:00+00:00,15367.55
2026-04-30T12:15:00+00:00,15273.25
2026-04-30T12:15:00+00:00,15273.25
2026-04-30T12:15:00+00:00,15273.25
2026-04-30T12:30:00+00:00,15312.08
2026-04-30T12:30:00+00:00,15312.08
2026-04-30T12:30:00+00:00,15312.08
2026-04-30T12:45:00+00:00,15299.60
2026-04-30T12:45:00+00:00,15299.60
2026-04-30T12:45:00+00:00,15299.60
2026-04-30T13:00:00+00:00,15323.00
2026-04-30T13:00:00+00:00,15305.10
2026-04-30T13:00:00+00:00,15305.10
2026-04-30T13:15:00+00:00,15371.66
2026-04-30T13:15:00+00:00,15407.82
2026-04-30T13:15:00+00:00,15407.82
2026-04-30T13:30:00+00:00,15233.10
2026-04-30T13:30:00+00:00,15035.69
2026-04-30T13:30:00+00:00,15035.69
2026-04-30T13:45:00+00:00,15136.92
2026-04-30T13:45:00+00:00,15133.94
2026-04-30T13:45:00+00:00,15133.94
2026-04-30T14:00:00+00:00,15172.87
2026-04-30T14:00:00+00:00,15172.87
2026-04-30T14:00:00+00:00,15172.87
2026-04-30T14:15:00+00:00,15211.70
2026-04-30T14:15:00+00:00,15211.70
2026-04-30T14:15:00+00:00,15211.70
2026-04-30T14:30:00+00:00,15211.70
2026-04-30T14:30:00+00:00,15211.70
2026-04-30T14:30:00+00:00,15211.70
2026-04-30T14:45:00+00:00,15211.70
2026-04-30T14:45:00+00:00,15211.70
2026-04-30T14:45:00+00:00,15211.70
2026-04-30T15:00:00+00:00,15211.70
2026-04-30T15:00:00+00:00,15211.70
2026-04-30T15:00:00+00:00,15211.70
2026-04-30T15:15:00+00:00,15211.70
2026-04-30T15:15:00+00:00,15211.70
2026-04-30T15:15:00+00:00,15211.70
2026-04-30T15:30:00+00:00,15211.70
2026-04-30T15:30:00+00:00,15211.70
2026-04-30T15:30:00+00:00,15211.70
2026-04-30T15:45:00+00:00,15211.70
2026-04-30T15:45:00+00:00,15211.70
2026-04-30T15:45:00+00:00,15211.70
2026-04-30T16:00:00+00:00,15211.70
2026-04-30T16:00:00+00:00,15211.70
2026-04-30T16:00:00+00:00,15211.70
2026-04-30T16:15:00+00:00,15211.70
2026-04-30T16:15:00+00:00,15211.70
2026-04-30T16:15:00+00:00,15211.70
2026-04-30T16:30:00+00:00,15211.70
2026-04-30T16:30:00+00:00,15211.70
2026-04-30T16:30:00+00:00,15211.70
2026-04-30T16:45:00+00:00,15211.70
2026-04-30T16:45:00+00:00,15211.70
2026-04-30T16:45:00+00:00,15211.70
2026-04-30T17:00:00+00:00,15211.70
2026-04-30T17:00:00+00:00,15211.70
2026-04-30T17:00:00+00:00,15211.70
2026-04-30T17:15:00+00:00,15211.70
2026-04-30T17:15:00+00:00,15211.70
2026-04-30T17:15:00+00:00,15211.70
2026-04-30T17:30:00+00:00,15211.70
2026-04-30T17:30:00+00:00,15211.70
2026-04-30T17:30:00+00:00,15211.70
2026-04-30T17:45:00+00:00,15211.70
2026-04-30T17:45:00+00:00,15211.70
2026-04-30T17:45:00+00:00,15211.70
2026-04-30T18:00:00+00:00,15211.70
2026-04-30T18:00:00+00:00,15211.70
2026-04-30T18:00:00+00:00,15211.70
2026-04-30T18:15:00+00:00,15211.70
2026-04-30T18:15:00+00:00,15211.70
2026-04-30T18:15:00+00:00,15211.70
2026-04-30T18:30:00+00:00,15211.70
2026-04-30T18:30:00+00:00,15211.70
2026-04-30T18:30:00+00:00,15211.70
2026-04-30T18:45:00+00:00,15211.70
2026-04-30T18:45:00+00:00,15211.70
2026-04-30T18:45:00+00:00,15211.70
2026-04-30T19:00:00+00:00,15211.70
2026-04-30T19:00:00+00:00,15211.70
2026-04-30T19:00:00+00:00,15211.70
2026-04-30T19:15:00+00:00,15211.70
2026-04-30T19:15:00+00:00,15211.70
2026-04-30T19:15:00+00:00,15211.70
2026-04-30T19:30:00+00:00,15211.70
2026-04-30T19:30:00+00:00,15211.70
2026-04-30T19:30:00+00:00,15211.70
2026-04-30T19:45:00+00:00,15211.70
2026-04-30T19:45:00+00:00,15211.70
2026-04-30T19:45:00+00:00,15211.70
2026-04-30T20:00:00+00:00,15211.70
2026-04-30T20:00:00+00:00,15211.70
2026-04-30T20:00:00+00:00,15211.70
2026-04-30T20:15:00+00:00,15211.70
2026-04-30T20:15:00+00:00,15211.70
2026-04-30T20:15:00+00:00,15211.70
2026-04-30T20:30:00+00:00,15211.70
2026-04-30T20:30:00+00:00,15211.70
2026-04-30T20:30:00+00:00,15211.70
2026-04-30T20:45:00+00:00,15211.70
2026-04-30T20:45:00+00:00,15211.70
2026-04-30T20:45:00+00:00,15211.70
2026-04-30T21:00:00+00:00,15211.70
2026-04-30T21:00:00+00:00,15211.70
2026-04-30T21:00:00+00:00,15211.70
2026-04-30T21:15:00+00:00,15211.70
2026-04-30T21:15:00+00:00,15211.70
2026-04-30T21:15:00+00:00,15211.70
2026-04-30T21:30:00+00:00,15211.70
2026-04-30T21:30:00+00:00,15211.70
2026-04-30T21:30:00+00:00,15211.70
2026-04-30T21:45:00+00:00,15211.70
2026-04-30T21:45:00+00:00,15211.70
2026-04-30T21:45:00+00:00,15211.70
2026-04-30T22:00:00+00:00,15211.70
2026-04-30T22:00:00+00:00,15211.70
2026-04-30T22:00:00+00:00,15211.70
2026-04-30T22:15:00+00:00,15211.70
2026-04-30T22:15:00+00:00,15211.70
2026-04-30T22:15:00+00:00,15211.70
2026-04-30T22:30:00+00:00,15211.70
2026-04-30T22:30:00+00:00,15211.70
2026-04-30T22:30:00+00:00,15211.70
2026-04-30T22:45:00+00:00,15211.70
2026-04-30T22:45:00+00:00,15211.70
2026-04-30T22:45:00+00:00,15211.70
2026-04-30T23:00:00+00:00,15211.70
2026-04-30T23:00:00+00:00,15211.70
2026-04-30T23:00:00+00:00,15211.70
2026-04-30T23:15:00+00:00,15211.70
2026-04-30T23:15:00+00:00,15211.70
2026-04-30T23:15:00+00:00,15211.70
2026-04-30T23:30:00+00:00,15211.70
2026-04-30T23:30:00+00:00,15211.70
2026-04-30T23:30:00+00:00,15211.70
2026-04-30T23:45:00+00:00,15211.70
2026-04-30T23:45:00+00:00,15211.70
2026-04-30T23:45:00+00:00,15211.70
