{
  "round": 1,
  "output_dir": "C:\\Users\\sehyu\\Documents\\Other\\Projects\\crypto_trader\\output\\trend\\round_1",
  "completed_phases": [
    1,
    2,
    3,
    4,
    5,
    6
  ],
  "mutations": {},
  "final_metrics": {
    "net_profit": 1449.8048874294473,
    "net_return_pct": 14.498048874294472,
    "realized_pnl_net": 1449.8048874294452,
    "terminal_mark_pnl_net": 0.0,
    "terminal_mark_count": 0.0,
    "total_trades": 26.0,
    "win_rate": 57.692307692307686,
    "avg_winner_r": 0.8094682154255547,
    "avg_loser_r": -0.4103150963949394,
    "expectancy_r": 0.2934060450399611,
    "profit_factor": 2.5139848674522933,
    "max_drawdown_pct": 5.288036359631028,
    "max_drawdown_duration": 2827.0,
    "sharpe_ratio": 3.235929141316278,
    "sortino_ratio": 7.579715596220662,
    "calmar_ratio": 2.7416696649389287,
    "avg_bars_held": 15.192307692307692,
    "avg_mae_r": -0.2939094192070959,
    "avg_mfe_r": 0.9312001750168584,
    "exit_efficiency": 0.48097915967748833,
    "a_setup_win_rate": 0.0,
    "b_setup_win_rate": 57.692307692307686,
    "long_win_rate": 53.84615384615385,
    "short_win_rate": 61.53846153846154,
    "funding_cost_total": 0.5253129057254067,
    "edge_ratio": 3.168323688056801,
    "payoff_ratio": 1.8435889027983485,
    "recovery_factor": 2.7416696649389287,
    "max_consecutive_losses": 4.0
  },
  "baseline_seed": "C:\\Users\\sehyu\\Documents\\Other\\Projects\\crypto_trader\\output\\revalidated\\20260421T192408Z\\trend\\cleaned_seed\\cleaned_seed_config.json"
}
