{
  "accepted": [
    "orderly_body_0_90",
    "orderly_volume_1_05"
  ],
  "rejected": [],
  "final_score": 0.816160667122786,
  "base_score": 0.7842579756705124,
  "rounds": 2,
  "elapsed_seconds": 29.034783363342285
}