{
  "accepted": [],
  "rejected": [],
  "final_score": 0.8174495016908657,
  "base_score": 0.8174495016908657,
  "rounds": 1,
  "elapsed_seconds": 14.600225448608398
}