{
  "accepted": [],
  "rejected": [],
  "final_score": 0.8233483311467564,
  "base_score": 0.8233483311467564,
  "rounds": 1,
  "elapsed_seconds": 13.719181776046753
}