{
  "accepted": [],
  "rejected": [],
  "final_score": 0.7792067945866928,
  "base_score": 0.7792067945866928,
  "rounds": 1,
  "elapsed_seconds": 13.7261803150177
}