{
  "accepted": [],
  "rejected": [],
  "final_score": 0.8228402572026704,
  "base_score": 0.8228402572026704,
  "rounds": 1,
  "elapsed_seconds": 14.655067920684814
}