{
  "accepted": [],
  "rejected": [],
  "final_score": 0.7791412231044037,
  "base_score": 0.7791412231044037,
  "rounds": 1,
  "elapsed_seconds": 13.923995971679688
}