{
  "round": 3,
  "output_dir": "C:\\Users\\sehyu\\Documents\\Other\\Projects\\crypto_trader\\output\\trend\\round_3",
  "completed_phases": [
    1,
    2,
    3,
    4,
    5,
    6
  ],
  "baseline_score": 0.790928700369145,
  "baseline_metrics": {
    "net_profit": 3237.5300648046705,
    "net_return_pct": 32.375300648046704,
    "realized_pnl_net": 3237.5300648046696,
    "terminal_mark_pnl_net": 0.0,
    "terminal_mark_count": 0.0,
    "total_trades": 53.0,
    "win_rate": 50.943396226415096,
    "avg_winner_r": 0.9103043606770455,
    "avg_loser_r": -0.3198191127038428,
    "expectancy_r": 0.30684756241472294,
    "profit_factor": 2.676235240547323,
    "max_drawdown_pct": 6.458861354769637,
    "max_drawdown_duration": 4489.0,
    "sharpe_ratio": 5.1604573351984975,
    "sortino_ratio": 10.758586918651226,
    "calmar_ratio": 5.0125399617285025,
    "avg_bars_held": 16.169811320754718,
    "avg_mae_r": -0.29005475921887397,
    "avg_mfe_r": 0.9259010653231371,
    "exit_efficiency": 0.6426164677979057,
    "a_setup_win_rate": 0.0,
    "b_setup_win_rate": 50.943396226415096,
    "long_win_rate": 47.22222222222222,
    "short_win_rate": 58.82352941176471,
    "funding_cost_total": 5.834362060307974,
    "edge_ratio": 3.192159535036129,
    "payoff_ratio": 2.5771154168233483,
    "recovery_factor": 5.0125399617285025,
    "max_consecutive_losses": 4.0
  },
  "mutations": {
    "setup.orderly_max_body_frac": 0.9,
    "setup.orderly_max_countertrend_volume_ratio": 1.05
  },
  "final_metrics": {
    "net_profit": 3690.3163922128115,
    "net_return_pct": 36.903163922128115,
    "realized_pnl_net": 3690.316392212826,
    "terminal_mark_pnl_net": 0.0,
    "terminal_mark_count": 0.0,
    "total_trades": 57.0,
    "win_rate": 50.877192982456144,
    "avg_winner_r": 0.9671835158501019,
    "avg_loser_r": -0.3284824110216914,
    "expectancy_r": 0.3307160430007999,
    "profit_factor": 2.7186381746122334,
    "max_drawdown_pct": 6.639998021562375,
    "max_drawdown_duration": 4489.0,
    "sharpe_ratio": 5.521464492089498,
    "sortino_ratio": 12.67465252123988,
    "calmar_ratio": 5.55770706591941,
    "avg_bars_held": 16.0,
    "avg_mae_r": -0.2967306981241759,
    "avg_mfe_r": 0.9484447101919672,
    "exit_efficiency": 0.6488834568079559,
    "a_setup_win_rate": 0.0,
    "b_setup_win_rate": 50.877192982456144,
    "long_win_rate": 47.368421052631575,
    "short_win_rate": 57.89473684210527,
    "funding_cost_total": 4.92646188017973,
    "edge_ratio": 3.1963147601097273,
    "payoff_ratio": 2.624892030660088,
    "recovery_factor": 5.55770706591941,
    "max_consecutive_losses": 4.0
  },
  "measurement_start": "2026-02-25",
  "measurement_end": "2026-04-20"
}
