{
  "accepted": [
    "reentry_scratch_075"
  ],
  "rejected": [],
  "final_score": 0.8831831227414803,
  "base_score": 0.7366486302055253,
  "rounds": 2,
  "elapsed_seconds": 27.489177465438843
}