{
  "accepted": [
    "scratch_030_lock_2"
  ],
  "rejected": [],
  "final_score": 0.7434412619674111,
  "base_score": 0.7396491692219462,
  "rounds": 2,
  "elapsed_seconds": 44.607834577560425
}