{
  "accepted": [
    "tp2_1_8"
  ],
  "rejected": [],
  "final_score": 0.7582392005218064,
  "base_score": 0.7511518837575124,
  "rounds": 2,
  "elapsed_seconds": 61.69877219200134
}