{
  "round": 2,
  "output_dir": "C:\\Users\\sehyu\\Documents\\Other\\Projects\\crypto_trader\\output\\trend\\round_2",
  "completed_phases": [
    1,
    2,
    3,
    4,
    5,
    6
  ],
  "baseline_score": 0.6137067926665467,
  "baseline_metrics": {
    "net_profit": 1449.8048874294473,
    "net_return_pct": 14.498048874294472,
    "realized_pnl_net": 1449.8048874294452,
    "terminal_mark_pnl_net": 0.0,
    "terminal_mark_count": 0.0,
    "total_trades": 26.0,
    "win_rate": 57.692307692307686,
    "avg_winner_r": 0.8094682154255547,
    "avg_loser_r": -0.4103150963949394,
    "expectancy_r": 0.2934060450399611,
    "profit_factor": 2.5139848674522933,
    "max_drawdown_pct": 5.288036359631028,
    "max_drawdown_duration": 2827.0,
    "sharpe_ratio": 3.235929141316278,
    "sortino_ratio": 7.579715596220662,
    "calmar_ratio": 2.7416696649389287,
    "avg_bars_held": 15.192307692307692,
    "avg_mae_r": -0.2939094192070959,
    "avg_mfe_r": 0.9312001750168584,
    "exit_efficiency": 0.48097915967748833,
    "a_setup_win_rate": 0.0,
    "b_setup_win_rate": 57.692307692307686,
    "long_win_rate": 53.84615384615385,
    "short_win_rate": 61.53846153846154,
    "funding_cost_total": 0.5253129057254067,
    "edge_ratio": 3.168323688056801,
    "payoff_ratio": 1.8435889027983485,
    "recovery_factor": 2.7416696649389287,
    "max_consecutive_losses": 4.0
  },
  "mutations": {
    "setup.use_weighted_confluence": true,
    "setup.min_setup_score_b": 1.35,
    "setup.min_setup_score_a": 2.05,
    "exits.scratch_exit_enabled": true,
    "exits.scratch_peak_r": 0.3,
    "exits.scratch_floor_r": 0.05,
    "exits.scratch_min_bars": 2,
    "exits.tp2_r": 1.8,
    "reentry.enabled": true,
    "reentry.cooldown_bars": 1,
    "reentry.max_loss_r": 0.5,
    "reentry.max_reentries": 1,
    "reentry.min_confluences_override": 2,
    "reentry.max_wait_bars": 6,
    "reentry.require_same_direction": true,
    "reentry.only_after_scratch_exit": true,
    "reentry.risk_scale": 0.75
  },
  "final_metrics": {
    "net_profit": 3319.248500002326,
    "net_return_pct": 33.19248500002326,
    "realized_pnl_net": 3319.2485000023134,
    "terminal_mark_pnl_net": 0.0,
    "terminal_mark_count": 0.0,
    "total_trades": 43.0,
    "win_rate": 55.81395348837209,
    "avg_winner_r": 0.9572697689385418,
    "avg_loser_r": -0.3277399762787677,
    "expectancy_r": 0.3894747652378701,
    "profit_factor": 3.2814176915555637,
    "max_drawdown_pct": 5.7460528950946665,
    "max_drawdown_duration": 4508.0,
    "sharpe_ratio": 5.747288891103925,
    "sortino_ratio": 13.982473604391648,
    "calmar_ratio": 5.776571431905764,
    "avg_bars_held": 17.627906976744185,
    "avg_mae_r": -0.2951015901709907,
    "avg_mfe_r": 1.0658687146841175,
    "exit_efficiency": 0.5656874103740764,
    "a_setup_win_rate": 100.0,
    "b_setup_win_rate": 54.761904761904766,
    "long_win_rate": 53.333333333333336,
    "short_win_rate": 61.53846153846154,
    "funding_cost_total": 11.264019762985251,
    "edge_ratio": 3.611870454735677,
    "payoff_ratio": 2.5977890058148216,
    "recovery_factor": 5.776571431905764,
    "max_consecutive_losses": 4.0
  },
  "measurement_start": "2026-02-25",
  "measurement_end": "2026-04-20"
}