label,kind,selection_score,passes_is_preservation,dev_return_pct,dev_trades,dev_pf,dev_exp_r,dev_exit_eff,dev_dd,oos_return_pct,oos_trades,oos_pf,oos_exp_r,oos_exit_eff,oos_dd,delta_dev_return_pct,delta_dev_trades,delta_oos_return_pct,delta_oos_trades,notes
ablate_strategy_active_cumulative_to_base__trend__setup.strict_orderly_pullback,ablation,91.91951605206687,False,55.146644381875696,59.0,2.8682435559121444,0.38039934179758217,0.5099957392041647,8.801300120646198,21.58694270950259,61.0,1.5151933579625312,0.20262902106538708,0.4408470418763449,9.290139541208223,-11.50832198893226,14.0,-12.152556209754085,22.0,Revert active cumulative strategy diff to pre-round baseline (C:\Users\sehyu\Documents\Other\Projects\crypto_trader\config\trend_pre_round1.yaml). aliases=perturb_strategy_active_cumulative__trend__setup.strict_orderly_pullback__False
ablate_strategy_active_cumulative_to_base__trend__setup.pullback_max_bars,ablation,90.57268319880615,True,120.04649502817215,72.0,4.191925495157378,0.4821828038233297,0.5264310558742086,6.124351759181958,9.813773775976646,65.0,1.2539066597992004,0.10599905506774608,0.38115718542452753,9.681085329141428,53.39152865736419,27.0,-23.92572514328003,26.0,Revert active cumulative strategy diff to pre-round baseline (C:\Users\sehyu\Documents\Other\Projects\crypto_trader\config\trend_pre_round1.yaml).
ablate_strategy_to_round1__trend__setup.pullback_max_bars,ablation,89.30251918248712,True,128.53862988255682,73.0,4.356901716971498,0.49414840793258563,0.5281795244850519,6.124351759181958,5.769234125322866,66.0,1.1463936169917488,0.09028416032456589,0.38115718542452753,9.681085329141428,61.883663511748864,28.0,-27.970264793933808,27.0,Revert one cumulative accepted strategy field to round 1. aliases=ablate_strategy_to_round2__trend__setup.pullback_max_bars
ablate_strategy_shadowed_to_round1__momentum__symbol_filter.sol_direction,ablation,85.94398618162722,True,80.34678139538643,47.0,8.605299049526115,0.5940608349784589,0.5059049401709869,3.846207393448526,29.91751817820084,50.0,2.0224150029038066,0.24668872703995512,0.4248496837442459,7.747930530936804,13.691815024578474,2.0,-3.8219807410558353,11.0,"Remove portfolio override and revert embedded strategy field to round 1. aliases=ablate_strategy_to_round2__momentum__symbol_filter.sol_direction,perturb_strategy__momentum__symbol_filter.sol_direction__both"
targeted_momentum_sol_both,targeted,85.94398618162722,True,80.34678139538643,47.0,8.605299049526115,0.5940608349784589,0.5059049401709869,3.846207393448526,29.91751817820084,50.0,2.0224150029038066,0.24668872703995512,0.4248496837442459,7.747930530936804,13.691815024578474,2.0,-3.8219807410558353,11.0,Targeted OOS repair probe.
checkpoint_trend_round_2_others_current,checkpoint,85.86241624137135,True,129.78993370305122,73.0,4.383599464509216,0.4967435112288484,0.5310493998135741,6.124351759181958,4.228403448462253,64.0,1.113968902096922,0.08445981738591032,0.37513746488432204,10.274019066128814,63.134967332243264,28.0,-29.511095470794423,25.0,
ablate_strategy_round_3__trend,ablation,85.86241624137135,True,129.78993370305122,73.0,4.383599464509216,0.4967435112288484,0.5310493998135741,6.124351759181958,4.228403448462253,64.0,1.113968902096922,0.08445981738591032,0.37513746488432204,10.274019066128814,63.134967332243264,28.0,-29.511095470794423,25.0,Revert all fields introduced or changed by strategy round 3.
checkpoint_trend_round_1_others_current,checkpoint,85.78791732454515,True,114.94530570558545,72.0,4.508417337970814,0.4936868124363707,0.5297346988902362,5.777998250866991,4.992561109149406,64.0,1.1385513278361714,0.05636300634989554,0.41272349456388485,12.326315990558246,48.2903393347775,27.0,-28.74693781010727,25.0,
ablate_strategy_all_to_round1__trend,ablation,85.78791732454515,True,114.94530570558545,72.0,4.508417337970814,0.4936868124363707,0.5297346988902362,5.777998250866991,4.992561109149406,64.0,1.1385513278361714,0.05636300634989554,0.41272349456388485,12.326315990558246,48.2903393347775,27.0,-28.74693781010727,25.0,Revert all known accepted cumulative fields for this strategy.
perturb_strategy_active_cumulative__trend__setup.orderly_max_body_frac__1.08,perturbation,85.14691615132242,True,65.483233276425,46.0,5.941174961155169,0.5095261598863935,0.5016298044946584,3.846207393448526,40.101634853955645,43.0,2.6457917764117185,0.33636195397339697,0.43192719632697807,5.42104513484111,-1.171733094382958,1.0,6.362135934698969,4.0,Perturb active cumulative strategy diff versus pre-round baseline.
ablate_portfolio_field__strategy.momentum.symbol_filter.sol_direction,ablation,81.2442718705559,True,73.98430325253331,43.0,8.662260339267393,0.6018410054013734,0.512769888061571,3.846207393448526,31.967529607989476,44.0,2.4200304070703913,0.30113590291224335,0.42468688755013695,7.747930530936857,7.329336881725354,-2.0,-1.771969311267199,5.0,Remove current policy key strategy.momentum.symbol_filter.sol_direction. aliases=ablate_portfolio_phase_1
targeted_momentum_sol_long_only,targeted,81.2442718705559,True,73.98430325253331,43.0,8.662260339267393,0.6018410054013734,0.512769888061571,3.846207393448526,31.967529607989476,44.0,2.4200304070703913,0.30113590291224335,0.42468688755013695,7.747930530936857,7.329336881725354,-2.0,-1.771969311267199,5.0,Targeted OOS repair probe.
targeted_pair_mom_sol_long_breakout_sol_long,targeted,81.0942718705559,False,70.8130039829855,42.0,8.355734487690478,0.588881509608395,0.5063644076830007,3.846207393448526,31.967529607989476,44.0,2.4200304070703913,0.30113590291224335,0.42468688755013695,7.747930530936857,4.1580376121775515,-3.0,-1.771969311267199,5.0,Targeted combination after OOS cohort review.
ablate_strategy_active_cumulative_to_base__trend__setup.min_room_r,ablation,80.17135756012814,False,40.87512946684437,60.0,2.515942883213276,0.2915077077163879,0.4536453838929451,6.499289115877673,26.991915024792252,51.0,1.8029655879722888,0.22085756958778624,0.4292396247053178,6.9359607268290615,-25.779836903963584,15.0,-6.747583894464423,12.0,Revert active cumulative strategy diff to pre-round baseline (C:\Users\sehyu\Documents\Other\Projects\crypto_trader\config\trend_pre_round1.yaml).
perturb_strategy_active_cumulative__trend__setup.min_setup_score_b__1.08,perturbation,78.65836539447945,True,66.48514857099583,47.0,6.256610801668099,0.5032679410653986,0.4845621474118812,3.846207393448526,33.29636267564434,41.0,2.49260617085045,0.32083176194202095,0.4113673608043628,5.421045134841032,-0.16981779981212242,2.0,-0.4431362436123365,2.0,Perturb active cumulative strategy diff versus pre-round baseline.
perturb_strategy_active_cumulative__trend__setup.min_setup_score_b__1.215,perturbation,78.65836539447945,True,66.48514857099583,47.0,6.256610801668099,0.5032679410653986,0.4845621474118812,3.846207393448526,33.29636267564434,41.0,2.49260617085045,0.32083176194202095,0.4113673608043628,5.421045134841032,-0.16981779981212242,2.0,-0.4431362436123365,2.0,Perturb active cumulative strategy diff versus pre-round baseline.
ablate_strategy_active_cumulative_to_base__trend__setup.use_weighted_confluence,ablation,78.12083413548577,False,61.46731007583952,48.0,4.728813164343341,0.4702954992409811,0.4845621474118812,5.183267413845664,33.29636267564434,41.0,2.49260617085045,0.32083176194202095,0.4113673608043628,5.421045134841032,-5.187656294968434,3.0,-0.4431362436123365,2.0,Revert active cumulative strategy diff to pre-round baseline (C:\Users\sehyu\Documents\Other\Projects\crypto_trader\config\trend_pre_round1.yaml). aliases=perturb_strategy_active_cumulative__trend__setup.use_weighted_confluence__False
perturb_strategy__momentum__risk.risk_pct_b__0.018,perturbation,78.01033682434968,True,72.35016036878035,45.0,6.092577606571448,0.5264376460104578,0.5016298044946584,3.846207393448526,36.555864507941,39.0,2.4305216726489047,0.3400756236156312,0.42895017916941286,5.688647630100268,5.695193997972396,0.0,2.8163655886843273,0.0,Perturb accepted cumulative strategy field.
perturb_risk_all_1.25,perturbation,77.93918967830541,True,70.26347199980333,45.0,6.2106605527261625,0.5264376460104578,0.5016298044946584,3.901403566703282,36.04360616148732,39.0,2.523012686240192,0.3400756236156312,0.42895017916941286,5.67603658303522,3.608505628995374,0.0,2.304107242230643,0.0,
targeted_breakout_eth_long_only,targeted,77.92856105085886,False,64.0977657705991,44.0,6.197079887687594,0.5263234512446924,0.49980759188315865,3.8462073934485357,36.3337229073121,38.0,2.849061125757956,0.36527874809603694,0.42895017916941286,4.647685466035636,-2.5572006002088585,-1.0,2.5942239880554254,-1.0,Targeted OOS repair probe.
perturb_strategy__momentum__trail.trail_activation_bars__8,perturbation,77.8807362764578,True,66.68945071677037,45.0,6.341548124494364,0.5266971907388142,0.5016298044946584,3.846207393448526,34.903481495800605,39.0,2.6688370439530997,0.3522956355917389,0.4288980064771787,5.421045134841164,0.03448434596241157,0.0,1.1639825765439298,0.0,Perturb accepted cumulative strategy field.
ablate_strategy_active_cumulative_to_base__trend__setup.min_setup_score_a,ablation,77.69559972686949,True,66.65496637080795,45.0,6.321492107306187,0.5264376460104578,0.5016298044946584,3.846207393448526,35.2702455292489,39.0,2.5945578685818362,0.3400756236156312,0.42895017916941286,5.421045134841137,0.0,0.0,1.530746609992228,0.0,Revert active cumulative strategy diff to pre-round baseline (C:\Users\sehyu\Documents\Other\Projects\crypto_trader\config\trend_pre_round1.yaml).
perturb_strategy_active_cumulative__trend__setup.min_setup_score_a__2.255,perturbation,77.69559972686949,True,66.65496637080795,45.0,6.321492107306187,0.5264376460104578,0.5016298044946584,3.846207393448526,35.2702455292489,39.0,2.5945578685818362,0.3400756236156312,0.42895017916941286,5.421045134841137,0.0,0.0,1.530746609992228,0.0,Perturb active cumulative strategy diff versus pre-round baseline.
perturb_strategy_active_cumulative__trend__setup.min_setup_score_a__2.46,perturbation,77.69559972686949,True,66.65496637080795,45.0,6.321492107306187,0.5264376460104578,0.5016298044946584,3.846207393448526,35.2702455292489,39.0,2.5945578685818362,0.3400756236156312,0.42895017916941286,5.421045134841137,0.0,0.0,1.530746609992228,0.0,Perturb active cumulative strategy diff versus pre-round baseline.
perturb_strategy_active_cumulative__breakout__setup.body_ratio_min__0.715,perturbation,77.6631092831251,True,67.54097537367738,45.0,6.658937596723278,0.5264376460104578,0.5016298044946584,3.846207393448526,35.86667551618166,38.0,2.8273770296528027,0.36527874809603694,0.42895017916941286,4.647685466035636,0.8860090028694287,0.0,2.1271765969249827,-1.0,Perturb active cumulative strategy diff versus pre-round baseline.
perturb_strategy_active_cumulative__trend__setup.min_room_r__1.35,perturbation,77.61575787506683,False,51.960413898990545,49.0,3.660134476997244,0.4175869429474872,0.46652364067810004,6.541205183974684,29.454408401223237,45.0,2.109453864527821,0.2699198022090584,0.4198727480213893,5.901218326430161,-14.69455247181741,4.0,-4.285090518033439,6.0,Perturb active cumulative strategy diff versus pre-round baseline.
ablate_strategy_active_cumulative_to_base__trend__regime.b_adx_rising_required,ablation,77.56671368860506,True,66.65496637080795,45.0,6.321492107306187,0.5264376460104578,0.5016298044946584,3.846207393448526,33.259961352400246,40.0,2.512100287654563,0.3284740242831008,0.4289501791694129,5.421045134841091,0.0,0.0,-0.479537566856429,1.0,Revert active cumulative strategy diff to pre-round baseline (C:\Users\sehyu\Documents\Other\Projects\crypto_trader\config\trend_pre_round1.yaml). aliases=perturb_strategy_active_cumulative__trend__regime.b_adx_rising_required__False
perturb_risk_all_1.20,perturbation,77.51414896141806,True,68.85371040530025,45.0,6.265694560375624,0.5264376460104578,0.5016298044946584,3.901403566703279,35.1110663825348,39.0,2.5436272725346467,0.3400756236156312,0.42895017916941286,5.586891293546588,2.198744034492293,0.0,1.3715674632781258,0.0,
perturb_risk_momentum_1.25,perturbation,77.42760853543737,True,69.09398750269861,45.0,6.208354170373586,0.5264376460104578,0.5016298044946584,3.846207393448526,35.110343664434446,39.0,2.5005377390693937,0.3400756236156312,0.42895017916941286,5.53973490339581,2.439021131890655,0.0,1.37084474517777,0.0,
perturb_strategy__momentum__risk.risk_pct_b__0.0165,perturbation,77.42243032564443,True,69.48612205223722,45.0,6.203036565031156,0.5264376460104578,0.5016298044946584,3.846207393448526,35.15019441780238,39.0,2.48798594583094,0.3400756236156312,0.42895017916941286,5.5572244844402165,2.8311556814292658,0.0,1.4106954985457065,0.0,Perturb accepted cumulative strategy field.
perturb_strategy_active_cumulative__trend__setup.orderly_max_body_frac__0.99,perturbation,77.33710128945206,True,66.65496637080795,45.0,6.321492107306187,0.5264376460104578,0.5016298044946584,3.846207393448526,31.86036005098332,41.0,2.379584842668401,0.2998750877013107,0.4105576113251926,5.4210451348411,0.0,0.0,-1.8791388682733547,2.0,Perturb active cumulative strategy diff versus pre-round baseline.
perturb_risk_breakout_1.25,perturbation,77.24237472696453,True,67.31682431603812,45.0,6.322780341496163,0.5264376460104578,0.5016298044946584,3.846207393448527,34.446427022759366,39.0,2.5738999952517414,0.3400756236156312,0.42895017916941286,5.531197330118653,0.6618579452301674,0.0,0.7069281035026904,0.0,
perturb_strategy_active_cumulative__breakout__risk.max_risk_pct__0.028875,perturbation,77.22894977522414,True,67.27441529481032,45.0,6.321394033151061,0.5264376460104578,0.5016298044946584,3.846207393448495,34.4223734448842,39.0,2.5732009138503353,0.34007562361563126,0.42895017916941286,5.527451851611092,0.61944892400237,0.0,0.6828745256275255,0.0,Perturb active cumulative strategy diff versus pre-round baseline.
perturb_strategy_active_cumulative__breakout__risk.max_risk_pct__0.0315,perturbation,77.22894977522414,True,67.27441529481032,45.0,6.321394033151061,0.5264376460104578,0.5016298044946584,3.846207393448495,34.4223734448842,39.0,2.5732009138503353,0.34007562361563126,0.42895017916941286,5.527451851611092,0.61944892400237,0.0,0.6828745256275255,0.0,Perturb active cumulative strategy diff versus pre-round baseline.
perturb_risk_momentum_1.20,perturbation,77.13610987818487,True,67.87145492891554,45.0,6.263964266869701,0.5264376460104578,0.5016298044946584,3.846207393448526,34.42505972962419,39.0,2.5261093941457045,0.3400756236156312,0.42895017916941286,5.480847647393796,1.216488558107585,0.0,0.6855608103675124,0.0,
perturb_risk_breakout_1.20,perturbation,77.13345485516794,True,67.1398660383271,45.0,6.322829734884635,0.5264376460104578,0.5016298044946584,3.8462073934485446,34.25131456745902,39.0,2.5682181731785354,0.34007562361563126,0.42895017916941286,5.500810517628276,0.4848996675191444,0.0,0.5118156482023437,0.0,
perturb_strategy_active_cumulative__trend__exits.tp2_frac__0.48,perturbation,77.12648594031847,True,66.36389878445037,45.0,6.306380136826032,0.5250103003685074,0.5003884813991994,3.936551271434223,34.13230252276175,39.0,2.5693068223232425,0.34287339079395174,0.4303704344119378,5.4210451348411,-0.2910675863575847,0.0,0.3928036035050724,0.0,Perturb active cumulative strategy diff versus pre-round baseline.
perturb_strategy_active_cumulative__trend__setup.pullback_max_bars__8,perturbation,77.08142259723371,True,72.18015459939802,55.0,4.7404106506226364,0.45465116300162844,0.4886764037311624,4.860085092381453,14.699294704808343,51.0,1.452174078510185,0.17096817154495425,0.4005124428490325,7.256760559964524,5.525188228590068,10.0,-19.04020421444833,12.0,Perturb active cumulative strategy diff versus pre-round baseline. aliases=perturb_strategy__trend__setup.pullback_max_bars__8
ablate_strategy_active_cumulative_to_base__trend__exits.tp2_frac,ablation,77.07999296353474,True,66.412392482813,45.0,6.308901023435783,0.5252481913088323,0.5005953685817759,3.9214939584366,34.06683525551099,39.0,2.5666238015115304,0.3424070962642317,0.4301337252048504,5.4210451348411,-0.2425738879949506,0.0,0.32733633625431224,0.0,Revert active cumulative strategy diff to pre-round baseline (C:\Users\sehyu\Documents\Other\Projects\crypto_trader\config\trend_pre_round1.yaml).
perturb_strategy_active_cumulative__breakout__balance.min_bars_in_zone__9,perturbation,77.06815682625935,True,64.65885493963526,46.0,6.15829132590553,0.5009703651539165,0.5005634455914589,3.8462073934485232,34.05505406864596,39.0,2.5669541894151,0.3420400785058986,0.4302423747989132,5.4210451348411,-1.996111431172693,1.0,0.315555149389283,0.0,Perturb active cumulative strategy diff versus pre-round baseline. aliases=perturb_strategy__breakout__balance.min_bars_in_zone__9
targeted_breakout_faster_trail,targeted,77.0645681070586,True,67.10499088358844,45.0,6.488815990912054,0.5283627517423215,0.5016298044946584,3.846207393448526,34.00478887986473,39.0,2.5808305403341008,0.341695143692113,0.42895017916941286,5.2334352857442505,0.4500245127804874,0.0,0.2652899606080581,0.0,Targeted OOS repair probe.
perturb_strategy_active_cumulative__trend__exits.tp2_r__1.44,perturbation,77.04999902192925,True,68.43953892415564,45.0,6.423207009003688,0.5350873189953754,0.5110479427143176,3.6465181717884225,33.98534976642954,39.0,2.561638845268071,0.3435581360099077,0.43274974265479277,5.421045134841038,1.7845725533476866,0.0,0.24585084717286776,0.0,Perturb active cumulative strategy diff versus pre-round baseline.
perturb_strategy_active_cumulative__trend__exits.tp2_r__1.62,perturbation,77.04999902192925,True,64.81741495869579,45.0,6.2324824130375776,0.5174876796479467,0.493706708025261,4.655434686273159,33.98534976642954,39.0,2.561638845268071,0.3435581360099077,0.43274974265479277,5.421045134841038,-1.8375514121121626,0.0,0.24585084717286776,0.0,Perturb active cumulative strategy diff versus pre-round baseline.
perturb_strategy_active_cumulative__breakout__profile.recalc_interval_bars__6,perturbation,77.04912584296297,False,59.700589731119635,43.0,5.721627968973134,0.489605397658007,0.5079296787548746,4.192171181312309,36.3337229073121,38.0,2.849061125757956,0.36527874809603694,0.42895017916941286,4.647685466035636,-6.95437663968832,-2.0,2.5942239880554254,-1.0,Perturb active cumulative strategy diff versus pre-round baseline. aliases=perturb_strategy__breakout__profile.recalc_interval_bars__6
perturb_strategy_active_cumulative__trend__setup.min_room_r__1.2,perturbation,76.99153225065203,False,48.11993834891881,53.0,3.2099070467467214,0.3679966299982491,0.463432214816507,6.7099354170800165,26.76737984721114,47.0,1.8897779735182854,0.2380717769104286,0.4306758265730851,6.9359607268290615,-18.535028021889147,8.0,-6.972119072045537,8.0,Perturb active cumulative strategy diff versus pre-round baseline.
perturb_strategy_active_cumulative__trend__exits.tp2_frac__0.54,perturbation,76.9870002858907,True,66.50940095877456,45.0,6.313940125475479,0.5257239731894826,0.5010091429469289,3.891379332441395,33.9359007210093,39.0,2.5612543978499063,0.3414745072047915,0.42966030679067535,5.4210451348411,-0.1455654120333918,0.0,0.19640180175262145,0.0,Perturb active cumulative strategy diff versus pre-round baseline.
ablate_strategy_active_cumulative_to_base__trend__risk.risk_pct_a,ablation,76.97818476649955,True,66.65496637080795,45.0,6.321492107306187,0.5264376460104578,0.5016298044946584,3.846207393448526,34.002150645165294,39.0,2.55287410941777,0.3400756236156312,0.42895017916941286,5.421045134841121,0.0,0.0,0.2626517259086185,0.0,Revert active cumulative strategy diff to pre-round baseline (C:\Users\sehyu\Documents\Other\Projects\crypto_trader\config\trend_pre_round1.yaml).
perturb_risk_trend_1.25,perturbation,76.96118266174565,True,67.14378101000347,45.0,6.321457492388639,0.5264376460104578,0.5016298044946584,3.9014035667032996,33.955277277776304,39.0,2.556091398888068,0.3400756236156313,0.4289501791694129,5.447422070182316,0.4888146391955104,0.0,0.21577835851962845,0.0,
perturb_strategy_active_cumulative__trend__risk.risk_pct_a__0.0144,perturbation,76.95209636030881,True,66.65496637080795,45.0,6.321492107306187,0.5264376460104578,0.5016298044946584,3.846207393448526,33.949694037836395,39.0,2.552944058154631,0.34007562361563126,0.42895017916941286,5.421045134841104,0.0,0.0,0.21019511857971906,0.0,Perturb active cumulative strategy diff versus pre-round baseline.
perturb_strategy_active_cumulative__trend__stops.min_stop_atr__1.35,perturbation,76.9510260787632,True,67.49335945366157,45.0,5.962845115930783,0.5307874665754041,0.5152832051935144,5.153942815204222,34.01867655752183,39.0,2.511240016002491,0.3427337648887403,0.43028212806832516,5.620853589421153,0.8383930828536137,0.0,0.2791776382651534,0.0,Perturb active cumulative strategy diff versus pre-round baseline.
perturb_strategy_active_cumulative__breakout__exits.tp1_frac__0.08,perturbation,76.94621563200198,True,66.72248030589509,45.0,6.325236941717989,0.5269055352477701,0.5018947084942027,3.846207393448517,33.87966837358783,39.0,2.559379585284881,0.34097901525768387,0.42965606065313866,5.421045134841119,0.06751393508713477,0.0,0.1401694543311578,0.0,Perturb active cumulative strategy diff versus pre-round baseline. aliases=perturb_strategy__breakout__exits.tp1_frac__0.08
perturb_risk_trend_1.20,perturbation,76.93841317197366,True,67.14378101000347,45.0,6.321457492388639,0.5264376460104578,0.5016298044946584,3.9014035667032996,33.90951791602673,39.0,2.556146494439467,0.3400756236156312,0.42895017916941286,5.447422070182253,0.4888146391955104,0.0,0.17001899677005383,0.0,
ablate_strategy_to_round1__breakout__trail.trail_buffer_tight,ablation,76.90793138633053,True,66.7977848385435,45.0,6.330249169312808,0.5273194890761856,0.502555725704257,3.846207393448517,33.825563966588,39.0,2.5569283636688374,0.34062737087215916,0.42952593373804,5.42104513484111,0.14281846773555174,0.0,0.08606504733132425,0.0,Revert one cumulative accepted strategy field to round 1. aliases=ablate_strategy_to_round1__breakout__trail.trail_buffer_tight
perturb_strategy_active_cumulative__trend__risk.risk_pct_a__0.0132,perturbation,76.89984512817367,True,66.65496637080795,45.0,6.321492107306187,0.5264376460104578,0.5016298044946584,3.846207393448526,33.84467022696682,39.0,2.5530743948044505,0.3400756236156312,0.42895017916941286,5.421045134841111,0.0,0.0,0.10517130771014394,0.0,Perturb active cumulative strategy diff versus pre-round baseline.
perturb_strategy_active_cumulative__breakout__exits.tp1_frac__0.09,perturbation,76.89685145245463,True,66.688722534054,45.0,6.323364762325895,0.526671590629114,0.5017622564944305,3.846207393448533,33.80957670464817,39.0,2.5562856751353515,0.3405273194366576,0.42930311991127573,5.4210451348411155,0.03375616324603925,0.0,0.07007778539149712,0.0,Perturb active cumulative strategy diff versus pre-round baseline. aliases=perturb_strategy__breakout__exits.tp1_frac__0.09
perturb_strategy_active_cumulative__breakout__trail.trail_buffer_tight__0.048,perturbation,76.88375452922244,True,66.74064640158223,45.0,6.326746622603827,0.5269667518498935,0.5021853572204166,3.8462073934485073,33.791133991823244,39.0,2.5554337189294785,0.34040667196954844,0.42929563191059,5.421045134841124,0.08568003077427022,0.0,0.05163507256656885,0.0,Perturb active cumulative strategy diff versus pre-round baseline. aliases=perturb_strategy__breakout__trail.trail_buffer_tight__0.048
perturb_strategy_active_cumulative__breakout__trail.trail_buffer_tight__0.054,perturbation,76.8656237045288,True,66.69780224293422,45.0,6.324119469256304,0.5267021989301751,0.5019075808575371,3.8462073934485232,33.765314972163004,39.0,2.554312779090339,0.34024114779259007,0.42912290554000165,5.421045134841107,0.042835872126261165,0.0,0.025816052906328935,0.0,Perturb active cumulative strategy diff versus pre-round baseline. aliases=perturb_strategy__breakout__trail.trail_buffer_tight__0.054
baseline_current_round2,baseline,76.84749443815593,True,66.65496637080795,45.0,6.321492107306187,0.5264376460104578,0.5016298044946584,3.846207393448526,33.739498919256675,39.0,2.5531918767231168,0.3400756236156312,0.42895017916941286,5.4210451348411,0.0,0.0,0.0,0.0,"aliases=checkpoint_portfolio_phase_5,perturb_symbol_collision_cap"
ablate_portfolio_field__portfolio.dd_tiers,ablation,76.84749443815593,True,66.65496637080795,45.0,6.321492107306187,0.5264376460104578,0.5016298044946584,3.846207393448526,33.739498919256675,39.0,2.5531918767231168,0.3400756236156312,0.42895017916941286,5.4210451348411,0.0,0.0,0.0,0.0,Remove current policy key portfolio.dd_tiers.
ablate_portfolio_field__portfolio.symbol_exposure_cap_R,ablation,76.84749443815593,True,66.65496637080795,45.0,6.321492107306187,0.5264376460104578,0.5016298044946584,3.846207393448526,33.739498919256675,39.0,2.5531918767231168,0.3400756236156312,0.42895017916941286,5.4210451348411,0.0,0.0,0.0,0.0,Remove current policy key portfolio.symbol_exposure_cap_R.
ablate_portfolio_field__strategy.momentum.exits.proof_lock_trigger_r,ablation,76.84749443815593,True,66.7207094647293,45.0,6.347144961944197,0.5269482761556962,0.5016298044946584,3.846207393448526,33.739498919256675,39.0,2.5531918767231168,0.3400756236156312,0.42895017916941286,5.4210451348411,0.06574309392134126,0.0,0.0,0.0,Remove current policy key strategy.momentum.exits.proof_lock_trigger_r.
ablate_portfolio_phase_2,ablation,76.84749443815593,True,65.63068844582605,45.0,6.20667963224832,0.518640572008211,0.5105769835850086,3.846207393448526,33.739498919256675,39.0,2.5531918767231168,0.3400756236156312,0.42895017916941286,5.4210451348411,-1.0242779249819023,0.0,0.0,0.0,Remove accepted keys from one portfolio phase.
ablate_portfolio_field__strategy.momentum.exits.proof_lock_min_bars,ablation,76.84749443815593,True,65.56537518065512,45.0,6.181869953570498,0.5181299418629726,0.5105769835850086,3.846207393448526,33.739498919256675,39.0,2.5531918767231168,0.3400756236156312,0.42895017916941286,5.4210451348411,-1.0895911901528308,0.0,0.0,0.0,Remove current policy key strategy.momentum.exits.proof_lock_min_bars.
ablate_strategy_to_round1__momentum__bias.h4_ema_slope_lookback,ablation,76.84749443815593,True,66.65496637080795,45.0,6.321492107306187,0.5264376460104578,0.5016298044946584,3.846207393448526,33.739498919256675,39.0,2.5531918767231168,0.3400756236156312,0.42895017916941286,5.4210451348411,0.0,0.0,0.0,0.0,Revert one cumulative accepted strategy field to round 1. aliases=ablate_strategy_to_round2__momentum__bias.h4_ema_slope_lookback
ablate_strategy_to_round1__momentum__exits.mfe_retrace_trigger_r,ablation,76.84749443815593,True,66.65496637080795,45.0,6.321492107306187,0.5264376460104578,0.5016298044946584,3.846207393448526,33.739498919256675,39.0,2.5531918767231168,0.3400756236156312,0.42895017916941286,5.4210451348411,0.0,0.0,0.0,0.0,"Revert one cumulative accepted strategy field to round 1. aliases=ablate_strategy_to_round1__momentum__exits.mfe_retrace_trigger_r,perturb_strategy__momentum__exits.mfe_retrace_trigger_r__1.5"
ablate_strategy_to_round1__momentum__exits.mfe_retrace_min_r,ablation,76.84749443815593,True,66.65496637080795,45.0,6.321492107306187,0.5264376460104578,0.5016298044946584,3.846207393448526,33.739498919256675,39.0,2.5531918767231168,0.3400756236156312,0.42895017916941286,5.4210451348411,0.0,0.0,0.0,0.0,Revert one cumulative accepted strategy field to round 1. aliases=ablate_strategy_to_round1__momentum__exits.mfe_retrace_min_r
ablate_strategy_to_round1__momentum__exits.proof_lock_enabled,ablation,76.84749443815593,True,74.21428726784669,45.0,7.276625139285761,0.5807486301876849,0.5000060284958361,3.846207393448526,33.739498919256675,39.0,2.5531918767231168,0.3400756236156312,0.42895017916941286,5.4210451348411,7.559320897038731,0.0,0.0,0.0,"Revert one cumulative accepted strategy field to round 1. aliases=ablate_strategy_to_round1__momentum__exits.proof_lock_enabled,perturb_strategy__momentum__exits.proof_lock_enabled__False"
ablate_strategy_shadowed_to_round1__momentum__exits.proof_lock_trigger_r,ablation,76.84749443815593,True,66.65496637080795,45.0,6.321492107306187,0.5264376460104578,0.5016298044946584,3.846207393448526,33.739498919256675,39.0,2.5531918767231168,0.3400756236156312,0.42895017916941286,5.4210451348411,0.0,0.0,0.0,0.0,Remove portfolio override and revert embedded strategy field to round 1. aliases=ablate_strategy_to_round1__momentum__exits.proof_lock_trigger_r
ablate_strategy_active_cumulative_to_base__trend__confirmation.volume_threshold_mult,ablation,76.84749443815593,True,66.65496637080795,45.0,6.321492107306187,0.5264376460104578,0.5016298044946584,3.846207393448526,33.739498919256675,39.0,2.5531918767231168,0.3400756236156312,0.42895017916941286,5.4210451348411,0.0,0.0,0.0,0.0,Revert active cumulative strategy diff to pre-round baseline (C:\Users\sehyu\Documents\Other\Projects\crypto_trader\config\trend_pre_round1.yaml).
perturb_strategy_active_cumulative__trend__confirmation.volume_threshold_mult__0.84,perturbation,76.84749443815593,True,66.65496637080795,45.0,6.321492107306187,0.5264376460104578,0.5016298044946584,3.846207393448526,33.739498919256675,39.0,2.5531918767231168,0.3400756236156312,0.42895017916941286,5.4210451348411,0.0,0.0,0.0,0.0,Perturb active cumulative strategy diff versus pre-round baseline.
perturb_strategy_active_cumulative__trend__confirmation.volume_threshold_mult__0.945,perturbation,76.84749443815593,True,66.65496637080795,45.0,6.321492107306187,0.5264376460104578,0.5016298044946584,3.846207393448526,33.739498919256675,39.0,2.5531918767231168,0.3400756236156312,0.42895017916941286,5.4210451348411,0.0,0.0,0.0,0.0,Perturb active cumulative strategy diff versus pre-round baseline.
ablate_strategy_active_cumulative_to_base__trend__exits.scratch_min_bars,ablation,76.84749443815593,True,66.65496637080795,45.0,6.321492107306187,0.5264376460104578,0.5016298044946584,3.846207393448526,33.739498919256675,39.0,2.5531918767231168,0.3400756236156312,0.42895017916941286,5.4210451348411,0.0,0.0,0.0,0.0,Revert active cumulative strategy diff to pre-round baseline (C:\Users\sehyu\Documents\Other\Projects\crypto_trader\config\trend_pre_round1.yaml). aliases=perturb_strategy_active_cumulative__trend__exits.scratch_min_bars__4
perturb_strategy_active_cumulative__trend__exits.scratch_min_bars__0,perturbation,76.84749443815593,True,66.65496637080795,45.0,6.321492107306187,0.5264376460104578,0.5016298044946584,3.846207393448526,33.739498919256675,39.0,2.5531918767231168,0.3400756236156312,0.42895017916941286,5.4210451348411,0.0,0.0,0.0,0.0,Perturb active cumulative strategy diff versus pre-round baseline.
perturb_strategy_active_cumulative__trend__exits.scratch_min_bars__1,perturbation,76.84749443815593,True,66.65496637080795,45.0,6.321492107306187,0.5264376460104578,0.5016298044946584,3.846207393448526,33.739498919256675,39.0,2.5531918767231168,0.3400756236156312,0.42895017916941286,5.4210451348411,0.0,0.0,0.0,0.0,Perturb active cumulative strategy diff versus pre-round baseline.
perturb_strategy_active_cumulative__trend__exits.scratch_min_bars__3,perturbation,76.84749443815593,True,66.65496637080795,45.0,6.321492107306187,0.5264376460104578,0.5016298044946584,3.846207393448526,33.739498919256675,39.0,2.5531918767231168,0.3400756236156312,0.42895017916941286,5.4210451348411,0.0,0.0,0.0,0.0,Perturb active cumulative strategy diff versus pre-round baseline.
perturb_strategy_active_cumulative__trend__h1_indicators.ema_fast__28,perturbation,76.84749443815593,True,66.46037011673938,46.0,6.255302992556145,0.5140934874887783,0.5016298044946584,3.846207393448526,33.739498919256675,39.0,2.5531918767231168,0.3400756236156312,0.42895017916941286,5.4210451348411,-0.19459625406857128,1.0,0.0,0.0,Perturb active cumulative strategy diff versus pre-round baseline.
perturb_strategy_active_cumulative__trend__h1_indicators.ema_fast__29,perturbation,76.84749443815593,True,66.65496637080795,45.0,6.321492107306187,0.5264376460104578,0.5016298044946584,3.846207393448526,33.739498919256675,39.0,2.5531918767231168,0.3400756236156312,0.42895017916941286,5.4210451348411,0.0,0.0,0.0,0.0,Perturb active cumulative strategy diff versus pre-round baseline.
perturb_strategy_active_cumulative__trend__h1_indicators.ema_fast__32,perturbation,76.84749443815593,True,66.65496637080795,45.0,6.321492107306187,0.5264376460104578,0.5016298044946584,3.846207393448526,33.739498919256675,39.0,2.5531918767231168,0.3400756236156312,0.42895017916941286,5.4210451348411,0.0,0.0,0.0,0.0,Perturb active cumulative strategy diff versus pre-round baseline.
perturb_strategy_active_cumulative__trend__h1_indicators.ema_fast__31,perturbation,76.84749443815593,True,66.65496637080795,45.0,6.321492107306187,0.5264376460104578,0.5016298044946584,3.846207393448526,33.739498919256675,39.0,2.5531918767231168,0.3400756236156312,0.42895017916941286,5.4210451348411,0.0,0.0,0.0,0.0,Perturb active cumulative strategy diff versus pre-round baseline.
ablate_strategy_active_cumulative_to_base__trend__limits.max_correlated_risk_pct,ablation,76.84749443815593,True,66.65496637080795,45.0,6.321492107306187,0.5264376460104578,0.5016298044946584,3.846207393448526,33.739498919256675,39.0,2.5531918767231168,0.3400756236156312,0.42895017916941286,5.4210451348411,0.0,0.0,0.0,0.0,Revert active cumulative strategy diff to pre-round baseline (C:\Users\sehyu\Documents\Other\Projects\crypto_trader\config\trend_pre_round1.yaml).
perturb_strategy_active_cumulative__trend__limits.max_correlated_risk_pct__0.048,perturbation,76.84749443815593,True,66.65496637080795,45.0,6.321492107306187,0.5264376460104578,0.5016298044946584,3.846207393448526,33.739498919256675,39.0,2.5531918767231168,0.3400756236156312,0.42895017916941286,5.4210451348411,0.0,0.0,0.0,0.0,Perturb active cumulative strategy diff versus pre-round baseline.
perturb_strategy_active_cumulative__trend__limits.max_correlated_risk_pct__0.054,perturbation,76.84749443815593,True,66.65496637080795,45.0,6.321492107306187,0.5264376460104578,0.5016298044946584,3.846207393448526,33.739498919256675,39.0,2.5531918767231168,0.3400756236156312,0.42895017916941286,5.4210451348411,0.0,0.0,0.0,0.0,Perturb active cumulative strategy diff versus pre-round baseline.
perturb_strategy_active_cumulative__trend__limits.max_correlated_risk_pct__0.066,perturbation,76.84749443815593,True,66.65496637080795,45.0,6.321492107306187,0.5264376460104578,0.5016298044946584,3.846207393448526,33.739498919256675,39.0,2.5531918767231168,0.3400756236156312,0.42895017916941286,5.4210451348411,0.0,0.0,0.0,0.0,Perturb active cumulative strategy diff versus pre-round baseline.
perturb_strategy_active_cumulative__trend__limits.max_correlated_risk_pct__0.072,perturbation,76.84749443815593,True,66.65496637080795,45.0,6.321492107306187,0.5264376460104578,0.5016298044946584,3.846207393448526,33.739498919256675,39.0,2.5531918767231168,0.3400756236156312,0.42895017916941286,5.4210451348411,0.0,0.0,0.0,0.0,Perturb active cumulative strategy diff versus pre-round baseline.
ablate_strategy_active_cumulative_to_base__trend__reentry.cooldown_bars,ablation,76.84749443815593,True,66.65496637080795,45.0,6.321492107306187,0.5264376460104578,0.5016298044946584,3.846207393448526,33.739498919256675,39.0,2.5531918767231168,0.3400756236156312,0.42895017916941286,5.4210451348411,0.0,0.0,0.0,0.0,Revert active cumulative strategy diff to pre-round baseline (C:\Users\sehyu\Documents\Other\Projects\crypto_trader\config\trend_pre_round1.yaml). aliases=perturb_strategy_active_cumulative__trend__reentry.cooldown_bars__3
perturb_strategy_active_cumulative__trend__reentry.cooldown_bars__0,perturbation,76.84749443815593,True,66.65496637080795,45.0,6.321492107306187,0.5264376460104578,0.5016298044946584,3.846207393448526,33.739498919256675,39.0,2.5531918767231168,0.3400756236156312,0.42895017916941286,5.4210451348411,0.0,0.0,0.0,0.0,Perturb active cumulative strategy diff versus pre-round baseline.
perturb_strategy_active_cumulative__trend__reentry.cooldown_bars__2,perturbation,76.84749443815593,True,66.65496637080795,45.0,6.321492107306187,0.5264376460104578,0.5016298044946584,3.846207393448526,33.739498919256675,39.0,2.5531918767231168,0.3400756236156312,0.42895017916941286,5.4210451348411,0.0,0.0,0.0,0.0,Perturb active cumulative strategy diff versus pre-round baseline.
ablate_strategy_active_cumulative_to_base__trend__reentry.max_loss_r,ablation,76.84749443815593,True,66.65496637080795,45.0,6.321492107306187,0.5264376460104578,0.5016298044946584,3.846207393448526,33.739498919256675,39.0,2.5531918767231168,0.3400756236156312,0.42895017916941286,5.4210451348411,0.0,0.0,0.0,0.0,Revert active cumulative strategy diff to pre-round baseline (C:\Users\sehyu\Documents\Other\Projects\crypto_trader\config\trend_pre_round1.yaml).
perturb_strategy_active_cumulative__trend__reentry.max_loss_r__0.4,perturbation,76.84749443815593,True,66.65496637080795,45.0,6.321492107306187,0.5264376460104578,0.5016298044946584,3.846207393448526,33.739498919256675,39.0,2.5531918767231168,0.3400756236156312,0.42895017916941286,5.4210451348411,0.0,0.0,0.0,0.0,Perturb active cumulative strategy diff versus pre-round baseline.
perturb_strategy_active_cumulative__trend__reentry.max_loss_r__0.45,perturbation,76.84749443815593,True,66.65496637080795,45.0,6.321492107306187,0.5264376460104578,0.5016298044946584,3.846207393448526,33.739498919256675,39.0,2.5531918767231168,0.3400756236156312,0.42895017916941286,5.4210451348411,0.0,0.0,0.0,0.0,Perturb active cumulative strategy diff versus pre-round baseline.
perturb_strategy_active_cumulative__trend__reentry.max_loss_r__0.55,perturbation,76.84749443815593,True,66.65496637080795,45.0,6.321492107306187,0.5264376460104578,0.5016298044946584,3.846207393448526,33.739498919256675,39.0,2.5531918767231168,0.3400756236156312,0.42895017916941286,5.4210451348411,0.0,0.0,0.0,0.0,Perturb active cumulative strategy diff versus pre-round baseline.
perturb_strategy_active_cumulative__trend__reentry.max_loss_r__0.6,perturbation,76.84749443815593,True,66.65496637080795,45.0,6.321492107306187,0.5264376460104578,0.5016298044946584,3.846207393448526,33.739498919256675,39.0,2.5531918767231168,0.3400756236156312,0.42895017916941286,5.4210451348411,0.0,0.0,0.0,0.0,Perturb active cumulative strategy diff versus pre-round baseline.
perturb_strategy_active_cumulative__trend__reentry.max_wait_bars__4,perturbation,76.84749443815593,True,66.65496637080795,45.0,6.321492107306187,0.5264376460104578,0.5016298044946584,3.846207393448526,33.739498919256675,39.0,2.5531918767231168,0.3400756236156312,0.42895017916941286,5.4210451348411,0.0,0.0,0.0,0.0,Perturb active cumulative strategy diff versus pre-round baseline.
perturb_strategy_active_cumulative__trend__reentry.max_wait_bars__5,perturbation,76.84749443815593,True,66.65496637080795,45.0,6.321492107306187,0.5264376460104578,0.5016298044946584,3.846207393448526,33.739498919256675,39.0,2.5531918767231168,0.3400756236156312,0.42895017916941286,5.4210451348411,0.0,0.0,0.0,0.0,Perturb active cumulative strategy diff versus pre-round baseline.
perturb_strategy_active_cumulative__trend__reentry.max_wait_bars__7,perturbation,76.84749443815593,True,66.65496637080795,45.0,6.321492107306187,0.5264376460104578,0.5016298044946584,3.846207393448526,33.739498919256675,39.0,2.5531918767231168,0.3400756236156312,0.42895017916941286,5.4210451348411,0.0,0.0,0.0,0.0,Perturb active cumulative strategy diff versus pre-round baseline.
perturb_strategy_active_cumulative__trend__reentry.max_wait_bars__8,perturbation,76.84749443815593,True,66.65496637080795,45.0,6.321492107306187,0.5264376460104578,0.5016298044946584,3.846207393448526,33.739498919256675,39.0,2.5531918767231168,0.3400756236156312,0.42895017916941286,5.4210451348411,0.0,0.0,0.0,0.0,Perturb active cumulative strategy diff versus pre-round baseline.
ablate_strategy_active_cumulative_to_base__trend__reentry.min_confluences_override,ablation,76.84749443815593,True,66.65496637080795,45.0,6.321492107306187,0.5264376460104578,0.5016298044946584,3.846207393448526,33.739498919256675,39.0,2.5531918767231168,0.3400756236156312,0.42895017916941286,5.4210451348411,0.0,0.0,0.0,0.0,Revert active cumulative strategy diff to pre-round baseline (C:\Users\sehyu\Documents\Other\Projects\crypto_trader\config\trend_pre_round1.yaml). aliases=perturb_strategy_active_cumulative__trend__reentry.min_confluences_override__0
perturb_strategy_active_cumulative__trend__reentry.min_confluences_override__1,perturbation,76.84749443815593,True,66.65496637080795,45.0,6.321492107306187,0.5264376460104578,0.5016298044946584,3.846207393448526,33.739498919256675,39.0,2.5531918767231168,0.3400756236156312,0.42895017916941286,5.4210451348411,0.0,0.0,0.0,0.0,Perturb active cumulative strategy diff versus pre-round baseline.
perturb_strategy_active_cumulative__trend__reentry.min_confluences_override__3,perturbation,76.84749443815593,True,66.65496637080795,45.0,6.321492107306187,0.5264376460104578,0.5016298044946584,3.846207393448526,33.739498919256675,39.0,2.5531918767231168,0.3400756236156312,0.42895017916941286,5.4210451348411,0.0,0.0,0.0,0.0,Perturb active cumulative strategy diff versus pre-round baseline.
perturb_strategy_active_cumulative__trend__reentry.min_confluences_override__4,perturbation,76.84749443815593,True,66.65496637080795,45.0,6.321492107306187,0.5264376460104578,0.5016298044946584,3.846207393448526,33.739498919256675,39.0,2.5531918767231168,0.3400756236156312,0.42895017916941286,5.4210451348411,0.0,0.0,0.0,0.0,Perturb active cumulative strategy diff versus pre-round baseline.
ablate_strategy_active_cumulative_to_base__trend__reentry.only_after_scratch_exit,ablation,76.84749443815593,True,66.65496637080795,45.0,6.321492107306187,0.5264376460104578,0.5016298044946584,3.846207393448526,33.739498919256675,39.0,2.5531918767231168,0.3400756236156312,0.42895017916941286,5.4210451348411,0.0,0.0,0.0,0.0,Revert active cumulative strategy diff to pre-round baseline (C:\Users\sehyu\Documents\Other\Projects\crypto_trader\config\trend_pre_round1.yaml). aliases=perturb_strategy_active_cumulative__trend__reentry.only_after_scratch_exit__False
ablate_strategy_active_cumulative_to_base__trend__reentry.require_same_direction,ablation,76.84749443815593,True,66.65496637080795,45.0,6.321492107306187,0.5264376460104578,0.5016298044946584,3.846207393448526,33.739498919256675,39.0,2.5531918767231168,0.3400756236156312,0.42895017916941286,5.4210451348411,0.0,0.0,0.0,0.0,Revert active cumulative strategy diff to pre-round baseline (C:\Users\sehyu\Documents\Other\Projects\crypto_trader\config\trend_pre_round1.yaml). aliases=perturb_strategy_active_cumulative__trend__reentry.require_same_direction__False
ablate_strategy_active_cumulative_to_base__trend__reentry.risk_scale,ablation,76.84749443815593,True,66.65496637080795,45.0,6.321492107306187,0.5264376460104578,0.5016298044946584,3.846207393448526,33.739498919256675,39.0,2.5531918767231168,0.3400756236156312,0.42895017916941286,5.4210451348411,0.0,0.0,0.0,0.0,Revert active cumulative strategy diff to pre-round baseline (C:\Users\sehyu\Documents\Other\Projects\crypto_trader\config\trend_pre_round1.yaml).
perturb_strategy_active_cumulative__trend__reentry.risk_scale__0.6,perturbation,76.84749443815593,True,66.65496637080795,45.0,6.321492107306187,0.5264376460104578,0.5016298044946584,3.846207393448526,33.739498919256675,39.0,2.5531918767231168,0.3400756236156312,0.42895017916941286,5.4210451348411,0.0,0.0,0.0,0.0,Perturb active cumulative strategy diff versus pre-round baseline.
perturb_strategy_active_cumulative__trend__reentry.risk_scale__0.675,perturbation,76.84749443815593,True,66.65496637080795,45.0,6.321492107306187,0.5264376460104578,0.5016298044946584,3.846207393448526,33.739498919256675,39.0,2.5531918767231168,0.3400756236156312,0.42895017916941286,5.4210451348411,0.0,0.0,0.0,0.0,Perturb active cumulative strategy diff versus pre-round baseline.
perturb_strategy_active_cumulative__trend__reentry.risk_scale__0.9,perturbation,76.84749443815593,True,66.65496637080795,45.0,6.321492107306187,0.5264376460104578,0.5016298044946584,3.846207393448526,33.739498919256675,39.0,2.5531918767231168,0.3400756236156312,0.42895017916941286,5.4210451348411,0.0,0.0,0.0,0.0,Perturb active cumulative strategy diff versus pre-round baseline.
perturb_strategy_active_cumulative__trend__reentry.risk_scale__0.825,perturbation,76.84749443815593,True,66.65496637080795,45.0,6.321492107306187,0.5264376460104578,0.5016298044946584,3.846207393448526,33.739498919256675,39.0,2.5531918767231168,0.3400756236156312,0.42895017916941286,5.4210451348411,0.0,0.0,0.0,0.0,Perturb active cumulative strategy diff versus pre-round baseline.
perturb_strategy_active_cumulative__trend__regime.b_min_adx__7.2,perturbation,76.84749443815593,True,66.65496637080795,45.0,6.321492107306187,0.5264376460104578,0.5016298044946584,3.846207393448526,33.739498919256675,39.0,2.5531918767231168,0.3400756236156312,0.42895017916941286,5.4210451348411,0.0,0.0,0.0,0.0,Perturb active cumulative strategy diff versus pre-round baseline.
perturb_strategy_active_cumulative__trend__regime.b_min_adx__6.4,perturbation,76.84749443815593,True,66.65496637080795,45.0,6.321492107306187,0.5264376460104578,0.5016298044946584,3.846207393448526,33.739498919256675,39.0,2.5531918767231168,0.3400756236156312,0.42895017916941286,5.4210451348411,0.0,0.0,0.0,0.0,Perturb active cumulative strategy diff versus pre-round baseline.
perturb_strategy_active_cumulative__trend__regime.b_min_adx__8.8,perturbation,76.84749443815593,True,66.65496637080795,45.0,6.321492107306187,0.5264376460104578,0.5016298044946584,3.846207393448526,33.739498919256675,39.0,2.5531918767231168,0.3400756236156312,0.42895017916941286,5.4210451348411,0.0,0.0,0.0,0.0,Perturb active cumulative strategy diff versus pre-round baseline.
perturb_strategy_active_cumulative__trend__regime.b_min_adx__9.6,perturbation,76.84749443815593,True,66.65496637080795,45.0,6.321492107306187,0.5264376460104578,0.5016298044946584,3.846207393448526,33.739498919256675,39.0,2.5531918767231168,0.3400756236156312,0.42895017916941286,5.4210451348411,0.0,0.0,0.0,0.0,Perturb active cumulative strategy diff versus pre-round baseline.
perturb_strategy_active_cumulative__trend__risk.max_risk_pct__0.0264,perturbation,76.84749443815593,True,66.65496637080795,45.0,6.321492107306187,0.5264376460104578,0.5016298044946584,3.846207393448526,33.739498919256675,39.0,2.5531918767231168,0.3400756236156312,0.42895017916941286,5.4210451348411,0.0,0.0,0.0,0.0,Perturb active cumulative strategy diff versus pre-round baseline.
perturb_strategy_active_cumulative__trend__risk.max_risk_pct__0.0288,perturbation,76.84749443815593,True,66.65496637080795,45.0,6.321492107306187,0.5264376460104578,0.5016298044946584,3.846207393448526,33.739498919256675,39.0,2.5531918767231168,0.3400756236156312,0.42895017916941286,5.4210451348411,0.0,0.0,0.0,0.0,Perturb active cumulative strategy diff versus pre-round baseline.
perturb_strategy_active_cumulative__trend__risk.risk_pct_b__0.0264,perturbation,76.84749443815593,True,66.65496637080795,45.0,6.321492107306187,0.5264376460104578,0.5016298044946584,3.846207393448526,33.739498919256675,39.0,2.5531918767231168,0.3400756236156312,0.42895017916941286,5.4210451348411,0.0,0.0,0.0,0.0,Perturb active cumulative strategy diff versus pre-round baseline. aliases=perturb_strategy__trend__risk.risk_pct_b__0.0264
perturb_strategy_active_cumulative__trend__risk.risk_pct_b__0.0288,perturbation,76.84749443815593,True,66.65496637080795,45.0,6.321492107306187,0.5264376460104578,0.5016298044946584,3.846207393448526,33.739498919256675,39.0,2.5531918767231168,0.3400756236156312,0.42895017916941286,5.4210451348411,0.0,0.0,0.0,0.0,Perturb active cumulative strategy diff versus pre-round baseline. aliases=perturb_strategy__trend__risk.risk_pct_b__0.0288
ablate_strategy_active_cumulative_to_base__trend__setup.impulse_min_atr_move,ablation,76.84749443815593,True,66.65496637080795,45.0,6.321492107306187,0.5264376460104578,0.5016298044946584,3.846207393448526,33.739498919256675,39.0,2.5531918767231168,0.3400756236156312,0.42895017916941286,5.4210451348411,0.0,0.0,0.0,0.0,Revert active cumulative strategy diff to pre-round baseline (C:\Users\sehyu\Documents\Other\Projects\crypto_trader\config\trend_pre_round1.yaml).
perturb_strategy_active_cumulative__trend__setup.impulse_min_atr_move__0.64,perturbation,76.84749443815593,True,66.65496637080795,45.0,6.321492107306187,0.5264376460104578,0.5016298044946584,3.846207393448526,33.739498919256675,39.0,2.5531918767231168,0.3400756236156312,0.42895017916941286,5.4210451348411,0.0,0.0,0.0,0.0,Perturb active cumulative strategy diff versus pre-round baseline.
perturb_strategy_active_cumulative__trend__setup.impulse_min_atr_move__0.72,perturbation,76.84749443815593,True,66.65496637080795,45.0,6.321492107306187,0.5264376460104578,0.5016298044946584,3.846207393448526,33.739498919256675,39.0,2.5531918767231168,0.3400756236156312,0.42895017916941286,5.4210451348411,0.0,0.0,0.0,0.0,Perturb active cumulative strategy diff versus pre-round baseline.
perturb_strategy_active_cumulative__trend__setup.impulse_min_atr_move__0.88,perturbation,76.84749443815593,True,66.65496637080795,45.0,6.321492107306187,0.5264376460104578,0.5016298044946584,3.846207393448526,33.739498919256675,39.0,2.5531918767231168,0.3400756236156312,0.42895017916941286,5.4210451348411,0.0,0.0,0.0,0.0,Perturb active cumulative strategy diff versus pre-round baseline.
perturb_strategy_active_cumulative__trend__setup.impulse_min_atr_move__0.96,perturbation,76.84749443815593,True,66.65496637080795,45.0,6.321492107306187,0.5264376460104578,0.5016298044946584,3.846207393448526,33.739498919256675,39.0,2.5531918767231168,0.3400756236156312,0.42895017916941286,5.4210451348411,0.0,0.0,0.0,0.0,Perturb active cumulative strategy diff versus pre-round baseline.
perturb_strategy_active_cumulative__trend__setup.min_setup_score_a__1.64,perturbation,76.84749443815593,True,66.65496637080795,45.0,6.321492107306187,0.5264376460104578,0.5016298044946584,3.846207393448526,33.739498919256675,39.0,2.5531918767231168,0.3400756236156312,0.42895017916941286,5.4210451348411,0.0,0.0,0.0,0.0,Perturb active cumulative strategy diff versus pre-round baseline.
perturb_strategy_active_cumulative__trend__setup.min_setup_score_a__1.845,perturbation,76.84749443815593,True,66.65496637080795,45.0,6.321492107306187,0.5264376460104578,0.5016298044946584,3.846207393448526,33.739498919256675,39.0,2.5531918767231168,0.3400756236156312,0.42895017916941286,5.4210451348411,0.0,0.0,0.0,0.0,Perturb active cumulative strategy diff versus pre-round baseline.
ablate_strategy_active_cumulative_to_base__trend__setup.min_setup_score_b,ablation,76.84749443815593,True,66.65496637080795,45.0,6.321492107306187,0.5264376460104578,0.5016298044946584,3.846207393448526,33.739498919256675,39.0,2.5531918767231168,0.3400756236156312,0.42895017916941286,5.4210451348411,0.0,0.0,0.0,0.0,Revert active cumulative strategy diff to pre-round baseline (C:\Users\sehyu\Documents\Other\Projects\crypto_trader\config\trend_pre_round1.yaml).
perturb_strategy_active_cumulative__trend__setup.min_setup_score_b__1.485,perturbation,76.84749443815593,True,66.65496637080795,45.0,6.321492107306187,0.5264376460104578,0.5016298044946584,3.846207393448526,33.739498919256675,39.0,2.5531918767231168,0.3400756236156312,0.42895017916941286,5.4210451348411,0.0,0.0,0.0,0.0,Perturb active cumulative strategy diff versus pre-round baseline.
ablate_strategy_active_cumulative_to_base__trend__setup.orderly_max_body_frac,ablation,76.84749443815593,True,66.65496637080795,45.0,6.321492107306187,0.5264376460104578,0.5016298044946584,3.846207393448526,33.739498919256675,39.0,2.5531918767231168,0.3400756236156312,0.42895017916941286,5.4210451348411,0.0,0.0,0.0,0.0,Revert active cumulative strategy diff to pre-round baseline (C:\Users\sehyu\Documents\Other\Projects\crypto_trader\config\trend_pre_round1.yaml).
perturb_strategy_active_cumulative__trend__setup.orderly_max_body_frac__0.81,perturbation,76.84749443815593,True,67.01820785907088,45.0,6.473289076358753,0.5281549323893487,0.5016298044946584,3.846207393448526,33.739498919256675,39.0,2.5531918767231168,0.3400756236156312,0.42895017916941286,5.4210451348411,0.3632414882629291,0.0,0.0,0.0,Perturb active cumulative strategy diff versus pre-round baseline.
perturb_strategy_active_cumulative__trend__setup.orderly_max_countertrend_volume_ratio__1.21,perturbation,76.84749443815593,True,66.65496637080795,45.0,6.321492107306187,0.5264376460104578,0.5016298044946584,3.846207393448526,33.739498919256675,39.0,2.5531918767231168,0.3400756236156312,0.42895017916941286,5.4210451348411,0.0,0.0,0.0,0.0,Perturb active cumulative strategy diff versus pre-round baseline. aliases=perturb_strategy__trend__setup.orderly_max_countertrend_volume_ratio__1.21
perturb_strategy_active_cumulative__trend__setup.orderly_max_countertrend_volume_ratio__1.32,perturbation,76.84749443815593,True,66.65496637080795,45.0,6.321492107306187,0.5264376460104578,0.5016298044946584,3.846207393448526,33.739498919256675,39.0,2.5531918767231168,0.3400756236156312,0.42895017916941286,5.4210451348411,0.0,0.0,0.0,0.0,Perturb active cumulative strategy diff versus pre-round baseline. aliases=perturb_strategy__trend__setup.orderly_max_countertrend_volume_ratio__1.32
ablate_strategy_active_cumulative_to_base__trend__setup.weekly_room_filter_enabled,ablation,76.84749443815593,True,66.65496637080795,45.0,6.321492107306187,0.5264376460104578,0.5016298044946584,3.846207393448526,33.739498919256675,39.0,2.5531918767231168,0.3400756236156312,0.42895017916941286,5.4210451348411,0.0,0.0,0.0,0.0,"Revert active cumulative strategy diff to pre-round baseline (C:\Users\sehyu\Documents\Other\Projects\crypto_trader\config\trend_pre_round1.yaml). aliases=perturb_strategy_active_cumulative__trend__setup.weekly_room_filter_enabled__False,ablate_strategy_to_round1__trend__setup.weekly_room_filter_enabled,ablate_strategy_to_round1__trend__setup.weekly_room_filter_enabled,perturb_strategy__trend__setup.weekly_room_filter_enabled__False"
perturb_strategy_active_cumulative__trend__stops.atr_mult__0.8,perturbation,76.84749443815593,True,66.65496637080795,45.0,6.321492107306187,0.5264376460104578,0.5016298044946584,3.846207393448526,33.739498919256675,39.0,2.5531918767231168,0.3400756236156312,0.42895017916941286,5.4210451348411,0.0,0.0,0.0,0.0,Perturb active cumulative strategy diff versus pre-round baseline.
perturb_strategy_active_cumulative__trend__stops.atr_mult__0.9,perturbation,76.84749443815593,True,66.65496637080795,45.0,6.321492107306187,0.5264376460104578,0.5016298044946584,3.846207393448526,33.739498919256675,39.0,2.5531918767231168,0.3400756236156312,0.42895017916941286,5.4210451348411,0.0,0.0,0.0,0.0,Perturb active cumulative strategy diff versus pre-round baseline.
perturb_strategy_active_cumulative__trend__stops.atr_mult__1.1,perturbation,76.84749443815593,True,66.65496637080795,45.0,6.321492107306187,0.5264376460104578,0.5016298044946584,3.846207393448526,33.739498919256675,39.0,2.5531918767231168,0.3400756236156312,0.42895017916941286,5.4210451348411,0.0,0.0,0.0,0.0,Perturb active cumulative strategy diff versus pre-round baseline.
perturb_strategy_active_cumulative__trend__stops.atr_mult__1.2,perturbation,76.84749443815593,True,66.65496637080795,45.0,6.321492107306187,0.5264376460104578,0.5016298044946584,3.846207393448526,33.739498919256675,39.0,2.5531918767231168,0.3400756236156312,0.42895017916941286,5.4210451348411,0.0,0.0,0.0,0.0,Perturb active cumulative strategy diff versus pre-round baseline.
perturb_strategy_active_cumulative__trend__trail.trail_activation_bars__3,perturbation,76.84749443815593,True,66.65496637080795,45.0,6.321492107306187,0.5264376460104578,0.5016298044946584,3.846207393448526,33.739498919256675,39.0,2.5531918767231168,0.3400756236156312,0.42895017916941286,5.4210451348411,0.0,0.0,0.0,0.0,Perturb active cumulative strategy diff versus pre-round baseline. aliases=perturb_strategy__trend__trail.trail_activation_bars__3
perturb_strategy_active_cumulative__trend__trail.trail_activation_bars__5,perturbation,76.84749443815593,True,66.65496637080795,45.0,6.321492107306187,0.5264376460104578,0.5016298044946584,3.846207393448526,33.739498919256675,39.0,2.5531918767231168,0.3400756236156312,0.42895017916941286,5.4210451348411,0.0,0.0,0.0,0.0,Perturb active cumulative strategy diff versus pre-round baseline. aliases=perturb_strategy__trend__trail.trail_activation_bars__5
perturb_strategy_active_cumulative__trend__trail.trail_activation_bars__6,perturbation,76.84749443815593,True,66.65496637080795,45.0,6.321492107306187,0.5264376460104578,0.5016298044946584,3.846207393448526,33.739498919256675,39.0,2.5531918767231168,0.3400756236156312,0.42895017916941286,5.4210451348411,0.0,0.0,0.0,0.0,Perturb active cumulative strategy diff versus pre-round baseline. aliases=perturb_strategy__trend__trail.trail_activation_bars__6
ablate_strategy_active_cumulative_to_base__trend__trail.trail_activation_r,ablation,76.84749443815593,True,66.65496637080795,45.0,6.321492107306187,0.5264376460104578,0.5016298044946584,3.846207393448526,33.739498919256675,39.0,2.5531918767231168,0.3400756236156312,0.42895017916941286,5.4210451348411,0.0,0.0,0.0,0.0,"Revert active cumulative strategy diff to pre-round baseline (C:\Users\sehyu\Documents\Other\Projects\crypto_trader\config\trend_pre_round1.yaml). aliases=ablate_strategy_to_round1__trend__trail.trail_activation_r,ablate_strategy_to_round1__trend__trail.trail_activation_r"
perturb_strategy_active_cumulative__trend__trail.trail_activation_r__0.4,perturbation,76.84749443815593,True,66.65496637080795,45.0,6.321492107306187,0.5264376460104578,0.5016298044946584,3.846207393448526,33.739498919256675,39.0,2.5531918767231168,0.3400756236156312,0.42895017916941286,5.4210451348411,0.0,0.0,0.0,0.0,Perturb active cumulative strategy diff versus pre-round baseline. aliases=perturb_strategy__trend__trail.trail_activation_r__0.4
perturb_strategy_active_cumulative__trend__trail.trail_activation_r__0.45,perturbation,76.84749443815593,True,66.65496637080795,45.0,6.321492107306187,0.5264376460104578,0.5016298044946584,3.846207393448526,33.739498919256675,39.0,2.5531918767231168,0.3400756236156312,0.42895017916941286,5.4210451348411,0.0,0.0,0.0,0.0,Perturb active cumulative strategy diff versus pre-round baseline. aliases=perturb_strategy__trend__trail.trail_activation_r__0.45
perturb_strategy_active_cumulative__trend__trail.trail_activation_r__0.55,perturbation,76.84749443815593,True,66.65496637080795,45.0,6.321492107306187,0.5264376460104578,0.5016298044946584,3.846207393448526,33.739498919256675,39.0,2.5531918767231168,0.3400756236156312,0.42895017916941286,5.4210451348411,0.0,0.0,0.0,0.0,Perturb active cumulative strategy diff versus pre-round baseline. aliases=perturb_strategy__trend__trail.trail_activation_r__0.55
perturb_strategy_active_cumulative__trend__trail.trail_activation_r__0.6,perturbation,76.84749443815593,True,66.65496637080795,45.0,6.321492107306187,0.5264376460104578,0.5016298044946584,3.846207393448526,33.739498919256675,39.0,2.5531918767231168,0.3400756236156312,0.42895017916941286,5.4210451348411,0.0,0.0,0.0,0.0,Perturb active cumulative strategy diff versus pre-round baseline. aliases=perturb_strategy__trend__trail.trail_activation_r__0.6
ablate_strategy_active_cumulative_to_base__breakout__balance.max_zone_age_bars,ablation,76.84749443815593,True,65.57841652731463,45.0,6.247861413142829,0.5175536765667768,0.5016298044946584,3.846207393448526,33.739498919256675,39.0,2.5531918767231168,0.3400756236156312,0.42895017916941286,5.4210451348411,-1.076549843493325,0.0,0.0,0.0,Revert active cumulative strategy diff to pre-round baseline (builtin:crypto_trader.optimize.breakout_round3_pre_round1.build_pre_round1_config).
perturb_strategy_active_cumulative__breakout__balance.max_zone_age_bars__34,perturbation,76.84749443815593,True,66.65496637080795,45.0,6.321492107306187,0.5264376460104578,0.5016298044946584,3.846207393448526,33.739498919256675,39.0,2.5531918767231168,0.3400756236156312,0.42895017916941286,5.4210451348411,0.0,0.0,0.0,0.0,Perturb active cumulative strategy diff versus pre-round baseline.
perturb_strategy_active_cumulative__breakout__balance.max_zone_age_bars__35,perturbation,76.84749443815593,True,66.65496637080795,45.0,6.321492107306187,0.5264376460104578,0.5016298044946584,3.846207393448526,33.739498919256675,39.0,2.5531918767231168,0.3400756236156312,0.42895017916941286,5.4210451348411,0.0,0.0,0.0,0.0,Perturb active cumulative strategy diff versus pre-round baseline.
perturb_strategy_active_cumulative__breakout__balance.max_zone_age_bars__37,perturbation,76.84749443815593,True,66.65496637080795,45.0,6.321492107306187,0.5264376460104578,0.5016298044946584,3.846207393448526,33.739498919256675,39.0,2.5531918767231168,0.3400756236156312,0.42895017916941286,5.4210451348411,0.0,0.0,0.0,0.0,Perturb active cumulative strategy diff versus pre-round baseline.
perturb_strategy_active_cumulative__breakout__balance.min_bars_in_zone__8,perturbation,76.84749443815593,True,66.63237405036256,45.0,6.320409670961024,0.5263356107178789,0.5016025767702879,3.8462073934485335,33.739498919256675,39.0,2.5531918767231168,0.3400756236156312,0.42895017916941286,5.4210451348411,-0.022592320445397718,0.0,0.0,0.0,Perturb active cumulative strategy diff versus pre-round baseline. aliases=perturb_strategy__breakout__balance.min_bars_in_zone__8
perturb_strategy_active_cumulative__breakout__confirmation.model1_min_volume_mult__1.08,perturbation,76.84749443815593,True,66.65496637080795,45.0,6.321492107306187,0.5264376460104578,0.5016298044946584,3.846207393448526,33.739498919256675,39.0,2.5531918767231168,0.3400756236156312,0.42895017916941286,5.4210451348411,0.0,0.0,0.0,0.0,Perturb active cumulative strategy diff versus pre-round baseline.
perturb_strategy_active_cumulative__breakout__confirmation.retest_max_bars__1,perturbation,76.84749443815593,True,66.22970589942598,44.0,6.292255743693637,0.5348805708223755,0.5154975551847725,3.846207393448526,33.739498919256675,39.0,2.5531918767231168,0.3400756236156312,0.42895017916941286,5.4210451348411,-0.425260471381975,-1.0,0.0,0.0,Perturb active cumulative strategy diff versus pre-round baseline.
perturb_strategy_active_cumulative__breakout__confirmation.retest_max_bars__2,perturbation,76.84749443815593,True,66.22970589942598,44.0,6.292255743693637,0.5348805708223755,0.5154975551847725,3.846207393448526,33.739498919256675,39.0,2.5531918767231168,0.3400756236156312,0.42895017916941286,5.4210451348411,-0.425260471381975,-1.0,0.0,0.0,Perturb active cumulative strategy diff versus pre-round baseline.
perturb_strategy_active_cumulative__breakout__exits.tp1_r__0.8,perturbation,76.84749443815593,True,66.74458480500984,45.0,6.327486966739126,0.5275346499297303,0.5034440042053941,3.846207393448526,33.739498919256675,39.0,2.5531918767231168,0.3400756236156312,0.42895017916941286,5.4210451348411,0.08961843420188131,0.0,0.0,0.0,Perturb active cumulative strategy diff versus pre-round baseline.
perturb_strategy_active_cumulative__breakout__exits.tp1_r__0.9,perturbation,76.84749443815593,True,66.74062656942854,45.0,6.32737488447636,0.527139820018534,0.5028233763715251,3.846207393448526,33.739498919256675,39.0,2.5531918767231168,0.3400756236156312,0.42895017916941286,5.4210451348411,0.08566019862058738,0.0,0.0,0.0,Perturb active cumulative strategy diff versus pre-round baseline.
ablate_strategy_active_cumulative_to_base__breakout__limits.max_correlated_risk_pct,ablation,76.84749443815593,True,66.65496637080795,45.0,6.321492107306187,0.5264376460104578,0.5016298044946584,3.846207393448526,33.739498919256675,39.0,2.5531918767231168,0.3400756236156312,0.42895017916941286,5.4210451348411,0.0,0.0,0.0,0.0,Revert active cumulative strategy diff to pre-round baseline (builtin:crypto_trader.optimize.breakout_round3_pre_round1.build_pre_round1_config).
perturb_strategy_active_cumulative__breakout__limits.max_correlated_risk_pct__0.0105,perturbation,76.84749443815593,True,66.65496637080795,45.0,6.321492107306187,0.5264376460104578,0.5016298044946584,3.846207393448526,33.739498919256675,39.0,2.5531918767231168,0.3400756236156312,0.42895017916941286,5.4210451348411,0.0,0.0,0.0,0.0,Perturb active cumulative strategy diff versus pre-round baseline.
perturb_strategy_active_cumulative__breakout__limits.max_correlated_risk_pct__0.0118125,perturbation,76.84749443815593,True,66.65496637080795,45.0,6.321492107306187,0.5264376460104578,0.5016298044946584,3.846207393448526,33.739498919256675,39.0,2.5531918767231168,0.3400756236156312,0.42895017916941286,5.4210451348411,0.0,0.0,0.0,0.0,Perturb active cumulative strategy diff versus pre-round baseline.
perturb_strategy_active_cumulative__breakout__limits.max_correlated_risk_pct__0.0144375,perturbation,76.84749443815593,True,66.65496637080795,45.0,6.321492107306187,0.5264376460104578,0.5016298044946584,3.846207393448526,33.739498919256675,39.0,2.5531918767231168,0.3400756236156312,0.42895017916941286,5.4210451348411,0.0,0.0,0.0,0.0,Perturb active cumulative strategy diff versus pre-round baseline.
perturb_strategy_active_cumulative__breakout__limits.max_correlated_risk_pct__0.01575,perturbation,76.84749443815593,True,66.65496637080795,45.0,6.321492107306187,0.5264376460104578,0.5016298044946584,3.846207393448526,33.739498919256675,39.0,2.5531918767231168,0.3400756236156312,0.42895017916941286,5.4210451348411,0.0,0.0,0.0,0.0,Perturb active cumulative strategy diff versus pre-round baseline.
ablate_strategy_active_cumulative_to_base__breakout__risk.risk_pct_a,ablation,76.84749443815593,True,66.65496637080795,45.0,6.321492107306187,0.5264376460104578,0.5016298044946584,3.846207393448526,33.739498919256675,39.0,2.5531918767231168,0.3400756236156312,0.42895017916941286,5.4210451348411,0.0,0.0,0.0,0.0,Revert active cumulative strategy diff to pre-round baseline (builtin:crypto_trader.optimize.breakout_round3_pre_round1.build_pre_round1_config).
perturb_strategy_active_cumulative__breakout__risk.risk_pct_a__0.0063,perturbation,76.84749443815593,True,66.65496637080795,45.0,6.321492107306187,0.5264376460104578,0.5016298044946584,3.846207393448526,33.739498919256675,39.0,2.5531918767231168,0.3400756236156312,0.42895017916941286,5.4210451348411,0.0,0.0,0.0,0.0,Perturb active cumulative strategy diff versus pre-round baseline.
perturb_strategy_active_cumulative__breakout__risk.risk_pct_a__0.0070875,perturbation,76.84749443815593,True,66.65496637080795,45.0,6.321492107306187,0.5264376460104578,0.5016298044946584,3.846207393448526,33.739498919256675,39.0,2.5531918767231168,0.3400756236156312,0.42895017916941286,5.4210451348411,0.0,0.0,0.0,0.0,Perturb active cumulative strategy diff versus pre-round baseline.
perturb_strategy_active_cumulative__breakout__risk.risk_pct_a__0.0086625,perturbation,76.84749443815593,True,66.65496637080795,45.0,6.321492107306187,0.5264376460104578,0.5016298044946584,3.846207393448526,33.739498919256675,39.0,2.5531918767231168,0.3400756236156312,0.42895017916941286,5.4210451348411,0.0,0.0,0.0,0.0,Perturb active cumulative strategy diff versus pre-round baseline.
perturb_strategy_active_cumulative__breakout__risk.risk_pct_a__0.00945,perturbation,76.84749443815593,True,66.65496637080795,45.0,6.321492107306187,0.5264376460104578,0.5016298044946584,3.846207393448526,33.739498919256675,39.0,2.5531918767231168,0.3400756236156312,0.42895017916941286,5.4210451348411,0.0,0.0,0.0,0.0,Perturb active cumulative strategy diff versus pre-round baseline.
ablate_strategy_active_cumulative_to_base__breakout__risk.risk_pct_a_plus,ablation,76.84749443815593,True,66.65496637080795,45.0,6.321492107306187,0.5264376460104578,0.5016298044946584,3.846207393448526,33.739498919256675,39.0,2.5531918767231168,0.3400756236156312,0.42895017916941286,5.4210451348411,0.0,0.0,0.0,0.0,Revert active cumulative strategy diff to pre-round baseline (builtin:crypto_trader.optimize.breakout_round3_pre_round1.build_pre_round1_config).
perturb_strategy_active_cumulative__breakout__risk.risk_pct_a_plus__0.0063,perturbation,76.84749443815593,True,66.65496637080795,45.0,6.321492107306187,0.5264376460104578,0.5016298044946584,3.846207393448526,33.739498919256675,39.0,2.5531918767231168,0.3400756236156312,0.42895017916941286,5.4210451348411,0.0,0.0,0.0,0.0,Perturb active cumulative strategy diff versus pre-round baseline.
perturb_strategy_active_cumulative__breakout__risk.risk_pct_a_plus__0.0070875,perturbation,76.84749443815593,True,66.65496637080795,45.0,6.321492107306187,0.5264376460104578,0.5016298044946584,3.846207393448526,33.739498919256675,39.0,2.5531918767231168,0.3400756236156312,0.42895017916941286,5.4210451348411,0.0,0.0,0.0,0.0,Perturb active cumulative strategy diff versus pre-round baseline.
perturb_strategy_active_cumulative__breakout__risk.risk_pct_a_plus__0.0086625,perturbation,76.84749443815593,True,66.65496637080795,45.0,6.321492107306187,0.5264376460104578,0.5016298044946584,3.846207393448526,33.739498919256675,39.0,2.5531918767231168,0.3400756236156312,0.42895017916941286,5.4210451348411,0.0,0.0,0.0,0.0,Perturb active cumulative strategy diff versus pre-round baseline.
perturb_strategy_active_cumulative__breakout__risk.risk_pct_a_plus__0.00945,perturbation,76.84749443815593,True,66.65496637080795,45.0,6.321492107306187,0.5264376460104578,0.5016298044946584,3.846207393448526,33.739498919256675,39.0,2.5531918767231168,0.3400756236156312,0.42895017916941286,5.4210451348411,0.0,0.0,0.0,0.0,Perturb active cumulative strategy diff versus pre-round baseline.
perturb_strategy_active_cumulative__breakout__risk.risk_pct_b__0.03054975,perturbation,76.84749443815593,True,66.67548571409647,45.0,6.322892959934567,0.5264376460104578,0.5016298044946584,3.846207393448526,33.739498919256675,39.0,2.5531918767231168,0.3400756236156312,0.42895017916941286,5.4210451348411,0.02051934328851246,0.0,0.0,0.0,Perturb active cumulative strategy diff versus pre-round baseline.
perturb_strategy_active_cumulative__breakout__risk.risk_pct_b__0.033327,perturbation,76.84749443815593,True,66.67548571409647,45.0,6.322892959934567,0.5264376460104578,0.5016298044946584,3.846207393448526,33.739498919256675,39.0,2.5531918767231168,0.3400756236156312,0.42895017916941286,5.4210451348411,0.02051934328851246,0.0,0.0,0.0,Perturb active cumulative strategy diff versus pre-round baseline.
perturb_strategy_active_cumulative__breakout__setup.body_ratio_min__0.52,perturbation,76.84749443815593,True,67.43323023867794,45.0,6.407539865584657,0.5179418529511398,0.49873056672811567,3.846207393448522,33.739498919256675,39.0,2.5531918767231168,0.3400756236156312,0.42895017916941286,5.4210451348411,0.7782638678699811,0.0,0.0,0.0,Perturb active cumulative strategy diff versus pre-round baseline.
perturb_strategy_active_cumulative__breakout__setup.body_ratio_min__0.585,perturbation,76.84749443815593,True,69.35961466774722,45.0,6.504960674422226,0.5264376460104578,0.5016298044946584,3.846207393448526,33.739498919256675,39.0,2.5531918767231168,0.3400756236156312,0.42895017916941286,5.4210451348411,2.7046482969392684,0.0,0.0,0.0,Perturb active cumulative strategy diff versus pre-round baseline.
ablate_strategy_active_cumulative_to_base__breakout__setup.relaxed_body_min,ablation,76.84749443815593,True,66.65496637080795,45.0,6.321492107306187,0.5264376460104578,0.5016298044946584,3.846207393448526,33.739498919256675,39.0,2.5531918767231168,0.3400756236156312,0.42895017916941286,5.4210451348411,0.0,0.0,0.0,0.0,Revert active cumulative strategy diff to pre-round baseline (builtin:crypto_trader.optimize.breakout_round3_pre_round1.build_pre_round1_config).
perturb_strategy_active_cumulative__breakout__setup.relaxed_body_min__0.32,perturbation,76.84749443815593,True,66.65496637080795,45.0,6.321492107306187,0.5264376460104578,0.5016298044946584,3.846207393448526,33.739498919256675,39.0,2.5531918767231168,0.3400756236156312,0.42895017916941286,5.4210451348411,0.0,0.0,0.0,0.0,Perturb active cumulative strategy diff versus pre-round baseline.
perturb_strategy_active_cumulative__breakout__setup.relaxed_body_min__0.36,perturbation,76.84749443815593,True,66.65496637080795,45.0,6.321492107306187,0.5264376460104578,0.5016298044946584,3.846207393448526,33.739498919256675,39.0,2.5531918767231168,0.3400756236156312,0.42895017916941286,5.4210451348411,0.0,0.0,0.0,0.0,Perturb active cumulative strategy diff versus pre-round baseline.
ablate_strategy_active_cumulative_to_base__breakout__symbol_filter.btc_relaxed_body_direction,ablation,76.84749443815593,True,66.22970589942598,44.0,6.292255743693637,0.5348805708223755,0.5154975551847725,3.846207393448526,33.739498919256675,39.0,2.5531918767231168,0.3400756236156312,0.42895017916941286,5.4210451348411,-0.425260471381975,-1.0,0.0,0.0,Revert active cumulative strategy diff to pre-round baseline (builtin:crypto_trader.optimize.breakout_round3_pre_round1.build_pre_round1_config). aliases=perturb_strategy_active_cumulative__breakout__symbol_filter.btc_relaxed_body_direction__disabled
perturb_strategy_active_cumulative__breakout__symbol_filter.btc_relaxed_body_direction__long_only,perturbation,76.84749443815593,True,66.22970589942598,44.0,6.292255743693637,0.5348805708223755,0.5154975551847725,3.846207393448526,33.739498919256675,39.0,2.5531918767231168,0.3400756236156312,0.42895017916941286,5.4210451348411,-0.425260471381975,-1.0,0.0,0.0,Perturb active cumulative strategy diff versus pre-round baseline.
perturb_strategy_active_cumulative__breakout__symbol_filter.btc_relaxed_body_direction__short_only,perturbation,76.84749443815593,True,66.65496637080795,45.0,6.321492107306187,0.5264376460104578,0.5016298044946584,3.846207393448526,33.739498919256675,39.0,2.5531918767231168,0.3400756236156312,0.42895017916941286,5.4210451348411,0.0,0.0,0.0,0.0,Perturb active cumulative strategy diff versus pre-round baseline.
ablate_strategy_active_cumulative_to_base__breakout__symbol_filter.sol_relaxed_body_direction,ablation,76.84749443815593,True,67.53992477820093,44.0,6.381834962964714,0.5282944438494535,0.5132306382788331,3.846207393448526,33.739498919256675,39.0,2.5531918767231168,0.3400756236156312,0.42895017916941286,5.4210451348411,0.8849584073929719,-1.0,0.0,0.0,Revert active cumulative strategy diff to pre-round baseline (builtin:crypto_trader.optimize.breakout_round3_pre_round1.build_pre_round1_config). aliases=perturb_strategy_active_cumulative__breakout__symbol_filter.sol_relaxed_body_direction__disabled
perturb_strategy_active_cumulative__breakout__symbol_filter.sol_relaxed_body_direction__long_only,perturbation,76.84749443815593,True,68.01801589526114,45.0,6.41451833499612,0.5204417840510065,0.5015085549584443,3.846207393448526,33.739498919256675,39.0,2.5531918767231168,0.3400756236156312,0.42895017916941286,5.4210451348411,1.3630495244531886,0.0,0.0,0.0,Perturb active cumulative strategy diff versus pre-round baseline.
perturb_strategy_active_cumulative__breakout__symbol_filter.sol_relaxed_body_direction__short_only,perturbation,76.84749443815593,True,66.1807537775255,44.0,6.288886972398493,0.5344265753988925,0.5133563785386107,3.846207393448526,33.739498919256675,39.0,2.5531918767231168,0.3400756236156312,0.42895017916941286,5.4210451348411,-0.47421259328245924,-1.0,0.0,0.0,Perturb active cumulative strategy diff versus pre-round baseline.
perturb_symbol_exposure_cap_2.00,perturbation,76.84749443815593,True,66.65496637080795,45.0,6.321492107306187,0.5264376460104578,0.5016298044946584,3.846207393448526,33.739498919256675,39.0,2.5531918767231168,0.3400756236156312,0.42895017916941286,5.4210451348411,0.0,0.0,0.0,0.0,
perturb_symbol_exposure_cap_2.25,perturbation,76.84749443815593,True,66.65496637080795,45.0,6.321492107306187,0.5264376460104578,0.5016298044946584,3.846207393448526,33.739498919256675,39.0,2.5531918767231168,0.3400756236156312,0.42895017916941286,5.4210451348411,0.0,0.0,0.0,0.0,
perturb_symbol_exposure_cap_2.75,perturbation,76.84749443815593,True,66.65496637080795,45.0,6.321492107306187,0.5264376460104578,0.5016298044946584,3.846207393448526,33.739498919256675,39.0,2.5531918767231168,0.3400756236156312,0.42895017916941286,5.4210451348411,0.0,0.0,0.0,0.0,
perturb_symbol_exposure_cap_3.00,perturbation,76.84749443815593,True,66.65496637080795,45.0,6.321492107306187,0.5264376460104578,0.5016298044946584,3.846207393448526,33.739498919256675,39.0,2.5531918767231168,0.3400756236156312,0.42895017916941286,5.4210451348411,0.0,0.0,0.0,0.0,
perturb_symbol_exposure_cap_3.50,perturbation,76.84749443815593,True,66.65496637080795,45.0,6.321492107306187,0.5264376460104578,0.5016298044946584,3.846207393448526,33.739498919256675,39.0,2.5531918767231168,0.3400756236156312,0.42895017916941286,5.4210451348411,0.0,0.0,0.0,0.0,
perturb_symbol_exposure_cap_4.00,perturbation,76.84749443815593,True,66.65496637080795,45.0,6.321492107306187,0.5264376460104578,0.5016298044946584,3.846207393448526,33.739498919256675,39.0,2.5531918767231168,0.3400756236156312,0.42895017916941286,5.4210451348411,0.0,0.0,0.0,0.0,
perturb_symbol_collision_allow,perturbation,76.84749443815593,True,66.65496637080795,45.0,6.321492107306187,0.5264376460104578,0.5016298044946584,3.846207393448526,33.739498919256675,39.0,2.5531918767231168,0.3400756236156312,0.42895017916941286,5.4210451348411,0.0,0.0,0.0,0.0,
perturb_dd_tiers_baseline,perturbation,76.84749443815593,True,66.65496637080795,45.0,6.321492107306187,0.5264376460104578,0.5016298044946584,3.846207393448526,33.739498919256675,39.0,2.5531918767231168,0.3400756236156312,0.42895017916941286,5.4210451348411,0.0,0.0,0.0,0.0,
perturb_dd_tiers_looser,perturbation,76.84749443815593,True,66.65496637080795,45.0,6.321492107306187,0.5264376460104578,0.5016298044946584,3.846207393448526,33.739498919256675,39.0,2.5531918767231168,0.3400756236156312,0.42895017916941286,5.4210451348411,0.0,0.0,0.0,0.0,
perturb_dd_tiers_current_late_zero,perturbation,76.84749443815593,True,66.65496637080795,45.0,6.321492107306187,0.5264376460104578,0.5016298044946584,3.846207393448526,33.739498919256675,39.0,2.5531918767231168,0.3400756236156312,0.42895017916941286,5.4210451348411,0.0,0.0,0.0,0.0,
perturb_strategy__momentum__bias.h4_ema_slope_lookback__0,perturbation,76.84749443815593,True,66.72794072435279,44.0,6.356366434356596,0.5389551244805488,0.5016298044946584,3.846207393448526,33.739498919256675,39.0,2.5531918767231168,0.3400756236156312,0.42895017916941286,5.4210451348411,0.07297435354483639,-1.0,0.0,0.0,Perturb accepted cumulative strategy field.
perturb_strategy__momentum__bias.h4_ema_slope_lookback__3,perturbation,76.84749443815593,True,66.65496637080795,45.0,6.321492107306187,0.5264376460104578,0.5016298044946584,3.846207393448526,33.739498919256675,39.0,2.5531918767231168,0.3400756236156312,0.42895017916941286,5.4210451348411,0.0,0.0,0.0,0.0,Perturb accepted cumulative strategy field.
perturb_strategy__momentum__bias.h4_ema_slope_lookback__4,perturbation,76.84749443815593,True,66.65496637080795,45.0,6.321492107306187,0.5264376460104578,0.5016298044946584,3.846207393448526,33.739498919256675,39.0,2.5531918767231168,0.3400756236156312,0.42895017916941286,5.4210451348411,0.0,0.0,0.0,0.0,Perturb accepted cumulative strategy field.
perturb_strategy__momentum__exits.mfe_retrace_min_bars__3,perturbation,76.84749443815593,True,66.65496637080795,45.0,6.321492107306187,0.5264376460104578,0.5016298044946584,3.846207393448526,33.739498919256675,39.0,2.5531918767231168,0.3400756236156312,0.42895017916941286,5.4210451348411,0.0,0.0,0.0,0.0,Perturb accepted cumulative strategy field.
perturb_strategy__momentum__exits.mfe_retrace_min_bars__4,perturbation,76.84749443815593,True,66.65496637080795,45.0,6.321492107306187,0.5264376460104578,0.5016298044946584,3.846207393448526,33.739498919256675,39.0,2.5531918767231168,0.3400756236156312,0.42895017916941286,5.4210451348411,0.0,0.0,0.0,0.0,Perturb accepted cumulative strategy field.
perturb_strategy__momentum__exits.mfe_retrace_min_r__0.4,perturbation,76.84749443815593,True,66.65496637080795,45.0,6.321492107306187,0.5264376460104578,0.5016298044946584,3.846207393448526,33.739498919256675,39.0,2.5531918767231168,0.3400756236156312,0.42895017916941286,5.4210451348411,0.0,0.0,0.0,0.0,Perturb accepted cumulative strategy field.
perturb_strategy__momentum__exits.mfe_retrace_min_r__0.45,perturbation,76.84749443815593,True,66.65496637080795,45.0,6.321492107306187,0.5264376460104578,0.5016298044946584,3.846207393448526,33.739498919256675,39.0,2.5531918767231168,0.3400756236156312,0.42895017916941286,5.4210451348411,0.0,0.0,0.0,0.0,Perturb accepted cumulative strategy field.
perturb_strategy__momentum__exits.mfe_retrace_min_r__0.55,perturbation,76.84749443815593,True,66.65496637080795,45.0,6.321492107306187,0.5264376460104578,0.5016298044946584,3.846207393448526,33.739498919256675,39.0,2.5531918767231168,0.3400756236156312,0.42895017916941286,5.4210451348411,0.0,0.0,0.0,0.0,Perturb accepted cumulative strategy field.
perturb_strategy__momentum__exits.mfe_retrace_min_r__0.6,perturbation,76.84749443815593,True,66.65496637080795,45.0,6.321492107306187,0.5264376460104578,0.5016298044946584,3.846207393448526,33.739498919256675,39.0,2.5531918767231168,0.3400756236156312,0.42895017916941286,5.4210451348411,0.0,0.0,0.0,0.0,Perturb accepted cumulative strategy field.
perturb_strategy__momentum__exits.mfe_retrace_trigger_r__1.125,perturbation,76.84749443815593,True,66.65496637080795,45.0,6.321492107306187,0.5264376460104578,0.5016298044946584,3.846207393448526,33.739498919256675,39.0,2.5531918767231168,0.3400756236156312,0.42895017916941286,5.4210451348411,0.0,0.0,0.0,0.0,Perturb accepted cumulative strategy field.
perturb_strategy__momentum__exits.mfe_retrace_trigger_r__1.375,perturbation,76.84749443815593,True,66.65496637080795,45.0,6.321492107306187,0.5264376460104578,0.5016298044946584,3.846207393448526,33.739498919256675,39.0,2.5531918767231168,0.3400756236156312,0.42895017916941286,5.4210451348411,0.0,0.0,0.0,0.0,Perturb accepted cumulative strategy field.
perturb_strategy__momentum__exits.proof_lock_min_bars__3,perturbation,76.84749443815593,True,66.65496637080795,45.0,6.321492107306187,0.5264376460104578,0.5016298044946584,3.846207393448526,33.739498919256675,39.0,2.5531918767231168,0.3400756236156312,0.42895017916941286,5.4210451348411,0.0,0.0,0.0,0.0,Perturb accepted cumulative strategy field.
perturb_strategy__momentum__exits.proof_lock_min_bars__4,perturbation,76.84749443815593,True,66.65496637080795,45.0,6.321492107306187,0.5264376460104578,0.5016298044946584,3.846207393448526,33.739498919256675,39.0,2.5531918767231168,0.3400756236156312,0.42895017916941286,5.4210451348411,0.0,0.0,0.0,0.0,Perturb accepted cumulative strategy field.
perturb_strategy__momentum__exits.proof_lock_trigger_r__0.44,perturbation,76.84749443815593,True,66.7207094647293,45.0,6.347144961944197,0.5269482761556962,0.5016298044946584,3.846207393448526,33.739498919256675,39.0,2.5531918767231168,0.3400756236156312,0.42895017916941286,5.4210451348411,0.06574309392134126,0.0,0.0,0.0,Perturb accepted cumulative strategy field.
perturb_strategy__momentum__exits.proof_lock_trigger_r__0.48,perturbation,76.84749443815593,True,66.7207094647293,45.0,6.347144961944197,0.5269482761556962,0.5016298044946584,3.846207393448526,33.739498919256675,39.0,2.5531918767231168,0.3400756236156312,0.42895017916941286,5.4210451348411,0.06574309392134126,0.0,0.0,0.0,Perturb accepted cumulative strategy field.
perturb_strategy__momentum__symbol_filter.sol_direction__short_only,perturbation,76.84749443815593,True,66.65496637080795,45.0,6.321492107306187,0.5264376460104578,0.5016298044946584,3.846207393448526,33.739498919256675,39.0,2.5531918767231168,0.3400756236156312,0.42895017916941286,5.4210451348411,0.0,0.0,0.0,0.0,Perturb accepted cumulative strategy field.
targeted_momentum_quick_exit_less_loss,targeted,76.84749443815593,True,66.65496637080795,45.0,6.321492107306187,0.5264376460104578,0.5016298044946584,3.846207393448526,33.739498919256675,39.0,2.5531918767231168,0.3400756236156312,0.42895017916941286,5.4210451348411,0.0,0.0,0.0,0.0,Targeted OOS repair probe.
targeted_momentum_quick_exit_flat,targeted,76.84749443815593,True,66.65496637080795,45.0,6.321492107306187,0.5264376460104578,0.5016298044946584,3.846207393448526,33.739498919256675,39.0,2.5531918767231168,0.3400756236156312,0.42895017916941286,5.4210451348411,0.0,0.0,0.0,0.0,Targeted OOS repair probe.
targeted_momentum_proof_lock_045_b2,targeted,76.84749443815593,True,65.63068844582605,45.0,6.20667963224832,0.518640572008211,0.5105769835850086,3.846207393448526,33.739498919256675,39.0,2.5531918767231168,0.3400756236156312,0.42895017916941286,5.4210451348411,-1.0242779249819023,0.0,0.0,0.0,Targeted OOS repair probe.
targeted_momentum_proof_lock_065_b4,targeted,76.84749443815593,True,74.21428726784669,45.0,7.276625139285761,0.5807486301876849,0.5000060284958361,3.846207393448526,33.739498919256675,39.0,2.5531918767231168,0.3400756236156312,0.42895017916941286,5.4210451348411,7.559320897038731,0.0,0.0,0.0,Targeted OOS repair probe.
targeted_trend_mfe_lock_075_floor010,targeted,76.84749443815593,True,66.65496637080795,45.0,6.321492107306187,0.5264376460104578,0.5016298044946584,3.846207393448526,33.739498919256675,39.0,2.5531918767231168,0.3400756236156312,0.42895017916941286,5.4210451348411,0.0,0.0,0.0,0.0,Targeted OOS repair probe.
targeted_trend_funding_filter_on,targeted,76.84749443815593,True,66.65496637080795,45.0,6.321492107306187,0.5264376460104578,0.5016298044946584,3.846207393448526,33.739498919256675,39.0,2.5531918767231168,0.3400756236156312,0.42895017916941286,5.4210451348411,0.0,0.0,0.0,0.0,Targeted OOS repair probe.
targeted_breakout_quick_exit_on,targeted,76.84749443815593,True,66.65496637080795,45.0,6.321492107306187,0.5264376460104578,0.5016298044946584,3.846207393448526,33.739498919256675,39.0,2.5531918767231168,0.3400756236156312,0.42895017916941286,5.4210451348411,0.0,0.0,0.0,0.0,Targeted OOS repair probe.
perturb_strategy_active_cumulative__trend__exits.scratch_peak_r__0.36,perturbation,76.84630996557814,True,66.65496637080795,45.0,6.321492107306187,0.5264376460104578,0.5016298044946584,3.846207393448526,33.73806803247909,39.0,2.5530442653278493,0.3400659677046057,0.42895017916941286,5.422057040650842,0.0,0.0,-0.0014308867775838507,0.0,Perturb active cumulative strategy diff versus pre-round baseline.
perturb_strategy_active_cumulative__trend__exits.scratch_peak_r__0.33,perturbation,76.84630996557814,True,66.65496637080795,45.0,6.321492107306187,0.5264376460104578,0.5016298044946584,3.846207393448526,33.73806803247909,39.0,2.5530442653278493,0.3400659677046057,0.42895017916941286,5.422057040650842,0.0,0.0,-0.0014308867775838507,0.0,Perturb active cumulative strategy diff versus pre-round baseline.
perturb_strategy__momentum__exits.mfe_retrace_min_bars__7,perturbation,76.84397431123305,True,66.65496637080795,45.0,6.321492107306187,0.5264376460104578,0.5016298044946584,3.846207393448526,33.73497023597668,39.0,2.5529946071984235,0.34002777660265987,0.4289021545326682,5.4210451348411,0.0,0.0,-0.004528683279993118,0.0,Perturb accepted cumulative strategy field.
perturb_strategy_active_cumulative__breakout__confirmation.model1_min_volume_mult__1.32,perturbation,76.83605431811417,False,64.0977657705991,44.0,6.197079887687594,0.5263234512446924,0.49980759188315865,3.8462073934485357,33.739498919256675,39.0,2.5531918767231168,0.3400756236156312,0.42895017916941286,5.4210451348411,-2.5572006002088585,-1.0,0.0,0.0,Perturb active cumulative strategy diff versus pre-round baseline.
ablate_strategy_active_cumulative_to_base__trend__exits.tp2_r,ablation,76.8300365218982,False,64.06767678951924,45.0,6.18998061787295,0.5137529151098545,0.49051173362729494,4.955134898470653,33.739498919256675,39.0,2.5531918767231168,0.3400756236156312,0.42895017916941286,5.4210451348411,-2.587289581288715,0.0,0.0,0.0,Revert active cumulative strategy diff to pre-round baseline (C:\Users\sehyu\Documents\Other\Projects\crypto_trader\config\trend_pre_round1.yaml).
perturb_strategy_active_cumulative__trend__exits.tp2_r__1.98,perturbation,76.8300365218982,False,64.06767678951924,45.0,6.18998061787295,0.5137529151098545,0.49051173362729494,4.955134898470653,33.739498919256675,39.0,2.5531918767231168,0.3400756236156312,0.42895017916941286,5.4210451348411,-2.587289581288715,0.0,0.0,0.0,Perturb active cumulative strategy diff versus pre-round baseline.
perturb_strategy_active_cumulative__trend__exits.tp2_r__2.16,perturbation,76.8300365218982,False,64.06767678951924,45.0,6.18998061787295,0.5137529151098545,0.49051173362729494,4.955134898470653,33.739498919256675,39.0,2.5531918767231168,0.3400756236156312,0.42895017916941286,5.4210451348411,-2.587289581288715,0.0,0.0,0.0,Perturb active cumulative strategy diff versus pre-round baseline.
ablate_strategy_active_cumulative_to_base__trend__stops.atr_mult,ablation,76.82984693394242,True,66.65496637080795,45.0,6.321492107306187,0.5264376460104578,0.5016298044946584,3.846207393448526,33.71450850777092,39.0,2.5521652663716012,0.33990345262854205,0.42895017916941286,5.4210451348411,0.0,0.0,-0.024990411485752873,0.0,Revert active cumulative strategy diff to pre-round baseline (C:\Users\sehyu\Documents\Other\Projects\crypto_trader\config\trend_pre_round1.yaml).
perturb_strategy_active_cumulative__breakout__trail.trail_buffer_tight__0.066,perturbation,76.82936673002978,True,66.61213878407317,45.0,6.318864536711831,0.5261730930907395,0.5013520281317791,3.846207393448489,33.71368583295028,39.0,2.552071011829256,0.3399100994386733,0.42877745279882495,5.421045134841104,-0.042827586734787815,0.0,-0.025813086306392563,0.0,Perturb active cumulative strategy diff versus pre-round baseline. aliases=perturb_strategy__breakout__trail.trail_buffer_tight__0.066
perturb_strategy_active_cumulative__breakout__trail.trail_buffer_tight__0.072,perturbation,76.81124058007575,True,66.5693194815998,45.0,6.3162367574316205,0.5259085401710204,0.5010742517688987,3.8462073934485064,33.687875713089014,39.0,2.5509501844101847,0.3397445752617153,0.42860472642823755,5.4210451348411,-0.08564688920814945,0.0,-0.051623206167661806,0.0,Perturb active cumulative strategy diff versus pre-round baseline. aliases=perturb_strategy__breakout__trail.trail_buffer_tight__0.072
perturb_strategy_active_cumulative__breakout__exits.tp1_r__1.1,perturbation,76.80993456183167,True,66.65496637080795,45.0,6.321492107306187,0.5264376460104578,0.5016298044946584,3.846207393448526,33.68526285992947,39.0,2.5510879999461697,0.3397292851096995,0.4285388578640609,5.4210451348410915,0.0,0.0,-0.05423605932720221,0.0,Perturb active cumulative strategy diff versus pre-round baseline.
perturb_strategy_active_cumulative__breakout__exits.tp1_r__1.2,perturbation,76.80993456183167,True,66.85708223807671,45.0,6.331162779743397,0.5273631173115596,0.5024954919735009,3.846207393448517,33.68526285992947,39.0,2.5510879999461697,0.3397292851096995,0.4285388578640609,5.4210451348410915,0.20211586726875908,0.0,-0.05423605932720221,0.0,Perturb active cumulative strategy diff versus pre-round baseline.
perturb_strategy_active_cumulative__breakout__exits.tp1_frac__0.11,perturbation,76.79814458918297,True,66.62121181676682,45.0,6.319618976508366,0.5262037013918018,0.5014973524948864,3.8462073934485037,33.66943501741352,39.0,2.5500981900866586,0.33962392779460493,0.42859723842755004,5.421045134841098,-0.03375455404113836,0.0,-0.07006390184315592,0.0,Perturb active cumulative strategy diff versus pre-round baseline. aliases=perturb_strategy__breakout__exits.tp1_frac__0.11
perturb_strategy_active_cumulative__trend__risk.risk_pct_a__0.0108,perturbation,76.79504401012134,True,66.65496637080795,45.0,6.321492107306187,0.5264376460104578,0.5016298044946584,3.846207393448526,33.63418007243328,39.0,2.5532963744116723,0.3400756236156312,0.42895017916941286,5.421045134841125,0.0,0.0,-0.1053188468233941,0.0,Perturb active cumulative strategy diff versus pre-round baseline.
perturb_strategy__momentum__trail.trail_activation_bars__7,perturbation,76.76117634198849,True,66.7529111455337,45.0,6.366574624788944,0.527174279031431,0.5016298044946584,3.846207393448526,33.62566548581054,39.0,2.5504617306792423,0.338745563206929,0.4288980064771787,5.421045134841047,0.0979447747257467,0.0,-0.11383343344613195,0.0,Perturb accepted cumulative strategy field.
ablate_strategy_to_round1__momentum__exits.mfe_retrace_min_bars,ablation,76.76046764058505,True,66.65496637080795,45.0,6.321492107306187,0.5264376460104578,0.5016298044946584,3.846207393448526,33.62754010407656,39.0,2.5483141136644605,0.33889274228988053,0.42776290660100413,5.4210451348411,0.0,0.0,-0.11195881518011674,0.0,"Revert one cumulative accepted strategy field to round 1. aliases=ablate_strategy_to_round1__momentum__exits.mfe_retrace_min_bars,perturb_strategy__momentum__exits.mfe_retrace_min_bars__6"
perturb_strategy_active_cumulative__breakout__exits.tp1_frac__0.12,perturbation,76.74880190561254,True,66.58745887254038,45.0,6.317745369781852,0.525969756773146,0.5013649004951143,3.8462073934485224,33.599384999118364,39.0,2.5470046152644708,0.3391722319735786,0.42824429768568717,5.421045134841033,-0.06750749826757385,0.0,-0.1401139201383117,0.0,Perturb active cumulative strategy diff versus pre-round baseline. aliases=perturb_strategy__breakout__exits.tp1_frac__0.12
perturb_strategy_active_cumulative__trend__risk.risk_pct_a__0.0096,perturbation,76.74249356130251,True,66.65496637080795,45.0,6.321492107306187,0.5264376460104578,0.5016298044946584,3.846207393448526,33.52871364422198,39.0,2.5533877570550825,0.3400756236156312,0.42895017916941286,5.421045134841031,0.0,0.0,-0.21078527503469502,0.0,Perturb active cumulative strategy diff versus pre-round baseline.
perturb_strategy__breakout__symbol_filter.sol_direction__long_only,perturbation,76.73995368506725,False,63.61726260536456,44.0,6.112833911554117,0.5123535054946396,0.4948117284284248,3.846207393448526,33.739498919256675,39.0,2.5531918767231168,0.3400756236156312,0.42895017916941286,5.4210451348411,-3.0377037654433963,-1.0,0.0,0.0,Perturb accepted cumulative strategy field.
targeted_breakout_sol_long_only,targeted,76.73995368506725,False,63.61726260536456,44.0,6.112833911554117,0.5123535054946396,0.4948117284284248,3.846207393448526,33.739498919256675,39.0,2.5531918767231168,0.3400756236156312,0.42895017916941286,5.4210451348411,-3.0377037654433963,-1.0,0.0,0.0,Targeted OOS repair probe.
perturb_strategy_active_cumulative__breakout__symbol_filter.eth_relaxed_body_direction__both,perturbation,76.7338446403707,False,63.58671738188184,46.0,5.354616216704106,0.4906172744266485,0.5016298044946584,3.846207393448526,33.739498919256675,39.0,2.5531918767231168,0.3400756236156312,0.42895017916941286,5.4210451348411,-3.068248988926115,1.0,0.0,0.0,"Perturb active cumulative strategy diff versus pre-round baseline. aliases=ablate_strategy_to_round1__breakout__symbol_filter.eth_relaxed_body_direction,ablate_strategy_to_round1__breakout__symbol_filter.eth_relaxed_body_direction,perturb_strategy__breakout__symbol_filter.eth_relaxed_body_direction__both"
targeted_breakout_early_lock,targeted,76.71233546948523,False,63.47917152745439,45.0,6.049604076515717,0.4998100407253566,0.4948117284284248,3.846207393448526,33.739498919256675,39.0,2.5531918767231168,0.3400756236156312,0.42895017916941286,5.4210451348411,-3.1757948433535645,0.0,0.0,0.0,Targeted OOS repair probe.
perturb_strategy_active_cumulative__trend__exits.tp2_frac__0.66,perturbation,76.70796835911098,True,66.80059502055083,45.0,6.329036094399623,0.5271513188314333,0.502250466042388,3.8010354544556577,33.543097117504196,39.0,2.5451192399412,0.33867674002647086,0.42824005154815026,5.4210451348411,0.14562864974287493,0.0,-0.19640180175247934,0.0,Perturb active cumulative strategy diff versus pre-round baseline.
ablate_strategy_active_cumulative_to_base__trend__regime.b_min_adx,ablation,76.69864793340543,True,66.65496637080795,45.0,6.321492107306187,0.5264376460104578,0.5016298044946584,3.846207393448526,34.85881524658913,38.0,2.673626019438242,0.35677712617968715,0.42895017916941286,4.647685466035636,0.0,0.0,1.1193163273324558,-1.0,Revert active cumulative strategy diff to pre-round baseline (C:\Users\sehyu\Documents\Other\Projects\crypto_trader\config\trend_pre_round1.yaml).
perturb_strategy_active_cumulative__trend__exits.time_stop_min_progress_r__0.18,perturbation,76.66967451156857,True,65.98467355583922,45.0,6.112155229242867,0.5232659156986285,0.5160796880282369,3.846207393448526,33.530033614527085,39.0,2.5307501684239972,0.33850874263650166,0.42895017916941286,5.421045134841113,-0.6702928149687324,0.0,-0.20946530472959068,0.0,Perturb active cumulative strategy diff versus pre-round baseline.
perturb_strategy_active_cumulative__trend__exits.time_stop_min_progress_r__0.16,perturbation,76.63800154192518,True,65.49114790213171,45.0,5.956308681777059,0.5209014440005686,0.5160796880282368,3.846207393448526,33.495729218274995,39.0,2.5276992215738825,0.3380410272022179,0.42895017916941286,5.421045134841123,-1.16381846867624,0.0,-0.24376970098168016,0.0,Perturb active cumulative strategy diff versus pre-round baseline.
perturb_risk_trend_1.10,perturbation,76.62025819975842,True,65.19478202365805,45.0,6.3211994971822065,0.5264376460104578,0.5016298044946584,3.6805285146984628,33.32122895921365,39.0,2.54414124753512,0.3400756236156312,0.42895017916941286,5.341914267519565,-1.4601843471499052,0.0,-0.41826996004302686,0.0,
perturb_strategy_active_cumulative__trend__stops.min_stop_atr__1.2,perturbation,76.59418286043393,True,72.99729868614729,45.0,5.856047485829653,0.5573849072307777,0.5297307842128588,5.782704867698154,33.51578605189512,39.0,2.4853919999323573,0.3397503241456476,0.42441403985489484,5.836281079099004,6.342332315339334,0.0,-0.22371286736155582,0.0,Perturb active cumulative strategy diff versus pre-round baseline.
perturb_strategy__momentum__exits.proof_lock_min_bars__0,perturbation,76.59140493101616,True,65.56537518065512,45.0,6.181869953570498,0.5181299418629726,0.5105769835850086,3.846207393448526,33.453589101585735,39.0,2.5240026188225797,0.3370336190321185,0.42895017916941286,5.623237097271968,-1.0895911901528308,0.0,-0.2859098176709409,0.0,Perturb accepted cumulative strategy field.
perturb_strategy__momentum__exits.proof_lock_min_bars__1,perturbation,76.59140493101616,True,65.56537518065512,45.0,6.181869953570498,0.5181299418629726,0.5105769835850086,3.846207393448526,33.453589101585735,39.0,2.5240026188225797,0.3370336190321185,0.42895017916941286,5.623237097271968,-1.0895911901528308,0.0,-0.2859098176709409,0.0,Perturb accepted cumulative strategy field.
ablate_strategy_active_cumulative_to_base__trend__trail.trail_activation_bars,ablation,76.5809026793617,True,66.65496637080795,45.0,6.321492107306187,0.5264376460104578,0.5016298044946584,3.846207393448526,33.450447049702056,39.0,2.527265120892045,0.33617493959592093,0.42895017916941286,5.4210451348411075,0.0,0.0,-0.28905186955461915,0.0,"Revert active cumulative strategy diff to pre-round baseline (C:\Users\sehyu\Documents\Other\Projects\crypto_trader\config\trend_pre_round1.yaml). aliases=ablate_strategy_to_round1__trend__trail.trail_activation_bars,ablate_strategy_to_round1__trend__trail.trail_activation_bars"
perturb_strategy_active_cumulative__trend__exits.tp2_frac__0.72,perturbation,76.56842201065697,True,66.94628690800315,45.0,6.336572098813615,0.5278649916524084,0.5028711275901175,3.7558635154628157,33.34669531575166,39.0,2.537036468454772,0.3372778564373106,0.4275299239268878,5.4210451348411,0.29132053719519035,0.0,-0.39280360350501553,0.0,Perturb active cumulative strategy diff versus pre-round baseline.
perturb_risk_momentum_1.10,perturbation,76.56209223313175,True,65.44450836242952,45.0,6.381064155565358,0.5264376460104578,0.5016298044946584,3.846207393448526,33.053686730491144,39.0,2.5819438214024095,0.3400756236156312,0.42895017916941286,5.360314601837655,-1.2104580083784384,0.0,-0.6858121887655315,0.0,
perturb_risk_breakout_1.10,perturbation,76.56146592113713,True,65.73014061199909,45.0,6.289747069580193,0.5264376460104578,0.5016298044946584,3.8462073934485317,33.228199000149736,39.0,2.5380025979904466,0.3400756236156312,0.42895017916941286,5.341279752053922,-0.9248257588088649,0.0,-0.5112999191069392,0.0,
ablate_strategy_active_cumulative_to_base__breakout__trail.trail_buffer_tight,ablation,76.5531122046226,True,66.74253968501422,45.0,6.3322445998463746,0.5287211796215332,0.5002592457258606,3.846207393448516,33.320403736993434,39.0,2.5349824664024103,0.33738585574005864,0.42614337564735694,5.421045134841129,0.08757331420626713,0.0,-0.4190951822632414,0.0,Revert active cumulative strategy diff to pre-round baseline (builtin:crypto_trader.optimize.breakout_round3_pre_round1.build_pre_round1_config).
ablate_strategy_active_cumulative_to_base__breakout__risk.max_risk_pct,ablation,76.53422147277219,True,66.14664754925639,45.0,6.321442704093462,0.5264376460104578,0.5016298044946584,3.8462073934484953,33.179530770248704,39.0,2.536547431283236,0.3400756236156312,0.42895017916941286,5.333683048931369,-0.508318821551569,0.0,-0.5599681490079718,0.0,Revert active cumulative strategy diff to pre-round baseline (builtin:crypto_trader.optimize.breakout_round3_pre_round1.build_pre_round1_config).
perturb_strategy_active_cumulative__breakout__risk.risk_pct_b__0.02499525,perturbation,76.53303142066896,True,65.08639192814705,45.0,6.24846381834667,0.5264376460104578,0.5016298044946584,3.846207393448519,33.177405049215366,39.0,2.5364838354899626,0.3400756236156312,0.42895017916941286,5.333351224938928,-1.5685744426609034,0.0,-0.5620938700413092,0.0,Perturb active cumulative strategy diff versus pre-round baseline.
perturb_strategy__momentum__exits.mfe_retrace_giveback_r__0.6,perturbation,76.46903114547828,False,62.26264990741972,45.0,6.0472072103574,0.4925262507133124,0.4979568265092228,3.846207393448526,33.739498919256675,39.0,2.5531918767231168,0.3400756236156312,0.42895017916941286,5.4210451348411,-4.392316463388234,0.0,0.0,0.0,Perturb accepted cumulative strategy field.
perturb_strategy__momentum__exits.mfe_retrace_giveback_r__0.675,perturbation,76.46903114547828,False,62.26264990741972,45.0,6.0472072103574,0.4925262507133124,0.4979568265092228,3.846207393448526,33.739498919256675,39.0,2.5531918767231168,0.3400756236156312,0.42895017916941286,5.4210451348411,-4.392316463388234,0.0,0.0,0.0,Perturb accepted cumulative strategy field.
ablate_strategy_active_cumulative_to_base__breakout__confirmation.model1_min_volume_mult,ablation,76.418887490475,True,66.65496637080795,45.0,6.321492107306187,0.5264376460104578,0.5016298044946584,3.846207393448526,32.276676607537084,40.0,2.417889637163543,0.30248721735441053,0.42895017916941286,5.421045134841083,0.0,0.0,-1.4628223117195915,1.0,Revert active cumulative strategy diff to pre-round baseline (builtin:crypto_trader.optimize.breakout_round3_pre_round1.build_pre_round1_config).
perturb_strategy_active_cumulative__breakout__confirmation.model1_min_volume_mult__0.96,perturbation,76.418887490475,True,66.65496637080795,45.0,6.321492107306187,0.5264376460104578,0.5016298044946584,3.846207393448526,32.276676607537084,40.0,2.417889637163543,0.30248721735441053,0.42895017916941286,5.421045134841083,0.0,0.0,-1.4628223117195915,1.0,Perturb active cumulative strategy diff versus pre-round baseline.
perturb_strategy_active_cumulative__trend__exits.time_stop_min_progress_r__0.24,perturbation,76.40745158801869,True,67.05429610919336,45.0,6.355863735939852,0.5283431320422806,0.48854287239111416,3.846207393448526,33.218492323405286,39.0,2.5428501025692003,0.3312502900654251,0.38315689411206666,5.421045134841128,0.3993297383854042,0.0,-0.5210065958513894,0.0,Perturb active cumulative strategy diff versus pre-round baseline.
ablate_strategy_to_round1__breakout__exits.tp1_frac,ablation,76.35431840078957,True,66.31749334521466,45.0,6.302739364444396,0.5240981998238975,0.5003052844969372,3.8462073934484824,33.0394846604896,39.0,2.522260046624078,0.3355586654053679,0.4254207717507842,5.421045134841093,-0.3374730255932974,0.0,-0.7000142587670766,0.0,Revert one cumulative accepted strategy field to round 1. aliases=ablate_strategy_to_round1__breakout__exits.tp1_frac
ablate_strategy_active_cumulative_to_base__trend__exits.scratch_peak_r,ablation,76.34585685042326,True,66.61777492817177,45.0,6.308021614005896,0.5262628287884568,0.5016298044946584,3.846207393448526,33.154279996519094,39.0,2.494742124700073,0.3349573668201976,0.42895017916941286,5.421045134841094,-0.03719144263618546,0.0,-0.5852189227375817,0.0,Revert active cumulative strategy diff to pre-round baseline (C:\Users\sehyu\Documents\Other\Projects\crypto_trader\config\trend_pre_round1.yaml).
perturb_strategy_active_cumulative__trend__exits.scratch_peak_r__0.24,perturbation,76.34585685042326,True,66.61777492817177,45.0,6.308021614005896,0.5262628287884568,0.5016298044946584,3.846207393448526,33.154279996519094,39.0,2.494742124700073,0.3349573668201976,0.42895017916941286,5.421045134841094,-0.03719144263618546,0.0,-0.5852189227375817,0.0,Perturb active cumulative strategy diff versus pre-round baseline.
perturb_strategy_active_cumulative__trend__exits.scratch_peak_r__0.27,perturbation,76.34585685042326,True,66.61777492817177,45.0,6.308021614005896,0.5262628287884568,0.5016298044946584,3.846207393448526,33.154279996519094,39.0,2.494742124700073,0.3349573668201976,0.42895017916941286,5.421045134841094,-0.03719144263618546,0.0,-0.5852189227375817,0.0,Perturb active cumulative strategy diff versus pre-round baseline.
perturb_strategy_active_cumulative__trend__exits.time_stop_min_progress_r__0.22,perturbation,76.3253700139232,True,66.65496637264727,45.0,6.321492108056469,0.5264376460191237,0.5016298044946584,3.846207393448526,33.1195032429205,39.0,2.5327914585297524,0.33055752641130276,0.40121537592899237,5.421045134841106,1.8393109257885953e-09,0.0,-0.619995676336174,0.0,Perturb active cumulative strategy diff versus pre-round baseline.
perturb_risk_trend_1.05,perturbation,76.31074188363945,False,63.74395840646475,45.0,6.32028660047246,0.5264376460104578,0.5016298044946584,3.5147135998694607,32.90329236811784,39.0,2.5349680336839095,0.34007562361563126,0.42895017916941286,5.262783335797064,-2.911007964343206,0.0,-0.8362065511388366,0.0,
perturb_strategy_active_cumulative__trend__confirmation.volume_threshold_mult__1.155,perturbation,76.30991586224674,False,61.46707349126198,46.0,4.570678176833364,0.49103909832531956,0.5016298044946584,3.846207393448526,33.739498919256675,39.0,2.5531918767231168,0.3400756236156312,0.42895017916941286,5.4210451348411,-5.187892879545977,1.0,0.0,0.0,Perturb active cumulative strategy diff versus pre-round baseline.
perturb_strategy_active_cumulative__trend__confirmation.volume_threshold_mult__1.26,perturbation,76.30991586224674,False,61.46707349126198,46.0,4.570678176833364,0.49103909832531956,0.5016298044946584,3.846207393448526,33.739498919256675,39.0,2.5531918767231168,0.3400756236156312,0.42895017916941286,5.4210451348411,-5.187892879545977,1.0,0.0,0.0,Perturb active cumulative strategy diff versus pre-round baseline.
perturb_risk_momentum_1.05,perturbation,76.28027968375798,True,64.24006738766825,45.0,6.442818638961384,0.5264376460104578,0.5016298044946584,3.846207393448526,32.36764862974087,39.0,2.612547071903093,0.3400756236156312,0.42895017916941286,5.298643045180217,-2.4148989831397074,0.0,-1.3718502895158053,0.0,
ablate_strategy_active_cumulative_to_base__trend__symbol_filter.btc_direction,ablation,76.27952216153419,True,65.47342720125219,46.0,5.816530684503954,0.5095989255646814,0.5016298044946584,3.846207393448526,30.360444437018607,41.0,2.2090150451023844,0.3017372140455621,0.4089764587662479,5.4210451348411,-1.1815391695557622,1.0,-3.379054482238068,2.0,Revert active cumulative strategy diff to pre-round baseline (C:\Users\sehyu\Documents\Other\Projects\crypto_trader\config\trend_pre_round1.yaml). aliases=perturb_strategy_active_cumulative__trend__symbol_filter.btc_direction__both
perturb_risk_breakout_1.05,perturbation,76.27536694369334,True,64.80874191556286,45.0,6.257616966485019,0.5264376460104578,0.5016298044946584,3.8462073934485406,32.71741763847438,39.0,2.522648449687393,0.3400756236156312,0.42895017916941286,5.2615143692667035,-1.8462244552450926,0.0,-1.0220812807822952,0.0,
ablate_strategy_to_round1__momentum__exits.mfe_retrace_scope,ablation,76.26731332711151,False,62.07701070784486,45.0,6.0323661857935,0.4905731636010096,0.5021659491554719,3.846207393448526,33.521431810061856,39.0,2.5461730493900854,0.3377690253273904,0.4564557274312774,4.4830283816324625,-4.577955662963092,0.0,-0.21806710919481986,0.0,Revert one cumulative accepted strategy field to round 1. aliases=ablate_strategy_to_round1__momentum__exits.mfe_retrace_scope
ablate_strategy_round_2__breakout,ablation,76.25515379129119,False,63.385331322858285,46.0,5.34544048691669,0.489134134736356,0.5011869258264614,3.846207393448506,33.11742442516153,39.0,2.5256489491761767,0.3360594827748893,0.4259547219526156,5.421045134841161,-3.26963504794967,1.0,-0.6220744940951448,0.0,Revert all fields introduced or changed by strategy round 2.
perturb_strategy__momentum__risk.risk_pct_b__0.0135,perturbation,76.22985740659217,False,63.856515830306805,45.0,6.449135723938624,0.5264376460104578,0.5016298044946584,3.846207393448526,32.324068438563785,39.0,2.628076035164572,0.34007562361563126,0.42895017916941286,5.279956104480683,-2.7984505405011504,0.0,-1.4154304806928906,0.0,Perturb accepted cumulative strategy field.
perturb_strategy_active_cumulative__trend__risk.max_risk_pct__0.0216,perturbation,76.20806315205739,False,63.31053116421527,45.0,6.31988664848595,0.5264376460104578,0.5016298044946584,3.4649425023429816,32.882620591755085,39.0,2.5321393362085165,0.34007562361563126,0.42895017916941286,5.239044049016787,-3.344435206592685,0.0,-0.8568783275015903,0.0,Perturb active cumulative strategy diff versus pre-round baseline.
perturb_strategy_active_cumulative__trend__risk.risk_pct_b__0.0216,perturbation,76.20806315205739,False,63.31053116421527,45.0,6.31988664848595,0.5264376460104578,0.5016298044946584,3.4649425023429816,32.882620591755085,39.0,2.5321393362085165,0.34007562361563126,0.42895017916941286,5.239044049016787,-3.344435206592685,0.0,-0.8568783275015903,0.0,"Perturb active cumulative strategy diff versus pre-round baseline. aliases=ablate_strategy_to_round1__trend__risk.risk_pct_b,ablate_strategy_to_round1__trend__risk.risk_pct_b,perturb_strategy__trend__risk.risk_pct_b__0.0216"
ablate_strategy_to_round1__momentum__risk.risk_pct_b,ablation,76.20171191334944,False,53.16314095039546,45.0,7.073539325734149,0.5264376460104578,0.5016298044946584,3.846207393448526,24.849674843423376,45.0,2.5307756885476134,0.259093788812501,0.436860494057663,4.67419585293206,-13.491825420412496,0.0,-8.8898240758333,6.0,Revert one cumulative accepted strategy field to round 1. aliases=ablate_strategy_to_round1__momentum__risk.risk_pct_b
perturb_strategy_active_cumulative__breakout__risk.max_risk_pct__0.023625,perturbation,76.1895231508918,True,65.58777088403696,45.0,6.321249705495064,0.5264376460104578,0.5016298044946584,3.8462073934484864,32.564284771033215,39.0,2.518009770146915,0.3400756236156312,0.42895017916941286,5.237584754430584,-1.0671954867709985,0.0,-1.1752141482234606,0.0,Perturb active cumulative strategy diff versus pre-round baseline.
ablate_strategy_to_round1__momentum__trail.trail_activation_bars,ablation,76.1843176580768,True,66.08122060091253,45.0,6.10716080625449,0.5221238396909438,0.5016298044946584,3.846207393448526,31.26431583504449,40.0,2.404968622734757,0.3190123608380577,0.42895017916941286,5.978512622861059,-0.5737457698954245,0.0,-2.475183084212187,1.0,"Revert one cumulative accepted strategy field to round 1. aliases=ablate_strategy_to_round1__momentum__trail.trail_activation_bars,perturb_strategy__momentum__trail.trail_activation_bars__5"
targeted_trend_scratch_less_eager,targeted,76.1463798873089,True,67.19183353310291,45.0,6.548297277233105,0.5289929130636964,0.4999209968733069,3.846207393448526,32.85003297778207,39.0,2.471142503713396,0.33494879949950424,0.42895017916941286,5.422057040650797,0.5368671622949535,0.0,-0.8894659414746044,0.0,Targeted OOS repair probe.
ablate_strategy_active_cumulative_to_base__trend__exits.scratch_exit_enabled,ablation,76.14080694060708,True,65.94449913346419,45.0,6.117905375388002,0.5231714864424948,0.4999209968733069,3.846207393448526,32.84327600201141,39.0,2.470463639751747,0.3349023144498817,0.42895017916941286,5.422057040650797,-0.7104672373437637,0.0,-0.896222917245268,0.0,Revert active cumulative strategy diff to pre-round baseline (C:\Users\sehyu\Documents\Other\Projects\crypto_trader\config\trend_pre_round1.yaml). aliases=perturb_strategy_active_cumulative__trend__exits.scratch_exit_enabled__False
perturb_strategy__momentum__exits.mfe_retrace_giveback_r__0.825,perturbation,76.08134717495308,True,66.65496637080795,45.0,6.321492107306187,0.5264376460104578,0.5016298044946584,3.846207393448526,32.741514546732475,39.0,2.5167979134047367,0.3292774485987426,0.4205244203049353,5.421045134841107,0.0,0.0,-0.9979843725242006,0.0,Perturb accepted cumulative strategy field.
perturb_strategy_active_cumulative__breakout__balance.min_bars_in_zone__5,perturbation,76.0244700171393,True,66.65496637080795,45.0,6.321492107306187,0.5264376460104578,0.5016298044946584,3.846207393448526,32.573084202888104,39.0,2.499768351178581,0.3326884007410039,0.4302903357997316,5.4210451348411,0.0,0.0,-1.1664147163685712,0.0,Perturb active cumulative strategy diff versus pre-round baseline. aliases=perturb_strategy__breakout__balance.min_bars_in_zone__5
ablate_strategy_active_cumulative_to_base__breakout__symbol_filter.eth_relaxed_body_direction,ablation,76.0082594457803,False,59.95879140892975,44.0,5.857812504304662,0.4805082787941284,0.49353136218565946,3.846207393448526,33.739498919256675,39.0,2.5531918767231168,0.3400756236156312,0.42895017916941286,5.4210451348411,-6.6961749618782065,-1.0,0.0,0.0,"Revert active cumulative strategy diff to pre-round baseline (builtin:crypto_trader.optimize.breakout_round3_pre_round1.build_pre_round1_config). aliases=perturb_strategy_active_cumulative__breakout__symbol_filter.eth_relaxed_body_direction__disabled,perturb_strategy__breakout__symbol_filter.eth_relaxed_body_direction__disabled"
perturb_strategy__momentum__exits.mfe_retrace_giveback_r__0.9,perturbation,75.99473659219014,True,66.65496637080795,45.0,6.321492107306187,0.5264376460104578,0.5016298044946584,3.846207393448526,32.63039118516783,39.0,2.511919394346179,0.3280945672729919,0.4193371477365265,5.421045134841107,0.0,0.0,-1.1091077340888447,0.0,Perturb accepted cumulative strategy field.
ablate_strategy_active_cumulative_to_base__breakout__setup.relaxed_body_enabled,ablation,75.94607142189679,False,60.39785128951224,42.0,5.888528459402637,0.48911135170383135,0.5203895580331713,3.846207393448526,33.739498919256675,39.0,2.5531918767231168,0.3400756236156312,0.42895017916941286,5.4210451348411,-6.257115081295716,-3.0,0.0,0.0,Revert active cumulative strategy diff to pre-round baseline (builtin:crypto_trader.optimize.breakout_round3_pre_round1.build_pre_round1_config). aliases=perturb_strategy_active_cumulative__breakout__setup.relaxed_body_enabled__False
ablate_portfolio_field__risk_scale.breakout,ablation,75.9363558995264,False,63.89077042189479,45.0,6.225095180709199,0.5264376460104578,0.5016298044946584,3.8462073934485357,32.20715765872389,39.0,2.5071275174328687,0.34007562361563126,0.42895017916941286,5.181748986479507,-2.7641959489131622,0.0,-1.5323412605327889,0.0,Remove current policy key risk_scale.breakout.
perturb_risk_breakout_1.00,perturbation,75.9363558995264,False,63.89077042189479,45.0,6.225095180709199,0.5264376460104578,0.5016298044946584,3.8462073934485357,32.20715765872389,39.0,2.5071275174328687,0.34007562361563126,0.42895017916941286,5.181748986479507,-2.7641959489131622,0.0,-1.5323412605327889,0.0,
perturb_strategy_active_cumulative__breakout__setup.relaxed_body_min__0.44,perturbation,75.92662473363507,False,59.550617848203636,43.0,5.82893305365524,0.4880794258757108,0.5076210093519702,3.846207393448526,33.739498919256675,39.0,2.5531918767231168,0.3400756236156312,0.42895017916941286,5.4210451348411,-7.104348522604319,-2.0,0.0,0.0,Perturb active cumulative strategy diff versus pre-round baseline.
perturb_strategy_active_cumulative__breakout__setup.relaxed_body_min__0.48,perturbation,75.92662473363507,False,59.550617848203636,43.0,5.82893305365524,0.4880794258757108,0.5076210093519702,3.846207393448526,33.739498919256675,39.0,2.5531918767231168,0.3400756236156312,0.42895017916941286,5.4210451348411,-7.104348522604319,-2.0,0.0,0.0,Perturb active cumulative strategy diff versus pre-round baseline.
perturb_strategy_active_cumulative__trend__setup.pullback_max_bars__7,perturbation,75.91716018926604,True,74.39371091826179,53.0,5.306501634281647,0.4803099268843208,0.4886764037311624,4.861318632833472,21.270040222397977,46.0,1.758401793159289,0.2369631384304712,0.40941867370289536,6.086481073899825,7.738744547453834,8.0,-12.469458696858698,7.0,Perturb active cumulative strategy diff versus pre-round baseline. aliases=perturb_strategy__trend__setup.pullback_max_bars__7
ablate_strategy_active_cumulative_to_base__breakout__confirmation.retest_max_bars,ablation,75.9131234714336,False,61.03055137417856,45.0,5.116668333356479,0.4897712169161786,0.4948117284284248,3.846207393448526,32.14124156307319,40.0,2.412885791574628,0.3134230058929791,0.42895017916941286,5.421045134841077,-5.6244149966293975,0.0,-1.5982573561834883,1.0,Revert active cumulative strategy diff to pre-round baseline (builtin:crypto_trader.optimize.breakout_round3_pre_round1.build_pre_round1_config).
perturb_strategy_active_cumulative__breakout__confirmation.retest_max_bars__4,perturbation,75.9131234714336,False,61.03055137417856,45.0,5.116668333356479,0.4897712169161786,0.4948117284284248,3.846207393448526,32.14124156307319,40.0,2.412885791574628,0.3134230058929791,0.42895017916941286,5.421045134841077,-5.6244149966293975,0.0,-1.5982573561834883,1.0,Perturb active cumulative strategy diff versus pre-round baseline.
perturb_strategy_active_cumulative__breakout__confirmation.retest_max_bars__5,perturbation,75.9131234714336,False,61.03055137417856,45.0,5.116668333356479,0.4897712169161786,0.4948117284284248,3.846207393448526,32.14124156307319,40.0,2.412885791574628,0.3134230058929791,0.42895017916941286,5.421045134841077,-5.6244149966293975,0.0,-1.5982573561834883,1.0,Perturb active cumulative strategy diff versus pre-round baseline.
targeted_momentum_weak_confirm_need_3,targeted,75.8997055124823,True,67.19673051984259,43.0,6.585796363117875,0.5547409328312713,0.5016780172322891,3.846207393448526,33.89559436290164,38.0,2.5693886487692703,0.35072950186071905,0.42895017916941286,5.310656326460235,0.5417641490346341,-2.0,0.15609544364496486,-1.0,Targeted OOS repair probe.
ablate_strategy_active_cumulative_to_base__breakout__setup.body_ratio_min,ablation,75.89433669843078,False,59.38917767218215,45.0,5.411137559164353,0.43641675849839007,0.49052474524257805,3.846207393448522,33.739498919256675,39.0,2.5531918767231168,0.3400756236156312,0.42895017916941286,5.4210451348411,-7.265788698625805,0.0,0.0,0.0,Revert active cumulative strategy diff to pre-round baseline (builtin:crypto_trader.optimize.breakout_round3_pre_round1.build_pre_round1_config).
ablate_strategy_active_cumulative_to_base__breakout__balance.min_bars_in_zone,ablation,75.88972819017181,True,66.65496637080795,45.0,6.321492107306187,0.5264376460104578,0.5016298044946584,3.846207393448526,32.38004573307344,39.0,2.491521653539495,0.33148122314200557,0.4289981401702313,5.4210451348411,0.0,0.0,-1.359453186183238,0.0,"Revert active cumulative strategy diff to pre-round baseline (builtin:crypto_trader.optimize.breakout_round3_pre_round1.build_pre_round1_config). aliases=perturb_strategy_active_cumulative__breakout__balance.min_bars_in_zone__6,ablate_strategy_to_round1__breakout__balance.min_bars_in_zone,ablate_strategy_to_round2__breakout__balance.min_bars_in_zone,perturb_strategy__breakout__balance.min_bars_in_zone__6"
perturb_strategy__momentum__trail.trail_activation_r__0.385,perturbation,75.86924406398921,True,70.00170605503389,45.0,6.6345722358756385,0.5524319530790868,0.5003272522348968,3.846207393448526,32.64012896826392,39.0,2.444182218076972,0.32837861909462834,0.42895017916941286,6.198506257510891,3.3467396842259376,0.0,-1.0993699509927524,0.0,Perturb accepted cumulative strategy field.
perturb_strategy__momentum__trail.trail_activation_r__0.42,perturbation,75.86924406398921,True,69.61602813309032,44.0,5.9082772625118105,0.5625486935837739,0.5088084927123746,3.846207393448526,32.64012896826392,39.0,2.444182218076972,0.32837861909462834,0.42895017916941286,6.198506257510891,2.9610617622823696,-1.0,-1.0993699509927524,0.0,Perturb accepted cumulative strategy field.
perturb_risk_breakout_0.95,perturbation,75.845124753137,False,63.4346146899478,45.0,6.193065751291763,0.5264376460104578,0.5016298044946584,3.8462073934485357,32.20715765872389,39.0,2.5071275174328687,0.34007562361563126,0.42895017916941286,5.181748986479507,-3.220351680860155,0.0,-1.5323412605327889,0.0,
ablate_strategy_active_cumulative_to_base__trend__exits.time_stop_min_progress_r,ablation,75.8387299161073,True,67.28344485270279,45.0,6.3704664512959654,0.5294355178453026,0.49120626801743666,3.846207393448526,32.500305589798025,39.0,2.5172766561638036,0.3224457671600381,0.3759270029760133,5.611093164018265,0.628478481894831,0.0,-1.2391933294586508,0.0,Revert active cumulative strategy diff to pre-round baseline (C:\Users\sehyu\Documents\Other\Projects\crypto_trader\config\trend_pre_round1.yaml).
perturb_risk_all_1.10,perturbation,75.8365142410362,False,63.08482242757606,45.0,6.348577147109592,0.5264376460104578,0.5016298044946584,3.6805285146984406,32.13041957743949,39.0,2.556986007940733,0.3400756236156312,0.42895017916941286,5.201239387905294,-3.5701439432318978,0.0,-1.6090793418171856,0.0,
ablate_portfolio_field__risk_scale.trend,ablation,75.79504492518797,False,62.302458738813705,45.0,6.318718737708413,0.5264376460104578,0.5016298044946584,3.3487620058290237,32.485690031552394,39.0,2.5256701053646347,0.3400756236156312,0.42895017916941286,5.183652375089427,-4.35250763199425,0.0,-1.253808887704281,0.0,Remove current policy key risk_scale.trend.
perturb_risk_trend_1.00,perturbation,75.79504492518797,False,62.302458738813705,45.0,6.318718737708413,0.5264376460104578,0.5016298044946584,3.3487620058290237,32.485690031552394,39.0,2.5256701053646347,0.3400756236156312,0.42895017916941286,5.183652375089427,-4.35250763199425,0.0,-1.253808887704281,0.0,
ablate_portfolio_field__risk_scale.momentum,ablation,75.77982112794683,False,63.04162988069974,45.0,6.506906952951084,0.5264376460104578,0.5016298044946584,3.846207393448526,31.681410051304148,39.0,2.645211087617528,0.3400756236156312,0.42895017916941286,5.236017216726953,-3.6133364901082174,0.0,-2.0580888679525273,0.0,Remove current policy key risk_scale.momentum.
perturb_risk_momentum_1.00,perturbation,75.77982112794683,False,63.04162988069974,45.0,6.506906952951084,0.5264376460104578,0.5016298044946584,3.846207393448526,31.681410051304148,39.0,2.645211087617528,0.3400756236156312,0.42895017916941286,5.236017216726953,-3.6133364901082174,0.0,-2.0580888679525273,0.0,
ablate_strategy_active_cumulative_to_base__trend__reentry.max_wait_bars,ablation,75.77484635876758,True,65.15407698205509,45.0,6.245777615911179,0.5264376460104578,0.5016298044946584,3.846207393448526,33.76154226572416,38.0,2.5556997421862326,0.34903754119627944,0.42895017916941286,5.4210451348411,-1.5008893887528671,0.0,0.02204334646748407,-1.0,Revert active cumulative strategy diff to pre-round baseline (C:\Users\sehyu\Documents\Other\Projects\crypto_trader\config\trend_pre_round1.yaml).
perturb_strategy__momentum__confirmation.volume_threshold_mult__0.88,perturbation,75.7607155798433,False,55.07428814677807,45.0,4.74237306059099,0.43496262147674963,0.49479881347175775,5.100746408919009,33.32764589424379,40.0,2.5156496971708178,0.3267627157325424,0.42895017916941286,5.421045134841108,-11.580678224029882,0.0,-0.41185302501288845,1.0,Perturb accepted cumulative strategy field.
ablate_strategy_active_cumulative_to_base__trend__confirmation.enforce_volume_on_trigger,ablation,75.75873338637226,True,67.70025203573107,44.0,6.826183605328099,0.5434267348962085,0.5016298044946584,3.846207393448526,33.738949978179036,38.0,2.5532913278748524,0.34903754119627944,0.42895017916941286,5.4210451348411,1.0452856649231137,-1.0,-0.0005489410776391423,-1.0,Revert active cumulative strategy diff to pre-round baseline (C:\Users\sehyu\Documents\Other\Projects\crypto_trader\config\trend_pre_round1.yaml). aliases=perturb_strategy_active_cumulative__trend__confirmation.enforce_volume_on_trigger__False
ablate_strategy_active_cumulative_to_base__trend__confirmation.require_volume_confirm,ablation,75.75873338637226,True,67.70025203573107,44.0,6.826183605328099,0.5434267348962085,0.5016298044946584,3.846207393448526,33.738949978179036,38.0,2.5532913278748524,0.34903754119627944,0.42895017916941286,5.4210451348411,1.0452856649231137,-1.0,-0.0005489410776391423,-1.0,Revert active cumulative strategy diff to pre-round baseline (C:\Users\sehyu\Documents\Other\Projects\crypto_trader\config\trend_pre_round1.yaml). aliases=perturb_strategy_active_cumulative__trend__confirmation.require_volume_confirm__False
targeted_trend_sol_short_only,targeted,75.7007073118964,True,68.33352357216933,43.0,7.102697229311705,0.5591994011238024,0.5016298044946584,3.846207393448526,34.94994110431528,37.0,2.684232067014702,0.36707070142829706,0.42895017916941286,4.647685466035636,1.6785572013613717,-2.0,1.2104421850586036,-2.0,Targeted OOS repair probe.
ablate_strategy_active_cumulative_to_base__trend__setup.require_orderly_pullback,ablation,75.69692670918899,True,66.65496637080795,45.0,6.321492107306187,0.5264376460104578,0.5016298044946584,3.846207393448526,32.3591307665871,39.0,2.4072746440510127,0.3307117798774116,0.42895017916941286,5.4210451348411,0.0,0.0,-1.3803681526695755,0.0,Revert active cumulative strategy diff to pre-round baseline (C:\Users\sehyu\Documents\Other\Projects\crypto_trader\config\trend_pre_round1.yaml). aliases=perturb_strategy_active_cumulative__trend__setup.require_orderly_pullback__False
perturb_strategy_active_cumulative__trend__setup.orderly_max_countertrend_volume_ratio__0.99,perturbation,75.62240011101159,True,64.26729445375334,44.0,6.185347737207337,0.526723497172224,0.5030656417178935,3.846207393448526,34.858261711216414,37.0,2.6737407803099527,0.3664326497101923,0.42895017916941286,4.647685466035636,-2.387671917054618,-1.0,1.118762791959739,-2.0,Perturb active cumulative strategy diff versus pre-round baseline. aliases=perturb_strategy__trend__setup.orderly_max_countertrend_volume_ratio__0.99
ablate_strategy_to_round1__trend__setup.orderly_max_countertrend_volume_ratio,ablation,75.62240011101159,True,64.26729445375334,44.0,6.185347737207337,0.526723497172224,0.5030656417178935,3.846207393448526,34.858261711216414,37.0,2.6737407803099527,0.3664326497101923,0.42895017916941286,4.647685466035636,-2.387671917054618,-1.0,1.118762791959739,-2.0,Revert one cumulative accepted strategy field to round 1. aliases=ablate_strategy_to_round1__trend__setup.orderly_max_countertrend_volume_ratio
perturb_strategy_active_cumulative__breakout__risk.risk_pct_b__0.022218,perturbation,75.58917626394947,False,62.917387108281,45.0,6.173334085655233,0.5264376460104578,0.5016298044946584,3.8462073934485406,31.935505014086434,39.0,2.4987891921651397,0.3400756236156312,0.42895017916941286,5.1392499905305495,-3.737579262526957,0.0,-1.8039939051702412,0.0,Perturb active cumulative strategy diff versus pre-round baseline.
perturb_strategy_active_cumulative__breakout__risk.max_risk_pct__0.021,perturbation,75.53116234263194,True,64.52162839090917,45.0,6.320465186799392,0.5264376460104578,0.5016298044946584,3.8462073934485392,31.39183320443178,39.0,2.4819422576673484,0.3400756236156312,0.42895017916941286,5.054124374020031,-2.1333379798987835,0.0,-2.3476657148248954,0.0,Perturb active cumulative strategy diff versus pre-round baseline.
ablate_strategy_to_round2__momentum__risk.risk_pct_b,ablation,75.50043006839091,False,62.008963417576915,45.0,6.5400401873223775,0.5264376460104578,0.5016298044946584,3.846207393448526,31.37796124551777,39.0,2.6846444055984353,0.3400756236156312,0.42895017916941286,5.183090337629484,-4.64600295323104,0.0,-2.361537673738905,0.0,Revert field to value before accepted strategy round 3.
ablate_strategy_active_cumulative_to_base__trend__risk.max_risk_pct,ablation,75.4534806835733,False,61.10830496218498,45.0,6.316885288463199,0.5264376460104578,0.5016298044946584,3.2103641362694413,32.311682588134545,39.0,2.517805223074631,0.3400756236156312,0.42895017916941275,5.117709911242589,-5.546661408622974,0.0,-1.4278163311221306,0.0,Revert active cumulative strategy diff to pre-round baseline (C:\Users\sehyu\Documents\Other\Projects\crypto_trader\config\trend_pre_round1.yaml).
perturb_strategy_active_cumulative__trend__stops.min_stop_atr__1.65,perturbation,75.4437175342635,False,62.648375113097956,45.0,6.266035751520211,0.5065947805300651,0.4877529432588394,4.009932394120044,32.285744540534914,39.0,2.5081778448474945,0.3242115458801696,0.40061924312151753,5.257891873361742,-4.006591257709999,0.0,-1.4537543787217615,0.0,Perturb active cumulative strategy diff versus pre-round baseline.
perturb_strategy_active_cumulative__breakout__symbol_filter.eth_relaxed_body_direction__short_only,perturbation,75.41926601738372,False,57.01382426694688,45.0,4.953076468722271,0.4449125515577083,0.4935313621856596,3.846207393448526,33.739498919256675,39.0,2.5531918767231168,0.3400756236156312,0.42895017916941286,5.4210451348411,-9.641142103861078,0.0,0.0,0.0,Perturb active cumulative strategy diff versus pre-round baseline. aliases=perturb_strategy__breakout__symbol_filter.eth_relaxed_body_direction__short_only
perturb_strategy_active_cumulative__breakout__profile.lookback_bars__37,perturbation,75.41403091813278,False,56.9876487706922,43.0,4.853787996725095,0.5031715293198987,0.5121492072581504,3.8462073934485357,33.739498919256675,39.0,2.5531918767231168,0.3400756236156312,0.42895017916941286,5.4210451348411,-9.667317600115751,-2.0,0.0,0.0,Perturb active cumulative strategy diff versus pre-round baseline.
perturb_strategy_active_cumulative__breakout__balance.dedup_atr_frac__0.385,perturbation,75.31499852485926,False,59.25400971132668,44.0,5.819904328068131,0.47665725979787693,0.4903052680794212,3.846207393448521,32.943079716360835,39.0,2.5220563169964523,0.3349742980323436,0.42712821376618093,5.421045134841056,-7.400956659481274,-1.0,-0.7964192028958408,0.0,Perturb active cumulative strategy diff versus pre-round baseline. aliases=perturb_strategy__breakout__balance.dedup_atr_frac__0.385
targeted_risk_momentum_down_trend_breakout_up,targeted,75.28124466344191,False,61.300782501650076,45.0,6.641537216163311,0.5264376460104578,0.5016298044946584,3.846207393448527,30.996015864612957,39.0,2.7413561399428223,0.3400756236156312,0.4289501791694129,5.218427397303475,-5.354183869157879,0.0,-2.7434830546437183,0.0,Targeted OOS repair probe.
perturb_risk_trend_0.95,perturbation,75.28111918884153,False,60.87024626953696,45.0,6.316458972756691,0.5264376460104578,0.5016298044946584,3.1826730853842764,32.06842283417701,39.0,2.516245283462939,0.3400756236156312,0.42895017916941286,5.104521420812766,-5.784720101270992,0.0,-1.6710760850796689,0.0,
perturb_risk_momentum_0.95,perturbation,75.26805938170385,False,61.849182226437925,45.0,6.573495272086548,0.5264376460104578,0.5016298044946584,3.846207393448526,30.994996395998065,39.0,2.680178393748731,0.3400756236156312,0.42895017916941286,5.172423617602799,-4.80578414437003,0.0,-2.7445025232586104,0.0,
ablate_strategy_to_round1__momentum__exits.mfe_retrace_exit_enabled,ablation,75.23691480237883,True,66.68159481814969,45.0,6.323129646285404,0.5266432340666655,0.49406478550017746,3.846207393448526,31.654883446932768,39.0,2.4726686138858356,0.3174519917300435,0.4105901233499404,5.4210451348411155,0.02662844734173575,0.0,-2.0846154723239074,0.0,"Revert one cumulative accepted strategy field to round 1. aliases=ablate_strategy_to_round1__momentum__exits.mfe_retrace_exit_enabled,perturb_strategy__momentum__exits.mfe_retrace_exit_enabled__False"
perturb_strategy_active_cumulative__trend__trail.trail_activation_bars__2,perturbation,75.22776845090901,True,66.65496637080795,45.0,6.321492107306187,0.5264376460104578,0.5016298044946584,3.846207393448526,31.748987535614287,39.0,2.36184806022065,0.3266432534811429,0.42895017916941286,6.828710692387128,0.0,0.0,-1.9905113836423887,0.0,Perturb active cumulative strategy diff versus pre-round baseline. aliases=perturb_strategy__trend__trail.trail_activation_bars__2
perturb_dd_tiers_tighter,perturbation,75.19359529381893,True,66.65496637080795,45.0,6.321492107306187,0.5264376460104578,0.5016298044946584,3.846207393448526,30.871302810533148,39.0,2.4432913317355016,0.3400756236156312,0.42895017916941286,5.033163009440248,0.0,0.0,-2.8681961087235273,0.0,
ablate_strategy_active_cumulative_to_base__trend__setup.orderly_max_countertrend_volume_ratio,ablation,75.18138317059731,False,61.94988166873661,43.0,6.048808661896544,0.5270559757038716,0.5029660222130358,3.846207393448526,34.858261711216414,37.0,2.6737407803099527,0.3664326497101923,0.42895017916941286,4.647685466035636,-4.705084702071346,-2.0,1.118762791959739,-2.0,Revert active cumulative strategy diff to pre-round baseline (C:\Users\sehyu\Documents\Other\Projects\crypto_trader\config\trend_pre_round1.yaml).
perturb_strategy__momentum__exits.proof_lock_trigger_r__0.36,perturbation,75.14978104432079,False,56.317366043530136,45.0,5.497283561315306,0.44556005079238103,0.4959576841677522,3.846207393448526,33.59053018380143,39.0,2.536751496096097,0.3388073903157475,0.42895017916941286,5.4210451348411,-10.33760032727782,0.0,-0.1489687354552487,0.0,Perturb accepted cumulative strategy field.
perturb_strategy__momentum__risk.risk_pct_b__0.012,perturbation,75.1411560802627,False,61.09059163441341,45.0,6.587419494745696,0.5264376460104578,0.5016298044946584,3.846207393448526,30.904193954603294,39.0,2.7152864125793026,0.3400756236156312,0.4289501791694129,5.133797216750187,-5.564374736394548,0.0,-2.835304964653382,0.0,Perturb accepted cumulative strategy field.
perturb_strategy_active_cumulative__trend__risk.max_risk_pct__0.0192,perturbation,75.07768768513596,False,60.015361365804885,45.0,6.3147547282387455,0.5264376460104578,0.5016298044946584,3.082953545679819,32.0263088863049,39.0,2.510546508951386,0.3400756236156312,0.42895017916941286,5.057042866066644,-6.6396050050030695,0.0,-1.713190032951772,0.0,Perturb active cumulative strategy diff versus pre-round baseline.
perturb_strategy_active_cumulative__trend__risk.risk_pct_b__0.0192,perturbation,75.07768768513596,False,60.015361365804885,45.0,6.3147547282387455,0.5264376460104578,0.5016298044946584,3.082953545679819,32.0263088863049,39.0,2.510546508951386,0.3400756236156312,0.42895017916941286,5.057042866066644,-6.6396050050030695,0.0,-1.713190032951772,0.0,Perturb active cumulative strategy diff versus pre-round baseline. aliases=perturb_strategy__trend__risk.risk_pct_b__0.0192
perturb_strategy_active_cumulative__breakout__balance.dedup_atr_frac__0.42,perturbation,75.02228031739907,False,57.79041867402569,44.0,5.673911147730247,0.46989580395523006,0.4871388343620929,3.846207393448521,32.943079716360835,39.0,2.5220563169964523,0.3349742980323436,0.42712821376618093,5.421045134841056,-8.864547696782267,-1.0,-0.7964192028958408,0.0,Perturb active cumulative strategy diff versus pre-round baseline. aliases=perturb_strategy__breakout__balance.dedup_atr_frac__0.42
ablate_strategy_to_round1__momentum__confirmation.volume_threshold_mult,ablation,74.98507729945045,False,55.05567494953665,44.0,4.738678217714206,0.44639883685831444,0.499843999209908,5.100746408918931,33.70273370139877,39.0,2.5491153927873844,0.3391854415239206,0.4289501791694129,5.4210451348411,-11.599291421271303,-1.0,-0.036765217857904986,0.0,Revert one cumulative accepted strategy field to round 1. aliases=ablate_strategy_to_round1__momentum__confirmation.volume_threshold_mult
perturb_strategy__momentum__confirmation.volume_threshold_mult__0.99,perturbation,74.98507729945045,False,55.05567494953665,44.0,4.738678217714206,0.44639883685831444,0.499843999209908,5.100746408918931,33.70273370139877,39.0,2.5491153927873844,0.3391854415239206,0.4289501791694129,5.4210451348411,-11.599291421271303,-1.0,-0.036765217857904986,0.0,Perturb accepted cumulative strategy field.
perturb_risk_breakout_0.85,perturbation,74.90289944998057,False,61.60640066878999,45.0,6.1264838279100715,0.5264376460104578,0.5016298044946584,3.8462073934485344,31.181086016532554,39.0,2.475354178518261,0.3400756236156312,0.42895017916941286,5.02110120167803,-5.048565702017967,0.0,-2.558412902724122,0.0,
perturb_strategy_active_cumulative__breakout__balance.max_zone_age_bars__38,perturbation,74.88376278548199,True,66.65496637080795,45.0,6.321492107306187,0.5264376460104578,0.5016298044946584,3.846207393448526,29.87550545465329,40.0,2.195494603541295,0.3086122695040422,0.42895017916941286,6.043459329405536,0.0,0.0,-3.8639934646033858,1.0,Perturb active cumulative strategy diff versus pre-round baseline.
ablate_strategy_to_round1__momentum__exits.mfe_retrace_giveback_r,ablation,74.82304943064042,True,65.86372018703466,45.0,6.2726962601877965,0.5203287368872319,0.4975419361106338,3.846207393448526,31.12001859932882,39.0,2.453691097887134,0.31142544084454155,0.40703397138343445,5.421045134841064,-0.7912461837732963,0.0,-2.619480319927856,0.0,Revert one cumulative accepted strategy field to round 1. aliases=ablate_strategy_to_round1__momentum__exits.mfe_retrace_giveback_r
ablate_strategy_to_round1__momentum__confirmation.enforce_volume_on_weak_confirmations,ablation,74.61790745250309,False,53.88502114539955,45.0,4.403634056209143,0.4253474210468509,0.49498004166368714,5.0949985208077875,32.17705424306684,40.0,2.425090753719642,0.31851043714511434,0.42969784812763334,5.421045134841108,-12.769945225408406,0.0,-1.562444676189834,1.0,"Revert one cumulative accepted strategy field to round 1. aliases=ablate_strategy_to_round1__momentum__confirmation.enforce_volume_on_weak_confirmations,perturb_strategy__momentum__confirmation.enforce_volume_on_weak_confirmations__False"
ablate_all_strategy_cumulative_to_round1,ablation,74.59663912873229,True,91.20898030246862,74.0,3.5327492111846706,0.4673437577709181,0.5487476294423218,7.577635996085956,-12.010892211775746,67.0,0.44662880213157913,-0.22450957609127714,0.2985641900932318,14.812362144078126,24.554013931660663,29.0,-45.75039113103242,28.0,Revert every known accepted cumulative strategy mutation to round 1.
perturb_strategy_active_cumulative__trend__setup.orderly_max_countertrend_volume_ratio__0.88,perturbation,74.59588317328804,False,61.94988166873661,43.0,6.048808661896544,0.5270559757038716,0.5029660222130358,3.846207393448526,35.44674795161089,36.0,2.7351374778266746,0.3801806212357511,0.42895017916941286,4.629478176253033,-4.705084702071346,-2.0,1.7072490323542127,-3.0,Perturb active cumulative strategy diff versus pre-round baseline. aliases=perturb_strategy__trend__setup.orderly_max_countertrend_volume_ratio__0.88
perturb_strategy_active_cumulative__trend__stops.min_stop_atr__1.8,perturbation,74.47030138348555,False,60.91698843051575,45.0,6.3165247297634055,0.4978541230573787,0.4693899207309656,3.7554265513753724,31.374555655326052,39.0,2.4849975869374767,0.3172568872225561,0.3799600988511705,5.1682419427680095,-5.737977940292204,0.0,-2.3649432639306234,0.0,Perturb active cumulative strategy diff versus pre-round baseline.
perturb_risk_all_1.05,perturbation,74.3458799763931,False,59.58338201156265,45.0,6.375874668933915,0.5264376460104578,0.5016298044946584,3.5147135998694345,30.534529507810642,39.0,2.5607854346277463,0.34007562361563126,0.42895017916941286,4.980131217010022,-7.071584359245307,0.0,-3.204969411446033,0.0,
ablate_strategy_active_cumulative_to_base__trend__stops.min_stop_atr,ablation,74.33075343031281,False,52.95276146835866,45.0,3.6215230840872668,0.4583860784854351,0.5211609589666005,8.338492755194073,33.48658130876144,39.0,2.478620186533412,0.34003685463084066,0.42426287295753723,5.865707832025674,-13.702204902449296,0.0,-0.2529176104952384,0.0,Revert active cumulative strategy diff to pre-round baseline (C:\Users\sehyu\Documents\Other\Projects\crypto_trader\config\trend_pre_round1.yaml).
baseline_no_portfolio_round2,checkpoint,74.2692088357136,False,62.776650590954965,41.0,10.054469121071724,0.6334573402938951,0.51723962052374,3.34876200582904,24.082036826347235,43.0,2.2459951312124407,0.2534368508936506,0.4348053753654466,7.2557572897794795,-3.87831577985299,-4.0,-9.65746209290944,4.0,
perturb_risk_momentum_0.85,perturbation,74.26408258145757,False,59.48220177209319,45.0,6.714921926046988,0.5264376460104578,0.5016298044946584,3.846207393448526,29.62174528246855,39.0,2.7582008174424435,0.3400756236156312,0.42895017916941275,5.04227782223882,-7.172764598714764,0.0,-4.117753636788127,0.0,
perturb_risk_trend_0.85,perturbation,74.25853583499,False,58.03353607028798,45.0,6.309703600795677,0.5264376460104578,0.5016298044946584,2.8500806560150997,31.234897391010396,39.0,2.497005987253717,0.3400756236156312,0.42895017916941286,4.949315092600575,-8.621430300519975,0.0,-2.5046015282462797,0.0,
ablate_strategy_active_cumulative_to_base__breakout__exits.tp1_frac,ablation,74.14389539640902,True,64.90109621830447,45.0,6.224678254414449,0.5144217901813712,0.502716448931581,3.8462073934485272,29.906601386847175,39.0,2.383206170360065,0.3152323534591829,0.40953843836695486,5.421045134841118,-1.753870152503481,0.0,-3.8328975324095005,0.0,Revert active cumulative strategy diff to pre-round baseline (builtin:crypto_trader.optimize.breakout_round3_pre_round1.build_pre_round1_config).
targeted_pair_mom_sol_disabled_breakout_eth_long,targeted,74.00690745836506,False,58.30853881612711,40.0,6.128137802919865,0.5279133960759488,0.5070085456575867,3.8462073934485357,38.48497775072948,32.0,4.030438852152212,0.46237924386844864,0.4291977724130701,4.150595220685223,-8.346427554680844,-5.0,4.745478831472802,-7.0,Targeted combination after OOS cohort review.
ablate_strategy_active_cumulative_to_base__trend__entry.mode,ablation,73.91880848933415,False,57.422024544389515,47.0,3.701012214961045,0.46162746005767546,0.5016298044946584,5.115357463802441,30.433129106928902,40.0,2.241228595890083,0.3092430616318461,0.42895017916941286,5.4210451348411,-9.23294182641844,2.0,-3.306369812327773,1.0,Revert active cumulative strategy diff to pre-round baseline (C:\Users\sehyu\Documents\Other\Projects\crypto_trader\config\trend_pre_round1.yaml).
perturb_strategy__momentum__exits.mfe_retrace_trigger_r__1.0,perturbation,73.90441943169888,True,66.65496637080795,45.0,6.321492107306187,0.5264376460104578,0.5016298044946584,3.846207393448526,29.923007814677298,39.0,2.417964485339335,0.29761036409342,0.4123881582482354,5.421045134841115,0.0,0.0,-3.8164911045793772,0.0,Perturb accepted cumulative strategy field.
perturb_strategy_active_cumulative__breakout__balance.dedup_atr_frac__0.315,perturbation,73.84276933853936,False,58.94999913609477,44.0,5.784587785399348,0.4765430291891661,0.4922893922810736,3.846207393448526,29.87550545465329,40.0,2.195494603541295,0.3086122695040422,0.42895017916941286,6.043459329405536,-7.7049672347131875,-1.0,-3.8639934646033858,1.0,Perturb active cumulative strategy diff versus pre-round baseline. aliases=perturb_strategy__breakout__balance.dedup_atr_frac__0.315
ablate_strategy_active_cumulative_to_base__breakout__balance.dedup_atr_frac,ablation,73.83641238870742,False,58.918214386935105,44.0,5.782284283584628,0.4763960511624997,0.49221141380261396,3.846207393448526,29.87550545465329,40.0,2.195494603541295,0.3086122695040422,0.42895017916941286,6.043459329405536,-7.73675198387285,-1.0,-3.8639934646033858,1.0,"Revert active cumulative strategy diff to pre-round baseline (builtin:crypto_trader.optimize.breakout_round3_pre_round1.build_pre_round1_config). aliases=ablate_strategy_to_round1__breakout__balance.dedup_atr_frac,ablate_strategy_to_round2__breakout__balance.dedup_atr_frac"
targeted_risk_momentum_down_breakout_up,targeted,73.77158722044707,False,57.318918184146696,45.0,6.722105630466396,0.5264376460104578,0.5016298044946584,3.5147135998694736,29.487967442174124,39.0,2.7617259558054497,0.3400756236156312,0.42895017916941286,4.994220607242229,-9.336048186661259,0.0,-4.251531477082551,0.0,Targeted OOS repair probe.
ablate_strategy_active_cumulative_to_base__breakout__balance.require_volume_contraction,ablation,73.68351228424508,False,57.48614958390247,46.0,4.480273401773849,0.4746136564997911,0.4957267759767309,4.59255619875154,30.02932448224007,40.0,2.217096614027523,0.3093566762472832,0.42885292278739867,5.795457220344384,-9.168816786905488,1.0,-3.7101744370166045,1.0,"Revert active cumulative strategy diff to pre-round baseline (builtin:crypto_trader.optimize.breakout_round3_pre_round1.build_pre_round1_config). aliases=perturb_strategy_active_cumulative__breakout__balance.require_volume_contraction__False,ablate_strategy_to_round1__breakout__balance.require_volume_contraction,ablate_strategy_to_round2__breakout__balance.require_volume_contraction,perturb_strategy__breakout__balance.require_volume_contraction__False"
perturb_strategy_active_cumulative__breakout__balance.dedup_atr_frac__0.28,perturbation,73.60682389752441,False,58.88183977957285,44.0,5.779647819335505,0.47622779170866497,0.49212151759348755,3.846207393448526,29.55039042955429,40.0,2.1844442548123504,0.30652030507608813,0.42799717299940376,6.0434593294055485,-7.773126591235105,-1.0,-4.1891084897023845,1.0,Perturb active cumulative strategy diff versus pre-round baseline. aliases=perturb_strategy__breakout__balance.dedup_atr_frac__0.28
ablate_strategy_active_cumulative_to_base__trend__h1_indicators.ema_fast,ablation,73.57094550937127,False,49.27222172688466,41.0,4.458772652974068,0.4808018761217599,0.4718625892055924,4.131700374794018,33.739498919256675,39.0,2.5531918767231168,0.3400756236156312,0.42895017916941286,5.4210451348411,-17.382744643923296,-4.0,0.0,0.0,Revert active cumulative strategy diff to pre-round baseline (C:\Users\sehyu\Documents\Other\Projects\crypto_trader\config\trend_pre_round1.yaml).
targeted_trend_sol_disabled,targeted,73.5632591244666,False,61.04907869731987,40.0,7.115576970904699,0.5598562293248621,0.48862008864544654,3.846207393448526,34.949387194911566,36.0,2.684348231530218,0.3772803665915554,0.42895017916941286,4.647685466035636,-5.605887673488084,-5.0,1.2098882756548903,-3.0,Targeted OOS repair probe.
ablate_strategy_active_cumulative_to_base__breakout__exits.tp1_r,ablation,73.483153421818,False,64.1177773538664,45.0,6.147062429121469,0.5059656346669565,0.4884498256590355,3.846207393448526,28.918086885700063,39.0,2.361281785940139,0.3088324561375559,0.39984921055751993,5.421045134841088,-2.5371890169415536,0.0,-4.821412033556612,0.0,Revert active cumulative strategy diff to pre-round baseline (builtin:crypto_trader.optimize.breakout_round3_pre_round1.build_pre_round1_config).
ablate_strategy_active_cumulative_to_base__trend__setup.min_weekly_room_r,ablation,73.37976704720457,True,66.65496637080795,45.0,6.321492107306187,0.5264376460104578,0.5016298044946584,3.846207393448526,31.840682211322445,37.0,2.5134948045443455,0.3434686851363699,0.42354491497150487,5.421045134841123,0.0,0.0,-1.8988167079342304,-2.0,"Revert active cumulative strategy diff to pre-round baseline (C:\Users\sehyu\Documents\Other\Projects\crypto_trader\config\trend_pre_round1.yaml). aliases=ablate_strategy_to_round1__trend__setup.min_weekly_room_r,ablate_strategy_to_round1__trend__setup.min_weekly_room_r"
ablate_strategy_to_round2__trend__setup.min_weekly_room_r,ablation,73.37976704720457,True,66.65496637080795,45.0,6.321492107306187,0.5264376460104578,0.5016298044946584,3.846207393448526,31.840682211322445,37.0,2.5134948045443455,0.3434686851363699,0.42354491497150487,5.421045134841123,0.0,0.0,-1.8988167079342304,-2.0,Revert field to value before accepted strategy round 3.
perturb_strategy__momentum__exits.proof_lock_trigger_r__0.32,perturbation,72.99523098955666,False,56.50943493827826,45.0,5.573320628984942,0.44710825090114487,0.4959576841677522,3.846207393448526,30.634089058155904,39.0,2.4875205051623235,0.3045695409255557,0.421408473034136,5.4210451348411,-10.145531432529694,0.0,-3.105409861100771,0.0,Perturb accepted cumulative strategy field.
perturb_strategy_active_cumulative__trend__setup.min_room_r__1.65,perturbation,72.95674193367743,False,60.45354014278518,42.0,6.0018868793131315,0.5303928605736689,0.4992985391554438,3.846207393448526,32.36649380927696,37.0,2.575272394405856,0.3479575269906556,0.42354491497150487,4.62947817625304,-6.201426228022775,-3.0,-1.3730051099797151,-2.0,Perturb active cumulative strategy diff versus pre-round baseline.
perturb_strategy__momentum__trail.trail_activation_bars__4,perturbation,72.92114510080746,False,56.01442570065378,45.0,5.466437581153028,0.4428794600081134,0.4959576841677522,3.846207393448526,30.628534538260883,39.0,2.50834599846741,0.3037941093762804,0.4305376671417212,6.253501937583499,-10.640540670154174,0.0,-3.1109643809957923,0.0,Perturb accepted cumulative strategy field.
checkpoint_portfolio_phase_4,checkpoint,72.8753417825736,False,56.14948313243102,45.0,6.403387656078822,0.5264376460104578,0.5016298044946584,3.34876200582904,28.95179404064895,39.0,2.5645900924215765,0.3400756236156312,0.42895017916941286,4.757702223239214,-10.505483238376932,0.0,-4.787704878607727,0.0,aliases=ablate_portfolio_phase_5
perturb_risk_all_1.00,perturbation,72.8753417825736,False,56.14948313243102,45.0,6.403387656078822,0.5264376460104578,0.5016298044946584,3.34876200582904,28.95179404064895,39.0,2.5645900924215765,0.3400756236156312,0.42895017916941286,4.757702223239214,-10.505483238376932,0.0,-4.787704878607727,0.0,
perturb_strategy__momentum__symbol_filter.sol_direction__disabled,perturbation,72.76093376502408,False,60.775523595460925,41.0,6.26308816870053,0.5279999526522462,0.5086939687094161,3.846207393448526,35.84981864552043,33.0,3.4140948539892078,0.42965129385304757,0.4291977724130701,5.421045134841099,-5.87944277534703,-4.0,2.1103197262637536,-6.0,Perturb accepted cumulative strategy field.
targeted_momentum_sol_disabled,targeted,72.76093376502408,False,60.775523595460925,41.0,6.26308816870053,0.5279999526522462,0.5086939687094161,3.846207393448526,35.84981864552043,33.0,3.4140948539892078,0.42965129385304757,0.4291977724130701,5.421045134841099,-5.87944277534703,-4.0,2.1103197262637536,-6.0,Targeted OOS repair probe.
targeted_trend_eth_short_only,targeted,72.67835109910921,False,60.68957720735605,42.0,6.022735877424368,0.5319489587792096,0.5036792472099838,3.2526442618622573,33.56326065898733,36.0,2.5560846651522247,0.36820162622230435,0.44844745156040583,5.6521456180452105,-5.965389163451903,-3.0,-0.17623826026934353,-3.0,Targeted OOS repair probe.
targeted_oos_weak_sleeve_combo,targeted,72.66458368466591,False,55.04284865375474,40.0,6.37369698115358,0.5279133960759488,0.5070085456575866,3.8462073934485135,35.88404656083416,32.0,4.336078779013694,0.46237924386844875,0.4291977724130701,3.635790829276949,-11.612117717053216,-5.0,2.144547641577482,-7.0,Targeted OOS repair probe.
perturb_strategy_active_cumulative__trend__setup.orderly_max_body_frac__0.72,perturbation,72.61620557874963,False,61.584682022979045,41.0,6.643951239005293,0.5498626093395739,0.49672836496111156,3.1096202137347464,34.59446420315642,35.0,2.690969962396179,0.3889494678858251,0.4700675926372455,5.156942608668761,-5.07028434782891,-4.0,0.8549652838997446,-4.0,Perturb active cumulative strategy diff versus pre-round baseline.
ablate_portfolio_field__portfolio.symbol_collision,ablation,72.56568596269307,True,65.8557377711616,44.0,6.272202628365623,0.5322334907040253,0.5056869412691639,3.846207393448526,31.731608647398623,36.0,2.73745712661743,0.3458315214310499,0.4412287806894159,5.652145618045223,-0.7992285996463551,-1.0,-2.0078902718580522,-3.0,Remove current policy key portfolio.symbol_collision.
ablate_portfolio_phase_4,ablation,72.56568596269307,True,65.8557377711616,44.0,6.272202628365623,0.5322334907040253,0.5056869412691639,3.846207393448526,31.731608647398623,36.0,2.73745712661743,0.3458315214310499,0.4412287806894159,5.652145618045223,-0.7992285996463551,-1.0,-2.0078902718580522,-3.0,Remove accepted keys from one portfolio phase.
perturb_symbol_collision_block,perturbation,72.56568596269307,True,65.8557377711616,44.0,6.272202628365623,0.5322334907040253,0.5056869412691639,3.846207393448526,31.731608647398623,36.0,2.73745712661743,0.3458315214310499,0.4412287806894159,5.652145618045223,-0.7992285996463551,-1.0,-2.0078902718580522,-3.0,
targeted_frequency_preserve_sol_rotation,targeted,72.55201230573915,False,58.46628344935173,40.0,6.045902668083239,0.5125464557508909,0.5016130131264741,3.846207393448527,36.56260042092251,33.0,3.4373626951071503,0.4296512938530475,0.4291977724130701,5.531197330118666,-8.188682921456227,-5.0,2.823101501665832,-6.0,Targeted OOS repair probe.
perturb_strategy_active_cumulative__breakout__profile.lookback_bars__39,perturbation,72.51771996572005,False,62.741350824399014,44.0,5.948331015361043,0.5209450878138503,0.5025880848911525,3.846207393448512,25.51315193924989,41.0,1.9540794339084058,0.2714282354200042,0.42815841579709496,6.664957786107246,-3.9136155464089413,-1.0,-8.226346980006785,2.0,Perturb active cumulative strategy diff versus pre-round baseline.
perturb_strategy__momentum__confirmation.volume_threshold_mult__1.21,perturbation,72.33736784117463,True,66.65496637080795,45.0,6.321492107306187,0.5264376460104578,0.5016298044946584,3.846207393448526,29.334914806069545,38.0,2.396417310153427,0.29872643432405577,0.4210852661131595,5.42104513484112,0.0,0.0,-4.404584113187131,-1.0,Perturb accepted cumulative strategy field.
perturb_strategy__momentum__confirmation.volume_threshold_mult__1.32,perturbation,72.33736784117463,True,66.89286676304147,44.0,6.441550019497724,0.539800987304169,0.5016298044946584,3.846207393448526,29.334914806069545,38.0,2.396417310153427,0.29872643432405577,0.4210852661131595,5.42104513484112,0.237900392233513,-1.0,-4.404584113187131,-1.0,Perturb accepted cumulative strategy field.
targeted_momentum_volume_120,targeted,72.33736784117463,True,66.65496637080795,45.0,6.321492107306187,0.5264376460104578,0.5016298044946584,3.846207393448526,29.334914806069545,38.0,2.396417310153427,0.29872643432405577,0.4210852661131595,5.42104513484112,0.0,0.0,-4.404584113187131,-1.0,Targeted OOS repair probe.
targeted_momentum_volume_130,targeted,72.33736784117463,True,66.89286676304147,44.0,6.441550019497724,0.539800987304169,0.5016298044946584,3.846207393448526,29.334914806069545,38.0,2.396417310153427,0.29872643432405577,0.4210852661131595,5.42104513484112,0.237900392233513,-1.0,-4.404584113187131,-1.0,Targeted OOS repair probe.
perturb_strategy_active_cumulative__breakout__confirmation.model1_min_volume_mult__1.44,perturbation,72.13285952425409,False,64.0977657705991,44.0,6.197079887687594,0.5263234512446924,0.49980759188315865,3.8462073934485357,28.572534090941033,38.0,2.347069484741102,0.31466075718572956,0.41276661861605407,5.421045134841057,-2.5572006002088585,-1.0,-5.166964828315642,-1.0,Perturb active cumulative strategy diff versus pre-round baseline.
targeted_breakout_model1_volume_140,targeted,72.13285952425409,False,64.0977657705991,44.0,6.197079887687594,0.5263234512446924,0.49980759188315865,3.8462073934485357,28.572534090941033,38.0,2.347069484741102,0.31466075718572956,0.41276661861605407,5.421045134841057,-2.5572006002088585,-1.0,-5.166964828315642,-1.0,Targeted OOS repair probe.
ablate_strategy_active_cumulative_to_base__breakout__profile.recalc_interval_bars,ablation,72.13249330820004,True,68.05652390656509,43.0,7.044282078633379,0.5552764098579716,0.5133563785386107,3.846207393448526,28.557964009186747,38.0,2.3456439910401365,0.3145679623070222,0.41276661861605407,5.431763000163997,1.401557535757135,-2.0,-5.181534910069928,-1.0,"Revert active cumulative strategy diff to pre-round baseline (builtin:crypto_trader.optimize.breakout_round3_pre_round1.build_pre_round1_config). aliases=perturb_strategy_active_cumulative__breakout__profile.recalc_interval_bars__2,ablate_strategy_to_round1__breakout__profile.recalc_interval_bars,ablate_strategy_to_round2__breakout__profile.recalc_interval_bars,perturb_strategy__breakout__profile.recalc_interval_bars__2"
perturb_risk_all_0.95,perturbation,71.79289219014481,False,53.21169650975056,45.0,6.4310045196483925,0.5264376460104578,0.5016298044946584,3.1826730853842506,27.874512923706263,39.0,2.5864642377109006,0.34007562361563126,0.42895017916941286,4.6142123615999875,-13.443269861057395,0.0,-5.864985995550413,0.0,
perturb_strategy_active_cumulative__breakout__profile.lookback_bars__40,perturbation,71.68169147462729,False,49.69999866577046,43.0,4.405177738726766,0.45938432378012234,0.5027205811165728,3.8462073934484935,29.316096416493675,40.0,2.2428734673064668,0.30160499293194515,0.4286382471538441,6.664957786107246,-16.954967705037497,-2.0,-4.423402502763,1.0,Perturb active cumulative strategy diff versus pre-round baseline.
perturb_strategy_active_cumulative__trend__setup.min_setup_score_b__1.62,perturbation,71.64279575902854,False,46.97751699915907,40.0,5.183366275178637,0.47636608236391176,0.4702917996387344,3.0478457453458963,33.41271096872617,38.0,2.540443685280532,0.34672459880189893,0.44844745156040594,5.652145618045181,-19.677449371648883,-5.0,-0.3267879505305089,-1.0,Perturb active cumulative strategy diff versus pre-round baseline.
ablate_strategy_to_round1__momentum__symbol_filter.eth_direction,ablation,71.34446313128822,True,65.24551036999982,46.0,5.813043460779392,0.5046027851236726,0.5016298044946584,3.846207393448526,19.05215180755494,44.0,1.6275661493526992,0.19795860715585312,0.42895017916941286,9.0550378016256,-1.4094560008081345,1.0,-14.687347111701737,5.0,"Revert one cumulative accepted strategy field to round 1. aliases=ablate_strategy_to_round2__momentum__symbol_filter.eth_direction,perturb_strategy__momentum__symbol_filter.eth_direction__both"
perturb_strategy_active_cumulative__breakout__profile.recalc_interval_bars__3,perturbation,71.20921282400887,False,60.054034064905245,43.0,6.0274021838385226,0.4855273843739608,0.505184236765862,3.846207393448526,22.345423588681484,42.0,1.8318790677391394,0.26071829752057746,0.43080708389208283,6.628869576951367,-6.60093230590271,-2.0,-11.394075330575191,3.0,Perturb active cumulative strategy diff versus pre-round baseline. aliases=perturb_strategy__breakout__profile.recalc_interval_bars__3
ablate_strategy_to_round1__trend__exits.scratch_floor_r,ablation,71.2066358892605,True,67.94764549225701,45.0,6.804734589775012,0.5325046745233184,0.5016298044946584,3.846207393448526,25.870630267473228,39.0,2.204332769853329,0.2840364008787346,0.4027423509438128,5.750978808945425,1.292679121449055,0.0,-7.868868651783448,0.0,Revert one cumulative accepted strategy field to round 1. aliases=ablate_strategy_to_round1__trend__exits.scratch_floor_r
perturb_symbol_exposure_cap_1.50,perturbation,71.00619115673432,True,65.8557377711616,44.0,6.272202628365623,0.5322334907040253,0.5056869412691639,3.846207393448526,29.018889308119544,37.0,2.3834351583645668,0.3044375658858557,0.4412287806894159,5.652145618045223,-0.7992285996463551,-1.0,-4.720609611137132,-2.0,
ablate_strategy_active_cumulative_to_base__trend__risk.risk_pct_b,ablation,70.82629499378261,False,47.832229021971344,45.0,6.2527173080773775,0.5264376460104578,0.5016298044946584,2.6772423113881447,28.749197805547507,39.0,2.422441167847412,0.3400756236156312,0.42895017916941286,4.7639603113017595,-18.82273734883661,0.0,-4.990301113709169,0.0,Revert active cumulative strategy diff to pre-round baseline (C:\Users\sehyu\Documents\Other\Projects\crypto_trader\config\trend_pre_round1.yaml).
ablate_strategy_to_round2__breakout__symbol_filter.sol_direction,ablation,69.91516631996888,True,66.1807537775255,44.0,6.288886972398493,0.5344265753988925,0.5133563785386107,3.846207393448526,25.51913896687633,38.0,2.1793420811769195,0.29427292634315994,0.413751672023643,5.4210451348411,-0.47421259328245924,-1.0,-8.220359952380345,-1.0,Revert field to value before accepted strategy round 3. aliases=perturb_strategy__breakout__symbol_filter.sol_direction__short_only
ablate_strategy_to_round1__momentum__symbol_filter.btc_direction,ablation,69.84954436811921,True,66.25488450962814,46.0,6.163452757021069,0.5120669857225701,0.5016298044946584,3.846207393448526,21.959308894817994,41.0,1.7406231419181,0.22992464649300082,0.4211703294992916,7.884318300607726,-0.4000818611798138,1.0,-11.780190024438681,2.0,"Revert one cumulative accepted strategy field to round 1. aliases=ablate_strategy_to_round2__momentum__symbol_filter.btc_direction,perturb_strategy__momentum__symbol_filter.btc_direction__both"
perturb_strategy_active_cumulative__trend__symbol_filter.btc_direction__disabled,perturbation,69.75976857883072,False,54.27183364056537,39.0,6.401821587841368,0.5344571561525406,0.4927327050903985,2.7739925723725976,32.117191695040965,36.0,2.521139234301148,0.3464178227086924,0.44424745021615286,5.715721027428213,-12.383132730242586,-6.0,-1.6223072242157102,-3.0,Perturb active cumulative strategy diff versus pre-round baseline.
targeted_trend_btc_disabled,targeted,69.75976857883072,False,54.27183364056537,39.0,6.401821587841368,0.5344571561525406,0.4927327050903985,2.7739925723725976,32.117191695040965,36.0,2.521139234301148,0.3464178227086924,0.44424745021615286,5.715721027428213,-12.383132730242586,-6.0,-1.6223072242157102,-3.0,Targeted OOS repair probe.
perturb_strategy__breakout__symbol_filter.sol_direction__disabled,perturbation,69.71451179044077,False,63.15169372316741,43.0,6.080404974558649,0.5202006857870886,0.5067270908561355,3.846207393448526,25.51913896687633,38.0,2.1793420811769195,0.29427292634315994,0.413751672023643,5.4210451348411,-3.503272647640543,-2.0,-8.220359952380345,-1.0,Perturb accepted cumulative strategy field.
targeted_breakout_sol_disabled,targeted,69.71451179044077,False,63.15169372316741,43.0,6.080404974558649,0.5202006857870886,0.5067270908561355,3.846207393448526,25.51913896687633,38.0,2.1793420811769195,0.29427292634315994,0.413751672023643,5.4210451348411,-3.503272647640543,-2.0,-8.220359952380345,-1.0,Targeted OOS repair probe.
checkpoint_breakout_round_1_others_current,checkpoint,69.55933449607419,False,58.599124281364,47.0,3.919128270736688,0.4455971045906488,0.5298976666954839,4.5629104710476325,26.511486727455775,38.0,2.2510019235272645,0.300708650176698,0.4076095094461613,5.431763000163997,-8.055842089443956,2.0,-7.2280121918009,-1.0,
ablate_strategy_all_to_round1__breakout,ablation,69.55933449607419,False,58.599124281364,47.0,3.919128270736688,0.4455971045906488,0.5298976666954839,4.5629104710476325,26.511486727455775,38.0,2.2510019235272645,0.300708650176698,0.4076095094461613,5.431763000163997,-8.055842089443956,2.0,-7.2280121918009,-1.0,Revert all known accepted cumulative fields for this strategy.
ablate_strategy_round_2__trend,ablation,69.3870853902385,False,62.3260221451578,44.0,6.6385129380148244,0.5329284126967406,0.5030656417178935,3.4649425023429816,26.72070419191374,37.0,2.307402237894116,0.3070954257568566,0.42264809103559714,4.962147356040171,-4.3289442256501545,-1.0,-7.018794727342936,-2.0,Revert all fields introduced or changed by strategy round 2.
perturb_strategy_active_cumulative__trend__symbol_filter.btc_direction__short_only,perturbation,69.08210998572692,False,53.17808757241673,40.0,5.818832825858686,0.5148921398863455,0.49273270509039846,2.7739925723725976,28.779126333757045,38.0,2.1764912194911563,0.30471889664135143,0.4213661133996683,5.715721027428213,-13.476878798391226,-5.0,-4.960372585499631,-1.0,Perturb active cumulative strategy diff versus pre-round baseline.
ablate_strategy_active_cumulative_to_base__trend__regime.h1_regime_enabled,ablation,68.99132647225342,False,35.37412654129538,29.0,6.06784097168619,0.554191883808113,0.4519266199463683,2.6772423113881363,33.739498919256675,39.0,2.5531918767231168,0.3400756236156312,0.42895017916941286,5.4210451348411,-31.280839829512573,-16.0,0.0,0.0,Revert active cumulative strategy diff to pre-round baseline (C:\Users\sehyu\Documents\Other\Projects\crypto_trader\config\trend_pre_round1.yaml). aliases=perturb_strategy_active_cumulative__trend__regime.h1_regime_enabled__False
perturb_risk_all_0.85,perturbation,68.94099409129814,False,46.64909070291708,45.0,6.487110675228204,0.5264376460104578,0.5016298044946584,2.850080656015107,24.75814009051319,39.0,2.59586897726918,0.3400756236156312,0.42895017916941286,4.161714145739183,-20.005875667890876,0.0,-8.981358828743485,0.0,
ablate_strategy_all_to_round1__momentum,ablation,68.83408560511613,False,58.59457832505461,45.0,6.973913603067744,0.5660958178846657,0.5028474184176001,4.078126221326095,7.542506361421634,52.0,1.34255741461499,-0.0839002664263325,0.37804147051174103,5.488578543592178,-8.060388045753342,0.0,-26.196992557835042,13.0,Revert all known accepted cumulative fields for this strategy.
perturb_strategy_active_cumulative__breakout__profile.recalc_interval_bars__5,perturbation,68.68205000172952,False,57.96619152666413,46.0,5.095224934591567,0.4527727627803454,0.5069099634674122,3.8462073934485446,23.670547033977897,40.0,1.9237780543934067,0.23538751915458453,0.41329230497308533,6.043459329405553,-8.688774844143822,1.0,-10.068951885278778,1.0,Perturb active cumulative strategy diff versus pre-round baseline. aliases=perturb_strategy__breakout__profile.recalc_interval_bars__5
checkpoint_portfolio_phase_2,checkpoint,68.60345437732818,False,55.49712414133094,44.0,6.353273743205902,0.5322334907040253,0.5056869412691639,3.34876200582904,27.257756558964317,36.0,2.7405885789912627,0.34583152143104984,0.44122878068941596,4.960182564058979,-11.157842229477012,-1.0,-6.481742360292358,-3.0,aliases=checkpoint_portfolio_phase_3
checkpoint_all_strategies_round_2_plus_portfolio_round2,checkpoint,68.49787903131107,True,126.23527942663758,71.0,4.292860201549883,0.5132574241316,0.5561954928114227,5.708032812137233,-12.790935984309677,62.0,0.47543083987680973,-0.19763970312709508,0.28010448243256575,15.02751272668551,59.58031305582962,26.0,-46.53043490356635,23.0,
ablate_strategy_to_round1__momentum__trail.trail_activation_r,ablation,68.45145303555026,True,66.7645832669529,45.0,6.370966550902702,0.5272188684133187,0.5016298044946584,3.846207393448526,23.133106036220095,39.0,2.114316737393942,0.2170148079251294,0.4063856584850467,4.647685466035636,0.10961689614494219,0.0,-10.60639288303658,0.0,Revert one cumulative accepted strategy field to round 1. aliases=ablate_strategy_to_round1__momentum__trail.trail_activation_r
perturb_strategy__momentum__trail.trail_activation_r__0.28,perturbation,68.45145303555026,True,66.7645832669529,45.0,6.370966550902702,0.5272188684133187,0.5016298044946584,3.846207393448526,23.133106036220095,39.0,2.114316737393942,0.2170148079251294,0.4063856584850467,4.647685466035636,0.10961689614494219,0.0,-10.60639288303658,0.0,Perturb accepted cumulative strategy field.
perturb_strategy__momentum__trail.trail_activation_r__0.315,perturbation,68.45145303555026,True,66.7645832669529,45.0,6.370966550902702,0.5272188684133187,0.5016298044946584,3.846207393448526,23.133106036220095,39.0,2.114316737393942,0.2170148079251294,0.4063856584850467,4.647685466035636,0.10961689614494219,0.0,-10.60639288303658,0.0,Perturb accepted cumulative strategy field.
checkpoint_portfolio_phase_1,checkpoint,68.43716897967083,False,54.66569715304417,44.0,6.235840868090583,0.5242592104744545,0.5151342863543161,3.34876200582904,27.257756558964317,36.0,2.7405885789912627,0.34583152143104984,0.44122878068941596,4.960182564058979,-11.989269217763784,-1.0,-6.481742360292358,-3.0,
ablate_strategy_active_cumulative_to_base__breakout__risk.risk_pct_b,ablation,68.25584096058535,False,49.15518989273923,45.0,5.618305551826932,0.5264376460104578,0.5016298044946584,3.846207393448516,23.868026080277048,39.0,2.2252109954896047,0.3400756236156312,0.42895017916941286,4.54922132962931,-17.499776478068725,0.0,-9.871472838979628,0.0,Revert active cumulative strategy diff to pre-round baseline (builtin:crypto_trader.optimize.breakout_round3_pre_round1.build_pre_round1_config).
checkpoint_all_strategies_round_1_plus_portfolio_round2,checkpoint,68.19840255753277,True,82.59837945527711,71.0,3.2775915807923535,0.4392892193499179,0.5497198333534241,7.577635996085956,-10.31973813545605,61.0,0.4771925947952389,-0.21367297579609362,0.2970410976171798,14.473055379350368,15.943413084469157,26.0,-44.059237054712725,22.0,
targeted_pair_mom_sol_disabled_trend_eth_short,targeted,68.11340976915045,False,55.0205881915518,38.0,5.939069147754501,0.5342147436052179,0.511502878668915,3.2526442618622573,35.6707994635326,30.0,3.42620226057451,0.47236006400479696,0.4510034058643951,5.652145618045239,-11.634378179256153,-7.0,1.9313005442759277,-9.0,Targeted combination after OOS cohort review.
perturb_strategy_active_cumulative__breakout__setup.body_ratio_min__0.78,perturbation,65.67325521859661,False,62.99526252687385,45.0,6.29446986067604,0.5121691068552663,0.49980759188315876,3.8462073934485357,22.589061603623165,36.0,2.1817891528539324,0.2915048266591103,0.395824663264777,4.585318175867145,-3.6597038439341034,0.0,-11.15043731563351,-3.0,Perturb active cumulative strategy diff versus pre-round baseline.
perturb_strategy_active_cumulative__breakout__profile.lookback_bars__36,perturbation,65.52887980238518,False,52.84268760083892,41.0,5.147353618902817,0.5052543789609967,0.5011054720258591,3.846207393448492,16.775657148922228,42.0,1.5180760766345673,0.2315197127027076,0.4287532742126022,7.587724499756314,-13.812278769969033,-4.0,-16.963841770334447,3.0,Perturb active cumulative strategy diff versus pre-round baseline.
checkpoint_breakout_round_2_others_current,checkpoint,65.08124809964617,True,67.39494307617072,45.0,5.550316543210095,0.5170749502682852,0.5352190503887084,3.846207393448551,20.303773766615706,37.0,1.9611809761383998,0.2642777368923065,0.39241799349953566,5.431763000163997,0.7399767053627642,0.0,-13.43572515264097,-2.0,
ablate_strategy_round_3__breakout,ablation,65.08124809964617,True,67.39494307617072,45.0,5.550316543210095,0.5170749502682852,0.5352190503887084,3.846207393448551,20.303773766615706,37.0,1.9611809761383998,0.2642777368923065,0.39241799349953566,5.431763000163997,0.7399767053627642,0.0,-13.43572515264097,-2.0,Revert all fields introduced or changed by strategy round 3.
ablate_strategy_active_cumulative_all_to_base__breakout,ablation,63.26371687325982,False,44.349178377358676,45.0,4.421846817773054,0.3484990165869215,0.4929284589247978,3.8462073934485206,21.737805406655156,38.0,2.1135548464009566,0.2571590042122323,0.39907194325309975,4.585318175867116,-22.30578799344928,0.0,-12.00169351260152,-1.0,Revert all active cumulative strategy diffs to pre-round baseline (builtin:crypto_trader.optimize.breakout_round3_pre_round1.build_pre_round1_config).
perturb_strategy_active_cumulative__trend__setup.min_room_r__1.8,perturbation,62.14230317640383,False,48.37565018269373,37.0,6.091142864896546,0.5248513041944274,0.4722420308499575,3.846207393448526,24.856250524097966,35.0,2.2413079259670314,0.3076347388913133,0.41659241837481553,4.7538213778134955,-18.279316188114223,-8.0,-8.88324839515871,-4.0,Perturb active cumulative strategy diff versus pre-round baseline.
ablate_strategy_active_cumulative_all_to_base__trend,ablation,60.236136406559055,False,34.73672436647475,34.0,4.531409909965821,0.4634095897275424,0.45586008804768063,3.9847988822257707,20.678262678149448,39.0,1.9021329135531175,0.25424375784693,0.4277567372475444,6.164018148542697,-31.9182420043332,-11.0,-13.061236241107228,0.0,Revert all active cumulative strategy diffs to pre-round baseline (C:\Users\sehyu\Documents\Other\Projects\crypto_trader\config\trend_pre_round1.yaml).
ablate_strategy_round_3__momentum,ablation,59.54506662126091,True,72.62323076936137,45.0,8.02869815880761,0.6106697818106881,0.5198387424069614,4.155538282880243,-2.352368706802081,48.0,0.9247609358104496,-0.06268171649771949,0.38645392825651553,7.224401433211019,5.968264398553416,0.0,-36.09186762605876,9.0,Revert all fields introduced or changed by strategy round 3.
perturb_strategy_active_cumulative__trend__setup.pullback_max_bars__5,perturbation,59.01666796557403,False,63.00424181360693,42.0,6.304451305698016,0.5451063932956229,0.5099276573681452,3.846207393448526,23.220922730316598,30.0,2.2065419699382542,0.3262926428877457,0.45721953139296495,5.156942608668794,-3.6507245572010234,-3.0,-10.518576188940077,-9.0,Perturb active cumulative strategy diff versus pre-round baseline. aliases=perturb_strategy__trend__setup.pullback_max_bars__5
ablate_strategy_active_cumulative_to_base__breakout__profile.lookback_bars,ablation,58.886273838362655,False,43.77736045366281,38.0,4.535742185156421,0.4314142534323196,0.5014011108610942,3.846207393448492,17.950935506887518,37.0,1.8687041494567032,0.26382883163525095,0.3931709657611899,6.627270220984303,-22.877605917145146,-7.0,-15.788563412369157,-2.0,Revert active cumulative strategy diff to pre-round baseline (builtin:crypto_trader.optimize.breakout_round3_pre_round1.build_pre_round1_config).
perturb_strategy__momentum__symbol_filter.eth_direction__disabled,perturbation,58.65065548232739,False,53.796336049926964,37.0,6.148370620042556,0.515600498872631,0.5066484889831152,3.846207393448526,20.325665770247987,35.0,1.983670827504415,0.20790038924281998,0.42146031814520857,5.556765477124637,-12.858630320880991,-8.0,-13.413833149008688,-4.0,Perturb accepted cumulative strategy field.
perturb_strategy__momentum__symbol_filter.btc_direction__disabled,perturbation,58.166412513477276,False,59.75087226769602,38.0,8.067153638833075,0.5589241386769701,0.5472179719444364,3.846207393448526,23.942223127585237,30.0,2.5168162700627543,0.29402706834341874,0.4239623403043044,4.647685466035661,-6.904094103111937,-7.0,-9.797275791671439,-9.0,Perturb accepted cumulative strategy field.
ablate_strategy_to_round2__momentum__setup.min_room_b,ablation,57.594867885539415,True,68.43249697363059,43.0,6.929330619533808,0.5648840970350244,0.5059086141893503,3.846207393448526,20.301592923228267,31.0,2.2918157191554456,0.22835777697857726,0.39423495592436175,4.647685466035686,1.7775306028226368,-2.0,-13.437905996028409,-8.0,Revert field to value before accepted strategy round 3.
ablate_strategy_to_round1__momentum__setup.min_room_b,ablation,57.29486788553942,False,66.1846910200435,41.0,6.504539308822235,0.5737234165003362,0.5229126099432102,3.846207393448526,20.301592923228267,31.0,2.2918157191554456,0.22835777697857726,0.39423495592436175,4.647685466035686,-0.47027535076445304,-4.0,-13.437905996028409,-8.0,Revert one cumulative accepted strategy field to round 1. aliases=ablate_strategy_to_round1__momentum__setup.min_room_b
checkpoint_momentum_round_1_others_current,checkpoint,56.016524348539065,False,51.01826422341552,42.0,6.10546179293792,0.525724007228719,0.5008877048766612,3.846207393448526,10.00634444283732,41.0,1.57207690384996,-0.03352562506116834,0.37221897591820513,4.472823722276571,-15.636702147392434,-3.0,-23.733154476419358,2.0,
perturb_strategy_active_cumulative__trend__setup.pullback_max_bars__4,perturbation,55.595138488598614,False,54.00298088158685,38.0,6.674549101467081,0.5480557814440384,0.494132702450141,4.079518864973,23.24593152400681,29.0,2.2089149848144913,0.33804110304502494,0.4572195313929651,5.15694260866877,-12.651985489221104,-7.0,-10.493567395249865,-10.0,Perturb active cumulative strategy diff versus pre-round baseline. aliases=perturb_strategy__trend__setup.pullback_max_bars__4
perturb_strategy__momentum__symbol_filter.eth_direction__short_only,perturbation,55.464843980674445,False,52.495629725546756,38.0,5.565976274105063,0.4894540132501496,0.5066484889831152,3.846207393448526,9.243282158717992,40.0,1.3496929362808532,0.06809357543366559,0.42146031814520857,9.33587184123968,-14.159336645261199,-7.0,-24.496216760538683,1.0,Perturb accepted cumulative strategy field.
perturb_strategy__momentum__bias.h4_ema_slope_lookback__1,perturbation,55.01789865098757,False,37.4113022058435,30.0,4.917835953322544,0.4243877260163576,0.5444738125644261,3.846207393448526,28.357005889329766,26.0,4.0720419521826505,0.4163358130527927,0.41549214537543466,4.371544757266609,-29.243664164964457,-15.0,-5.382493029926909,-13.0,Perturb accepted cumulative strategy field.
ablate_strategy_round_2__momentum,ablation,54.47459273906492,False,47.289642031707075,42.0,5.73485602617484,0.46003406075021175,0.5030071203348272,3.846207393448526,17.22177075435112,33.0,2.590652469631587,0.16419262724701977,0.37477160585324854,4.472823722276571,-19.36532433910088,-3.0,-16.517728164905556,-6.0,Revert all fields introduced or changed by strategy round 2.
targeted_pair_disable_mom_sol_plus_no_inside,targeted,52.00205280169904,False,50.729390780949615,32.0,7.3206620230436705,0.5608961402566521,0.5559997026701622,3.846207393448526,21.879040941664147,27.0,3.168821529369744,0.29500024389439683,0.4774975931341901,5.587298353722275,-15.92557558985834,-13.0,-11.860457977592528,-12.0,Targeted combination after OOS cohort review.
checkpoint_momentum_round_2_others_current,checkpoint,51.455195129800266,False,63.44782963019318,43.0,7.12102841238813,0.5648840970350244,0.5059086141893503,3.846207393448526,3.825429891707259,38.0,1.1538171812104319,-0.006873712797293126,0.38386182303086686,7.44851303932173,-3.2071367406147715,-2.0,-29.914069027549417,-1.0,
perturb_strategy__momentum__symbol_filter.btc_direction__short_only,perturbation,51.13911896379693,False,59.36736478697844,39.0,7.7705961786164375,0.541141142115192,0.5472179719444364,3.846207393448526,13.46792333785705,32.0,1.5793713333310992,0.15577416360956184,0.41358920741080946,7.675812492414649,-7.287601583829513,-6.0,-20.271575581399624,-7.0,Perturb accepted cumulative strategy field.
ablate_all_strategy_active_cumulative_to_base,ablation,46.902052747153974,False,16.703005513455153,34.0,2.679431440231813,0.22790258019639129,0.43136564058114524,4.9097426554278965,8.719238457651285,38.0,1.4197971986949898,0.16906840513382826,0.399325414598209,7.333986035467856,-49.9519608573528,-11.0,-25.02026046160539,-1.0,Revert every active cumulative strategy diff to each strategy's pre-round baseline.
targeted_momentum_disable_inside_bar,targeted,46.02713867005352,False,48.6375414525852,34.0,5.659120073082316,0.5049188665629509,0.5419071439265928,4.928590602237981,16.8462638198472,27.0,2.2604521757213223,0.2103659662406569,0.43327752332314007,5.7724131311244165,-18.01742491822276,-11.0,-16.893235099409477,-12.0,Targeted OOS repair probe.
