timestamp,equity
2026-02-25T08:00:00+00:00,10000.00
2026-02-25T08:15:00+00:00,10000.00
2026-02-25T08:15:00+00:00,10000.00
2026-02-25T08:15:00+00:00,10000.00
2026-02-25T08:30:00+00:00,10000.00
2026-02-25T08:30:00+00:00,10000.00
2026-02-25T08:30:00+00:00,10000.00
2026-02-25T08:45:00+00:00,10000.00
2026-02-25T08:45:00+00:00,10000.00
2026-02-25T08:45:00+00:00,10000.00
2026-02-25T09:00:00+00:00,10000.00
2026-02-25T09:00:00+00:00,10000.00
2026-02-25T09:00:00+00:00,10000.00
2026-02-25T09:15:00+00:00,10000.00
2026-02-25T09:15:00+00:00,10000.00
2026-02-25T09:15:00+00:00,10000.00
2026-02-25T09:30:00+00:00,10000.00
2026-02-25T09:30:00+00:00,10000.00
2026-02-25T09:30:00+00:00,10000.00
2026-02-25T09:45:00+00:00,10000.00
2026-02-25T09:45:00+00:00,10000.00
2026-02-25T09:45:00+00:00,10000.00
2026-02-25T10:00:00+00:00,10000.00
2026-02-25T10:00:00+00:00,10000.00
2026-02-25T10:00:00+00:00,10000.00
2026-02-25T10:15:00+00:00,10000.00
2026-02-25T10:15:00+00:00,10000.00
2026-02-25T10:15:00+00:00,10000.00
2026-02-25T10:30:00+00:00,10000.00
2026-02-25T10:30:00+00:00,10000.00
2026-02-25T10:30:00+00:00,10000.00
2026-02-25T10:45:00+00:00,10000.00
2026-02-25T10:45:00+00:00,10000.00
2026-02-25T10:45:00+00:00,10000.00
2026-02-25T11:00:00+00:00,10000.00
2026-02-25T11:00:00+00:00,10000.00
2026-02-25T11:00:00+00:00,10000.00
2026-02-25T11:15:00+00:00,10000.00
2026-02-25T11:15:00+00:00,10000.00
2026-02-25T11:15:00+00:00,10000.00
2026-02-25T11:30:00+00:00,10000.00
2026-02-25T11:30:00+00:00,10000.00
2026-02-25T11:30:00+00:00,10000.00
2026-02-25T11:45:00+00:00,10000.00
2026-02-25T11:45:00+00:00,10000.00
2026-02-25T11:45:00+00:00,10000.00
2026-02-25T12:00:00+00:00,10000.00
2026-02-25T12:00:00+00:00,10000.00
2026-02-25T12:00:00+00:00,10000.00
2026-02-25T12:15:00+00:00,10000.00
2026-02-25T12:15:00+00:00,10000.00
2026-02-25T12:15:00+00:00,10000.00
2026-02-25T12:30:00+00:00,10000.00
2026-02-25T12:30:00+00:00,10000.00
2026-02-25T12:30:00+00:00,10000.00
2026-02-25T12:45:00+00:00,10000.00
2026-02-25T12:45:00+00:00,10000.00
2026-02-25T12:45:00+00:00,10000.00
2026-02-25T13:00:00+00:00,10000.00
2026-02-25T13:00:00+00:00,10000.00
2026-02-25T13:00:00+00:00,10000.00
2026-02-25T13:15:00+00:00,10000.00
2026-02-25T13:15:00+00:00,10000.00
2026-02-25T13:15:00+00:00,10000.00
2026-02-25T13:30:00+00:00,10000.00
2026-02-25T13:30:00+00:00,10000.00
2026-02-25T13:30:00+00:00,10000.00
2026-02-25T13:45:00+00:00,10000.00
2026-02-25T13:45:00+00:00,10000.00
2026-02-25T13:45:00+00:00,10000.00
2026-02-25T14:00:00+00:00,10000.00
2026-02-25T14:00:00+00:00,10000.00
2026-02-25T14:00:00+00:00,10000.00
2026-02-25T14:15:00+00:00,10000.00
2026-02-25T14:15:00+00:00,10000.00
2026-02-25T14:15:00+00:00,10000.00
2026-02-25T14:30:00+00:00,10000.00
2026-02-25T14:30:00+00:00,10000.00
2026-02-25T14:30:00+00:00,10000.00
2026-02-25T14:45:00+00:00,10000.00
2026-02-25T14:45:00+00:00,10000.00
2026-02-25T14:45:00+00:00,10000.00
2026-02-25T15:00:00+00:00,10000.00
2026-02-25T15:00:00+00:00,10000.00
2026-02-25T15:00:00+00:00,10000.00
2026-02-25T15:15:00+00:00,10000.00
2026-02-25T15:15:00+00:00,10000.00
2026-02-25T15:15:00+00:00,10000.00
2026-02-25T15:30:00+00:00,10000.00
2026-02-25T15:30:00+00:00,10000.00
2026-02-25T15:30:00+00:00,10000.00
2026-02-25T15:45:00+00:00,10000.00
2026-02-25T15:45:00+00:00,10000.00
2026-02-25T15:45:00+00:00,10000.00
2026-02-25T16:00:00+00:00,10000.00
2026-02-25T16:00:00+00:00,10000.00
2026-02-25T16:00:00+00:00,10000.00
2026-02-25T16:15:00+00:00,10000.00
2026-02-25T16:15:00+00:00,10000.00
2026-02-25T16:15:00+00:00,10000.00
2026-02-25T16:30:00+00:00,10000.00
2026-02-25T16:30:00+00:00,10000.00
2026-02-25T16:30:00+00:00,10000.00
2026-02-25T16:45:00+00:00,10000.00
2026-02-25T16:45:00+00:00,10000.00
2026-02-25T16:45:00+00:00,10000.00
2026-02-25T17:00:00+00:00,10000.00
2026-02-25T17:00:00+00:00,10000.00
2026-02-25T17:00:00+00:00,10000.00
2026-02-25T17:15:00+00:00,10000.00
2026-02-25T17:15:00+00:00,10000.00
2026-02-25T17:15:00+00:00,10000.00
2026-02-25T17:30:00+00:00,10000.00
2026-02-25T17:30:00+00:00,10000.00
2026-02-25T17:30:00+00:00,10000.00
2026-02-25T17:45:00+00:00,10000.00
2026-02-25T17:45:00+00:00,10000.00
2026-02-25T17:45:00+00:00,10000.00
2026-02-25T18:00:00+00:00,10000.00
2026-02-25T18:00:00+00:00,10000.00
2026-02-25T18:00:00+00:00,10000.00
2026-02-25T18:15:00+00:00,10000.00
2026-02-25T18:15:00+00:00,10000.00
2026-02-25T18:15:00+00:00,10000.00
2026-02-25T18:30:00+00:00,10000.00
2026-02-25T18:30:00+00:00,10000.00
2026-02-25T18:30:00+00:00,10000.00
2026-02-25T18:45:00+00:00,10000.00
2026-02-25T18:45:00+00:00,10000.00
2026-02-25T18:45:00+00:00,10000.00
2026-02-25T19:00:00+00:00,10000.00
2026-02-25T19:00:00+00:00,10000.00
2026-02-25T19:00:00+00:00,10000.00
2026-02-25T19:15:00+00:00,10000.00
2026-02-25T19:15:00+00:00,10000.00
2026-02-25T19:15:00+00:00,10000.00
2026-02-25T19:30:00+00:00,10000.00
2026-02-25T19:30:00+00:00,10000.00
2026-02-25T19:30:00+00:00,10000.00
2026-02-25T19:45:00+00:00,10000.00
2026-02-25T19:45:00+00:00,10000.00
2026-02-25T19:45:00+00:00,10000.00
2026-02-25T20:00:00+00:00,10000.00
2026-02-25T20:00:00+00:00,10000.00
2026-02-25T20:00:00+00:00,10000.00
2026-02-25T20:15:00+00:00,10000.00
2026-02-25T20:15:00+00:00,10000.00
2026-02-25T20:15:00+00:00,10000.00
2026-02-25T20:30:00+00:00,10000.00
2026-02-25T20:30:00+00:00,10000.00
2026-02-25T20:30:00+00:00,10000.00
2026-02-25T20:45:00+00:00,10000.00
2026-02-25T20:45:00+00:00,10000.00
2026-02-25T20:45:00+00:00,10000.00
2026-02-25T21:00:00+00:00,10000.00
2026-02-25T21:00:00+00:00,10000.00
2026-02-25T21:00:00+00:00,10000.00
2026-02-25T21:15:00+00:00,10000.00
2026-02-25T21:15:00+00:00,10000.00
2026-02-25T21:15:00+00:00,10000.00
2026-02-25T21:30:00+00:00,10000.00
2026-02-25T21:30:00+00:00,10000.00
2026-02-25T21:30:00+00:00,10000.00
2026-02-25T21:45:00+00:00,10000.00
2026-02-25T21:45:00+00:00,10000.00
2026-02-25T21:45:00+00:00,10000.00
2026-02-25T22:00:00+00:00,10000.00
2026-02-25T22:00:00+00:00,10000.00
2026-02-25T22:00:00+00:00,10000.00
2026-02-25T22:15:00+00:00,10000.00
2026-02-25T22:15:00+00:00,10000.00
2026-02-25T22:15:00+00:00,10000.00
2026-02-25T22:30:00+00:00,10000.00
2026-02-25T22:30:00+00:00,10000.00
2026-02-25T22:30:00+00:00,10000.00
2026-02-25T22:45:00+00:00,10000.00
2026-02-25T22:45:00+00:00,10000.00
2026-02-25T22:45:00+00:00,10000.00
2026-02-25T23:00:00+00:00,10000.00
2026-02-25T23:00:00+00:00,10000.00
2026-02-25T23:00:00+00:00,10000.00
2026-02-25T23:15:00+00:00,10000.00
2026-02-25T23:15:00+00:00,10000.00
2026-02-25T23:15:00+00:00,10000.00
2026-02-25T23:30:00+00:00,10000.00
2026-02-25T23:30:00+00:00,10000.00
2026-02-25T23:30:00+00:00,10000.00
2026-02-25T23:45:00+00:00,10000.00
2026-02-25T23:45:00+00:00,10000.00
2026-02-25T23:45:00+00:00,10000.00
2026-02-26T00:00:00+00:00,10000.00
2026-02-26T00:00:00+00:00,10000.00
2026-02-26T00:00:00+00:00,10000.00
2026-02-26T00:15:00+00:00,10000.00
2026-02-26T00:15:00+00:00,10000.00
2026-02-26T00:15:00+00:00,10000.00
2026-02-26T00:30:00+00:00,10000.00
2026-02-26T00:30:00+00:00,10000.00
2026-02-26T00:30:00+00:00,10000.00
2026-02-26T00:45:00+00:00,10000.00
2026-02-26T00:45:00+00:00,10000.00
2026-02-26T00:45:00+00:00,10000.00
2026-02-26T01:00:00+00:00,10000.00
2026-02-26T01:00:00+00:00,10000.00
2026-02-26T01:00:00+00:00,10000.00
2026-02-26T01:15:00+00:00,10000.00
2026-02-26T01:15:00+00:00,10000.00
2026-02-26T01:15:00+00:00,10000.00
2026-02-26T01:30:00+00:00,10000.00
2026-02-26T01:30:00+00:00,10000.00
2026-02-26T01:30:00+00:00,10000.00
2026-02-26T01:45:00+00:00,10000.00
2026-02-26T01:45:00+00:00,10000.00
2026-02-26T01:45:00+00:00,10000.00
2026-02-26T02:00:00+00:00,10000.00
2026-02-26T02:00:00+00:00,10000.00
2026-02-26T02:00:00+00:00,10000.00
2026-02-26T02:15:00+00:00,10000.00
2026-02-26T02:15:00+00:00,10000.00
2026-02-26T02:15:00+00:00,10000.00
2026-02-26T02:30:00+00:00,10000.00
2026-02-26T02:30:00+00:00,10000.00
2026-02-26T02:30:00+00:00,10000.00
2026-02-26T02:45:00+00:00,10000.00
2026-02-26T02:45:00+00:00,10000.00
2026-02-26T02:45:00+00:00,10000.00
2026-02-26T03:00:00+00:00,10000.00
2026-02-26T03:00:00+00:00,10000.00
2026-02-26T03:00:00+00:00,10000.00
2026-02-26T03:15:00+00:00,10000.00
2026-02-26T03:15:00+00:00,10000.00
2026-02-26T03:15:00+00:00,10000.00
2026-02-26T03:30:00+00:00,10000.00
2026-02-26T03:30:00+00:00,10000.00
2026-02-26T03:30:00+00:00,10000.00
2026-02-26T03:45:00+00:00,10000.00
2026-02-26T03:45:00+00:00,10000.00
2026-02-26T03:45:00+00:00,10000.00
2026-02-26T04:00:00+00:00,10000.00
2026-02-26T04:00:00+00:00,10000.00
2026-02-26T04:00:00+00:00,10000.00
2026-02-26T04:15:00+00:00,10000.00
2026-02-26T04:15:00+00:00,10000.00
2026-02-26T04:15:00+00:00,10000.00
2026-02-26T04:30:00+00:00,10000.00
2026-02-26T04:30:00+00:00,10000.00
2026-02-26T04:30:00+00:00,10000.00
2026-02-26T04:45:00+00:00,10000.00
2026-02-26T04:45:00+00:00,10000.00
2026-02-26T04:45:00+00:00,10000.00
2026-02-26T05:00:00+00:00,10000.00
2026-02-26T05:00:00+00:00,10000.00
2026-02-26T05:00:00+00:00,10000.00
2026-02-26T05:15:00+00:00,10000.00
2026-02-26T05:15:00+00:00,10000.00
2026-02-26T05:15:00+00:00,10000.00
2026-02-26T05:30:00+00:00,10000.00
2026-02-26T05:30:00+00:00,10000.00
2026-02-26T05:30:00+00:00,10000.00
2026-02-26T05:45:00+00:00,10000.00
2026-02-26T05:45:00+00:00,10000.00
2026-02-26T05:45:00+00:00,10000.00
2026-02-26T06:00:00+00:00,10000.00
2026-02-26T06:00:00+00:00,10000.00
2026-02-26T06:00:00+00:00,10000.00
2026-02-26T06:15:00+00:00,10000.00
2026-02-26T06:15:00+00:00,10000.00
2026-02-26T06:15:00+00:00,10000.00
2026-02-26T06:30:00+00:00,10000.00
2026-02-26T06:30:00+00:00,10000.00
2026-02-26T06:30:00+00:00,10000.00
2026-02-26T06:45:00+00:00,10000.00
2026-02-26T06:45:00+00:00,10000.00
2026-02-26T06:45:00+00:00,10000.00
2026-02-26T07:00:00+00:00,10000.00
2026-02-26T07:00:00+00:00,10000.00
2026-02-26T07:00:00+00:00,10000.00
2026-02-26T07:15:00+00:00,10000.00
2026-02-26T07:15:00+00:00,10000.00
2026-02-26T07:15:00+00:00,10000.00
2026-02-26T07:30:00+00:00,10000.00
2026-02-26T07:30:00+00:00,10000.00
2026-02-26T07:30:00+00:00,10000.00
2026-02-26T07:45:00+00:00,10000.00
2026-02-26T07:45:00+00:00,10000.00
2026-02-26T07:45:00+00:00,10000.00
2026-02-26T08:00:00+00:00,10000.00
2026-02-26T08:00:00+00:00,10000.00
2026-02-26T08:00:00+00:00,10000.00
2026-02-26T08:15:00+00:00,10000.00
2026-02-26T08:15:00+00:00,10000.00
2026-02-26T08:15:00+00:00,10000.00
2026-02-26T08:30:00+00:00,10000.00
2026-02-26T08:30:00+00:00,10000.00
2026-02-26T08:30:00+00:00,10000.00
2026-02-26T08:45:00+00:00,10000.00
2026-02-26T08:45:00+00:00,10000.00
2026-02-26T08:45:00+00:00,10000.00
2026-02-26T09:00:00+00:00,10000.00
2026-02-26T09:00:00+00:00,10000.00
2026-02-26T09:00:00+00:00,10000.00
2026-02-26T09:15:00+00:00,10000.00
2026-02-26T09:15:00+00:00,10000.00
2026-02-26T09:15:00+00:00,10000.00
2026-02-26T09:30:00+00:00,10000.00
2026-02-26T09:30:00+00:00,10000.00
2026-02-26T09:30:00+00:00,10000.00
2026-02-26T09:45:00+00:00,10000.00
2026-02-26T09:45:00+00:00,10000.00
2026-02-26T09:45:00+00:00,10000.00
2026-02-26T10:00:00+00:00,10000.00
2026-02-26T10:00:00+00:00,10000.00
2026-02-26T10:00:00+00:00,10000.00
2026-02-26T10:15:00+00:00,10000.00
2026-02-26T10:15:00+00:00,10000.00
2026-02-26T10:15:00+00:00,10000.00
2026-02-26T10:30:00+00:00,10000.00
2026-02-26T10:30:00+00:00,10000.00
2026-02-26T10:30:00+00:00,10000.00
2026-02-26T10:45:00+00:00,10000.00
2026-02-26T10:45:00+00:00,10000.00
2026-02-26T10:45:00+00:00,10000.00
2026-02-26T11:00:00+00:00,10000.00
2026-02-26T11:00:00+00:00,10000.00
2026-02-26T11:00:00+00:00,10000.00
2026-02-26T11:15:00+00:00,10000.00
2026-02-26T11:15:00+00:00,10000.00
2026-02-26T11:15:00+00:00,10000.00
2026-02-26T11:30:00+00:00,10000.00
2026-02-26T11:30:00+00:00,10000.00
2026-02-26T11:30:00+00:00,10000.00
2026-02-26T11:45:00+00:00,10000.00
2026-02-26T11:45:00+00:00,10000.00
2026-02-26T11:45:00+00:00,10000.00
2026-02-26T12:00:00+00:00,10000.00
2026-02-26T12:00:00+00:00,10000.00
2026-02-26T12:00:00+00:00,10000.00
2026-02-26T12:15:00+00:00,10000.00
2026-02-26T12:15:00+00:00,10000.00
2026-02-26T12:15:00+00:00,10000.00
2026-02-26T12:30:00+00:00,10000.00
2026-02-26T12:30:00+00:00,10000.00
2026-02-26T12:30:00+00:00,10000.00
2026-02-26T12:45:00+00:00,10000.00
2026-02-26T12:45:00+00:00,10000.00
2026-02-26T12:45:00+00:00,10000.00
2026-02-26T13:00:00+00:00,10000.00
2026-02-26T13:00:00+00:00,10000.00
2026-02-26T13:00:00+00:00,10000.00
2026-02-26T13:15:00+00:00,10000.00
2026-02-26T13:15:00+00:00,10000.00
2026-02-26T13:15:00+00:00,10000.00
2026-02-26T13:30:00+00:00,10000.00
2026-02-26T13:30:00+00:00,10000.00
2026-02-26T13:30:00+00:00,10000.00
2026-02-26T13:45:00+00:00,10000.00
2026-02-26T13:45:00+00:00,10000.00
2026-02-26T13:45:00+00:00,10000.00
2026-02-26T14:00:00+00:00,10000.00
2026-02-26T14:00:00+00:00,10000.00
2026-02-26T14:00:00+00:00,10000.00
2026-02-26T14:15:00+00:00,10000.00
2026-02-26T14:15:00+00:00,10000.00
2026-02-26T14:15:00+00:00,10000.00
2026-02-26T14:30:00+00:00,10000.00
2026-02-26T14:30:00+00:00,10000.00
2026-02-26T14:30:00+00:00,10000.00
2026-02-26T14:45:00+00:00,10000.00
2026-02-26T14:45:00+00:00,10000.00
2026-02-26T14:45:00+00:00,10000.00
2026-02-26T15:00:00+00:00,10000.00
2026-02-26T15:00:00+00:00,10000.00
2026-02-26T15:00:00+00:00,10000.00
2026-02-26T15:15:00+00:00,10000.00
2026-02-26T15:15:00+00:00,10000.00
2026-02-26T15:15:00+00:00,10000.00
2026-02-26T15:30:00+00:00,10000.00
2026-02-26T15:30:00+00:00,10000.00
2026-02-26T15:30:00+00:00,10000.00
2026-02-26T15:45:00+00:00,10000.00
2026-02-26T15:45:00+00:00,10000.00
2026-02-26T15:45:00+00:00,10000.00
2026-02-26T16:00:00+00:00,10000.00
2026-02-26T16:00:00+00:00,10000.00
2026-02-26T16:00:00+00:00,10000.00
2026-02-26T16:15:00+00:00,10000.00
2026-02-26T16:15:00+00:00,10000.00
2026-02-26T16:15:00+00:00,10000.00
2026-02-26T16:30:00+00:00,10000.00
2026-02-26T16:30:00+00:00,10000.00
2026-02-26T16:30:00+00:00,10000.00
2026-02-26T16:45:00+00:00,10000.00
2026-02-26T16:45:00+00:00,10000.00
2026-02-26T16:45:00+00:00,10000.00
2026-02-26T17:00:00+00:00,10000.00
2026-02-26T17:00:00+00:00,10000.00
2026-02-26T17:00:00+00:00,10000.00
2026-02-26T17:15:00+00:00,10000.00
2026-02-26T17:15:00+00:00,10000.00
2026-02-26T17:15:00+00:00,10000.00
2026-02-26T17:30:00+00:00,10000.00
2026-02-26T17:30:00+00:00,10000.00
2026-02-26T17:30:00+00:00,10000.00
2026-02-26T17:45:00+00:00,10000.00
2026-02-26T17:45:00+00:00,10000.00
2026-02-26T17:45:00+00:00,10000.00
2026-02-26T18:00:00+00:00,10000.00
2026-02-26T18:00:00+00:00,10000.00
2026-02-26T18:00:00+00:00,10000.00
2026-02-26T18:15:00+00:00,10000.00
2026-02-26T18:15:00+00:00,10000.00
2026-02-26T18:15:00+00:00,10000.00
2026-02-26T18:30:00+00:00,10000.00
2026-02-26T18:30:00+00:00,10000.00
2026-02-26T18:30:00+00:00,10000.00
2026-02-26T18:45:00+00:00,10000.00
2026-02-26T18:45:00+00:00,10000.00
2026-02-26T18:45:00+00:00,10000.00
2026-02-26T19:00:00+00:00,10000.00
2026-02-26T19:00:00+00:00,10000.00
2026-02-26T19:00:00+00:00,10000.00
2026-02-26T19:15:00+00:00,10000.00
2026-02-26T19:15:00+00:00,10000.00
2026-02-26T19:15:00+00:00,10000.00
2026-02-26T19:30:00+00:00,10000.00
2026-02-26T19:30:00+00:00,10000.00
2026-02-26T19:30:00+00:00,10000.00
2026-02-26T19:45:00+00:00,10000.00
2026-02-26T19:45:00+00:00,10000.00
2026-02-26T19:45:00+00:00,10000.00
2026-02-26T20:00:00+00:00,10000.00
2026-02-26T20:00:00+00:00,10000.00
2026-02-26T20:00:00+00:00,10000.00
2026-02-26T20:15:00+00:00,10000.00
2026-02-26T20:15:00+00:00,10000.00
2026-02-26T20:15:00+00:00,10000.00
2026-02-26T20:30:00+00:00,10000.00
2026-02-26T20:30:00+00:00,10000.00
2026-02-26T20:30:00+00:00,10000.00
2026-02-26T20:45:00+00:00,10000.00
2026-02-26T20:45:00+00:00,10000.00
2026-02-26T20:45:00+00:00,10000.00
2026-02-26T21:00:00+00:00,10000.00
2026-02-26T21:00:00+00:00,10000.00
2026-02-26T21:00:00+00:00,10000.00
2026-02-26T21:15:00+00:00,10000.00
2026-02-26T21:15:00+00:00,10000.00
2026-02-26T21:15:00+00:00,10000.00
2026-02-26T21:30:00+00:00,10000.00
2026-02-26T21:30:00+00:00,10000.00
2026-02-26T21:30:00+00:00,10000.00
2026-02-26T21:45:00+00:00,10000.00
2026-02-26T21:45:00+00:00,10000.00
2026-02-26T21:45:00+00:00,10000.00
2026-02-26T22:00:00+00:00,10000.00
2026-02-26T22:00:00+00:00,10000.00
2026-02-26T22:00:00+00:00,10000.00
2026-02-26T22:15:00+00:00,10000.00
2026-02-26T22:15:00+00:00,10000.00
2026-02-26T22:15:00+00:00,10000.00
2026-02-26T22:30:00+00:00,10000.00
2026-02-26T22:30:00+00:00,10000.00
2026-02-26T22:30:00+00:00,10000.00
2026-02-26T22:45:00+00:00,10000.00
2026-02-26T22:45:00+00:00,10000.00
2026-02-26T22:45:00+00:00,10000.00
2026-02-26T23:00:00+00:00,10000.00
2026-02-26T23:00:00+00:00,10000.00
2026-02-26T23:00:00+00:00,10000.00
2026-02-26T23:15:00+00:00,10000.00
2026-02-26T23:15:00+00:00,10000.00
2026-02-26T23:15:00+00:00,10000.00
2026-02-26T23:30:00+00:00,10000.00
2026-02-26T23:30:00+00:00,10000.00
2026-02-26T23:30:00+00:00,10000.00
2026-02-26T23:45:00+00:00,10000.00
2026-02-26T23:45:00+00:00,10000.00
2026-02-26T23:45:00+00:00,10000.00
2026-02-27T00:00:00+00:00,10000.00
2026-02-27T00:00:00+00:00,10000.00
2026-02-27T00:00:00+00:00,10000.00
2026-02-27T00:15:00+00:00,10000.00
2026-02-27T00:15:00+00:00,10000.00
2026-02-27T00:15:00+00:00,10000.00
2026-02-27T00:30:00+00:00,10000.00
2026-02-27T00:30:00+00:00,10000.00
2026-02-27T00:30:00+00:00,10000.00
2026-02-27T00:45:00+00:00,10000.00
2026-02-27T00:45:00+00:00,10000.00
2026-02-27T00:45:00+00:00,10000.00
2026-02-27T01:00:00+00:00,10000.00
2026-02-27T01:00:00+00:00,10000.00
2026-02-27T01:00:00+00:00,10000.00
2026-02-27T01:15:00+00:00,10000.00
2026-02-27T01:15:00+00:00,10000.00
2026-02-27T01:15:00+00:00,10000.00
2026-02-27T01:30:00+00:00,10000.00
2026-02-27T01:30:00+00:00,10000.00
2026-02-27T01:30:00+00:00,10000.00
2026-02-27T01:45:00+00:00,10000.00
2026-02-27T01:45:00+00:00,10000.00
2026-02-27T01:45:00+00:00,10000.00
2026-02-27T02:00:00+00:00,10000.00
2026-02-27T02:00:00+00:00,10000.00
2026-02-27T02:00:00+00:00,10000.00
2026-02-27T02:15:00+00:00,10000.00
2026-02-27T02:15:00+00:00,10000.00
2026-02-27T02:15:00+00:00,10000.00
2026-02-27T02:30:00+00:00,10000.00
2026-02-27T02:30:00+00:00,10000.00
2026-02-27T02:30:00+00:00,10000.00
2026-02-27T02:45:00+00:00,10000.00
2026-02-27T02:45:00+00:00,10000.00
2026-02-27T02:45:00+00:00,10000.00
2026-02-27T03:00:00+00:00,10000.00
2026-02-27T03:00:00+00:00,10000.00
2026-02-27T03:00:00+00:00,10000.00
2026-02-27T03:15:00+00:00,10000.00
2026-02-27T03:15:00+00:00,10000.00
2026-02-27T03:15:00+00:00,10000.00
2026-02-27T03:30:00+00:00,10000.00
2026-02-27T03:30:00+00:00,10000.00
2026-02-27T03:30:00+00:00,10000.00
2026-02-27T03:45:00+00:00,10000.00
2026-02-27T03:45:00+00:00,10000.00
2026-02-27T03:45:00+00:00,10000.00
2026-02-27T04:00:00+00:00,10000.00
2026-02-27T04:00:00+00:00,10000.00
2026-02-27T04:00:00+00:00,10000.00
2026-02-27T04:15:00+00:00,10000.00
2026-02-27T04:15:00+00:00,10000.00
2026-02-27T04:15:00+00:00,10000.00
2026-02-27T04:30:00+00:00,10000.00
2026-02-27T04:30:00+00:00,10000.00
2026-02-27T04:30:00+00:00,10000.00
2026-02-27T04:45:00+00:00,10000.00
2026-02-27T04:45:00+00:00,10000.00
2026-02-27T04:45:00+00:00,10000.00
2026-02-27T05:00:00+00:00,10000.00
2026-02-27T05:00:00+00:00,10000.00
2026-02-27T05:00:00+00:00,10000.00
2026-02-27T05:15:00+00:00,10000.00
2026-02-27T05:15:00+00:00,10000.00
2026-02-27T05:15:00+00:00,10000.00
2026-02-27T05:30:00+00:00,10000.00
2026-02-27T05:30:00+00:00,10000.00
2026-02-27T05:30:00+00:00,10000.00
2026-02-27T05:45:00+00:00,10000.00
2026-02-27T05:45:00+00:00,10000.00
2026-02-27T05:45:00+00:00,10000.00
2026-02-27T06:00:00+00:00,10000.00
2026-02-27T06:00:00+00:00,10000.00
2026-02-27T06:00:00+00:00,10000.00
2026-02-27T06:15:00+00:00,10000.00
2026-02-27T06:15:00+00:00,10000.00
2026-02-27T06:15:00+00:00,10000.00
2026-02-27T06:30:00+00:00,10000.00
2026-02-27T06:30:00+00:00,10000.00
2026-02-27T06:30:00+00:00,10000.00
2026-02-27T06:45:00+00:00,10000.00
2026-02-27T06:45:00+00:00,10000.00
2026-02-27T06:45:00+00:00,10000.00
2026-02-27T07:00:00+00:00,10000.00
2026-02-27T07:00:00+00:00,10000.00
2026-02-27T07:00:00+00:00,10000.00
2026-02-27T07:15:00+00:00,10000.00
2026-02-27T07:15:00+00:00,10000.00
2026-02-27T07:15:00+00:00,10000.00
2026-02-27T07:30:00+00:00,10000.00
2026-02-27T07:30:00+00:00,10000.00
2026-02-27T07:30:00+00:00,10000.00
2026-02-27T07:45:00+00:00,10000.00
2026-02-27T07:45:00+00:00,10000.00
2026-02-27T07:45:00+00:00,10000.00
2026-02-27T08:00:00+00:00,10000.00
2026-02-27T08:00:00+00:00,10000.00
2026-02-27T08:00:00+00:00,10000.00
2026-02-27T08:15:00+00:00,10000.00
2026-02-27T08:15:00+00:00,10000.00
2026-02-27T08:15:00+00:00,10000.00
2026-02-27T08:30:00+00:00,10000.00
2026-02-27T08:30:00+00:00,10000.00
2026-02-27T08:30:00+00:00,10000.00
2026-02-27T08:45:00+00:00,10000.00
2026-02-27T08:45:00+00:00,10000.00
2026-02-27T08:45:00+00:00,10000.00
2026-02-27T09:00:00+00:00,10000.00
2026-02-27T09:00:00+00:00,10000.00
2026-02-27T09:00:00+00:00,10000.00
2026-02-27T09:15:00+00:00,10000.00
2026-02-27T09:15:00+00:00,10000.00
2026-02-27T09:15:00+00:00,10000.00
2026-02-27T09:30:00+00:00,10000.00
2026-02-27T09:30:00+00:00,10000.00
2026-02-27T09:30:00+00:00,10000.00
2026-02-27T09:45:00+00:00,10000.00
2026-02-27T09:45:00+00:00,10000.00
2026-02-27T09:45:00+00:00,10000.00
2026-02-27T10:00:00+00:00,10000.00
2026-02-27T10:00:00+00:00,10000.00
2026-02-27T10:00:00+00:00,10000.00
2026-02-27T10:15:00+00:00,10000.00
2026-02-27T10:15:00+00:00,10000.00
2026-02-27T10:15:00+00:00,10000.00
2026-02-27T10:30:00+00:00,10000.00
2026-02-27T10:30:00+00:00,10000.00
2026-02-27T10:30:00+00:00,10000.00
2026-02-27T10:45:00+00:00,10000.00
2026-02-27T10:45:00+00:00,10000.00
2026-02-27T10:45:00+00:00,10000.00
2026-02-27T11:00:00+00:00,10000.00
2026-02-27T11:00:00+00:00,10000.00
2026-02-27T11:00:00+00:00,10000.00
2026-02-27T11:15:00+00:00,10000.00
2026-02-27T11:15:00+00:00,10000.00
2026-02-27T11:15:00+00:00,10000.00
2026-02-27T11:30:00+00:00,10000.00
2026-02-27T11:30:00+00:00,10000.00
2026-02-27T11:30:00+00:00,10000.00
2026-02-27T11:45:00+00:00,10000.00
2026-02-27T11:45:00+00:00,10000.00
2026-02-27T11:45:00+00:00,10000.00
2026-02-27T12:00:00+00:00,10000.00
2026-02-27T12:00:00+00:00,10000.00
2026-02-27T12:00:00+00:00,10000.00
2026-02-27T12:15:00+00:00,10000.00
2026-02-27T12:15:00+00:00,10000.00
2026-02-27T12:15:00+00:00,10000.00
2026-02-27T12:30:00+00:00,10000.00
2026-02-27T12:30:00+00:00,10000.00
2026-02-27T12:30:00+00:00,10000.00
2026-02-27T12:45:00+00:00,10000.00
2026-02-27T12:45:00+00:00,10000.00
2026-02-27T12:45:00+00:00,10000.00
2026-02-27T13:00:00+00:00,10000.00
2026-02-27T13:00:00+00:00,10000.00
2026-02-27T13:00:00+00:00,10000.00
2026-02-27T13:15:00+00:00,10000.00
2026-02-27T13:15:00+00:00,10000.00
2026-02-27T13:15:00+00:00,10000.00
2026-02-27T13:30:00+00:00,10000.00
2026-02-27T13:30:00+00:00,10000.00
2026-02-27T13:30:00+00:00,10000.00
2026-02-27T13:45:00+00:00,10000.00
2026-02-27T13:45:00+00:00,10000.00
2026-02-27T13:45:00+00:00,10000.00
2026-02-27T14:00:00+00:00,10000.00
2026-02-27T14:00:00+00:00,10000.00
2026-02-27T14:00:00+00:00,10000.00
2026-02-27T14:15:00+00:00,10000.00
2026-02-27T14:15:00+00:00,10000.00
2026-02-27T14:15:00+00:00,10000.00
2026-02-27T14:30:00+00:00,10000.00
2026-02-27T14:30:00+00:00,10000.00
2026-02-27T14:30:00+00:00,10000.00
2026-02-27T14:45:00+00:00,10000.00
2026-02-27T14:45:00+00:00,10000.00
2026-02-27T14:45:00+00:00,10000.00
2026-02-27T15:00:00+00:00,10000.00
2026-02-27T15:00:00+00:00,10000.00
2026-02-27T15:00:00+00:00,10000.00
2026-02-27T15:15:00+00:00,10000.00
2026-02-27T15:15:00+00:00,10000.00
2026-02-27T15:15:00+00:00,10000.00
2026-02-27T15:30:00+00:00,10000.00
2026-02-27T15:30:00+00:00,10000.00
2026-02-27T15:30:00+00:00,10000.00
2026-02-27T15:45:00+00:00,10000.00
2026-02-27T15:45:00+00:00,10000.00
2026-02-27T15:45:00+00:00,10000.00
2026-02-27T16:00:00+00:00,10000.00
2026-02-27T16:00:00+00:00,10000.00
2026-02-27T16:00:00+00:00,10000.00
2026-02-27T16:15:00+00:00,10000.00
2026-02-27T16:15:00+00:00,10000.00
2026-02-27T16:15:00+00:00,10000.00
2026-02-27T16:30:00+00:00,10000.00
2026-02-27T16:30:00+00:00,10000.00
2026-02-27T16:30:00+00:00,10000.00
2026-02-27T16:45:00+00:00,10000.00
2026-02-27T16:45:00+00:00,10000.00
2026-02-27T16:45:00+00:00,10000.00
2026-02-27T17:00:00+00:00,10000.00
2026-02-27T17:00:00+00:00,10000.00
2026-02-27T17:00:00+00:00,10000.00
2026-02-27T17:15:00+00:00,10000.00
2026-02-27T17:15:00+00:00,10000.00
2026-02-27T17:15:00+00:00,10000.00
2026-02-27T17:30:00+00:00,10000.00
2026-02-27T17:30:00+00:00,10000.00
2026-02-27T17:30:00+00:00,10000.00
2026-02-27T17:45:00+00:00,10000.00
2026-02-27T17:45:00+00:00,10000.00
2026-02-27T17:45:00+00:00,10000.00
2026-02-27T18:00:00+00:00,10000.00
2026-02-27T18:00:00+00:00,10000.00
2026-02-27T18:00:00+00:00,10000.00
2026-02-27T18:15:00+00:00,10000.00
2026-02-27T18:15:00+00:00,10000.00
2026-02-27T18:15:00+00:00,10000.00
2026-02-27T18:30:00+00:00,10000.00
2026-02-27T18:30:00+00:00,10000.00
2026-02-27T18:30:00+00:00,10000.00
2026-02-27T18:45:00+00:00,10000.00
2026-02-27T18:45:00+00:00,10000.00
2026-02-27T18:45:00+00:00,10000.00
2026-02-27T19:00:00+00:00,10000.00
2026-02-27T19:00:00+00:00,10000.00
2026-02-27T19:00:00+00:00,10000.00
2026-02-27T19:15:00+00:00,10000.00
2026-02-27T19:15:00+00:00,10000.00
2026-02-27T19:15:00+00:00,10000.00
2026-02-27T19:30:00+00:00,10000.00
2026-02-27T19:30:00+00:00,10000.00
2026-02-27T19:30:00+00:00,10000.00
2026-02-27T19:45:00+00:00,10000.00
2026-02-27T19:45:00+00:00,10000.00
2026-02-27T19:45:00+00:00,10000.00
2026-02-27T20:00:00+00:00,10000.00
2026-02-27T20:00:00+00:00,10000.00
2026-02-27T20:00:00+00:00,10000.00
2026-02-27T20:15:00+00:00,10000.00
2026-02-27T20:15:00+00:00,10000.00
2026-02-27T20:15:00+00:00,10000.00
2026-02-27T20:30:00+00:00,10000.00
2026-02-27T20:30:00+00:00,10000.00
2026-02-27T20:30:00+00:00,10000.00
2026-02-27T20:45:00+00:00,10000.00
2026-02-27T20:45:00+00:00,10000.00
2026-02-27T20:45:00+00:00,10000.00
2026-02-27T21:00:00+00:00,10000.00
2026-02-27T21:00:00+00:00,10000.00
2026-02-27T21:00:00+00:00,10000.00
2026-02-27T21:15:00+00:00,10000.00
2026-02-27T21:15:00+00:00,10000.00
2026-02-27T21:15:00+00:00,10000.00
2026-02-27T21:30:00+00:00,10000.00
2026-02-27T21:30:00+00:00,10000.00
2026-02-27T21:30:00+00:00,10000.00
2026-02-27T21:45:00+00:00,10000.00
2026-02-27T21:45:00+00:00,10000.00
2026-02-27T21:45:00+00:00,10000.00
2026-02-27T22:00:00+00:00,10000.00
2026-02-27T22:00:00+00:00,10000.00
2026-02-27T22:00:00+00:00,10000.00
2026-02-27T22:15:00+00:00,10000.00
2026-02-27T22:15:00+00:00,10000.00
2026-02-27T22:15:00+00:00,10000.00
2026-02-27T22:30:00+00:00,10000.00
2026-02-27T22:30:00+00:00,10000.00
2026-02-27T22:30:00+00:00,10000.00
2026-02-27T22:45:00+00:00,10000.00
2026-02-27T22:45:00+00:00,10000.00
2026-02-27T22:45:00+00:00,10000.00
2026-02-27T23:00:00+00:00,10000.00
2026-02-27T23:00:00+00:00,10000.00
2026-02-27T23:00:00+00:00,10000.00
2026-02-27T23:15:00+00:00,10000.00
2026-02-27T23:15:00+00:00,10000.00
2026-02-27T23:15:00+00:00,10000.00
2026-02-27T23:30:00+00:00,10000.00
2026-02-27T23:30:00+00:00,10000.00
2026-02-27T23:30:00+00:00,10000.00
2026-02-27T23:45:00+00:00,10000.00
2026-02-27T23:45:00+00:00,10000.00
2026-02-27T23:45:00+00:00,10000.00
2026-02-28T00:00:00+00:00,10000.00
2026-02-28T00:00:00+00:00,10000.00
2026-02-28T00:00:00+00:00,10000.00
2026-02-28T00:15:00+00:00,10000.00
2026-02-28T00:15:00+00:00,10000.00
2026-02-28T00:15:00+00:00,10000.00
2026-02-28T00:30:00+00:00,10000.00
2026-02-28T00:30:00+00:00,10000.00
2026-02-28T00:30:00+00:00,10000.00
2026-02-28T00:45:00+00:00,10000.00
2026-02-28T00:45:00+00:00,10000.00
2026-02-28T00:45:00+00:00,10000.00
2026-02-28T01:00:00+00:00,10000.00
2026-02-28T01:00:00+00:00,10000.00
2026-02-28T01:00:00+00:00,10000.00
2026-02-28T01:15:00+00:00,10000.00
2026-02-28T01:15:00+00:00,10000.00
2026-02-28T01:15:00+00:00,10000.00
2026-02-28T01:30:00+00:00,10000.00
2026-02-28T01:30:00+00:00,10000.00
2026-02-28T01:30:00+00:00,10000.00
2026-02-28T01:45:00+00:00,10000.00
2026-02-28T01:45:00+00:00,10000.00
2026-02-28T01:45:00+00:00,10000.00
2026-02-28T02:00:00+00:00,10000.00
2026-02-28T02:00:00+00:00,10000.00
2026-02-28T02:00:00+00:00,10000.00
2026-02-28T02:15:00+00:00,10000.00
2026-02-28T02:15:00+00:00,10000.00
2026-02-28T02:15:00+00:00,10000.00
2026-02-28T02:30:00+00:00,10000.00
2026-02-28T02:30:00+00:00,10000.00
2026-02-28T02:30:00+00:00,10000.00
2026-02-28T02:45:00+00:00,10000.00
2026-02-28T02:45:00+00:00,10000.00
2026-02-28T02:45:00+00:00,10000.00
2026-02-28T03:00:00+00:00,10000.00
2026-02-28T03:00:00+00:00,10000.00
2026-02-28T03:00:00+00:00,10000.00
2026-02-28T03:15:00+00:00,10000.00
2026-02-28T03:15:00+00:00,10000.00
2026-02-28T03:15:00+00:00,10000.00
2026-02-28T03:30:00+00:00,10000.00
2026-02-28T03:30:00+00:00,10000.00
2026-02-28T03:30:00+00:00,10000.00
2026-02-28T03:45:00+00:00,10000.00
2026-02-28T03:45:00+00:00,10000.00
2026-02-28T03:45:00+00:00,10000.00
2026-02-28T04:00:00+00:00,10000.00
2026-02-28T04:00:00+00:00,10000.00
2026-02-28T04:00:00+00:00,10000.00
2026-02-28T04:15:00+00:00,10000.00
2026-02-28T04:15:00+00:00,10000.00
2026-02-28T04:15:00+00:00,10000.00
2026-02-28T04:30:00+00:00,10000.00
2026-02-28T04:30:00+00:00,10000.00
2026-02-28T04:30:00+00:00,10000.00
2026-02-28T04:45:00+00:00,10000.00
2026-02-28T04:45:00+00:00,10000.00
2026-02-28T04:45:00+00:00,10000.00
2026-02-28T05:00:00+00:00,10000.00
2026-02-28T05:00:00+00:00,10000.00
2026-02-28T05:00:00+00:00,10000.00
2026-02-28T05:15:00+00:00,10000.00
2026-02-28T05:15:00+00:00,10000.00
2026-02-28T05:15:00+00:00,10000.00
2026-02-28T05:30:00+00:00,10000.00
2026-02-28T05:30:00+00:00,10000.00
2026-02-28T05:30:00+00:00,10000.00
2026-02-28T05:45:00+00:00,10000.00
2026-02-28T05:45:00+00:00,10000.00
2026-02-28T05:45:00+00:00,10000.00
2026-02-28T06:00:00+00:00,10000.00
2026-02-28T06:00:00+00:00,10000.00
2026-02-28T06:00:00+00:00,10000.00
2026-02-28T06:15:00+00:00,10000.00
2026-02-28T06:15:00+00:00,10000.00
2026-02-28T06:15:00+00:00,10000.00
2026-02-28T06:30:00+00:00,10000.00
2026-02-28T06:30:00+00:00,10000.00
2026-02-28T06:30:00+00:00,10000.00
2026-02-28T06:45:00+00:00,10000.00
2026-02-28T06:45:00+00:00,10000.00
2026-02-28T06:45:00+00:00,10000.00
2026-02-28T07:00:00+00:00,10000.00
2026-02-28T07:00:00+00:00,10000.00
2026-02-28T07:00:00+00:00,10000.00
2026-02-28T07:15:00+00:00,10000.00
2026-02-28T07:15:00+00:00,10000.00
2026-02-28T07:15:00+00:00,10000.00
2026-02-28T07:30:00+00:00,10000.00
2026-02-28T07:30:00+00:00,10000.00
2026-02-28T07:30:00+00:00,10000.00
2026-02-28T07:45:00+00:00,10000.00
2026-02-28T07:45:00+00:00,10000.00
2026-02-28T07:45:00+00:00,10000.00
2026-02-28T08:00:00+00:00,10000.00
2026-02-28T08:00:00+00:00,10000.00
2026-02-28T08:00:00+00:00,10000.00
2026-02-28T08:15:00+00:00,10000.00
2026-02-28T08:15:00+00:00,10000.00
2026-02-28T08:15:00+00:00,10000.00
2026-02-28T08:30:00+00:00,10000.00
2026-02-28T08:30:00+00:00,10000.00
2026-02-28T08:30:00+00:00,10000.00
2026-02-28T08:45:00+00:00,10000.00
2026-02-28T08:45:00+00:00,10000.00
2026-02-28T08:45:00+00:00,10000.00
2026-02-28T09:00:00+00:00,10000.00
2026-02-28T09:00:00+00:00,10000.00
2026-02-28T09:00:00+00:00,10000.00
2026-02-28T09:15:00+00:00,10000.00
2026-02-28T09:15:00+00:00,10000.00
2026-02-28T09:15:00+00:00,10000.00
2026-02-28T09:30:00+00:00,10000.00
2026-02-28T09:30:00+00:00,10000.00
2026-02-28T09:30:00+00:00,10000.00
2026-02-28T09:45:00+00:00,10000.00
2026-02-28T09:45:00+00:00,10000.00
2026-02-28T09:45:00+00:00,10000.00
2026-02-28T10:00:00+00:00,10000.00
2026-02-28T10:00:00+00:00,10000.00
2026-02-28T10:00:00+00:00,10000.00
2026-02-28T10:15:00+00:00,10000.00
2026-02-28T10:15:00+00:00,10000.00
2026-02-28T10:15:00+00:00,10000.00
2026-02-28T10:30:00+00:00,10000.00
2026-02-28T10:30:00+00:00,10000.00
2026-02-28T10:30:00+00:00,10000.00
2026-02-28T10:45:00+00:00,10000.00
2026-02-28T10:45:00+00:00,10000.00
2026-02-28T10:45:00+00:00,10000.00
2026-02-28T11:00:00+00:00,10000.00
2026-02-28T11:00:00+00:00,10000.00
2026-02-28T11:00:00+00:00,10000.00
2026-02-28T11:15:00+00:00,10000.00
2026-02-28T11:15:00+00:00,10000.00
2026-02-28T11:15:00+00:00,10000.00
2026-02-28T11:30:00+00:00,10000.00
2026-02-28T11:30:00+00:00,10000.00
2026-02-28T11:30:00+00:00,10000.00
2026-02-28T11:45:00+00:00,10000.00
2026-02-28T11:45:00+00:00,10000.00
2026-02-28T11:45:00+00:00,10000.00
2026-02-28T12:00:00+00:00,10000.00
2026-02-28T12:00:00+00:00,10000.00
2026-02-28T12:00:00+00:00,10000.00
2026-02-28T12:15:00+00:00,10000.00
2026-02-28T12:15:00+00:00,10000.00
2026-02-28T12:15:00+00:00,10000.00
2026-02-28T12:30:00+00:00,10000.00
2026-02-28T12:30:00+00:00,10000.00
2026-02-28T12:30:00+00:00,10000.00
2026-02-28T12:45:00+00:00,10000.00
2026-02-28T12:45:00+00:00,10000.00
2026-02-28T12:45:00+00:00,10000.00
2026-02-28T13:00:00+00:00,10000.00
2026-02-28T13:00:00+00:00,10000.00
2026-02-28T13:00:00+00:00,10000.00
2026-02-28T13:15:00+00:00,10000.00
2026-02-28T13:15:00+00:00,10000.00
2026-02-28T13:15:00+00:00,10000.00
2026-02-28T13:30:00+00:00,10000.00
2026-02-28T13:30:00+00:00,10000.00
2026-02-28T13:30:00+00:00,10000.00
2026-02-28T13:45:00+00:00,10000.00
2026-02-28T13:45:00+00:00,10000.00
2026-02-28T13:45:00+00:00,10000.00
2026-02-28T14:00:00+00:00,10000.00
2026-02-28T14:00:00+00:00,10000.00
2026-02-28T14:00:00+00:00,10000.00
2026-02-28T14:15:00+00:00,10000.00
2026-02-28T14:15:00+00:00,10000.00
2026-02-28T14:15:00+00:00,10000.00
2026-02-28T14:30:00+00:00,10000.00
2026-02-28T14:30:00+00:00,10000.00
2026-02-28T14:30:00+00:00,10000.00
2026-02-28T14:45:00+00:00,10000.00
2026-02-28T14:45:00+00:00,10000.00
2026-02-28T14:45:00+00:00,10000.00
2026-02-28T15:00:00+00:00,10000.00
2026-02-28T15:00:00+00:00,10000.00
2026-02-28T15:00:00+00:00,10000.00
2026-02-28T15:15:00+00:00,10000.00
2026-02-28T15:15:00+00:00,10000.00
2026-02-28T15:15:00+00:00,10000.00
2026-02-28T15:30:00+00:00,10000.00
2026-02-28T15:30:00+00:00,10000.00
2026-02-28T15:30:00+00:00,10000.00
2026-02-28T15:45:00+00:00,10000.00
2026-02-28T15:45:00+00:00,10000.00
2026-02-28T15:45:00+00:00,10000.00
2026-02-28T16:00:00+00:00,10000.00
2026-02-28T16:00:00+00:00,10000.00
2026-02-28T16:00:00+00:00,10000.00
2026-02-28T16:15:00+00:00,10000.00
2026-02-28T16:15:00+00:00,10000.00
2026-02-28T16:15:00+00:00,10000.00
2026-02-28T16:30:00+00:00,10000.00
2026-02-28T16:30:00+00:00,10000.00
2026-02-28T16:30:00+00:00,10000.00
2026-02-28T16:45:00+00:00,10000.00
2026-02-28T16:45:00+00:00,10000.00
2026-02-28T16:45:00+00:00,10000.00
2026-02-28T17:00:00+00:00,10000.00
2026-02-28T17:00:00+00:00,10000.00
2026-02-28T17:00:00+00:00,10000.00
2026-02-28T17:15:00+00:00,10000.00
2026-02-28T17:15:00+00:00,10000.00
2026-02-28T17:15:00+00:00,10000.00
2026-02-28T17:30:00+00:00,10000.00
2026-02-28T17:30:00+00:00,10000.00
2026-02-28T17:30:00+00:00,10000.00
2026-02-28T17:45:00+00:00,10000.00
2026-02-28T17:45:00+00:00,10000.00
2026-02-28T17:45:00+00:00,10000.00
2026-02-28T18:00:00+00:00,10000.00
2026-02-28T18:00:00+00:00,10000.00
2026-02-28T18:00:00+00:00,10000.00
2026-02-28T18:15:00+00:00,10000.00
2026-02-28T18:15:00+00:00,10000.00
2026-02-28T18:15:00+00:00,10000.00
2026-02-28T18:30:00+00:00,10000.00
2026-02-28T18:30:00+00:00,10000.00
2026-02-28T18:30:00+00:00,10000.00
2026-02-28T18:45:00+00:00,10000.00
2026-02-28T18:45:00+00:00,10000.00
2026-02-28T18:45:00+00:00,10000.00
2026-02-28T19:00:00+00:00,10000.00
2026-02-28T19:00:00+00:00,10000.00
2026-02-28T19:00:00+00:00,10000.00
2026-02-28T19:15:00+00:00,10000.00
2026-02-28T19:15:00+00:00,10000.00
2026-02-28T19:15:00+00:00,10000.00
2026-02-28T19:30:00+00:00,10000.00
2026-02-28T19:30:00+00:00,10000.00
2026-02-28T19:30:00+00:00,10000.00
2026-02-28T19:45:00+00:00,10000.00
2026-02-28T19:45:00+00:00,10000.00
2026-02-28T19:45:00+00:00,10000.00
2026-02-28T20:00:00+00:00,10000.00
2026-02-28T20:00:00+00:00,10000.00
2026-02-28T20:00:00+00:00,10000.00
2026-02-28T20:15:00+00:00,10000.00
2026-02-28T20:15:00+00:00,10000.00
2026-02-28T20:15:00+00:00,10000.00
2026-02-28T20:30:00+00:00,10000.00
2026-02-28T20:30:00+00:00,10000.00
2026-02-28T20:30:00+00:00,10000.00
2026-02-28T20:45:00+00:00,10000.00
2026-02-28T20:45:00+00:00,10000.00
2026-02-28T20:45:00+00:00,10000.00
2026-02-28T21:00:00+00:00,10000.00
2026-02-28T21:00:00+00:00,10000.00
2026-02-28T21:00:00+00:00,10000.00
2026-02-28T21:15:00+00:00,10000.00
2026-02-28T21:15:00+00:00,10000.00
2026-02-28T21:15:00+00:00,10000.00
2026-02-28T21:30:00+00:00,10000.00
2026-02-28T21:30:00+00:00,10000.00
2026-02-28T21:30:00+00:00,10000.00
2026-02-28T21:45:00+00:00,10000.00
2026-02-28T21:45:00+00:00,10000.00
2026-02-28T21:45:00+00:00,10000.00
2026-02-28T22:00:00+00:00,10000.00
2026-02-28T22:00:00+00:00,10000.00
2026-02-28T22:00:00+00:00,10000.00
2026-02-28T22:15:00+00:00,10000.00
2026-02-28T22:15:00+00:00,10000.00
2026-02-28T22:15:00+00:00,10000.00
2026-02-28T22:30:00+00:00,10000.00
2026-02-28T22:30:00+00:00,10000.00
2026-02-28T22:30:00+00:00,10000.00
2026-02-28T22:45:00+00:00,10000.00
2026-02-28T22:45:00+00:00,10000.00
2026-02-28T22:45:00+00:00,10000.00
2026-02-28T23:00:00+00:00,10000.00
2026-02-28T23:00:00+00:00,10000.00
2026-02-28T23:00:00+00:00,10000.00
2026-02-28T23:15:00+00:00,10000.00
2026-02-28T23:15:00+00:00,10000.00
2026-02-28T23:15:00+00:00,10000.00
2026-02-28T23:30:00+00:00,10000.00
2026-02-28T23:30:00+00:00,10000.00
2026-02-28T23:30:00+00:00,10000.00
2026-02-28T23:45:00+00:00,10000.00
2026-02-28T23:45:00+00:00,10000.00
2026-02-28T23:45:00+00:00,10000.00
2026-03-01T00:00:00+00:00,10000.00
2026-03-01T00:00:00+00:00,10000.00
2026-03-01T00:00:00+00:00,10000.00
2026-03-01T00:15:00+00:00,10000.00
2026-03-01T00:15:00+00:00,10000.00
2026-03-01T00:15:00+00:00,10000.00
2026-03-01T00:30:00+00:00,10000.00
2026-03-01T00:30:00+00:00,10000.00
2026-03-01T00:30:00+00:00,10000.00
2026-03-01T00:45:00+00:00,10000.00
2026-03-01T00:45:00+00:00,10000.00
2026-03-01T00:45:00+00:00,10000.00
2026-03-01T01:00:00+00:00,10000.00
2026-03-01T01:00:00+00:00,10000.00
2026-03-01T01:00:00+00:00,10000.00
2026-03-01T01:15:00+00:00,10000.00
2026-03-01T01:15:00+00:00,10000.00
2026-03-01T01:15:00+00:00,10000.00
2026-03-01T01:30:00+00:00,10000.00
2026-03-01T01:30:00+00:00,10000.00
2026-03-01T01:30:00+00:00,10000.00
2026-03-01T01:45:00+00:00,10000.00
2026-03-01T01:45:00+00:00,10000.00
2026-03-01T01:45:00+00:00,10000.00
2026-03-01T02:00:00+00:00,10000.00
2026-03-01T02:00:00+00:00,10000.00
2026-03-01T02:00:00+00:00,10000.00
2026-03-01T02:15:00+00:00,10000.00
2026-03-01T02:15:00+00:00,10000.00
2026-03-01T02:15:00+00:00,10000.00
2026-03-01T02:30:00+00:00,10000.00
2026-03-01T02:30:00+00:00,10000.00
2026-03-01T02:30:00+00:00,10000.00
2026-03-01T02:45:00+00:00,10000.00
2026-03-01T02:45:00+00:00,10000.00
2026-03-01T02:45:00+00:00,10000.00
2026-03-01T03:00:00+00:00,10000.00
2026-03-01T03:00:00+00:00,10000.00
2026-03-01T03:00:00+00:00,10000.00
2026-03-01T03:15:00+00:00,10000.00
2026-03-01T03:15:00+00:00,10000.00
2026-03-01T03:15:00+00:00,10000.00
2026-03-01T03:30:00+00:00,10000.00
2026-03-01T03:30:00+00:00,10000.00
2026-03-01T03:30:00+00:00,10000.00
2026-03-01T03:45:00+00:00,10000.00
2026-03-01T03:45:00+00:00,10000.00
2026-03-01T03:45:00+00:00,10000.00
2026-03-01T04:00:00+00:00,10000.00
2026-03-01T04:00:00+00:00,10000.00
2026-03-01T04:00:00+00:00,10000.00
2026-03-01T04:15:00+00:00,10000.00
2026-03-01T04:15:00+00:00,10000.00
2026-03-01T04:15:00+00:00,10000.00
2026-03-01T04:30:00+00:00,10000.00
2026-03-01T04:30:00+00:00,10000.00
2026-03-01T04:30:00+00:00,10000.00
2026-03-01T04:45:00+00:00,10000.00
2026-03-01T04:45:00+00:00,10000.00
2026-03-01T04:45:00+00:00,10000.00
2026-03-01T05:00:00+00:00,10000.00
2026-03-01T05:00:00+00:00,10000.00
2026-03-01T05:00:00+00:00,10000.00
2026-03-01T05:15:00+00:00,10000.00
2026-03-01T05:15:00+00:00,10000.00
2026-03-01T05:15:00+00:00,10000.00
2026-03-01T05:30:00+00:00,10000.00
2026-03-01T05:30:00+00:00,10000.00
2026-03-01T05:30:00+00:00,10000.00
2026-03-01T05:45:00+00:00,10000.00
2026-03-01T05:45:00+00:00,10000.00
2026-03-01T05:45:00+00:00,10000.00
2026-03-01T06:00:00+00:00,10000.00
2026-03-01T06:00:00+00:00,10000.00
2026-03-01T06:00:00+00:00,10000.00
2026-03-01T06:15:00+00:00,10000.00
2026-03-01T06:15:00+00:00,10000.00
2026-03-01T06:15:00+00:00,10000.00
2026-03-01T06:30:00+00:00,10000.00
2026-03-01T06:30:00+00:00,10000.00
2026-03-01T06:30:00+00:00,10000.00
2026-03-01T06:45:00+00:00,10000.00
2026-03-01T06:45:00+00:00,10000.00
2026-03-01T06:45:00+00:00,10000.00
2026-03-01T07:00:00+00:00,10000.00
2026-03-01T07:00:00+00:00,10000.00
2026-03-01T07:00:00+00:00,10000.00
2026-03-01T07:15:00+00:00,10000.00
2026-03-01T07:15:00+00:00,10000.00
2026-03-01T07:15:00+00:00,10000.00
2026-03-01T07:30:00+00:00,10000.00
2026-03-01T07:30:00+00:00,10000.00
2026-03-01T07:30:00+00:00,10000.00
2026-03-01T07:45:00+00:00,10000.00
2026-03-01T07:45:00+00:00,10000.00
2026-03-01T07:45:00+00:00,10000.00
2026-03-01T08:00:00+00:00,10000.00
2026-03-01T08:00:00+00:00,10000.00
2026-03-01T08:00:00+00:00,10000.00
2026-03-01T08:15:00+00:00,10000.00
2026-03-01T08:15:00+00:00,10000.00
2026-03-01T08:15:00+00:00,10000.00
2026-03-01T08:30:00+00:00,10000.00
2026-03-01T08:30:00+00:00,10000.00
2026-03-01T08:30:00+00:00,10000.00
2026-03-01T08:45:00+00:00,10000.00
2026-03-01T08:45:00+00:00,10000.00
2026-03-01T08:45:00+00:00,10000.00
2026-03-01T09:00:00+00:00,10000.00
2026-03-01T09:00:00+00:00,10000.00
2026-03-01T09:00:00+00:00,10000.00
2026-03-01T09:15:00+00:00,10000.00
2026-03-01T09:15:00+00:00,10000.00
2026-03-01T09:15:00+00:00,10000.00
2026-03-01T09:30:00+00:00,10000.00
2026-03-01T09:30:00+00:00,10000.00
2026-03-01T09:30:00+00:00,10000.00
2026-03-01T09:45:00+00:00,10000.00
2026-03-01T09:45:00+00:00,10000.00
2026-03-01T09:45:00+00:00,10000.00
2026-03-01T10:00:00+00:00,10000.00
2026-03-01T10:00:00+00:00,10000.00
2026-03-01T10:00:00+00:00,10000.00
2026-03-01T10:15:00+00:00,10000.00
2026-03-01T10:15:00+00:00,10000.00
2026-03-01T10:15:00+00:00,10000.00
2026-03-01T10:30:00+00:00,10000.00
2026-03-01T10:30:00+00:00,10000.00
2026-03-01T10:30:00+00:00,10000.00
2026-03-01T10:45:00+00:00,10000.00
2026-03-01T10:45:00+00:00,10000.00
2026-03-01T10:45:00+00:00,10000.00
2026-03-01T11:00:00+00:00,10000.00
2026-03-01T11:00:00+00:00,10000.00
2026-03-01T11:00:00+00:00,10000.00
2026-03-01T11:15:00+00:00,10000.00
2026-03-01T11:15:00+00:00,10000.00
2026-03-01T11:15:00+00:00,10000.00
2026-03-01T11:30:00+00:00,10000.00
2026-03-01T11:30:00+00:00,10000.00
2026-03-01T11:30:00+00:00,10000.00
2026-03-01T11:45:00+00:00,10000.00
2026-03-01T11:45:00+00:00,10000.00
2026-03-01T11:45:00+00:00,10000.00
2026-03-01T12:00:00+00:00,10000.00
2026-03-01T12:00:00+00:00,10000.00
2026-03-01T12:00:00+00:00,10000.00
2026-03-01T12:15:00+00:00,10000.00
2026-03-01T12:15:00+00:00,10000.00
2026-03-01T12:15:00+00:00,10000.00
2026-03-01T12:30:00+00:00,10000.00
2026-03-01T12:30:00+00:00,10000.00
2026-03-01T12:30:00+00:00,10000.00
2026-03-01T12:45:00+00:00,10000.00
2026-03-01T12:45:00+00:00,10000.00
2026-03-01T12:45:00+00:00,10000.00
2026-03-01T13:00:00+00:00,10000.00
2026-03-01T13:00:00+00:00,10000.00
2026-03-01T13:00:00+00:00,10000.00
2026-03-01T13:15:00+00:00,10000.00
2026-03-01T13:15:00+00:00,10000.00
2026-03-01T13:15:00+00:00,10000.00
2026-03-01T13:30:00+00:00,10000.00
2026-03-01T13:30:00+00:00,10000.00
2026-03-01T13:30:00+00:00,10000.00
2026-03-01T13:45:00+00:00,10000.00
2026-03-01T13:45:00+00:00,10000.00
2026-03-01T13:45:00+00:00,10000.00
2026-03-01T14:00:00+00:00,10000.00
2026-03-01T14:00:00+00:00,10000.00
2026-03-01T14:00:00+00:00,10000.00
2026-03-01T14:15:00+00:00,10000.00
2026-03-01T14:15:00+00:00,10000.00
2026-03-01T14:15:00+00:00,10000.00
2026-03-01T14:30:00+00:00,10000.00
2026-03-01T14:30:00+00:00,10000.00
2026-03-01T14:30:00+00:00,10000.00
2026-03-01T14:45:00+00:00,10000.00
2026-03-01T14:45:00+00:00,10000.00
2026-03-01T14:45:00+00:00,10000.00
2026-03-01T15:00:00+00:00,10000.00
2026-03-01T15:00:00+00:00,10000.00
2026-03-01T15:00:00+00:00,10000.00
2026-03-01T15:15:00+00:00,10000.00
2026-03-01T15:15:00+00:00,10000.00
2026-03-01T15:15:00+00:00,10000.00
2026-03-01T15:30:00+00:00,10000.00
2026-03-01T15:30:00+00:00,10000.00
2026-03-01T15:30:00+00:00,10000.00
2026-03-01T15:45:00+00:00,10000.00
2026-03-01T15:45:00+00:00,10000.00
2026-03-01T15:45:00+00:00,10000.00
2026-03-01T16:00:00+00:00,10000.00
2026-03-01T16:00:00+00:00,10000.00
2026-03-01T16:00:00+00:00,10000.00
2026-03-01T16:15:00+00:00,10000.00
2026-03-01T16:15:00+00:00,10000.00
2026-03-01T16:15:00+00:00,10000.00
2026-03-01T16:30:00+00:00,10000.00
2026-03-01T16:30:00+00:00,10000.00
2026-03-01T16:30:00+00:00,10000.00
2026-03-01T16:45:00+00:00,10000.00
2026-03-01T16:45:00+00:00,10000.00
2026-03-01T16:45:00+00:00,10000.00
2026-03-01T17:00:00+00:00,10000.00
2026-03-01T17:00:00+00:00,10000.00
2026-03-01T17:00:00+00:00,10000.00
2026-03-01T17:15:00+00:00,10000.00
2026-03-01T17:15:00+00:00,10000.00
2026-03-01T17:15:00+00:00,10000.00
2026-03-01T17:30:00+00:00,10000.00
2026-03-01T17:30:00+00:00,10000.00
2026-03-01T17:30:00+00:00,10000.00
2026-03-01T17:45:00+00:00,10000.00
2026-03-01T17:45:00+00:00,10000.00
2026-03-01T17:45:00+00:00,10000.00
2026-03-01T18:00:00+00:00,10000.00
2026-03-01T18:00:00+00:00,10000.00
2026-03-01T18:00:00+00:00,10000.00
2026-03-01T18:15:00+00:00,10000.00
2026-03-01T18:15:00+00:00,10000.00
2026-03-01T18:15:00+00:00,10000.00
2026-03-01T18:30:00+00:00,10000.00
2026-03-01T18:30:00+00:00,10000.00
2026-03-01T18:30:00+00:00,10000.00
2026-03-01T18:45:00+00:00,10000.00
2026-03-01T18:45:00+00:00,10000.00
2026-03-01T18:45:00+00:00,10000.00
2026-03-01T19:00:00+00:00,10000.00
2026-03-01T19:00:00+00:00,10000.00
2026-03-01T19:00:00+00:00,10000.00
2026-03-01T19:15:00+00:00,10000.00
2026-03-01T19:15:00+00:00,10000.00
2026-03-01T19:15:00+00:00,10000.00
2026-03-01T19:30:00+00:00,10000.00
2026-03-01T19:30:00+00:00,10000.00
2026-03-01T19:30:00+00:00,10000.00
2026-03-01T19:45:00+00:00,10000.00
2026-03-01T19:45:00+00:00,10000.00
2026-03-01T19:45:00+00:00,10000.00
2026-03-01T20:00:00+00:00,10000.00
2026-03-01T20:00:00+00:00,10000.00
2026-03-01T20:00:00+00:00,10000.00
2026-03-01T20:15:00+00:00,10000.00
2026-03-01T20:15:00+00:00,10000.00
2026-03-01T20:15:00+00:00,10000.00
2026-03-01T20:30:00+00:00,10000.00
2026-03-01T20:30:00+00:00,10000.00
2026-03-01T20:30:00+00:00,10000.00
2026-03-01T20:45:00+00:00,10000.00
2026-03-01T20:45:00+00:00,10000.00
2026-03-01T20:45:00+00:00,10000.00
2026-03-01T21:00:00+00:00,10000.00
2026-03-01T21:00:00+00:00,10000.00
2026-03-01T21:00:00+00:00,10000.00
2026-03-01T21:15:00+00:00,10000.00
2026-03-01T21:15:00+00:00,10000.00
2026-03-01T21:15:00+00:00,10000.00
2026-03-01T21:30:00+00:00,10000.00
2026-03-01T21:30:00+00:00,10000.00
2026-03-01T21:30:00+00:00,10000.00
2026-03-01T21:45:00+00:00,10000.00
2026-03-01T21:45:00+00:00,10000.00
2026-03-01T21:45:00+00:00,10000.00
2026-03-01T22:00:00+00:00,10000.00
2026-03-01T22:00:00+00:00,10000.00
2026-03-01T22:00:00+00:00,10000.00
2026-03-01T22:15:00+00:00,10000.00
2026-03-01T22:15:00+00:00,10000.00
2026-03-01T22:15:00+00:00,10000.00
2026-03-01T22:30:00+00:00,10000.00
2026-03-01T22:30:00+00:00,10000.00
2026-03-01T22:30:00+00:00,10000.00
2026-03-01T22:45:00+00:00,10000.00
2026-03-01T22:45:00+00:00,10000.00
2026-03-01T22:45:00+00:00,10000.00
2026-03-01T23:00:00+00:00,10000.00
2026-03-01T23:00:00+00:00,10000.00
2026-03-01T23:00:00+00:00,10000.00
2026-03-01T23:15:00+00:00,10000.00
2026-03-01T23:15:00+00:00,10000.00
2026-03-01T23:15:00+00:00,10000.00
2026-03-01T23:30:00+00:00,10000.00
2026-03-01T23:30:00+00:00,10000.00
2026-03-01T23:30:00+00:00,10000.00
2026-03-01T23:45:00+00:00,10000.00
2026-03-01T23:45:00+00:00,10000.00
2026-03-01T23:45:00+00:00,10000.00
2026-03-02T00:00:00+00:00,10000.00
2026-03-02T00:00:00+00:00,10000.00
2026-03-02T00:00:00+00:00,10000.00
2026-03-02T00:15:00+00:00,10000.00
2026-03-02T00:15:00+00:00,10000.00
2026-03-02T00:15:00+00:00,10000.00
2026-03-02T00:30:00+00:00,10000.00
2026-03-02T00:30:00+00:00,10000.00
2026-03-02T00:30:00+00:00,10000.00
2026-03-02T00:45:00+00:00,10000.00
2026-03-02T00:45:00+00:00,10000.00
2026-03-02T00:45:00+00:00,10000.00
2026-03-02T01:00:00+00:00,10000.00
2026-03-02T01:00:00+00:00,10000.00
2026-03-02T01:00:00+00:00,10000.00
2026-03-02T01:15:00+00:00,10000.00
2026-03-02T01:15:00+00:00,10000.00
2026-03-02T01:15:00+00:00,10000.00
2026-03-02T01:30:00+00:00,10000.00
2026-03-02T01:30:00+00:00,10000.00
2026-03-02T01:30:00+00:00,10000.00
2026-03-02T01:45:00+00:00,10000.00
2026-03-02T01:45:00+00:00,10000.00
2026-03-02T01:45:00+00:00,10000.00
2026-03-02T02:00:00+00:00,10000.00
2026-03-02T02:00:00+00:00,10000.00
2026-03-02T02:00:00+00:00,10000.00
2026-03-02T02:15:00+00:00,10000.00
2026-03-02T02:15:00+00:00,10000.00
2026-03-02T02:15:00+00:00,10000.00
2026-03-02T02:30:00+00:00,10000.00
2026-03-02T02:30:00+00:00,10000.00
2026-03-02T02:30:00+00:00,10000.00
2026-03-02T02:45:00+00:00,10000.00
2026-03-02T02:45:00+00:00,10000.00
2026-03-02T02:45:00+00:00,10000.00
2026-03-02T03:00:00+00:00,10000.00
2026-03-02T03:00:00+00:00,10000.00
2026-03-02T03:00:00+00:00,10000.00
2026-03-02T03:15:00+00:00,10000.00
2026-03-02T03:15:00+00:00,10000.00
2026-03-02T03:15:00+00:00,10000.00
2026-03-02T03:30:00+00:00,10000.00
2026-03-02T03:30:00+00:00,10000.00
2026-03-02T03:30:00+00:00,10000.00
2026-03-02T03:45:00+00:00,10000.00
2026-03-02T03:45:00+00:00,10000.00
2026-03-02T03:45:00+00:00,10000.00
2026-03-02T04:00:00+00:00,10000.00
2026-03-02T04:00:00+00:00,10000.00
2026-03-02T04:00:00+00:00,10000.00
2026-03-02T04:15:00+00:00,10000.00
2026-03-02T04:15:00+00:00,10000.00
2026-03-02T04:15:00+00:00,10000.00
2026-03-02T04:30:00+00:00,10000.00
2026-03-02T04:30:00+00:00,10000.00
2026-03-02T04:30:00+00:00,10000.00
2026-03-02T04:45:00+00:00,10000.00
2026-03-02T04:45:00+00:00,10000.00
2026-03-02T04:45:00+00:00,10000.00
2026-03-02T05:00:00+00:00,10000.00
2026-03-02T05:00:00+00:00,10000.00
2026-03-02T05:00:00+00:00,10000.00
2026-03-02T05:15:00+00:00,10000.00
2026-03-02T05:15:00+00:00,10000.00
2026-03-02T05:15:00+00:00,10000.00
2026-03-02T05:30:00+00:00,10000.00
2026-03-02T05:30:00+00:00,10000.00
2026-03-02T05:30:00+00:00,10000.00
2026-03-02T05:45:00+00:00,10000.00
2026-03-02T05:45:00+00:00,10000.00
2026-03-02T05:45:00+00:00,10000.00
2026-03-02T06:00:00+00:00,10000.00
2026-03-02T06:00:00+00:00,10000.00
2026-03-02T06:00:00+00:00,10000.00
2026-03-02T06:15:00+00:00,10000.00
2026-03-02T06:15:00+00:00,10000.00
2026-03-02T06:15:00+00:00,10000.00
2026-03-02T06:30:00+00:00,10000.00
2026-03-02T06:30:00+00:00,10000.00
2026-03-02T06:30:00+00:00,10000.00
2026-03-02T06:45:00+00:00,10000.00
2026-03-02T06:45:00+00:00,10000.00
2026-03-02T06:45:00+00:00,10000.00
2026-03-02T07:00:00+00:00,10000.00
2026-03-02T07:00:00+00:00,10000.00
2026-03-02T07:00:00+00:00,10000.00
2026-03-02T07:15:00+00:00,10000.00
2026-03-02T07:15:00+00:00,10000.00
2026-03-02T07:15:00+00:00,10000.00
2026-03-02T07:30:00+00:00,10000.00
2026-03-02T07:30:00+00:00,10000.00
2026-03-02T07:30:00+00:00,10000.00
2026-03-02T07:45:00+00:00,10000.00
2026-03-02T07:45:00+00:00,10000.00
2026-03-02T07:45:00+00:00,10000.00
2026-03-02T08:00:00+00:00,10000.00
2026-03-02T08:00:00+00:00,10000.00
2026-03-02T08:00:00+00:00,10000.00
2026-03-02T08:15:00+00:00,10000.00
2026-03-02T08:15:00+00:00,10000.00
2026-03-02T08:15:00+00:00,10000.00
2026-03-02T08:30:00+00:00,10000.00
2026-03-02T08:30:00+00:00,10000.00
2026-03-02T08:30:00+00:00,10000.00
2026-03-02T08:45:00+00:00,10000.00
2026-03-02T08:45:00+00:00,10000.00
2026-03-02T08:45:00+00:00,10000.00
2026-03-02T09:00:00+00:00,10000.00
2026-03-02T09:00:00+00:00,10000.00
2026-03-02T09:00:00+00:00,10000.00
2026-03-02T09:15:00+00:00,10000.00
2026-03-02T09:15:00+00:00,10000.00
2026-03-02T09:15:00+00:00,10000.00
2026-03-02T09:30:00+00:00,10000.00
2026-03-02T09:30:00+00:00,10000.00
2026-03-02T09:30:00+00:00,10000.00
2026-03-02T09:45:00+00:00,10000.00
2026-03-02T09:45:00+00:00,10000.00
2026-03-02T09:45:00+00:00,10000.00
2026-03-02T10:00:00+00:00,10000.00
2026-03-02T10:00:00+00:00,10000.00
2026-03-02T10:00:00+00:00,10000.00
2026-03-02T10:15:00+00:00,10000.00
2026-03-02T10:15:00+00:00,10000.00
2026-03-02T10:15:00+00:00,10000.00
2026-03-02T10:30:00+00:00,10000.00
2026-03-02T10:30:00+00:00,10000.00
2026-03-02T10:30:00+00:00,10000.00
2026-03-02T10:45:00+00:00,10000.00
2026-03-02T10:45:00+00:00,10000.00
2026-03-02T10:45:00+00:00,10000.00
2026-03-02T11:00:00+00:00,10000.00
2026-03-02T11:00:00+00:00,10000.00
2026-03-02T11:00:00+00:00,10000.00
2026-03-02T11:15:00+00:00,10000.00
2026-03-02T11:15:00+00:00,10000.00
2026-03-02T11:15:00+00:00,10000.00
2026-03-02T11:30:00+00:00,10000.00
2026-03-02T11:30:00+00:00,10000.00
2026-03-02T11:30:00+00:00,10000.00
2026-03-02T11:45:00+00:00,10000.00
2026-03-02T11:45:00+00:00,10000.00
2026-03-02T11:45:00+00:00,10000.00
2026-03-02T12:00:00+00:00,10000.00
2026-03-02T12:00:00+00:00,10000.00
2026-03-02T12:00:00+00:00,10000.00
2026-03-02T12:15:00+00:00,10000.00
2026-03-02T12:15:00+00:00,10000.00
2026-03-02T12:15:00+00:00,10000.00
2026-03-02T12:30:00+00:00,10000.00
2026-03-02T12:30:00+00:00,10000.00
2026-03-02T12:30:00+00:00,10000.00
2026-03-02T12:45:00+00:00,10000.00
2026-03-02T12:45:00+00:00,10000.00
2026-03-02T12:45:00+00:00,10000.00
2026-03-02T13:00:00+00:00,10000.00
2026-03-02T13:00:00+00:00,10000.00
2026-03-02T13:00:00+00:00,10000.00
2026-03-02T13:15:00+00:00,10000.00
2026-03-02T13:15:00+00:00,10000.00
2026-03-02T13:15:00+00:00,10000.00
2026-03-02T13:30:00+00:00,10000.00
2026-03-02T13:30:00+00:00,10000.00
2026-03-02T13:30:00+00:00,10000.00
2026-03-02T13:45:00+00:00,10000.00
2026-03-02T13:45:00+00:00,10000.00
2026-03-02T13:45:00+00:00,10000.00
2026-03-02T14:00:00+00:00,10000.00
2026-03-02T14:00:00+00:00,10000.00
2026-03-02T14:00:00+00:00,10000.00
2026-03-02T14:15:00+00:00,10000.00
2026-03-02T14:15:00+00:00,10000.00
2026-03-02T14:15:00+00:00,10000.00
2026-03-02T14:30:00+00:00,10000.00
2026-03-02T14:30:00+00:00,10000.00
2026-03-02T14:30:00+00:00,10000.00
2026-03-02T14:45:00+00:00,10000.00
2026-03-02T14:45:00+00:00,10000.00
2026-03-02T14:45:00+00:00,10000.00
2026-03-02T15:00:00+00:00,10000.00
2026-03-02T15:00:00+00:00,10000.00
2026-03-02T15:00:00+00:00,10000.00
2026-03-02T15:15:00+00:00,10000.00
2026-03-02T15:15:00+00:00,10000.00
2026-03-02T15:15:00+00:00,10000.00
2026-03-02T15:30:00+00:00,10000.00
2026-03-02T15:30:00+00:00,10000.00
2026-03-02T15:30:00+00:00,10000.00
2026-03-02T15:45:00+00:00,10000.00
2026-03-02T15:45:00+00:00,10000.00
2026-03-02T15:45:00+00:00,10000.00
2026-03-02T16:00:00+00:00,10000.00
2026-03-02T16:00:00+00:00,10000.00
2026-03-02T16:00:00+00:00,10000.00
2026-03-02T16:15:00+00:00,10000.00
2026-03-02T16:15:00+00:00,10000.00
2026-03-02T16:15:00+00:00,10000.00
2026-03-02T16:30:00+00:00,10000.00
2026-03-02T16:30:00+00:00,10000.00
2026-03-02T16:30:00+00:00,10000.00
2026-03-02T16:45:00+00:00,10000.00
2026-03-02T16:45:00+00:00,10000.00
2026-03-02T16:45:00+00:00,10000.00
2026-03-02T17:00:00+00:00,10000.00
2026-03-02T17:00:00+00:00,10000.00
2026-03-02T17:00:00+00:00,10000.00
2026-03-02T17:15:00+00:00,10000.00
2026-03-02T17:15:00+00:00,10000.00
2026-03-02T17:15:00+00:00,10000.00
2026-03-02T17:30:00+00:00,10000.00
2026-03-02T17:30:00+00:00,10000.00
2026-03-02T17:30:00+00:00,10000.00
2026-03-02T17:45:00+00:00,10000.00
2026-03-02T17:45:00+00:00,10000.00
2026-03-02T17:45:00+00:00,10000.00
2026-03-02T18:00:00+00:00,10000.00
2026-03-02T18:00:00+00:00,10000.00
2026-03-02T18:00:00+00:00,10000.00
2026-03-02T18:15:00+00:00,10000.00
2026-03-02T18:15:00+00:00,10000.00
2026-03-02T18:15:00+00:00,10000.00
2026-03-02T18:30:00+00:00,10000.00
2026-03-02T18:30:00+00:00,10000.00
2026-03-02T18:30:00+00:00,10000.00
2026-03-02T18:45:00+00:00,10000.00
2026-03-02T18:45:00+00:00,10000.00
2026-03-02T18:45:00+00:00,10000.00
2026-03-02T19:00:00+00:00,10000.00
2026-03-02T19:00:00+00:00,10000.00
2026-03-02T19:00:00+00:00,10000.00
2026-03-02T19:15:00+00:00,10000.00
2026-03-02T19:15:00+00:00,10000.00
2026-03-02T19:15:00+00:00,10000.00
2026-03-02T19:30:00+00:00,10000.00
2026-03-02T19:30:00+00:00,10000.00
2026-03-02T19:30:00+00:00,10000.00
2026-03-02T19:45:00+00:00,10000.00
2026-03-02T19:45:00+00:00,10000.00
2026-03-02T19:45:00+00:00,10000.00
2026-03-02T20:00:00+00:00,10000.00
2026-03-02T20:00:00+00:00,10000.00
2026-03-02T20:00:00+00:00,10000.00
2026-03-02T20:15:00+00:00,10000.00
2026-03-02T20:15:00+00:00,10000.00
2026-03-02T20:15:00+00:00,10000.00
2026-03-02T20:30:00+00:00,10000.00
2026-03-02T20:30:00+00:00,10000.00
2026-03-02T20:30:00+00:00,10000.00
2026-03-02T20:45:00+00:00,10000.00
2026-03-02T20:45:00+00:00,10000.00
2026-03-02T20:45:00+00:00,10000.00
2026-03-02T21:00:00+00:00,10000.00
2026-03-02T21:00:00+00:00,10000.00
2026-03-02T21:00:00+00:00,10000.00
2026-03-02T21:15:00+00:00,10000.00
2026-03-02T21:15:00+00:00,10000.00
2026-03-02T21:15:00+00:00,10000.00
2026-03-02T21:30:00+00:00,10000.00
2026-03-02T21:30:00+00:00,10000.00
2026-03-02T21:30:00+00:00,10000.00
2026-03-02T21:45:00+00:00,10000.00
2026-03-02T21:45:00+00:00,10000.00
2026-03-02T21:45:00+00:00,10000.00
2026-03-02T22:00:00+00:00,10000.00
2026-03-02T22:00:00+00:00,10000.00
2026-03-02T22:00:00+00:00,10000.00
2026-03-02T22:15:00+00:00,10000.00
2026-03-02T22:15:00+00:00,10000.00
2026-03-02T22:15:00+00:00,10000.00
2026-03-02T22:30:00+00:00,10000.00
2026-03-02T22:30:00+00:00,10000.00
2026-03-02T22:30:00+00:00,10000.00
2026-03-02T22:45:00+00:00,10000.00
2026-03-02T22:45:00+00:00,10000.00
2026-03-02T22:45:00+00:00,10000.00
2026-03-02T23:00:00+00:00,10000.00
2026-03-02T23:00:00+00:00,10000.00
2026-03-02T23:00:00+00:00,10000.00
2026-03-02T23:15:00+00:00,10000.00
2026-03-02T23:15:00+00:00,10000.00
2026-03-02T23:15:00+00:00,10000.00
2026-03-02T23:30:00+00:00,10000.00
2026-03-02T23:30:00+00:00,10000.00
2026-03-02T23:30:00+00:00,10000.00
2026-03-02T23:45:00+00:00,10000.00
2026-03-02T23:45:00+00:00,10000.00
2026-03-02T23:45:00+00:00,10000.00
2026-03-03T00:00:00+00:00,10000.00
2026-03-03T00:00:00+00:00,10000.00
2026-03-03T00:00:00+00:00,10000.00
2026-03-03T00:15:00+00:00,10000.00
2026-03-03T00:15:00+00:00,10000.00
2026-03-03T00:15:00+00:00,10000.00
2026-03-03T00:30:00+00:00,10000.00
2026-03-03T00:30:00+00:00,10000.00
2026-03-03T00:30:00+00:00,10000.00
2026-03-03T00:45:00+00:00,10000.00
2026-03-03T00:45:00+00:00,10000.00
2026-03-03T00:45:00+00:00,10000.00
2026-03-03T01:00:00+00:00,10000.00
2026-03-03T01:00:00+00:00,10000.00
2026-03-03T01:00:00+00:00,10000.00
2026-03-03T01:15:00+00:00,10000.00
2026-03-03T01:15:00+00:00,10000.00
2026-03-03T01:15:00+00:00,10000.00
2026-03-03T01:30:00+00:00,10000.00
2026-03-03T01:30:00+00:00,10000.00
2026-03-03T01:30:00+00:00,10000.00
2026-03-03T01:45:00+00:00,10000.00
2026-03-03T01:45:00+00:00,10000.00
2026-03-03T01:45:00+00:00,10000.00
2026-03-03T02:00:00+00:00,10000.00
2026-03-03T02:00:00+00:00,10000.00
2026-03-03T02:00:00+00:00,10000.00
2026-03-03T02:15:00+00:00,10000.00
2026-03-03T02:15:00+00:00,10000.00
2026-03-03T02:15:00+00:00,10000.00
2026-03-03T02:30:00+00:00,10000.00
2026-03-03T02:30:00+00:00,10000.00
2026-03-03T02:30:00+00:00,10000.00
2026-03-03T02:45:00+00:00,10000.00
2026-03-03T02:45:00+00:00,10000.00
2026-03-03T02:45:00+00:00,10000.00
2026-03-03T03:00:00+00:00,10000.00
2026-03-03T03:00:00+00:00,10000.00
2026-03-03T03:00:00+00:00,10000.00
2026-03-03T03:15:00+00:00,10000.00
2026-03-03T03:15:00+00:00,10000.00
2026-03-03T03:15:00+00:00,10000.00
2026-03-03T03:30:00+00:00,10000.00
2026-03-03T03:30:00+00:00,10000.00
2026-03-03T03:30:00+00:00,10000.00
2026-03-03T03:45:00+00:00,10000.00
2026-03-03T03:45:00+00:00,10000.00
2026-03-03T03:45:00+00:00,10000.00
2026-03-03T04:00:00+00:00,10000.00
2026-03-03T04:00:00+00:00,10000.00
2026-03-03T04:00:00+00:00,10000.00
2026-03-03T04:15:00+00:00,10000.00
2026-03-03T04:15:00+00:00,10000.00
2026-03-03T04:15:00+00:00,10000.00
2026-03-03T04:30:00+00:00,10000.00
2026-03-03T04:30:00+00:00,10000.00
2026-03-03T04:30:00+00:00,10000.00
2026-03-03T04:45:00+00:00,10000.00
2026-03-03T04:45:00+00:00,10000.00
2026-03-03T04:45:00+00:00,10000.00
2026-03-03T05:00:00+00:00,10000.00
2026-03-03T05:00:00+00:00,10000.00
2026-03-03T05:00:00+00:00,10000.00
2026-03-03T05:15:00+00:00,10000.00
2026-03-03T05:15:00+00:00,10000.00
2026-03-03T05:15:00+00:00,10000.00
2026-03-03T05:30:00+00:00,10000.00
2026-03-03T05:30:00+00:00,10000.00
2026-03-03T05:30:00+00:00,10000.00
2026-03-03T05:45:00+00:00,10000.00
2026-03-03T05:45:00+00:00,10000.00
2026-03-03T05:45:00+00:00,10000.00
2026-03-03T06:00:00+00:00,10000.00
2026-03-03T06:00:00+00:00,10000.00
2026-03-03T06:00:00+00:00,10000.00
2026-03-03T06:15:00+00:00,10000.00
2026-03-03T06:15:00+00:00,10000.00
2026-03-03T06:15:00+00:00,10000.00
2026-03-03T06:30:00+00:00,10000.00
2026-03-03T06:30:00+00:00,10000.00
2026-03-03T06:30:00+00:00,10000.00
2026-03-03T06:45:00+00:00,10000.00
2026-03-03T06:45:00+00:00,10000.00
2026-03-03T06:45:00+00:00,10000.00
2026-03-03T07:00:00+00:00,10000.00
2026-03-03T07:00:00+00:00,10000.00
2026-03-03T07:00:00+00:00,10000.00
2026-03-03T07:15:00+00:00,10000.00
2026-03-03T07:15:00+00:00,10000.00
2026-03-03T07:15:00+00:00,10000.00
2026-03-03T07:30:00+00:00,10000.00
2026-03-03T07:30:00+00:00,10000.00
2026-03-03T07:30:00+00:00,10000.00
2026-03-03T07:45:00+00:00,10000.00
2026-03-03T07:45:00+00:00,10000.00
2026-03-03T07:45:00+00:00,10000.00
2026-03-03T08:00:00+00:00,10000.00
2026-03-03T08:00:00+00:00,10000.00
2026-03-03T08:00:00+00:00,10000.00
2026-03-03T08:15:00+00:00,10000.00
2026-03-03T08:15:00+00:00,10000.00
2026-03-03T08:15:00+00:00,10000.00
2026-03-03T08:30:00+00:00,10000.00
2026-03-03T08:30:00+00:00,10000.00
2026-03-03T08:30:00+00:00,10000.00
2026-03-03T08:45:00+00:00,10000.00
2026-03-03T08:45:00+00:00,10000.00
2026-03-03T08:45:00+00:00,10000.00
2026-03-03T09:00:00+00:00,10000.00
2026-03-03T09:00:00+00:00,10000.00
2026-03-03T09:00:00+00:00,10000.00
2026-03-03T09:15:00+00:00,10000.00
2026-03-03T09:15:00+00:00,10000.00
2026-03-03T09:15:00+00:00,10000.00
2026-03-03T09:30:00+00:00,10000.00
2026-03-03T09:30:00+00:00,10000.00
2026-03-03T09:30:00+00:00,10000.00
2026-03-03T09:45:00+00:00,10000.00
2026-03-03T09:45:00+00:00,10000.00
2026-03-03T09:45:00+00:00,10000.00
2026-03-03T10:00:00+00:00,10000.00
2026-03-03T10:00:00+00:00,10000.00
2026-03-03T10:00:00+00:00,10000.00
2026-03-03T10:15:00+00:00,10000.00
2026-03-03T10:15:00+00:00,10000.00
2026-03-03T10:15:00+00:00,10000.00
2026-03-03T10:30:00+00:00,10000.00
2026-03-03T10:30:00+00:00,10000.00
2026-03-03T10:30:00+00:00,10000.00
2026-03-03T10:45:00+00:00,10000.00
2026-03-03T10:45:00+00:00,10000.00
2026-03-03T10:45:00+00:00,10000.00
2026-03-03T11:00:00+00:00,10000.00
2026-03-03T11:00:00+00:00,10000.00
2026-03-03T11:00:00+00:00,10000.00
2026-03-03T11:15:00+00:00,10000.00
2026-03-03T11:15:00+00:00,10000.00
2026-03-03T11:15:00+00:00,10000.00
2026-03-03T11:30:00+00:00,10000.00
2026-03-03T11:30:00+00:00,10000.00
2026-03-03T11:30:00+00:00,10000.00
2026-03-03T11:45:00+00:00,10000.00
2026-03-03T11:45:00+00:00,10000.00
2026-03-03T11:45:00+00:00,10000.00
2026-03-03T12:00:00+00:00,10000.00
2026-03-03T12:00:00+00:00,10000.00
2026-03-03T12:00:00+00:00,10000.00
2026-03-03T12:15:00+00:00,10000.00
2026-03-03T12:15:00+00:00,10000.00
2026-03-03T12:15:00+00:00,10000.00
2026-03-03T12:30:00+00:00,10000.00
2026-03-03T12:30:00+00:00,10000.00
2026-03-03T12:30:00+00:00,10000.00
2026-03-03T12:45:00+00:00,10000.00
2026-03-03T12:45:00+00:00,10000.00
2026-03-03T12:45:00+00:00,10000.00
2026-03-03T13:00:00+00:00,10000.00
2026-03-03T13:00:00+00:00,10000.00
2026-03-03T13:00:00+00:00,10000.00
2026-03-03T13:15:00+00:00,10000.00
2026-03-03T13:15:00+00:00,10000.00
2026-03-03T13:15:00+00:00,10000.00
2026-03-03T13:30:00+00:00,10000.00
2026-03-03T13:30:00+00:00,10000.00
2026-03-03T13:30:00+00:00,10000.00
2026-03-03T13:45:00+00:00,10000.00
2026-03-03T13:45:00+00:00,10000.00
2026-03-03T13:45:00+00:00,10000.00
2026-03-03T14:00:00+00:00,10000.00
2026-03-03T14:00:00+00:00,10000.00
2026-03-03T14:00:00+00:00,10000.00
2026-03-03T14:15:00+00:00,10000.00
2026-03-03T14:15:00+00:00,10000.00
2026-03-03T14:15:00+00:00,10000.00
2026-03-03T14:30:00+00:00,10000.00
2026-03-03T14:30:00+00:00,10000.00
2026-03-03T14:30:00+00:00,10000.00
2026-03-03T14:45:00+00:00,10000.00
2026-03-03T14:45:00+00:00,10000.00
2026-03-03T14:45:00+00:00,10000.00
2026-03-03T15:00:00+00:00,10000.00
2026-03-03T15:00:00+00:00,10000.00
2026-03-03T15:00:00+00:00,10000.00
2026-03-03T15:15:00+00:00,10000.00
2026-03-03T15:15:00+00:00,10000.00
2026-03-03T15:15:00+00:00,10000.00
2026-03-03T15:30:00+00:00,10000.00
2026-03-03T15:30:00+00:00,10000.00
2026-03-03T15:30:00+00:00,10000.00
2026-03-03T15:45:00+00:00,10000.00
2026-03-03T15:45:00+00:00,10000.00
2026-03-03T15:45:00+00:00,10000.00
2026-03-03T16:00:00+00:00,10000.00
2026-03-03T16:00:00+00:00,10000.00
2026-03-03T16:00:00+00:00,10000.00
2026-03-03T16:15:00+00:00,10000.00
2026-03-03T16:15:00+00:00,10000.00
2026-03-03T16:15:00+00:00,10000.00
2026-03-03T16:30:00+00:00,10000.00
2026-03-03T16:30:00+00:00,10000.00
2026-03-03T16:30:00+00:00,10000.00
2026-03-03T16:45:00+00:00,10000.00
2026-03-03T16:45:00+00:00,10000.00
2026-03-03T16:45:00+00:00,10000.00
2026-03-03T17:00:00+00:00,10000.00
2026-03-03T17:00:00+00:00,10000.00
2026-03-03T17:00:00+00:00,10000.00
2026-03-03T17:15:00+00:00,10000.00
2026-03-03T17:15:00+00:00,10000.00
2026-03-03T17:15:00+00:00,10000.00
2026-03-03T17:30:00+00:00,10000.00
2026-03-03T17:30:00+00:00,10000.00
2026-03-03T17:30:00+00:00,10000.00
2026-03-03T17:45:00+00:00,10000.00
2026-03-03T17:45:00+00:00,10000.00
2026-03-03T17:45:00+00:00,10000.00
2026-03-03T18:00:00+00:00,10000.00
2026-03-03T18:00:00+00:00,10000.00
2026-03-03T18:00:00+00:00,10000.00
2026-03-03T18:15:00+00:00,10000.00
2026-03-03T18:15:00+00:00,10000.00
2026-03-03T18:15:00+00:00,10000.00
2026-03-03T18:30:00+00:00,10000.00
2026-03-03T18:30:00+00:00,10000.00
2026-03-03T18:30:00+00:00,10000.00
2026-03-03T18:45:00+00:00,10000.00
2026-03-03T18:45:00+00:00,10000.00
2026-03-03T18:45:00+00:00,10000.00
2026-03-03T19:00:00+00:00,10000.00
2026-03-03T19:00:00+00:00,10000.00
2026-03-03T19:00:00+00:00,10000.00
2026-03-03T19:15:00+00:00,10000.00
2026-03-03T19:15:00+00:00,10000.00
2026-03-03T19:15:00+00:00,10000.00
2026-03-03T19:30:00+00:00,10000.00
2026-03-03T19:30:00+00:00,10000.00
2026-03-03T19:30:00+00:00,10000.00
2026-03-03T19:45:00+00:00,10000.00
2026-03-03T19:45:00+00:00,10000.00
2026-03-03T19:45:00+00:00,10000.00
2026-03-03T20:00:00+00:00,10000.00
2026-03-03T20:00:00+00:00,10000.00
2026-03-03T20:00:00+00:00,10000.00
2026-03-03T20:15:00+00:00,10000.00
2026-03-03T20:15:00+00:00,10000.00
2026-03-03T20:15:00+00:00,10000.00
2026-03-03T20:30:00+00:00,10000.00
2026-03-03T20:30:00+00:00,10000.00
2026-03-03T20:30:00+00:00,10000.00
2026-03-03T20:45:00+00:00,10000.00
2026-03-03T20:45:00+00:00,10000.00
2026-03-03T20:45:00+00:00,10000.00
2026-03-03T21:00:00+00:00,10000.00
2026-03-03T21:00:00+00:00,10000.00
2026-03-03T21:00:00+00:00,10000.00
2026-03-03T21:15:00+00:00,10000.00
2026-03-03T21:15:00+00:00,10000.00
2026-03-03T21:15:00+00:00,10000.00
2026-03-03T21:30:00+00:00,10000.00
2026-03-03T21:30:00+00:00,10000.00
2026-03-03T21:30:00+00:00,10000.00
2026-03-03T21:45:00+00:00,10000.00
2026-03-03T21:45:00+00:00,10000.00
2026-03-03T21:45:00+00:00,10000.00
2026-03-03T22:00:00+00:00,10000.00
2026-03-03T22:00:00+00:00,10000.00
2026-03-03T22:00:00+00:00,10000.00
2026-03-03T22:15:00+00:00,10000.00
2026-03-03T22:15:00+00:00,10000.00
2026-03-03T22:15:00+00:00,10000.00
2026-03-03T22:30:00+00:00,10000.00
2026-03-03T22:30:00+00:00,10000.00
2026-03-03T22:30:00+00:00,10000.00
2026-03-03T22:45:00+00:00,10000.00
2026-03-03T22:45:00+00:00,10000.00
2026-03-03T22:45:00+00:00,10000.00
2026-03-03T23:00:00+00:00,10000.00
2026-03-03T23:00:00+00:00,10000.00
2026-03-03T23:00:00+00:00,10000.00
2026-03-03T23:15:00+00:00,10000.00
2026-03-03T23:15:00+00:00,10000.00
2026-03-03T23:15:00+00:00,10000.00
2026-03-03T23:30:00+00:00,10000.00
2026-03-03T23:30:00+00:00,10000.00
2026-03-03T23:30:00+00:00,10000.00
2026-03-03T23:45:00+00:00,10000.00
2026-03-03T23:45:00+00:00,10000.00
2026-03-03T23:45:00+00:00,10000.00
2026-03-04T00:00:00+00:00,10000.00
2026-03-04T00:00:00+00:00,10000.00
2026-03-04T00:00:00+00:00,10000.00
2026-03-04T00:15:00+00:00,10000.00
2026-03-04T00:15:00+00:00,10000.00
2026-03-04T00:15:00+00:00,10000.00
2026-03-04T00:30:00+00:00,10000.00
2026-03-04T00:30:00+00:00,10000.00
2026-03-04T00:30:00+00:00,10000.00
2026-03-04T00:45:00+00:00,10000.00
2026-03-04T00:45:00+00:00,10000.00
2026-03-04T00:45:00+00:00,10000.00
2026-03-04T01:00:00+00:00,10000.00
2026-03-04T01:00:00+00:00,10000.00
2026-03-04T01:00:00+00:00,10000.00
2026-03-04T01:15:00+00:00,10000.00
2026-03-04T01:15:00+00:00,10000.00
2026-03-04T01:15:00+00:00,10000.00
2026-03-04T01:30:00+00:00,10000.00
2026-03-04T01:30:00+00:00,10000.00
2026-03-04T01:30:00+00:00,10000.00
2026-03-04T01:45:00+00:00,10000.00
2026-03-04T01:45:00+00:00,10000.00
2026-03-04T01:45:00+00:00,10000.00
2026-03-04T02:00:00+00:00,10000.00
2026-03-04T02:00:00+00:00,10000.00
2026-03-04T02:00:00+00:00,10000.00
2026-03-04T02:15:00+00:00,10000.00
2026-03-04T02:15:00+00:00,10000.00
2026-03-04T02:15:00+00:00,10000.00
2026-03-04T02:30:00+00:00,10000.00
2026-03-04T02:30:00+00:00,10000.00
2026-03-04T02:30:00+00:00,10000.00
2026-03-04T02:45:00+00:00,10000.00
2026-03-04T02:45:00+00:00,10000.00
2026-03-04T02:45:00+00:00,10000.00
2026-03-04T03:00:00+00:00,10000.00
2026-03-04T03:00:00+00:00,10000.00
2026-03-04T03:00:00+00:00,10000.00
2026-03-04T03:15:00+00:00,10000.00
2026-03-04T03:15:00+00:00,10000.00
2026-03-04T03:15:00+00:00,10000.00
2026-03-04T03:30:00+00:00,10000.00
2026-03-04T03:30:00+00:00,10000.00
2026-03-04T03:30:00+00:00,10000.00
2026-03-04T03:45:00+00:00,10000.00
2026-03-04T03:45:00+00:00,10000.00
2026-03-04T03:45:00+00:00,10000.00
2026-03-04T04:00:00+00:00,10000.00
2026-03-04T04:00:00+00:00,10000.00
2026-03-04T04:00:00+00:00,10000.00
2026-03-04T04:15:00+00:00,10000.00
2026-03-04T04:15:00+00:00,10000.00
2026-03-04T04:15:00+00:00,10000.00
2026-03-04T04:30:00+00:00,10000.00
2026-03-04T04:30:00+00:00,10000.00
2026-03-04T04:30:00+00:00,10000.00
2026-03-04T04:45:00+00:00,10000.00
2026-03-04T04:45:00+00:00,10000.00
2026-03-04T04:45:00+00:00,10000.00
2026-03-04T05:00:00+00:00,10000.00
2026-03-04T05:00:00+00:00,10000.00
2026-03-04T05:00:00+00:00,10000.00
2026-03-04T05:15:00+00:00,10000.00
2026-03-04T05:15:00+00:00,10000.00
2026-03-04T05:15:00+00:00,10000.00
2026-03-04T05:30:00+00:00,10000.00
2026-03-04T05:30:00+00:00,10000.00
2026-03-04T05:30:00+00:00,10000.00
2026-03-04T05:45:00+00:00,10000.00
2026-03-04T05:45:00+00:00,10000.00
2026-03-04T05:45:00+00:00,10000.00
2026-03-04T06:00:00+00:00,10000.00
2026-03-04T06:00:00+00:00,10000.00
2026-03-04T06:00:00+00:00,10000.00
2026-03-04T06:15:00+00:00,10000.00
2026-03-04T06:15:00+00:00,10000.00
2026-03-04T06:15:00+00:00,10000.00
2026-03-04T06:30:00+00:00,10000.00
2026-03-04T06:30:00+00:00,10000.00
2026-03-04T06:30:00+00:00,10000.00
2026-03-04T06:45:00+00:00,10000.00
2026-03-04T06:45:00+00:00,10000.00
2026-03-04T06:45:00+00:00,10000.00
2026-03-04T07:00:00+00:00,10000.00
2026-03-04T07:00:00+00:00,10000.00
2026-03-04T07:00:00+00:00,10000.00
2026-03-04T07:15:00+00:00,10000.00
2026-03-04T07:15:00+00:00,10000.00
2026-03-04T07:15:00+00:00,10000.00
2026-03-04T07:30:00+00:00,10000.00
2026-03-04T07:30:00+00:00,10000.00
2026-03-04T07:30:00+00:00,10000.00
2026-03-04T07:45:00+00:00,10000.00
2026-03-04T07:45:00+00:00,10000.00
2026-03-04T07:45:00+00:00,10000.00
2026-03-04T08:00:00+00:00,10000.00
2026-03-04T08:00:00+00:00,10000.00
2026-03-04T08:00:00+00:00,10000.00
2026-03-04T08:15:00+00:00,10000.00
2026-03-04T08:15:00+00:00,10000.00
2026-03-04T08:15:00+00:00,10000.00
2026-03-04T08:30:00+00:00,10000.00
2026-03-04T08:30:00+00:00,10000.00
2026-03-04T08:30:00+00:00,10000.00
2026-03-04T08:45:00+00:00,10000.00
2026-03-04T08:45:00+00:00,10000.00
2026-03-04T08:45:00+00:00,10000.00
2026-03-04T09:00:00+00:00,10000.00
2026-03-04T09:00:00+00:00,10000.00
2026-03-04T09:00:00+00:00,10000.00
2026-03-04T09:15:00+00:00,10000.00
2026-03-04T09:15:00+00:00,10000.00
2026-03-04T09:15:00+00:00,10000.00
2026-03-04T09:30:00+00:00,10000.00
2026-03-04T09:30:00+00:00,10000.00
2026-03-04T09:30:00+00:00,10000.00
2026-03-04T09:45:00+00:00,10000.00
2026-03-04T09:45:00+00:00,10000.00
2026-03-04T09:45:00+00:00,10000.00
2026-03-04T10:00:00+00:00,10000.00
2026-03-04T10:00:00+00:00,10000.00
2026-03-04T10:00:00+00:00,10000.00
2026-03-04T10:15:00+00:00,10000.00
2026-03-04T10:15:00+00:00,10000.00
2026-03-04T10:15:00+00:00,10000.00
2026-03-04T10:30:00+00:00,10000.00
2026-03-04T10:30:00+00:00,10000.00
2026-03-04T10:30:00+00:00,10000.00
2026-03-04T10:45:00+00:00,10000.00
2026-03-04T10:45:00+00:00,10000.00
2026-03-04T10:45:00+00:00,10000.00
2026-03-04T11:00:00+00:00,10000.00
2026-03-04T11:00:00+00:00,10000.00
2026-03-04T11:00:00+00:00,10000.00
2026-03-04T11:15:00+00:00,10000.00
2026-03-04T11:15:00+00:00,10000.00
2026-03-04T11:15:00+00:00,10000.00
2026-03-04T11:30:00+00:00,10000.00
2026-03-04T11:30:00+00:00,10000.00
2026-03-04T11:30:00+00:00,10000.00
2026-03-04T11:45:00+00:00,10000.00
2026-03-04T11:45:00+00:00,10000.00
2026-03-04T11:45:00+00:00,10000.00
2026-03-04T12:00:00+00:00,10000.00
2026-03-04T12:00:00+00:00,10000.00
2026-03-04T12:00:00+00:00,10000.00
2026-03-04T12:15:00+00:00,10000.00
2026-03-04T12:15:00+00:00,10000.00
2026-03-04T12:15:00+00:00,10000.00
2026-03-04T12:30:00+00:00,10000.00
2026-03-04T12:30:00+00:00,10000.00
2026-03-04T12:30:00+00:00,10000.00
2026-03-04T12:45:00+00:00,10000.00
2026-03-04T12:45:00+00:00,10000.00
2026-03-04T12:45:00+00:00,10000.00
2026-03-04T13:00:00+00:00,10000.00
2026-03-04T13:00:00+00:00,10000.00
2026-03-04T13:00:00+00:00,10000.00
2026-03-04T13:15:00+00:00,10000.00
2026-03-04T13:15:00+00:00,10000.00
2026-03-04T13:15:00+00:00,10000.00
2026-03-04T13:30:00+00:00,10000.00
2026-03-04T13:30:00+00:00,10000.00
2026-03-04T13:30:00+00:00,10000.00
2026-03-04T13:45:00+00:00,10000.00
2026-03-04T13:45:00+00:00,10000.00
2026-03-04T13:45:00+00:00,10000.00
2026-03-04T14:00:00+00:00,10000.00
2026-03-04T14:00:00+00:00,10000.00
2026-03-04T14:00:00+00:00,10000.00
2026-03-04T14:15:00+00:00,10000.00
2026-03-04T14:15:00+00:00,10000.00
2026-03-04T14:15:00+00:00,10000.00
2026-03-04T14:30:00+00:00,10000.00
2026-03-04T14:30:00+00:00,10000.00
2026-03-04T14:30:00+00:00,10000.00
2026-03-04T14:45:00+00:00,10000.00
2026-03-04T14:45:00+00:00,10000.00
2026-03-04T14:45:00+00:00,10000.00
2026-03-04T15:00:00+00:00,10000.00
2026-03-04T15:00:00+00:00,10000.00
2026-03-04T15:00:00+00:00,10000.00
2026-03-04T15:15:00+00:00,10000.00
2026-03-04T15:15:00+00:00,10000.00
2026-03-04T15:15:00+00:00,10000.00
2026-03-04T15:30:00+00:00,10000.00
2026-03-04T15:30:00+00:00,10000.00
2026-03-04T15:30:00+00:00,10000.00
2026-03-04T15:45:00+00:00,10000.00
2026-03-04T15:45:00+00:00,10000.00
2026-03-04T15:45:00+00:00,10000.00
2026-03-04T16:00:00+00:00,10000.00
2026-03-04T16:00:00+00:00,10000.00
2026-03-04T16:00:00+00:00,10000.00
2026-03-04T16:15:00+00:00,10000.00
2026-03-04T16:15:00+00:00,10000.00
2026-03-04T16:15:00+00:00,10000.00
2026-03-04T16:30:00+00:00,10000.00
2026-03-04T16:30:00+00:00,10000.00
2026-03-04T16:30:00+00:00,10000.00
2026-03-04T16:45:00+00:00,10000.00
2026-03-04T16:45:00+00:00,10000.00
2026-03-04T16:45:00+00:00,10000.00
2026-03-04T17:00:00+00:00,10000.00
2026-03-04T17:00:00+00:00,10000.00
2026-03-04T17:00:00+00:00,10000.00
2026-03-04T17:15:00+00:00,10000.00
2026-03-04T17:15:00+00:00,10000.00
2026-03-04T17:15:00+00:00,10000.00
2026-03-04T17:30:00+00:00,10000.00
2026-03-04T17:30:00+00:00,10000.00
2026-03-04T17:30:00+00:00,10000.00
2026-03-04T17:45:00+00:00,10000.00
2026-03-04T17:45:00+00:00,10000.00
2026-03-04T17:45:00+00:00,10000.00
2026-03-04T18:00:00+00:00,10000.00
2026-03-04T18:00:00+00:00,10000.00
2026-03-04T18:00:00+00:00,10000.00
2026-03-04T18:15:00+00:00,10000.00
2026-03-04T18:15:00+00:00,10000.00
2026-03-04T18:15:00+00:00,10000.00
2026-03-04T18:30:00+00:00,10000.00
2026-03-04T18:30:00+00:00,10000.00
2026-03-04T18:30:00+00:00,10000.00
2026-03-04T18:45:00+00:00,10000.00
2026-03-04T18:45:00+00:00,10000.00
2026-03-04T18:45:00+00:00,10000.00
2026-03-04T19:00:00+00:00,10000.00
2026-03-04T19:00:00+00:00,10000.00
2026-03-04T19:00:00+00:00,10000.00
2026-03-04T19:15:00+00:00,10000.00
2026-03-04T19:15:00+00:00,10000.00
2026-03-04T19:15:00+00:00,10000.00
2026-03-04T19:30:00+00:00,10000.00
2026-03-04T19:30:00+00:00,10000.00
2026-03-04T19:30:00+00:00,10000.00
2026-03-04T19:45:00+00:00,10000.00
2026-03-04T19:45:00+00:00,10000.00
2026-03-04T19:45:00+00:00,10000.00
2026-03-04T20:00:00+00:00,10000.00
2026-03-04T20:00:00+00:00,10000.00
2026-03-04T20:00:00+00:00,10000.00
2026-03-04T20:15:00+00:00,10000.00
2026-03-04T20:15:00+00:00,10000.00
2026-03-04T20:15:00+00:00,10000.00
2026-03-04T20:30:00+00:00,10000.00
2026-03-04T20:30:00+00:00,10000.00
2026-03-04T20:30:00+00:00,10000.00
2026-03-04T20:45:00+00:00,10000.00
2026-03-04T20:45:00+00:00,10000.00
2026-03-04T20:45:00+00:00,10000.00
2026-03-04T21:00:00+00:00,10000.00
2026-03-04T21:00:00+00:00,10000.00
2026-03-04T21:00:00+00:00,10000.00
2026-03-04T21:15:00+00:00,10000.00
2026-03-04T21:15:00+00:00,10000.00
2026-03-04T21:15:00+00:00,10000.00
2026-03-04T21:30:00+00:00,10000.00
2026-03-04T21:30:00+00:00,10000.00
2026-03-04T21:30:00+00:00,10000.00
2026-03-04T21:45:00+00:00,10000.00
2026-03-04T21:45:00+00:00,10000.00
2026-03-04T21:45:00+00:00,10000.00
2026-03-04T22:00:00+00:00,10000.00
2026-03-04T22:00:00+00:00,10000.00
2026-03-04T22:00:00+00:00,10000.00
2026-03-04T22:15:00+00:00,10000.00
2026-03-04T22:15:00+00:00,10000.00
2026-03-04T22:15:00+00:00,10000.00
2026-03-04T22:30:00+00:00,10000.00
2026-03-04T22:30:00+00:00,10000.00
2026-03-04T22:30:00+00:00,10000.00
2026-03-04T22:45:00+00:00,10000.00
2026-03-04T22:45:00+00:00,10000.00
2026-03-04T22:45:00+00:00,10000.00
2026-03-04T23:00:00+00:00,10000.00
2026-03-04T23:00:00+00:00,10000.00
2026-03-04T23:00:00+00:00,10000.00
2026-03-04T23:15:00+00:00,10000.00
2026-03-04T23:15:00+00:00,10000.00
2026-03-04T23:15:00+00:00,10000.00
2026-03-04T23:30:00+00:00,10000.00
2026-03-04T23:30:00+00:00,10000.00
2026-03-04T23:30:00+00:00,10000.00
2026-03-04T23:45:00+00:00,10000.00
2026-03-04T23:45:00+00:00,10000.00
2026-03-04T23:45:00+00:00,10000.00
2026-03-05T00:00:00+00:00,10000.00
2026-03-05T00:00:00+00:00,10000.00
2026-03-05T00:00:00+00:00,10000.00
2026-03-05T00:15:00+00:00,10000.00
2026-03-05T00:15:00+00:00,10000.00
2026-03-05T00:15:00+00:00,10000.00
2026-03-05T00:30:00+00:00,10000.00
2026-03-05T00:30:00+00:00,10000.00
2026-03-05T00:30:00+00:00,10000.00
2026-03-05T00:45:00+00:00,10000.00
2026-03-05T00:45:00+00:00,10000.00
2026-03-05T00:45:00+00:00,10000.00
2026-03-05T01:00:00+00:00,10000.00
2026-03-05T01:00:00+00:00,10000.00
2026-03-05T01:00:00+00:00,10000.00
2026-03-05T01:15:00+00:00,10000.00
2026-03-05T01:15:00+00:00,10000.00
2026-03-05T01:15:00+00:00,10000.00
2026-03-05T01:30:00+00:00,10000.00
2026-03-05T01:30:00+00:00,10000.00
2026-03-05T01:30:00+00:00,10000.00
2026-03-05T01:45:00+00:00,10000.00
2026-03-05T01:45:00+00:00,10000.00
2026-03-05T01:45:00+00:00,10000.00
2026-03-05T02:00:00+00:00,10000.00
2026-03-05T02:00:00+00:00,10000.00
2026-03-05T02:00:00+00:00,10000.00
2026-03-05T02:15:00+00:00,10000.00
2026-03-05T02:15:00+00:00,10000.00
2026-03-05T02:15:00+00:00,10000.00
2026-03-05T02:30:00+00:00,10000.00
2026-03-05T02:30:00+00:00,10000.00
2026-03-05T02:30:00+00:00,10000.00
2026-03-05T02:45:00+00:00,10000.00
2026-03-05T02:45:00+00:00,10000.00
2026-03-05T02:45:00+00:00,10000.00
2026-03-05T03:00:00+00:00,10000.00
2026-03-05T03:00:00+00:00,10000.00
2026-03-05T03:00:00+00:00,10000.00
2026-03-05T03:15:00+00:00,10000.00
2026-03-05T03:15:00+00:00,10000.00
2026-03-05T03:15:00+00:00,10000.00
2026-03-05T03:30:00+00:00,10000.00
2026-03-05T03:30:00+00:00,10000.00
2026-03-05T03:30:00+00:00,10000.00
2026-03-05T03:45:00+00:00,10000.00
2026-03-05T03:45:00+00:00,10000.00
2026-03-05T03:45:00+00:00,10000.00
2026-03-05T04:00:00+00:00,10000.00
2026-03-05T04:00:00+00:00,10000.00
2026-03-05T04:00:00+00:00,10000.00
2026-03-05T04:15:00+00:00,10000.00
2026-03-05T04:15:00+00:00,10000.00
2026-03-05T04:15:00+00:00,10000.00
2026-03-05T04:30:00+00:00,10000.00
2026-03-05T04:30:00+00:00,10000.00
2026-03-05T04:30:00+00:00,10000.00
2026-03-05T04:45:00+00:00,10000.00
2026-03-05T04:45:00+00:00,10000.00
2026-03-05T04:45:00+00:00,10000.00
2026-03-05T05:00:00+00:00,10000.00
2026-03-05T05:00:00+00:00,10000.00
2026-03-05T05:00:00+00:00,10000.00
2026-03-05T05:15:00+00:00,10000.00
2026-03-05T05:15:00+00:00,10000.00
2026-03-05T05:15:00+00:00,10000.00
2026-03-05T05:30:00+00:00,10000.00
2026-03-05T05:30:00+00:00,10000.00
2026-03-05T05:30:00+00:00,10000.00
2026-03-05T05:45:00+00:00,10000.00
2026-03-05T05:45:00+00:00,10000.00
2026-03-05T05:45:00+00:00,10000.00
2026-03-05T06:00:00+00:00,10000.00
2026-03-05T06:00:00+00:00,10000.00
2026-03-05T06:00:00+00:00,10000.00
2026-03-05T06:15:00+00:00,10000.00
2026-03-05T06:15:00+00:00,10000.00
2026-03-05T06:15:00+00:00,10000.00
2026-03-05T06:30:00+00:00,10000.00
2026-03-05T06:30:00+00:00,10000.00
2026-03-05T06:30:00+00:00,10000.00
2026-03-05T06:45:00+00:00,10000.00
2026-03-05T06:45:00+00:00,10000.00
2026-03-05T06:45:00+00:00,10000.00
2026-03-05T07:00:00+00:00,10000.00
2026-03-05T07:00:00+00:00,10000.00
2026-03-05T07:00:00+00:00,10000.00
2026-03-05T07:15:00+00:00,10000.00
2026-03-05T07:15:00+00:00,10000.00
2026-03-05T07:15:00+00:00,10000.00
2026-03-05T07:30:00+00:00,10000.00
2026-03-05T07:30:00+00:00,10000.00
2026-03-05T07:30:00+00:00,10000.00
2026-03-05T07:45:00+00:00,10000.00
2026-03-05T07:45:00+00:00,10000.00
2026-03-05T07:45:00+00:00,10000.00
2026-03-05T08:00:00+00:00,10000.00
2026-03-05T08:00:00+00:00,10000.00
2026-03-05T08:00:00+00:00,10000.00
2026-03-05T08:15:00+00:00,10000.00
2026-03-05T08:15:00+00:00,10000.00
2026-03-05T08:15:00+00:00,10000.00
2026-03-05T08:30:00+00:00,10000.00
2026-03-05T08:30:00+00:00,10000.00
2026-03-05T08:30:00+00:00,10000.00
2026-03-05T08:45:00+00:00,10000.00
2026-03-05T08:45:00+00:00,10000.00
2026-03-05T08:45:00+00:00,10000.00
2026-03-05T09:00:00+00:00,10000.00
2026-03-05T09:00:00+00:00,10000.00
2026-03-05T09:00:00+00:00,10000.00
2026-03-05T09:15:00+00:00,10000.00
2026-03-05T09:15:00+00:00,10000.00
2026-03-05T09:15:00+00:00,10000.00
2026-03-05T09:30:00+00:00,10000.00
2026-03-05T09:30:00+00:00,10000.00
2026-03-05T09:30:00+00:00,10000.00
2026-03-05T09:45:00+00:00,10000.00
2026-03-05T09:45:00+00:00,10000.00
2026-03-05T09:45:00+00:00,10000.00
2026-03-05T10:00:00+00:00,10000.00
2026-03-05T10:00:00+00:00,10000.00
2026-03-05T10:00:00+00:00,10000.00
2026-03-05T10:15:00+00:00,10000.00
2026-03-05T10:15:00+00:00,10000.00
2026-03-05T10:15:00+00:00,10000.00
2026-03-05T10:30:00+00:00,10000.00
2026-03-05T10:30:00+00:00,10000.00
2026-03-05T10:30:00+00:00,10000.00
2026-03-05T10:45:00+00:00,10000.00
2026-03-05T10:45:00+00:00,10000.00
2026-03-05T10:45:00+00:00,10000.00
2026-03-05T11:00:00+00:00,10000.00
2026-03-05T11:00:00+00:00,10000.00
2026-03-05T11:00:00+00:00,10000.00
2026-03-05T11:15:00+00:00,10000.00
2026-03-05T11:15:00+00:00,10000.00
2026-03-05T11:15:00+00:00,10000.00
2026-03-05T11:30:00+00:00,10000.00
2026-03-05T11:30:00+00:00,10000.00
2026-03-05T11:30:00+00:00,10000.00
2026-03-05T11:45:00+00:00,10000.00
2026-03-05T11:45:00+00:00,10000.00
2026-03-05T11:45:00+00:00,10000.00
2026-03-05T12:00:00+00:00,10000.00
2026-03-05T12:00:00+00:00,10000.00
2026-03-05T12:00:00+00:00,10000.00
2026-03-05T12:15:00+00:00,10000.00
2026-03-05T12:15:00+00:00,10000.00
2026-03-05T12:15:00+00:00,10000.00
2026-03-05T12:30:00+00:00,10000.00
2026-03-05T12:30:00+00:00,10000.00
2026-03-05T12:30:00+00:00,10000.00
2026-03-05T12:45:00+00:00,10000.00
2026-03-05T12:45:00+00:00,10000.00
2026-03-05T12:45:00+00:00,10000.00
2026-03-05T13:00:00+00:00,10000.00
2026-03-05T13:00:00+00:00,10000.00
2026-03-05T13:00:00+00:00,10000.00
2026-03-05T13:15:00+00:00,10000.00
2026-03-05T13:15:00+00:00,10000.00
2026-03-05T13:15:00+00:00,10000.00
2026-03-05T13:30:00+00:00,10000.00
2026-03-05T13:30:00+00:00,10000.00
2026-03-05T13:30:00+00:00,10000.00
2026-03-05T13:45:00+00:00,10000.00
2026-03-05T13:45:00+00:00,10000.00
2026-03-05T13:45:00+00:00,10000.00
2026-03-05T14:00:00+00:00,10000.00
2026-03-05T14:00:00+00:00,10000.00
2026-03-05T14:00:00+00:00,10000.00
2026-03-05T14:15:00+00:00,10000.00
2026-03-05T14:15:00+00:00,10000.00
2026-03-05T14:15:00+00:00,10000.00
2026-03-05T14:30:00+00:00,10000.00
2026-03-05T14:30:00+00:00,10000.00
2026-03-05T14:30:00+00:00,10000.00
2026-03-05T14:45:00+00:00,10000.00
2026-03-05T14:45:00+00:00,10000.00
2026-03-05T14:45:00+00:00,10000.00
2026-03-05T15:00:00+00:00,10000.00
2026-03-05T15:00:00+00:00,10000.00
2026-03-05T15:00:00+00:00,10000.00
2026-03-05T15:15:00+00:00,10000.00
2026-03-05T15:15:00+00:00,10000.00
2026-03-05T15:15:00+00:00,10000.00
2026-03-05T15:30:00+00:00,10000.00
2026-03-05T15:30:00+00:00,10000.00
2026-03-05T15:30:00+00:00,10000.00
2026-03-05T15:45:00+00:00,10000.00
2026-03-05T15:45:00+00:00,10000.00
2026-03-05T15:45:00+00:00,10000.00
2026-03-05T16:00:00+00:00,10000.00
2026-03-05T16:00:00+00:00,10000.00
2026-03-05T16:00:00+00:00,10000.00
2026-03-05T16:15:00+00:00,10000.00
2026-03-05T16:15:00+00:00,10000.00
2026-03-05T16:15:00+00:00,10000.00
2026-03-05T16:30:00+00:00,10000.00
2026-03-05T16:30:00+00:00,10000.00
2026-03-05T16:30:00+00:00,10000.00
2026-03-05T16:45:00+00:00,10000.00
2026-03-05T16:45:00+00:00,10000.00
2026-03-05T16:45:00+00:00,10000.00
2026-03-05T17:00:00+00:00,10000.00
2026-03-05T17:00:00+00:00,10000.00
2026-03-05T17:00:00+00:00,10000.00
2026-03-05T17:15:00+00:00,10000.00
2026-03-05T17:15:00+00:00,10000.00
2026-03-05T17:15:00+00:00,10000.00
2026-03-05T17:30:00+00:00,10000.00
2026-03-05T17:30:00+00:00,10000.00
2026-03-05T17:30:00+00:00,10000.00
2026-03-05T17:45:00+00:00,10000.00
2026-03-05T17:45:00+00:00,10000.00
2026-03-05T17:45:00+00:00,10000.00
2026-03-05T18:00:00+00:00,10000.00
2026-03-05T18:00:00+00:00,10000.00
2026-03-05T18:00:00+00:00,10000.00
2026-03-05T18:15:00+00:00,10000.00
2026-03-05T18:15:00+00:00,10000.00
2026-03-05T18:15:00+00:00,10000.00
2026-03-05T18:30:00+00:00,10000.00
2026-03-05T18:30:00+00:00,10000.00
2026-03-05T18:30:00+00:00,10000.00
2026-03-05T18:45:00+00:00,10000.00
2026-03-05T18:45:00+00:00,10000.00
2026-03-05T18:45:00+00:00,10000.00
2026-03-05T19:00:00+00:00,10000.00
2026-03-05T19:00:00+00:00,10000.00
2026-03-05T19:00:00+00:00,10000.00
2026-03-05T19:15:00+00:00,10000.00
2026-03-05T19:15:00+00:00,10000.00
2026-03-05T19:15:00+00:00,10000.00
2026-03-05T19:30:00+00:00,10000.00
2026-03-05T19:30:00+00:00,10000.00
2026-03-05T19:30:00+00:00,10000.00
2026-03-05T19:45:00+00:00,10000.00
2026-03-05T19:45:00+00:00,10000.00
2026-03-05T19:45:00+00:00,10000.00
2026-03-05T20:00:00+00:00,10000.00
2026-03-05T20:00:00+00:00,10000.00
2026-03-05T20:00:00+00:00,10000.00
2026-03-05T20:15:00+00:00,10000.00
2026-03-05T20:15:00+00:00,10000.00
2026-03-05T20:15:00+00:00,10000.00
2026-03-05T20:30:00+00:00,10000.00
2026-03-05T20:30:00+00:00,10000.00
2026-03-05T20:30:00+00:00,10000.00
2026-03-05T20:45:00+00:00,10000.00
2026-03-05T20:45:00+00:00,10000.00
2026-03-05T20:45:00+00:00,10000.00
2026-03-05T21:00:00+00:00,10000.00
2026-03-05T21:00:00+00:00,10000.00
2026-03-05T21:00:00+00:00,10000.00
2026-03-05T21:15:00+00:00,10000.00
2026-03-05T21:15:00+00:00,10000.00
2026-03-05T21:15:00+00:00,10000.00
2026-03-05T21:30:00+00:00,10000.00
2026-03-05T21:30:00+00:00,10000.00
2026-03-05T21:30:00+00:00,10000.00
2026-03-05T21:45:00+00:00,10000.00
2026-03-05T21:45:00+00:00,10000.00
2026-03-05T21:45:00+00:00,10000.00
2026-03-05T22:00:00+00:00,10000.00
2026-03-05T22:00:00+00:00,10000.00
2026-03-05T22:00:00+00:00,10000.00
2026-03-05T22:15:00+00:00,10000.00
2026-03-05T22:15:00+00:00,10000.00
2026-03-05T22:15:00+00:00,10000.00
2026-03-05T22:30:00+00:00,10000.00
2026-03-05T22:30:00+00:00,10000.00
2026-03-05T22:30:00+00:00,10000.00
2026-03-05T22:45:00+00:00,10000.00
2026-03-05T22:45:00+00:00,10000.00
2026-03-05T22:45:00+00:00,10000.00
2026-03-05T23:00:00+00:00,10000.00
2026-03-05T23:00:00+00:00,10000.00
2026-03-05T23:00:00+00:00,10000.00
2026-03-05T23:15:00+00:00,10000.00
2026-03-05T23:15:00+00:00,10000.00
2026-03-05T23:15:00+00:00,10000.00
2026-03-05T23:30:00+00:00,10000.00
2026-03-05T23:30:00+00:00,10000.00
2026-03-05T23:30:00+00:00,10000.00
2026-03-05T23:45:00+00:00,10000.00
2026-03-05T23:45:00+00:00,10000.00
2026-03-05T23:45:00+00:00,10000.00
2026-03-06T00:00:00+00:00,10000.00
2026-03-06T00:00:00+00:00,10000.00
2026-03-06T00:00:00+00:00,10000.00
2026-03-06T00:15:00+00:00,10000.00
2026-03-06T00:15:00+00:00,10000.00
2026-03-06T00:15:00+00:00,10000.00
2026-03-06T00:30:00+00:00,10000.00
2026-03-06T00:30:00+00:00,10000.00
2026-03-06T00:30:00+00:00,10000.00
2026-03-06T00:45:00+00:00,10000.00
2026-03-06T00:45:00+00:00,10000.00
2026-03-06T00:45:00+00:00,10000.00
2026-03-06T01:00:00+00:00,10000.00
2026-03-06T01:00:00+00:00,10000.00
2026-03-06T01:00:00+00:00,10000.00
2026-03-06T01:15:00+00:00,10000.00
2026-03-06T01:15:00+00:00,10000.00
2026-03-06T01:15:00+00:00,10000.00
2026-03-06T01:30:00+00:00,10000.00
2026-03-06T01:30:00+00:00,10000.00
2026-03-06T01:30:00+00:00,10000.00
2026-03-06T01:45:00+00:00,10000.00
2026-03-06T01:45:00+00:00,10000.00
2026-03-06T01:45:00+00:00,10000.00
2026-03-06T02:00:00+00:00,10000.00
2026-03-06T02:00:00+00:00,10000.00
2026-03-06T02:00:00+00:00,10000.00
2026-03-06T02:15:00+00:00,10000.00
2026-03-06T02:15:00+00:00,10000.00
2026-03-06T02:15:00+00:00,10000.00
2026-03-06T02:30:00+00:00,10000.00
2026-03-06T02:30:00+00:00,10000.00
2026-03-06T02:30:00+00:00,10000.00
2026-03-06T02:45:00+00:00,10000.00
2026-03-06T02:45:00+00:00,10000.00
2026-03-06T02:45:00+00:00,10000.00
2026-03-06T03:00:00+00:00,10000.00
2026-03-06T03:00:00+00:00,10000.00
2026-03-06T03:00:00+00:00,10000.00
2026-03-06T03:15:00+00:00,10000.00
2026-03-06T03:15:00+00:00,10000.00
2026-03-06T03:15:00+00:00,10000.00
2026-03-06T03:30:00+00:00,10000.00
2026-03-06T03:30:00+00:00,10000.00
2026-03-06T03:30:00+00:00,10000.00
2026-03-06T03:45:00+00:00,10000.00
2026-03-06T03:45:00+00:00,10000.00
2026-03-06T03:45:00+00:00,10000.00
2026-03-06T04:00:00+00:00,10000.00
2026-03-06T04:00:00+00:00,10000.00
2026-03-06T04:00:00+00:00,10000.00
2026-03-06T04:15:00+00:00,10000.00
2026-03-06T04:15:00+00:00,10000.00
2026-03-06T04:15:00+00:00,10000.00
2026-03-06T04:30:00+00:00,10000.00
2026-03-06T04:30:00+00:00,10000.00
2026-03-06T04:30:00+00:00,10000.00
2026-03-06T04:45:00+00:00,10000.00
2026-03-06T04:45:00+00:00,10000.00
2026-03-06T04:45:00+00:00,10000.00
2026-03-06T05:00:00+00:00,10000.00
2026-03-06T05:00:00+00:00,10000.00
2026-03-06T05:00:00+00:00,10000.00
2026-03-06T05:15:00+00:00,10000.00
2026-03-06T05:15:00+00:00,10000.00
2026-03-06T05:15:00+00:00,10000.00
2026-03-06T05:30:00+00:00,10000.00
2026-03-06T05:30:00+00:00,10000.00
2026-03-06T05:30:00+00:00,10000.00
2026-03-06T05:45:00+00:00,10000.00
2026-03-06T05:45:00+00:00,10000.00
2026-03-06T05:45:00+00:00,10000.00
2026-03-06T06:00:00+00:00,10000.00
2026-03-06T06:00:00+00:00,10000.00
2026-03-06T06:00:00+00:00,10000.00
2026-03-06T06:15:00+00:00,10000.00
2026-03-06T06:15:00+00:00,10000.00
2026-03-06T06:15:00+00:00,10000.00
2026-03-06T06:30:00+00:00,10000.00
2026-03-06T06:30:00+00:00,10000.00
2026-03-06T06:30:00+00:00,10000.00
2026-03-06T06:45:00+00:00,10000.00
2026-03-06T06:45:00+00:00,10000.00
2026-03-06T06:45:00+00:00,10000.00
2026-03-06T07:00:00+00:00,10000.00
2026-03-06T07:00:00+00:00,10000.00
2026-03-06T07:00:00+00:00,10000.00
2026-03-06T07:15:00+00:00,10000.00
2026-03-06T07:15:00+00:00,10000.00
2026-03-06T07:15:00+00:00,10000.00
2026-03-06T07:30:00+00:00,10000.00
2026-03-06T07:30:00+00:00,10000.00
2026-03-06T07:30:00+00:00,10000.00
2026-03-06T07:45:00+00:00,10000.00
2026-03-06T07:45:00+00:00,10000.00
2026-03-06T07:45:00+00:00,10000.00
2026-03-06T08:00:00+00:00,10000.00
2026-03-06T08:00:00+00:00,10000.00
2026-03-06T08:00:00+00:00,10000.00
2026-03-06T08:15:00+00:00,10000.00
2026-03-06T08:15:00+00:00,10000.00
2026-03-06T08:15:00+00:00,10000.00
2026-03-06T08:30:00+00:00,10000.00
2026-03-06T08:30:00+00:00,10000.00
2026-03-06T08:30:00+00:00,10000.00
2026-03-06T08:45:00+00:00,10000.00
2026-03-06T08:45:00+00:00,10000.00
2026-03-06T08:45:00+00:00,10000.00
2026-03-06T09:00:00+00:00,10000.00
2026-03-06T09:00:00+00:00,10000.00
2026-03-06T09:00:00+00:00,10000.00
2026-03-06T09:15:00+00:00,10000.00
2026-03-06T09:15:00+00:00,10000.00
2026-03-06T09:15:00+00:00,10000.00
2026-03-06T09:30:00+00:00,10000.00
2026-03-06T09:30:00+00:00,10000.00
2026-03-06T09:30:00+00:00,10000.00
2026-03-06T09:45:00+00:00,10000.00
2026-03-06T09:45:00+00:00,10000.00
2026-03-06T09:45:00+00:00,10000.00
2026-03-06T10:00:00+00:00,10000.00
2026-03-06T10:00:00+00:00,10000.00
2026-03-06T10:00:00+00:00,10000.00
2026-03-06T10:15:00+00:00,10000.00
2026-03-06T10:15:00+00:00,10000.00
2026-03-06T10:15:00+00:00,10000.00
2026-03-06T10:30:00+00:00,10000.00
2026-03-06T10:30:00+00:00,10000.00
2026-03-06T10:30:00+00:00,10000.00
2026-03-06T10:45:00+00:00,10000.00
2026-03-06T10:45:00+00:00,10000.00
2026-03-06T10:45:00+00:00,10000.00
2026-03-06T11:00:00+00:00,10000.00
2026-03-06T11:00:00+00:00,10000.00
2026-03-06T11:00:00+00:00,10000.00
2026-03-06T11:15:00+00:00,10000.00
2026-03-06T11:15:00+00:00,10000.00
2026-03-06T11:15:00+00:00,10000.00
2026-03-06T11:30:00+00:00,10000.00
2026-03-06T11:30:00+00:00,10000.00
2026-03-06T11:30:00+00:00,10000.00
2026-03-06T11:45:00+00:00,10000.00
2026-03-06T11:45:00+00:00,10000.00
2026-03-06T11:45:00+00:00,10000.00
2026-03-06T12:00:00+00:00,10000.00
2026-03-06T12:00:00+00:00,10000.00
2026-03-06T12:00:00+00:00,10000.00
2026-03-06T12:15:00+00:00,10000.00
2026-03-06T12:15:00+00:00,10000.00
2026-03-06T12:15:00+00:00,10000.00
2026-03-06T12:30:00+00:00,10000.00
2026-03-06T12:30:00+00:00,10000.00
2026-03-06T12:30:00+00:00,10000.00
2026-03-06T12:45:00+00:00,10000.00
2026-03-06T12:45:00+00:00,10000.00
2026-03-06T12:45:00+00:00,10000.00
2026-03-06T13:00:00+00:00,10000.00
2026-03-06T13:00:00+00:00,10000.00
2026-03-06T13:00:00+00:00,10000.00
2026-03-06T13:15:00+00:00,10000.00
2026-03-06T13:15:00+00:00,10000.00
2026-03-06T13:15:00+00:00,10000.00
2026-03-06T13:30:00+00:00,10000.00
2026-03-06T13:30:00+00:00,10000.00
2026-03-06T13:30:00+00:00,10000.00
2026-03-06T13:45:00+00:00,10000.00
2026-03-06T13:45:00+00:00,10000.00
2026-03-06T13:45:00+00:00,10000.00
2026-03-06T14:00:00+00:00,10000.00
2026-03-06T14:00:00+00:00,10000.00
2026-03-06T14:00:00+00:00,10000.00
2026-03-06T14:15:00+00:00,10000.00
2026-03-06T14:15:00+00:00,10000.00
2026-03-06T14:15:00+00:00,10000.00
2026-03-06T14:30:00+00:00,10000.00
2026-03-06T14:30:00+00:00,10000.00
2026-03-06T14:30:00+00:00,10000.00
2026-03-06T14:45:00+00:00,10000.00
2026-03-06T14:45:00+00:00,10000.00
2026-03-06T14:45:00+00:00,10000.00
2026-03-06T15:00:00+00:00,10000.00
2026-03-06T15:00:00+00:00,10000.00
2026-03-06T15:00:00+00:00,10000.00
2026-03-06T15:15:00+00:00,10000.00
2026-03-06T15:15:00+00:00,10000.00
2026-03-06T15:15:00+00:00,10000.00
2026-03-06T15:30:00+00:00,10000.00
2026-03-06T15:30:00+00:00,10000.00
2026-03-06T15:30:00+00:00,10000.00
2026-03-06T15:45:00+00:00,10000.00
2026-03-06T15:45:00+00:00,10000.00
2026-03-06T15:45:00+00:00,10000.00
2026-03-06T16:00:00+00:00,10000.00
2026-03-06T16:00:00+00:00,10000.00
2026-03-06T16:00:00+00:00,10000.00
2026-03-06T16:15:00+00:00,10000.00
2026-03-06T16:15:00+00:00,10000.00
2026-03-06T16:15:00+00:00,10000.00
2026-03-06T16:30:00+00:00,10000.00
2026-03-06T16:30:00+00:00,10000.00
2026-03-06T16:30:00+00:00,10000.00
2026-03-06T16:45:00+00:00,10000.00
2026-03-06T16:45:00+00:00,10000.00
2026-03-06T16:45:00+00:00,10000.00
2026-03-06T17:00:00+00:00,10000.00
2026-03-06T17:00:00+00:00,10000.00
2026-03-06T17:00:00+00:00,10000.00
2026-03-06T17:15:00+00:00,10000.00
2026-03-06T17:15:00+00:00,10000.00
2026-03-06T17:15:00+00:00,10000.00
2026-03-06T17:30:00+00:00,10000.00
2026-03-06T17:30:00+00:00,10000.00
2026-03-06T17:30:00+00:00,10000.00
2026-03-06T17:45:00+00:00,10000.00
2026-03-06T17:45:00+00:00,10000.00
2026-03-06T17:45:00+00:00,10000.00
2026-03-06T18:00:00+00:00,10000.00
2026-03-06T18:00:00+00:00,10000.00
2026-03-06T18:00:00+00:00,10000.00
2026-03-06T18:15:00+00:00,10000.00
2026-03-06T18:15:00+00:00,10000.00
2026-03-06T18:15:00+00:00,10000.00
2026-03-06T18:30:00+00:00,10000.00
2026-03-06T18:30:00+00:00,10000.00
2026-03-06T18:30:00+00:00,10000.00
2026-03-06T18:45:00+00:00,10000.00
2026-03-06T18:45:00+00:00,10000.00
2026-03-06T18:45:00+00:00,10000.00
2026-03-06T19:00:00+00:00,10000.00
2026-03-06T19:00:00+00:00,10000.00
2026-03-06T19:00:00+00:00,10000.00
2026-03-06T19:15:00+00:00,10000.00
2026-03-06T19:15:00+00:00,10000.00
2026-03-06T19:15:00+00:00,10000.00
2026-03-06T19:30:00+00:00,10000.00
2026-03-06T19:30:00+00:00,10000.00
2026-03-06T19:30:00+00:00,10000.00
2026-03-06T19:45:00+00:00,10000.00
2026-03-06T19:45:00+00:00,10000.00
2026-03-06T19:45:00+00:00,10000.00
2026-03-06T20:00:00+00:00,10000.00
2026-03-06T20:00:00+00:00,10000.00
2026-03-06T20:00:00+00:00,10000.00
2026-03-06T20:15:00+00:00,10000.00
2026-03-06T20:15:00+00:00,10000.00
2026-03-06T20:15:00+00:00,10000.00
2026-03-06T20:30:00+00:00,10000.00
2026-03-06T20:30:00+00:00,10000.00
2026-03-06T20:30:00+00:00,10000.00
2026-03-06T20:45:00+00:00,10000.00
2026-03-06T20:45:00+00:00,10000.00
2026-03-06T20:45:00+00:00,10000.00
2026-03-06T21:00:00+00:00,10000.00
2026-03-06T21:00:00+00:00,10000.00
2026-03-06T21:00:00+00:00,10000.00
2026-03-06T21:15:00+00:00,10000.00
2026-03-06T21:15:00+00:00,10000.00
2026-03-06T21:15:00+00:00,10000.00
2026-03-06T21:30:00+00:00,10000.00
2026-03-06T21:30:00+00:00,10000.00
2026-03-06T21:30:00+00:00,10000.00
2026-03-06T21:45:00+00:00,10000.00
2026-03-06T21:45:00+00:00,10000.00
2026-03-06T21:45:00+00:00,10000.00
2026-03-06T22:00:00+00:00,10000.00
2026-03-06T22:00:00+00:00,10000.00
2026-03-06T22:00:00+00:00,10000.00
2026-03-06T22:15:00+00:00,10000.00
2026-03-06T22:15:00+00:00,10000.00
2026-03-06T22:15:00+00:00,10000.00
2026-03-06T22:30:00+00:00,10000.00
2026-03-06T22:30:00+00:00,10000.00
2026-03-06T22:30:00+00:00,10000.00
2026-03-06T22:45:00+00:00,10000.00
2026-03-06T22:45:00+00:00,10000.00
2026-03-06T22:45:00+00:00,10000.00
2026-03-06T23:00:00+00:00,10000.00
2026-03-06T23:00:00+00:00,10000.00
2026-03-06T23:00:00+00:00,10000.00
2026-03-06T23:15:00+00:00,10000.00
2026-03-06T23:15:00+00:00,10000.00
2026-03-06T23:15:00+00:00,10000.00
2026-03-06T23:30:00+00:00,10000.00
2026-03-06T23:30:00+00:00,10000.00
2026-03-06T23:30:00+00:00,10000.00
2026-03-06T23:45:00+00:00,10000.00
2026-03-06T23:45:00+00:00,10000.00
2026-03-06T23:45:00+00:00,10000.00
2026-03-07T00:00:00+00:00,10000.00
2026-03-07T00:00:00+00:00,10000.00
2026-03-07T00:00:00+00:00,10000.00
2026-03-07T00:15:00+00:00,10000.00
2026-03-07T00:15:00+00:00,10000.00
2026-03-07T00:15:00+00:00,10000.00
2026-03-07T00:30:00+00:00,10000.00
2026-03-07T00:30:00+00:00,10000.00
2026-03-07T00:30:00+00:00,10000.00
2026-03-07T00:45:00+00:00,10000.00
2026-03-07T00:45:00+00:00,10000.00
2026-03-07T00:45:00+00:00,10000.00
2026-03-07T01:00:00+00:00,10000.00
2026-03-07T01:00:00+00:00,10000.00
2026-03-07T01:00:00+00:00,10000.00
2026-03-07T01:15:00+00:00,10000.00
2026-03-07T01:15:00+00:00,10000.00
2026-03-07T01:15:00+00:00,10000.00
2026-03-07T01:30:00+00:00,10000.00
2026-03-07T01:30:00+00:00,10000.00
2026-03-07T01:30:00+00:00,10000.00
2026-03-07T01:45:00+00:00,10000.00
2026-03-07T01:45:00+00:00,10000.00
2026-03-07T01:45:00+00:00,10000.00
2026-03-07T02:00:00+00:00,10000.00
2026-03-07T02:00:00+00:00,10000.00
2026-03-07T02:00:00+00:00,10000.00
2026-03-07T02:15:00+00:00,10000.00
2026-03-07T02:15:00+00:00,10000.00
2026-03-07T02:15:00+00:00,10000.00
2026-03-07T02:30:00+00:00,10000.00
2026-03-07T02:30:00+00:00,10000.00
2026-03-07T02:30:00+00:00,10000.00
2026-03-07T02:45:00+00:00,10000.00
2026-03-07T02:45:00+00:00,10000.00
2026-03-07T02:45:00+00:00,10000.00
2026-03-07T03:00:00+00:00,10000.00
2026-03-07T03:00:00+00:00,10000.00
2026-03-07T03:00:00+00:00,10000.00
2026-03-07T03:15:00+00:00,10000.00
2026-03-07T03:15:00+00:00,10000.00
2026-03-07T03:15:00+00:00,10000.00
2026-03-07T03:30:00+00:00,10000.00
2026-03-07T03:30:00+00:00,10000.00
2026-03-07T03:30:00+00:00,10000.00
2026-03-07T03:45:00+00:00,10000.00
2026-03-07T03:45:00+00:00,10000.00
2026-03-07T03:45:00+00:00,10000.00
2026-03-07T04:00:00+00:00,10000.00
2026-03-07T04:00:00+00:00,10000.00
2026-03-07T04:00:00+00:00,10000.00
2026-03-07T04:15:00+00:00,10000.00
2026-03-07T04:15:00+00:00,10000.00
2026-03-07T04:15:00+00:00,10000.00
2026-03-07T04:30:00+00:00,10000.00
2026-03-07T04:30:00+00:00,10000.00
2026-03-07T04:30:00+00:00,10000.00
2026-03-07T04:45:00+00:00,10000.00
2026-03-07T04:45:00+00:00,10000.00
2026-03-07T04:45:00+00:00,10000.00
2026-03-07T05:00:00+00:00,10000.00
2026-03-07T05:00:00+00:00,10000.00
2026-03-07T05:00:00+00:00,10000.00
2026-03-07T05:15:00+00:00,10000.00
2026-03-07T05:15:00+00:00,10000.00
2026-03-07T05:15:00+00:00,10000.00
2026-03-07T05:30:00+00:00,10000.00
2026-03-07T05:30:00+00:00,10000.00
2026-03-07T05:30:00+00:00,10000.00
2026-03-07T05:45:00+00:00,10000.00
2026-03-07T05:45:00+00:00,10000.00
2026-03-07T05:45:00+00:00,10000.00
2026-03-07T06:00:00+00:00,10000.00
2026-03-07T06:00:00+00:00,10000.00
2026-03-07T06:00:00+00:00,10000.00
2026-03-07T06:15:00+00:00,10000.00
2026-03-07T06:15:00+00:00,10000.00
2026-03-07T06:15:00+00:00,10000.00
2026-03-07T06:30:00+00:00,10000.00
2026-03-07T06:30:00+00:00,10000.00
2026-03-07T06:30:00+00:00,10000.00
2026-03-07T06:45:00+00:00,10000.00
2026-03-07T06:45:00+00:00,10000.00
2026-03-07T06:45:00+00:00,10000.00
2026-03-07T07:00:00+00:00,10000.00
2026-03-07T07:00:00+00:00,10000.00
2026-03-07T07:00:00+00:00,10000.00
2026-03-07T07:15:00+00:00,10000.00
2026-03-07T07:15:00+00:00,10000.00
2026-03-07T07:15:00+00:00,10000.00
2026-03-07T07:30:00+00:00,10000.00
2026-03-07T07:30:00+00:00,10000.00
2026-03-07T07:30:00+00:00,10000.00
2026-03-07T07:45:00+00:00,10000.00
2026-03-07T07:45:00+00:00,10000.00
2026-03-07T07:45:00+00:00,10000.00
2026-03-07T08:00:00+00:00,10000.00
2026-03-07T08:00:00+00:00,10000.00
2026-03-07T08:00:00+00:00,10000.00
2026-03-07T08:15:00+00:00,10000.00
2026-03-07T08:15:00+00:00,10000.00
2026-03-07T08:15:00+00:00,10000.00
2026-03-07T08:30:00+00:00,10000.00
2026-03-07T08:30:00+00:00,10000.00
2026-03-07T08:30:00+00:00,10000.00
2026-03-07T08:45:00+00:00,10000.00
2026-03-07T08:45:00+00:00,10000.00
2026-03-07T08:45:00+00:00,10000.00
2026-03-07T09:00:00+00:00,10000.00
2026-03-07T09:00:00+00:00,10000.00
2026-03-07T09:00:00+00:00,10000.00
2026-03-07T09:15:00+00:00,10000.00
2026-03-07T09:15:00+00:00,10000.00
2026-03-07T09:15:00+00:00,10000.00
2026-03-07T09:30:00+00:00,10000.00
2026-03-07T09:30:00+00:00,10000.00
2026-03-07T09:30:00+00:00,10000.00
2026-03-07T09:45:00+00:00,10000.00
2026-03-07T09:45:00+00:00,10000.00
2026-03-07T09:45:00+00:00,10000.00
2026-03-07T10:00:00+00:00,10000.00
2026-03-07T10:00:00+00:00,10000.00
2026-03-07T10:00:00+00:00,10000.00
2026-03-07T10:15:00+00:00,10000.00
2026-03-07T10:15:00+00:00,10000.00
2026-03-07T10:15:00+00:00,10000.00
2026-03-07T10:30:00+00:00,10000.00
2026-03-07T10:30:00+00:00,10000.00
2026-03-07T10:30:00+00:00,10000.00
2026-03-07T10:45:00+00:00,10000.00
2026-03-07T10:45:00+00:00,10000.00
2026-03-07T10:45:00+00:00,10000.00
2026-03-07T11:00:00+00:00,10000.00
2026-03-07T11:00:00+00:00,10000.00
2026-03-07T11:00:00+00:00,10000.00
2026-03-07T11:15:00+00:00,10000.00
2026-03-07T11:15:00+00:00,10000.00
2026-03-07T11:15:00+00:00,10000.00
2026-03-07T11:30:00+00:00,10000.00
2026-03-07T11:30:00+00:00,10000.00
2026-03-07T11:30:00+00:00,10000.00
2026-03-07T11:45:00+00:00,10000.00
2026-03-07T11:45:00+00:00,10000.00
2026-03-07T11:45:00+00:00,10000.00
2026-03-07T12:00:00+00:00,10000.00
2026-03-07T12:00:00+00:00,10000.00
2026-03-07T12:00:00+00:00,10000.00
2026-03-07T12:15:00+00:00,10000.00
2026-03-07T12:15:00+00:00,10000.00
2026-03-07T12:15:00+00:00,10000.00
2026-03-07T12:30:00+00:00,10000.00
2026-03-07T12:30:00+00:00,10000.00
2026-03-07T12:30:00+00:00,10000.00
2026-03-07T12:45:00+00:00,10000.00
2026-03-07T12:45:00+00:00,10000.00
2026-03-07T12:45:00+00:00,10000.00
2026-03-07T13:00:00+00:00,10000.00
2026-03-07T13:00:00+00:00,10000.00
2026-03-07T13:00:00+00:00,10000.00
2026-03-07T13:15:00+00:00,10000.00
2026-03-07T13:15:00+00:00,10000.00
2026-03-07T13:15:00+00:00,10000.00
2026-03-07T13:30:00+00:00,10000.00
2026-03-07T13:30:00+00:00,10000.00
2026-03-07T13:30:00+00:00,10000.00
2026-03-07T13:45:00+00:00,10000.00
2026-03-07T13:45:00+00:00,10000.00
2026-03-07T13:45:00+00:00,10000.00
2026-03-07T14:00:00+00:00,10000.00
2026-03-07T14:00:00+00:00,10000.00
2026-03-07T14:00:00+00:00,10000.00
2026-03-07T14:15:00+00:00,10000.00
2026-03-07T14:15:00+00:00,10000.00
2026-03-07T14:15:00+00:00,10000.00
2026-03-07T14:30:00+00:00,10000.00
2026-03-07T14:30:00+00:00,10000.00
2026-03-07T14:30:00+00:00,10000.00
2026-03-07T14:45:00+00:00,10000.00
2026-03-07T14:45:00+00:00,10000.00
2026-03-07T14:45:00+00:00,10000.00
2026-03-07T15:00:00+00:00,10000.00
2026-03-07T15:00:00+00:00,10000.00
2026-03-07T15:00:00+00:00,10000.00
2026-03-07T15:15:00+00:00,10000.00
2026-03-07T15:15:00+00:00,10000.00
2026-03-07T15:15:00+00:00,10000.00
2026-03-07T15:30:00+00:00,10000.00
2026-03-07T15:30:00+00:00,10000.00
2026-03-07T15:30:00+00:00,10000.00
2026-03-07T15:45:00+00:00,10000.00
2026-03-07T15:45:00+00:00,10000.00
2026-03-07T15:45:00+00:00,10000.00
2026-03-07T16:00:00+00:00,10000.00
2026-03-07T16:00:00+00:00,10000.00
2026-03-07T16:00:00+00:00,10000.00
2026-03-07T16:15:00+00:00,10000.00
2026-03-07T16:15:00+00:00,10000.00
2026-03-07T16:15:00+00:00,10000.00
2026-03-07T16:30:00+00:00,10000.00
2026-03-07T16:30:00+00:00,10000.00
2026-03-07T16:30:00+00:00,10000.00
2026-03-07T16:45:00+00:00,10000.00
2026-03-07T16:45:00+00:00,10000.00
2026-03-07T16:45:00+00:00,10000.00
2026-03-07T17:00:00+00:00,10000.00
2026-03-07T17:00:00+00:00,10000.00
2026-03-07T17:00:00+00:00,10000.00
2026-03-07T17:15:00+00:00,10000.00
2026-03-07T17:15:00+00:00,10000.00
2026-03-07T17:15:00+00:00,10000.00
2026-03-07T17:30:00+00:00,10000.00
2026-03-07T17:30:00+00:00,10000.00
2026-03-07T17:30:00+00:00,10000.00
2026-03-07T17:45:00+00:00,10000.00
2026-03-07T17:45:00+00:00,10000.00
2026-03-07T17:45:00+00:00,10000.00
2026-03-07T18:00:00+00:00,10000.00
2026-03-07T18:00:00+00:00,10000.00
2026-03-07T18:00:00+00:00,10000.00
2026-03-07T18:15:00+00:00,10000.00
2026-03-07T18:15:00+00:00,10000.00
2026-03-07T18:15:00+00:00,10000.00
2026-03-07T18:30:00+00:00,10000.00
2026-03-07T18:30:00+00:00,10000.00
2026-03-07T18:30:00+00:00,10000.00
2026-03-07T18:45:00+00:00,10000.00
2026-03-07T18:45:00+00:00,10000.00
2026-03-07T18:45:00+00:00,10000.00
2026-03-07T19:00:00+00:00,10000.00
2026-03-07T19:00:00+00:00,10000.00
2026-03-07T19:00:00+00:00,10000.00
2026-03-07T19:15:00+00:00,10000.00
2026-03-07T19:15:00+00:00,10000.00
2026-03-07T19:15:00+00:00,10000.00
2026-03-07T19:30:00+00:00,10000.00
2026-03-07T19:30:00+00:00,10000.00
2026-03-07T19:30:00+00:00,10000.00
2026-03-07T19:45:00+00:00,10000.00
2026-03-07T19:45:00+00:00,10000.00
2026-03-07T19:45:00+00:00,10000.00
2026-03-07T20:00:00+00:00,10000.00
2026-03-07T20:00:00+00:00,10000.00
2026-03-07T20:00:00+00:00,10000.00
2026-03-07T20:15:00+00:00,10000.00
2026-03-07T20:15:00+00:00,10000.00
2026-03-07T20:15:00+00:00,10000.00
2026-03-07T20:30:00+00:00,10000.00
2026-03-07T20:30:00+00:00,10000.00
2026-03-07T20:30:00+00:00,10000.00
2026-03-07T20:45:00+00:00,10000.00
2026-03-07T20:45:00+00:00,10000.00
2026-03-07T20:45:00+00:00,10000.00
2026-03-07T21:00:00+00:00,10000.00
2026-03-07T21:00:00+00:00,10000.00
2026-03-07T21:00:00+00:00,10000.00
2026-03-07T21:15:00+00:00,10000.00
2026-03-07T21:15:00+00:00,10000.00
2026-03-07T21:15:00+00:00,10000.00
2026-03-07T21:30:00+00:00,10000.00
2026-03-07T21:30:00+00:00,10000.00
2026-03-07T21:30:00+00:00,10000.00
2026-03-07T21:45:00+00:00,10000.00
2026-03-07T21:45:00+00:00,10000.00
2026-03-07T21:45:00+00:00,10000.00
2026-03-07T22:00:00+00:00,10000.00
2026-03-07T22:00:00+00:00,10000.00
2026-03-07T22:00:00+00:00,10000.00
2026-03-07T22:15:00+00:00,10000.00
2026-03-07T22:15:00+00:00,10000.00
2026-03-07T22:15:00+00:00,10000.00
2026-03-07T22:30:00+00:00,10000.00
2026-03-07T22:30:00+00:00,10000.00
2026-03-07T22:30:00+00:00,10000.00
2026-03-07T22:45:00+00:00,10000.00
2026-03-07T22:45:00+00:00,10000.00
2026-03-07T22:45:00+00:00,10000.00
2026-03-07T23:00:00+00:00,10000.00
2026-03-07T23:00:00+00:00,10000.00
2026-03-07T23:00:00+00:00,10000.00
2026-03-07T23:15:00+00:00,10000.00
2026-03-07T23:15:00+00:00,10000.00
2026-03-07T23:15:00+00:00,10000.00
2026-03-07T23:30:00+00:00,10000.00
2026-03-07T23:30:00+00:00,10000.00
2026-03-07T23:30:00+00:00,10000.00
2026-03-07T23:45:00+00:00,10000.00
2026-03-07T23:45:00+00:00,10000.00
2026-03-07T23:45:00+00:00,10000.00
2026-03-08T00:00:00+00:00,10000.00
2026-03-08T00:00:00+00:00,10000.00
2026-03-08T00:00:00+00:00,10000.00
2026-03-08T00:15:00+00:00,10000.00
2026-03-08T00:15:00+00:00,10000.00
2026-03-08T00:15:00+00:00,10000.00
2026-03-08T00:30:00+00:00,10000.00
2026-03-08T00:30:00+00:00,10000.00
2026-03-08T00:30:00+00:00,10000.00
2026-03-08T00:45:00+00:00,10000.00
2026-03-08T00:45:00+00:00,10000.00
2026-03-08T00:45:00+00:00,10000.00
2026-03-08T01:00:00+00:00,10000.00
2026-03-08T01:00:00+00:00,10000.00
2026-03-08T01:00:00+00:00,10000.00
2026-03-08T01:15:00+00:00,10000.00
2026-03-08T01:15:00+00:00,10000.00
2026-03-08T01:15:00+00:00,10000.00
2026-03-08T01:30:00+00:00,10000.00
2026-03-08T01:30:00+00:00,10000.00
2026-03-08T01:30:00+00:00,10000.00
2026-03-08T01:45:00+00:00,10000.00
2026-03-08T01:45:00+00:00,10000.00
2026-03-08T01:45:00+00:00,10000.00
2026-03-08T02:00:00+00:00,10000.00
2026-03-08T02:00:00+00:00,10000.00
2026-03-08T02:00:00+00:00,10000.00
2026-03-08T02:15:00+00:00,10000.00
2026-03-08T02:15:00+00:00,10000.00
2026-03-08T02:15:00+00:00,10000.00
2026-03-08T02:30:00+00:00,10000.00
2026-03-08T02:30:00+00:00,10000.00
2026-03-08T02:30:00+00:00,10000.00
2026-03-08T02:45:00+00:00,10000.00
2026-03-08T02:45:00+00:00,10000.00
2026-03-08T02:45:00+00:00,10000.00
2026-03-08T03:00:00+00:00,10000.00
2026-03-08T03:00:00+00:00,10000.00
2026-03-08T03:00:00+00:00,10000.00
2026-03-08T03:15:00+00:00,10000.00
2026-03-08T03:15:00+00:00,10000.00
2026-03-08T03:15:00+00:00,10000.00
2026-03-08T03:30:00+00:00,10000.00
2026-03-08T03:30:00+00:00,10000.00
2026-03-08T03:30:00+00:00,10000.00
2026-03-08T03:45:00+00:00,10000.00
2026-03-08T03:45:00+00:00,10000.00
2026-03-08T03:45:00+00:00,10000.00
2026-03-08T04:00:00+00:00,10000.00
2026-03-08T04:00:00+00:00,10000.00
2026-03-08T04:00:00+00:00,10000.00
2026-03-08T04:15:00+00:00,10000.00
2026-03-08T04:15:00+00:00,10000.00
2026-03-08T04:15:00+00:00,10000.00
2026-03-08T04:30:00+00:00,10000.00
2026-03-08T04:30:00+00:00,10000.00
2026-03-08T04:30:00+00:00,10000.00
2026-03-08T04:45:00+00:00,10000.00
2026-03-08T04:45:00+00:00,10000.00
2026-03-08T04:45:00+00:00,10000.00
2026-03-08T05:00:00+00:00,10000.00
2026-03-08T05:00:00+00:00,10000.00
2026-03-08T05:00:00+00:00,10000.00
2026-03-08T05:15:00+00:00,10000.00
2026-03-08T05:15:00+00:00,10000.00
2026-03-08T05:15:00+00:00,10000.00
2026-03-08T05:30:00+00:00,10000.00
2026-03-08T05:30:00+00:00,10000.00
2026-03-08T05:30:00+00:00,10000.00
2026-03-08T05:45:00+00:00,10000.00
2026-03-08T05:45:00+00:00,10000.00
2026-03-08T05:45:00+00:00,10000.00
2026-03-08T06:00:00+00:00,10000.00
2026-03-08T06:00:00+00:00,10000.00
2026-03-08T06:00:00+00:00,10000.00
2026-03-08T06:15:00+00:00,10000.00
2026-03-08T06:15:00+00:00,10000.00
2026-03-08T06:15:00+00:00,10000.00
2026-03-08T06:30:00+00:00,10000.00
2026-03-08T06:30:00+00:00,10000.00
2026-03-08T06:30:00+00:00,10000.00
2026-03-08T06:45:00+00:00,10000.00
2026-03-08T06:45:00+00:00,10000.00
2026-03-08T06:45:00+00:00,10000.00
2026-03-08T07:00:00+00:00,10000.00
2026-03-08T07:00:00+00:00,10000.00
2026-03-08T07:00:00+00:00,10000.00
2026-03-08T07:15:00+00:00,10000.00
2026-03-08T07:15:00+00:00,10000.00
2026-03-08T07:15:00+00:00,10000.00
2026-03-08T07:30:00+00:00,10000.00
2026-03-08T07:30:00+00:00,10000.00
2026-03-08T07:30:00+00:00,10000.00
2026-03-08T07:45:00+00:00,10000.00
2026-03-08T07:45:00+00:00,10000.00
2026-03-08T07:45:00+00:00,10000.00
2026-03-08T08:00:00+00:00,10000.00
2026-03-08T08:00:00+00:00,10000.00
2026-03-08T08:00:00+00:00,10000.00
2026-03-08T08:15:00+00:00,10000.00
2026-03-08T08:15:00+00:00,10000.00
2026-03-08T08:15:00+00:00,10000.00
2026-03-08T08:30:00+00:00,10000.00
2026-03-08T08:30:00+00:00,10000.00
2026-03-08T08:30:00+00:00,10000.00
2026-03-08T08:45:00+00:00,10000.00
2026-03-08T08:45:00+00:00,10000.00
2026-03-08T08:45:00+00:00,10000.00
2026-03-08T09:00:00+00:00,10000.00
2026-03-08T09:00:00+00:00,10000.00
2026-03-08T09:00:00+00:00,10000.00
2026-03-08T09:15:00+00:00,10000.00
2026-03-08T09:15:00+00:00,10000.00
2026-03-08T09:15:00+00:00,10000.00
2026-03-08T09:30:00+00:00,10000.00
2026-03-08T09:30:00+00:00,10000.00
2026-03-08T09:30:00+00:00,10000.00
2026-03-08T09:45:00+00:00,10000.00
2026-03-08T09:45:00+00:00,10000.00
2026-03-08T09:45:00+00:00,10000.00
2026-03-08T10:00:00+00:00,10000.00
2026-03-08T10:00:00+00:00,9938.25
2026-03-08T10:00:00+00:00,9938.25
2026-03-08T10:15:00+00:00,9938.25
2026-03-08T10:15:00+00:00,9825.86
2026-03-08T10:15:00+00:00,9825.86
2026-03-08T10:30:00+00:00,9825.86
2026-03-08T10:30:00+00:00,9862.56
2026-03-08T10:30:00+00:00,9862.56
2026-03-08T10:45:00+00:00,9862.56
2026-03-08T10:45:00+00:00,9840.77
2026-03-08T10:45:00+00:00,9840.77
2026-03-08T11:00:00+00:00,9840.53
2026-03-08T11:00:00+00:00,10052.69
2026-03-08T11:00:00+00:00,10052.69
2026-03-08T11:15:00+00:00,10052.69
2026-03-08T11:15:00+00:00,10019.43
2026-03-08T11:15:00+00:00,10019.43
2026-03-08T11:30:00+00:00,10019.43
2026-03-08T11:30:00+00:00,10142.15
2026-03-08T11:30:00+00:00,10142.15
2026-03-08T11:45:00+00:00,10142.15
2026-03-08T11:45:00+00:00,10112.33
2026-03-08T11:45:00+00:00,10112.33
2026-03-08T12:00:00+00:00,10112.46
2026-03-08T12:00:00+00:00,10301.69
2026-03-08T12:00:00+00:00,10301.69
2026-03-08T12:15:00+00:00,10301.69
2026-03-08T12:15:00+00:00,10178.40
2026-03-08T12:15:00+00:00,10178.40
2026-03-08T12:30:00+00:00,10178.40
2026-03-08T12:30:00+00:00,10187.87
2026-03-08T12:30:00+00:00,10187.87
2026-03-08T12:45:00+00:00,10187.87
2026-03-08T12:45:00+00:00,10203.35
2026-03-08T12:45:00+00:00,10203.35
2026-03-08T13:00:00+00:00,10203.30
2026-03-08T13:00:00+00:00,10325.43
2026-03-08T13:00:00+00:00,10325.43
2026-03-08T13:15:00+00:00,10325.43
2026-03-08T13:15:00+00:00,10286.73
2026-03-08T13:15:00+00:00,10286.73
2026-03-08T13:30:00+00:00,10286.73
2026-03-08T13:30:00+00:00,10286.90
2026-03-08T13:30:00+00:00,10286.90
2026-03-08T13:45:00+00:00,10286.90
2026-03-08T13:45:00+00:00,10272.97
2026-03-08T13:45:00+00:00,10272.97
2026-03-08T14:00:00+00:00,10272.91
2026-03-08T14:00:00+00:00,10267.92
2026-03-08T14:00:00+00:00,10267.92
2026-03-08T14:15:00+00:00,10267.92
2026-03-08T14:15:00+00:00,10274.63
2026-03-08T14:15:00+00:00,10274.63
2026-03-08T14:30:00+00:00,10274.63
2026-03-08T14:30:00+00:00,10280.65
2026-03-08T14:30:00+00:00,10280.65
2026-03-08T14:45:00+00:00,10280.65
2026-03-08T14:45:00+00:00,10271.19
2026-03-08T14:45:00+00:00,10271.19
2026-03-08T15:00:00+00:00,10271.14
2026-03-08T15:00:00+00:00,10269.25
2026-03-08T15:00:00+00:00,10269.25
2026-03-08T15:15:00+00:00,10269.25
2026-03-08T15:15:00+00:00,10280.94
2026-03-08T15:15:00+00:00,10280.94
2026-03-08T15:30:00+00:00,10280.94
2026-03-08T15:30:00+00:00,10277.50
2026-03-08T15:30:00+00:00,10277.50
2026-03-08T15:45:00+00:00,10277.50
2026-03-08T15:45:00+00:00,10275.09
2026-03-08T15:45:00+00:00,10275.09
2026-03-08T16:00:00+00:00,10275.06
2026-03-08T16:00:00+00:00,10278.16
2026-03-08T16:00:00+00:00,10278.16
2026-03-08T16:15:00+00:00,10278.16
2026-03-08T16:15:00+00:00,10276.61
2026-03-08T16:15:00+00:00,10276.61
2026-03-08T16:30:00+00:00,10276.61
2026-03-08T16:30:00+00:00,10281.60
2026-03-08T16:30:00+00:00,10281.60
2026-03-08T16:45:00+00:00,10281.60
2026-03-08T16:45:00+00:00,10286.07
2026-03-08T16:45:00+00:00,10286.07
2026-03-08T17:00:00+00:00,10286.02
2026-03-08T17:00:00+00:00,10276.19
2026-03-08T17:00:00+00:00,10276.19
2026-03-08T17:15:00+00:00,10276.19
2026-03-08T17:15:00+00:00,10276.19
2026-03-08T17:15:00+00:00,10276.19
2026-03-08T17:30:00+00:00,10276.19
2026-03-08T17:30:00+00:00,10276.19
2026-03-08T17:30:00+00:00,10276.19
2026-03-08T17:45:00+00:00,10276.19
2026-03-08T17:45:00+00:00,10276.19
2026-03-08T17:45:00+00:00,10276.19
2026-03-08T18:00:00+00:00,10276.19
2026-03-08T18:00:00+00:00,10276.19
2026-03-08T18:00:00+00:00,10276.19
2026-03-08T18:15:00+00:00,10276.19
2026-03-08T18:15:00+00:00,10276.19
2026-03-08T18:15:00+00:00,10276.19
2026-03-08T18:30:00+00:00,10276.19
2026-03-08T18:30:00+00:00,10276.19
2026-03-08T18:30:00+00:00,10276.19
2026-03-08T18:45:00+00:00,10276.19
2026-03-08T18:45:00+00:00,10276.19
2026-03-08T18:45:00+00:00,10276.19
2026-03-08T19:00:00+00:00,10276.19
2026-03-08T19:00:00+00:00,10276.19
2026-03-08T19:00:00+00:00,10276.19
2026-03-08T19:15:00+00:00,10276.19
2026-03-08T19:15:00+00:00,10276.19
2026-03-08T19:15:00+00:00,10276.19
2026-03-08T19:30:00+00:00,10276.19
2026-03-08T19:30:00+00:00,10276.19
2026-03-08T19:30:00+00:00,10276.19
2026-03-08T19:45:00+00:00,10276.19
2026-03-08T19:45:00+00:00,10276.19
2026-03-08T19:45:00+00:00,10276.19
2026-03-08T20:00:00+00:00,10276.19
2026-03-08T20:00:00+00:00,10276.19
2026-03-08T20:00:00+00:00,10276.19
2026-03-08T20:15:00+00:00,10276.19
2026-03-08T20:15:00+00:00,10276.19
2026-03-08T20:15:00+00:00,10276.19
2026-03-08T20:30:00+00:00,10276.19
2026-03-08T20:30:00+00:00,10276.19
2026-03-08T20:30:00+00:00,10276.19
2026-03-08T20:45:00+00:00,10276.19
2026-03-08T20:45:00+00:00,10276.19
2026-03-08T20:45:00+00:00,10276.19
2026-03-08T21:00:00+00:00,10276.19
2026-03-08T21:00:00+00:00,10276.19
2026-03-08T21:00:00+00:00,10276.19
2026-03-08T21:15:00+00:00,10276.19
2026-03-08T21:15:00+00:00,10276.19
2026-03-08T21:15:00+00:00,10276.19
2026-03-08T21:30:00+00:00,10276.19
2026-03-08T21:30:00+00:00,10276.19
2026-03-08T21:30:00+00:00,10276.19
2026-03-08T21:45:00+00:00,10276.19
2026-03-08T21:45:00+00:00,10276.19
2026-03-08T21:45:00+00:00,10276.19
2026-03-08T22:00:00+00:00,10276.19
2026-03-08T22:00:00+00:00,10276.19
2026-03-08T22:00:00+00:00,10276.19
2026-03-08T22:15:00+00:00,10276.19
2026-03-08T22:15:00+00:00,10276.19
2026-03-08T22:15:00+00:00,10276.19
2026-03-08T22:30:00+00:00,10276.19
2026-03-08T22:30:00+00:00,10276.19
2026-03-08T22:30:00+00:00,10276.19
2026-03-08T22:45:00+00:00,10276.19
2026-03-08T22:45:00+00:00,10276.19
2026-03-08T22:45:00+00:00,10276.19
2026-03-08T23:00:00+00:00,10276.19
2026-03-08T23:00:00+00:00,10276.19
2026-03-08T23:00:00+00:00,10276.19
2026-03-08T23:15:00+00:00,10276.19
2026-03-08T23:15:00+00:00,10276.19
2026-03-08T23:15:00+00:00,10276.19
2026-03-08T23:30:00+00:00,10276.19
2026-03-08T23:30:00+00:00,10276.19
2026-03-08T23:30:00+00:00,10276.19
2026-03-08T23:45:00+00:00,10276.19
2026-03-08T23:45:00+00:00,10276.19
2026-03-08T23:45:00+00:00,10276.19
2026-03-09T00:00:00+00:00,10276.19
2026-03-09T00:00:00+00:00,10276.19
2026-03-09T00:00:00+00:00,10276.19
2026-03-09T00:15:00+00:00,10276.19
2026-03-09T00:15:00+00:00,10276.19
2026-03-09T00:15:00+00:00,10276.19
2026-03-09T00:30:00+00:00,10276.19
2026-03-09T00:30:00+00:00,10276.19
2026-03-09T00:30:00+00:00,10276.19
2026-03-09T00:45:00+00:00,10276.19
2026-03-09T00:45:00+00:00,10276.19
2026-03-09T00:45:00+00:00,10276.19
2026-03-09T01:00:00+00:00,10276.19
2026-03-09T01:00:00+00:00,10276.19
2026-03-09T01:00:00+00:00,10276.19
2026-03-09T01:15:00+00:00,10276.19
2026-03-09T01:15:00+00:00,10276.19
2026-03-09T01:15:00+00:00,10276.19
2026-03-09T01:30:00+00:00,10276.19
2026-03-09T01:30:00+00:00,10276.19
2026-03-09T01:30:00+00:00,10276.19
2026-03-09T01:45:00+00:00,10276.19
2026-03-09T01:45:00+00:00,10276.19
2026-03-09T01:45:00+00:00,10276.19
2026-03-09T02:00:00+00:00,10276.19
2026-03-09T02:00:00+00:00,10276.19
2026-03-09T02:00:00+00:00,10276.19
2026-03-09T02:15:00+00:00,10276.19
2026-03-09T02:15:00+00:00,10276.19
2026-03-09T02:15:00+00:00,10276.19
2026-03-09T02:30:00+00:00,10276.19
2026-03-09T02:30:00+00:00,10276.19
2026-03-09T02:30:00+00:00,10276.19
2026-03-09T02:45:00+00:00,10276.19
2026-03-09T02:45:00+00:00,10276.19
2026-03-09T02:45:00+00:00,10276.19
2026-03-09T03:00:00+00:00,10276.19
2026-03-09T03:00:00+00:00,10276.19
2026-03-09T03:00:00+00:00,10276.19
2026-03-09T03:15:00+00:00,10276.19
2026-03-09T03:15:00+00:00,10276.19
2026-03-09T03:15:00+00:00,10276.19
2026-03-09T03:30:00+00:00,10276.19
2026-03-09T03:30:00+00:00,10276.19
2026-03-09T03:30:00+00:00,10276.19
2026-03-09T03:45:00+00:00,10276.19
2026-03-09T03:45:00+00:00,10276.19
2026-03-09T03:45:00+00:00,10276.19
2026-03-09T04:00:00+00:00,10276.19
2026-03-09T04:00:00+00:00,10276.19
2026-03-09T04:00:00+00:00,10276.19
2026-03-09T04:15:00+00:00,10276.19
2026-03-09T04:15:00+00:00,10276.19
2026-03-09T04:15:00+00:00,10276.19
2026-03-09T04:30:00+00:00,10276.19
2026-03-09T04:30:00+00:00,10276.19
2026-03-09T04:30:00+00:00,10276.19
2026-03-09T04:45:00+00:00,10276.19
2026-03-09T04:45:00+00:00,10276.19
2026-03-09T04:45:00+00:00,10276.19
2026-03-09T05:00:00+00:00,10276.19
2026-03-09T05:00:00+00:00,10276.19
2026-03-09T05:00:00+00:00,10276.19
2026-03-09T05:15:00+00:00,10276.19
2026-03-09T05:15:00+00:00,10276.19
2026-03-09T05:15:00+00:00,10276.19
2026-03-09T05:30:00+00:00,10276.19
2026-03-09T05:30:00+00:00,10276.19
2026-03-09T05:30:00+00:00,10276.19
2026-03-09T05:45:00+00:00,10276.19
2026-03-09T05:45:00+00:00,10276.19
2026-03-09T05:45:00+00:00,10276.19
2026-03-09T06:00:00+00:00,10276.19
2026-03-09T06:00:00+00:00,10276.19
2026-03-09T06:00:00+00:00,10276.19
2026-03-09T06:15:00+00:00,10276.19
2026-03-09T06:15:00+00:00,10276.19
2026-03-09T06:15:00+00:00,10276.19
2026-03-09T06:30:00+00:00,10276.19
2026-03-09T06:30:00+00:00,10276.19
2026-03-09T06:30:00+00:00,10276.19
2026-03-09T06:45:00+00:00,10276.19
2026-03-09T06:45:00+00:00,10276.19
2026-03-09T06:45:00+00:00,10276.19
2026-03-09T07:00:00+00:00,10276.19
2026-03-09T07:00:00+00:00,10276.19
2026-03-09T07:00:00+00:00,10276.19
2026-03-09T07:15:00+00:00,10276.19
2026-03-09T07:15:00+00:00,10276.19
2026-03-09T07:15:00+00:00,10276.19
2026-03-09T07:30:00+00:00,10276.19
2026-03-09T07:30:00+00:00,10276.19
2026-03-09T07:30:00+00:00,10276.19
2026-03-09T07:45:00+00:00,10276.19
2026-03-09T07:45:00+00:00,10276.19
2026-03-09T07:45:00+00:00,10276.19
2026-03-09T08:00:00+00:00,10276.19
2026-03-09T08:00:00+00:00,10276.19
2026-03-09T08:00:00+00:00,10276.19
2026-03-09T08:15:00+00:00,10276.19
2026-03-09T08:15:00+00:00,10276.19
2026-03-09T08:15:00+00:00,10276.19
2026-03-09T08:30:00+00:00,10276.19
2026-03-09T08:30:00+00:00,10276.19
2026-03-09T08:30:00+00:00,10276.19
2026-03-09T08:45:00+00:00,10276.19
2026-03-09T08:45:00+00:00,10276.19
2026-03-09T08:45:00+00:00,10276.19
2026-03-09T09:00:00+00:00,10276.19
2026-03-09T09:00:00+00:00,10276.19
2026-03-09T09:00:00+00:00,10276.19
2026-03-09T09:15:00+00:00,10276.19
2026-03-09T09:15:00+00:00,10276.19
2026-03-09T09:15:00+00:00,10276.19
2026-03-09T09:30:00+00:00,10276.19
2026-03-09T09:30:00+00:00,10276.19
2026-03-09T09:30:00+00:00,10276.19
2026-03-09T09:45:00+00:00,10276.19
2026-03-09T09:45:00+00:00,10276.19
2026-03-09T09:45:00+00:00,10276.19
2026-03-09T10:00:00+00:00,10276.19
2026-03-09T10:00:00+00:00,10276.19
2026-03-09T10:00:00+00:00,10276.19
2026-03-09T10:15:00+00:00,10276.19
2026-03-09T10:15:00+00:00,10276.19
2026-03-09T10:15:00+00:00,10276.19
2026-03-09T10:30:00+00:00,10276.19
2026-03-09T10:30:00+00:00,10276.19
2026-03-09T10:30:00+00:00,10276.19
2026-03-09T10:45:00+00:00,10276.19
2026-03-09T10:45:00+00:00,10276.19
2026-03-09T10:45:00+00:00,10276.19
2026-03-09T11:00:00+00:00,10276.19
2026-03-09T11:00:00+00:00,10276.19
2026-03-09T11:00:00+00:00,10276.19
2026-03-09T11:15:00+00:00,10276.19
2026-03-09T11:15:00+00:00,10276.19
2026-03-09T11:15:00+00:00,10276.19
2026-03-09T11:30:00+00:00,10276.19
2026-03-09T11:30:00+00:00,10276.19
2026-03-09T11:30:00+00:00,10276.19
2026-03-09T11:45:00+00:00,10276.19
2026-03-09T11:45:00+00:00,10276.19
2026-03-09T11:45:00+00:00,10276.19
2026-03-09T12:00:00+00:00,10276.19
2026-03-09T12:00:00+00:00,10276.19
2026-03-09T12:00:00+00:00,10276.19
2026-03-09T12:15:00+00:00,10276.19
2026-03-09T12:15:00+00:00,10276.19
2026-03-09T12:15:00+00:00,10276.19
2026-03-09T12:30:00+00:00,10276.19
2026-03-09T12:30:00+00:00,10276.19
2026-03-09T12:30:00+00:00,10276.19
2026-03-09T12:45:00+00:00,10276.19
2026-03-09T12:45:00+00:00,10276.19
2026-03-09T12:45:00+00:00,10276.19
2026-03-09T13:00:00+00:00,10276.19
2026-03-09T13:00:00+00:00,10276.19
2026-03-09T13:00:00+00:00,10276.19
2026-03-09T13:15:00+00:00,10276.19
2026-03-09T13:15:00+00:00,10276.19
2026-03-09T13:15:00+00:00,10276.19
2026-03-09T13:30:00+00:00,10276.19
2026-03-09T13:30:00+00:00,10276.19
2026-03-09T13:30:00+00:00,10276.19
2026-03-09T13:45:00+00:00,10276.19
2026-03-09T13:45:00+00:00,10276.19
2026-03-09T13:45:00+00:00,10276.19
2026-03-09T14:00:00+00:00,10276.19
2026-03-09T14:00:00+00:00,10276.19
2026-03-09T14:00:00+00:00,10276.19
2026-03-09T14:15:00+00:00,10276.19
2026-03-09T14:15:00+00:00,10276.19
2026-03-09T14:15:00+00:00,10276.19
2026-03-09T14:30:00+00:00,10276.19
2026-03-09T14:30:00+00:00,10276.19
2026-03-09T14:30:00+00:00,10276.19
2026-03-09T14:45:00+00:00,10276.19
2026-03-09T14:45:00+00:00,10276.19
2026-03-09T14:45:00+00:00,10276.19
2026-03-09T15:00:00+00:00,10276.19
2026-03-09T15:00:00+00:00,10276.19
2026-03-09T15:00:00+00:00,10276.19
2026-03-09T15:15:00+00:00,10276.19
2026-03-09T15:15:00+00:00,10276.19
2026-03-09T15:15:00+00:00,10276.19
2026-03-09T15:30:00+00:00,10276.19
2026-03-09T15:30:00+00:00,10276.19
2026-03-09T15:30:00+00:00,10276.19
2026-03-09T15:45:00+00:00,10276.19
2026-03-09T15:45:00+00:00,10276.19
2026-03-09T15:45:00+00:00,10276.19
2026-03-09T16:00:00+00:00,10276.19
2026-03-09T16:00:00+00:00,10276.19
2026-03-09T16:00:00+00:00,10276.19
2026-03-09T16:15:00+00:00,10276.19
2026-03-09T16:15:00+00:00,10276.19
2026-03-09T16:15:00+00:00,10276.19
2026-03-09T16:30:00+00:00,10276.19
2026-03-09T16:30:00+00:00,10276.19
2026-03-09T16:30:00+00:00,10276.19
2026-03-09T16:45:00+00:00,10276.19
2026-03-09T16:45:00+00:00,10276.19
2026-03-09T16:45:00+00:00,10276.19
2026-03-09T17:00:00+00:00,10276.19
2026-03-09T17:00:00+00:00,10276.19
2026-03-09T17:00:00+00:00,10276.19
2026-03-09T17:15:00+00:00,10276.19
2026-03-09T17:15:00+00:00,10276.19
2026-03-09T17:15:00+00:00,10276.19
2026-03-09T17:30:00+00:00,10276.19
2026-03-09T17:30:00+00:00,10276.19
2026-03-09T17:30:00+00:00,10276.19
2026-03-09T17:45:00+00:00,10276.19
2026-03-09T17:45:00+00:00,10276.19
2026-03-09T17:45:00+00:00,10276.19
2026-03-09T18:00:00+00:00,10276.19
2026-03-09T18:00:00+00:00,10276.19
2026-03-09T18:00:00+00:00,10276.19
2026-03-09T18:15:00+00:00,10276.19
2026-03-09T18:15:00+00:00,10276.19
2026-03-09T18:15:00+00:00,10276.19
2026-03-09T18:30:00+00:00,10276.19
2026-03-09T18:30:00+00:00,10276.19
2026-03-09T18:30:00+00:00,10276.19
2026-03-09T18:45:00+00:00,10276.19
2026-03-09T18:45:00+00:00,10276.19
2026-03-09T18:45:00+00:00,10276.19
2026-03-09T19:00:00+00:00,10276.19
2026-03-09T19:00:00+00:00,10276.19
2026-03-09T19:00:00+00:00,10276.19
2026-03-09T19:15:00+00:00,10276.19
2026-03-09T19:15:00+00:00,10276.19
2026-03-09T19:15:00+00:00,10276.19
2026-03-09T19:30:00+00:00,10276.19
2026-03-09T19:30:00+00:00,10276.19
2026-03-09T19:30:00+00:00,10276.19
2026-03-09T19:45:00+00:00,10276.19
2026-03-09T19:45:00+00:00,10276.19
2026-03-09T19:45:00+00:00,10276.19
2026-03-09T20:00:00+00:00,10276.19
2026-03-09T20:00:00+00:00,10276.19
2026-03-09T20:00:00+00:00,10276.19
2026-03-09T20:15:00+00:00,10276.19
2026-03-09T20:15:00+00:00,10276.19
2026-03-09T20:15:00+00:00,10276.19
2026-03-09T20:30:00+00:00,10276.19
2026-03-09T20:30:00+00:00,10276.19
2026-03-09T20:30:00+00:00,10276.19
2026-03-09T20:45:00+00:00,10276.19
2026-03-09T20:45:00+00:00,10276.19
2026-03-09T20:45:00+00:00,10276.19
2026-03-09T21:00:00+00:00,10276.19
2026-03-09T21:00:00+00:00,10276.19
2026-03-09T21:00:00+00:00,10276.19
2026-03-09T21:15:00+00:00,10276.19
2026-03-09T21:15:00+00:00,10276.19
2026-03-09T21:15:00+00:00,10276.19
2026-03-09T21:30:00+00:00,10276.19
2026-03-09T21:30:00+00:00,10276.19
2026-03-09T21:30:00+00:00,10276.19
2026-03-09T21:45:00+00:00,10276.19
2026-03-09T21:45:00+00:00,10276.19
2026-03-09T21:45:00+00:00,10276.19
2026-03-09T22:00:00+00:00,10276.19
2026-03-09T22:00:00+00:00,10276.19
2026-03-09T22:00:00+00:00,10276.19
2026-03-09T22:15:00+00:00,10276.19
2026-03-09T22:15:00+00:00,10276.19
2026-03-09T22:15:00+00:00,10276.19
2026-03-09T22:30:00+00:00,10276.19
2026-03-09T22:30:00+00:00,10276.19
2026-03-09T22:30:00+00:00,10276.19
2026-03-09T22:45:00+00:00,10276.19
2026-03-09T22:45:00+00:00,10276.19
2026-03-09T22:45:00+00:00,10276.19
2026-03-09T23:00:00+00:00,10276.19
2026-03-09T23:00:00+00:00,10276.19
2026-03-09T23:00:00+00:00,10276.19
2026-03-09T23:15:00+00:00,10276.19
2026-03-09T23:15:00+00:00,10276.19
2026-03-09T23:15:00+00:00,10276.19
2026-03-09T23:30:00+00:00,10276.19
2026-03-09T23:30:00+00:00,10276.19
2026-03-09T23:30:00+00:00,10276.19
2026-03-09T23:45:00+00:00,10276.19
2026-03-09T23:45:00+00:00,10276.19
2026-03-09T23:45:00+00:00,10276.19
2026-03-10T00:00:00+00:00,10276.19
2026-03-10T00:00:00+00:00,10276.19
2026-03-10T00:00:00+00:00,10276.19
2026-03-10T00:15:00+00:00,10276.19
2026-03-10T00:15:00+00:00,10276.19
2026-03-10T00:15:00+00:00,10276.19
2026-03-10T00:30:00+00:00,10276.19
2026-03-10T00:30:00+00:00,10276.19
2026-03-10T00:30:00+00:00,10276.19
2026-03-10T00:45:00+00:00,10276.19
2026-03-10T00:45:00+00:00,10276.19
2026-03-10T00:45:00+00:00,10276.19
2026-03-10T01:00:00+00:00,10276.19
2026-03-10T01:00:00+00:00,10276.19
2026-03-10T01:00:00+00:00,10276.19
2026-03-10T01:15:00+00:00,10276.19
2026-03-10T01:15:00+00:00,10276.19
2026-03-10T01:15:00+00:00,10276.19
2026-03-10T01:30:00+00:00,10276.19
2026-03-10T01:30:00+00:00,10276.19
2026-03-10T01:30:00+00:00,10276.19
2026-03-10T01:45:00+00:00,10276.19
2026-03-10T01:45:00+00:00,10276.19
2026-03-10T01:45:00+00:00,10276.19
2026-03-10T02:00:00+00:00,10276.19
2026-03-10T02:00:00+00:00,10276.19
2026-03-10T02:00:00+00:00,10276.19
2026-03-10T02:15:00+00:00,10276.19
2026-03-10T02:15:00+00:00,10276.19
2026-03-10T02:15:00+00:00,10276.19
2026-03-10T02:30:00+00:00,10276.19
2026-03-10T02:30:00+00:00,10276.19
2026-03-10T02:30:00+00:00,10276.19
2026-03-10T02:45:00+00:00,10276.19
2026-03-10T02:45:00+00:00,10276.19
2026-03-10T02:45:00+00:00,10276.19
2026-03-10T03:00:00+00:00,10276.19
2026-03-10T03:00:00+00:00,10276.19
2026-03-10T03:00:00+00:00,10276.19
2026-03-10T03:15:00+00:00,10276.19
2026-03-10T03:15:00+00:00,10276.19
2026-03-10T03:15:00+00:00,10276.19
2026-03-10T03:30:00+00:00,10276.19
2026-03-10T03:30:00+00:00,10276.19
2026-03-10T03:30:00+00:00,10276.19
2026-03-10T03:45:00+00:00,10276.19
2026-03-10T03:45:00+00:00,10276.19
2026-03-10T03:45:00+00:00,10276.19
2026-03-10T04:00:00+00:00,10276.19
2026-03-10T04:00:00+00:00,10276.19
2026-03-10T04:00:00+00:00,10276.19
2026-03-10T04:15:00+00:00,10276.19
2026-03-10T04:15:00+00:00,10276.19
2026-03-10T04:15:00+00:00,10276.19
2026-03-10T04:30:00+00:00,10276.19
2026-03-10T04:30:00+00:00,10276.19
2026-03-10T04:30:00+00:00,10276.19
2026-03-10T04:45:00+00:00,10276.19
2026-03-10T04:45:00+00:00,10276.19
2026-03-10T04:45:00+00:00,10276.19
2026-03-10T05:00:00+00:00,10276.19
2026-03-10T05:00:00+00:00,10276.19
2026-03-10T05:00:00+00:00,10276.19
2026-03-10T05:15:00+00:00,10276.19
2026-03-10T05:15:00+00:00,10276.19
2026-03-10T05:15:00+00:00,10276.19
2026-03-10T05:30:00+00:00,10276.19
2026-03-10T05:30:00+00:00,10276.19
2026-03-10T05:30:00+00:00,10276.19
2026-03-10T05:45:00+00:00,10276.19
2026-03-10T05:45:00+00:00,10276.19
2026-03-10T05:45:00+00:00,10276.19
2026-03-10T06:00:00+00:00,10276.19
2026-03-10T06:00:00+00:00,10276.19
2026-03-10T06:00:00+00:00,10276.19
2026-03-10T06:15:00+00:00,10276.19
2026-03-10T06:15:00+00:00,10276.19
2026-03-10T06:15:00+00:00,10276.19
2026-03-10T06:30:00+00:00,10276.19
2026-03-10T06:30:00+00:00,10276.19
2026-03-10T06:30:00+00:00,10276.19
2026-03-10T06:45:00+00:00,10276.19
2026-03-10T06:45:00+00:00,10276.19
2026-03-10T06:45:00+00:00,10276.19
2026-03-10T07:00:00+00:00,10276.19
2026-03-10T07:00:00+00:00,10276.19
2026-03-10T07:00:00+00:00,10276.19
2026-03-10T07:15:00+00:00,10276.19
2026-03-10T07:15:00+00:00,10276.19
2026-03-10T07:15:00+00:00,10276.19
2026-03-10T07:30:00+00:00,10276.19
2026-03-10T07:30:00+00:00,10276.19
2026-03-10T07:30:00+00:00,10276.19
2026-03-10T07:45:00+00:00,10276.19
2026-03-10T07:45:00+00:00,10276.19
2026-03-10T07:45:00+00:00,10276.19
2026-03-10T08:00:00+00:00,10276.19
2026-03-10T08:00:00+00:00,10276.19
2026-03-10T08:00:00+00:00,10276.19
2026-03-10T08:15:00+00:00,10276.19
2026-03-10T08:15:00+00:00,10276.19
2026-03-10T08:15:00+00:00,10276.19
2026-03-10T08:30:00+00:00,10276.19
2026-03-10T08:30:00+00:00,10276.19
2026-03-10T08:30:00+00:00,10276.19
2026-03-10T08:45:00+00:00,10276.19
2026-03-10T08:45:00+00:00,10276.19
2026-03-10T08:45:00+00:00,10276.19
2026-03-10T09:00:00+00:00,10276.19
2026-03-10T09:00:00+00:00,10276.19
2026-03-10T09:00:00+00:00,10276.19
2026-03-10T09:15:00+00:00,10276.19
2026-03-10T09:15:00+00:00,10276.19
2026-03-10T09:15:00+00:00,10276.19
2026-03-10T09:30:00+00:00,10276.19
2026-03-10T09:30:00+00:00,10276.19
2026-03-10T09:30:00+00:00,10276.19
2026-03-10T09:45:00+00:00,10276.19
2026-03-10T09:45:00+00:00,10276.19
2026-03-10T09:45:00+00:00,10276.19
2026-03-10T10:00:00+00:00,10276.19
2026-03-10T10:00:00+00:00,10276.19
2026-03-10T10:00:00+00:00,10276.19
2026-03-10T10:15:00+00:00,10276.19
2026-03-10T10:15:00+00:00,10276.19
2026-03-10T10:15:00+00:00,10276.19
2026-03-10T10:30:00+00:00,10276.19
2026-03-10T10:30:00+00:00,10276.19
2026-03-10T10:30:00+00:00,10276.19
2026-03-10T10:45:00+00:00,10276.19
2026-03-10T10:45:00+00:00,10276.19
2026-03-10T10:45:00+00:00,10276.19
2026-03-10T11:00:00+00:00,10276.19
2026-03-10T11:00:00+00:00,10276.19
2026-03-10T11:00:00+00:00,10276.19
2026-03-10T11:15:00+00:00,10276.19
2026-03-10T11:15:00+00:00,10276.19
2026-03-10T11:15:00+00:00,10276.19
2026-03-10T11:30:00+00:00,10276.19
2026-03-10T11:30:00+00:00,10276.19
2026-03-10T11:30:00+00:00,10276.19
2026-03-10T11:45:00+00:00,10276.19
2026-03-10T11:45:00+00:00,10276.19
2026-03-10T11:45:00+00:00,10276.19
2026-03-10T12:00:00+00:00,10276.19
2026-03-10T12:00:00+00:00,10276.19
2026-03-10T12:00:00+00:00,10276.19
2026-03-10T12:15:00+00:00,10276.19
2026-03-10T12:15:00+00:00,10276.19
2026-03-10T12:15:00+00:00,10276.19
2026-03-10T12:30:00+00:00,10276.19
2026-03-10T12:30:00+00:00,10276.19
2026-03-10T12:30:00+00:00,10276.19
2026-03-10T12:45:00+00:00,10276.19
2026-03-10T12:45:00+00:00,10276.19
2026-03-10T12:45:00+00:00,10276.19
2026-03-10T13:00:00+00:00,10276.19
2026-03-10T13:00:00+00:00,10276.19
2026-03-10T13:00:00+00:00,10276.19
2026-03-10T13:15:00+00:00,10276.19
2026-03-10T13:15:00+00:00,10276.19
2026-03-10T13:15:00+00:00,10276.19
2026-03-10T13:30:00+00:00,10276.19
2026-03-10T13:30:00+00:00,10276.19
2026-03-10T13:30:00+00:00,10276.19
2026-03-10T13:45:00+00:00,10276.19
2026-03-10T13:45:00+00:00,10276.19
2026-03-10T13:45:00+00:00,10276.19
2026-03-10T14:00:00+00:00,10145.42
2026-03-10T14:00:00+00:00,9979.66
2026-03-10T14:00:00+00:00,9979.66
2026-03-10T14:15:00+00:00,10055.71
2026-03-10T14:15:00+00:00,10130.33
2026-03-10T14:15:00+00:00,10130.33
2026-03-10T14:30:00+00:00,10295.86
2026-03-10T14:30:00+00:00,10455.87
2026-03-10T14:30:00+00:00,10455.87
2026-03-10T14:45:00+00:00,10710.62
2026-03-10T14:45:00+00:00,10944.48
2026-03-10T14:45:00+00:00,10944.48
2026-03-10T15:00:00+00:00,10906.69
2026-03-10T15:00:00+00:00,10840.59
2026-03-10T15:00:00+00:00,10840.59
2026-03-10T15:15:00+00:00,10840.59
2026-03-10T15:15:00+00:00,10840.59
2026-03-10T15:15:00+00:00,10840.59
2026-03-10T15:30:00+00:00,10840.59
2026-03-10T15:30:00+00:00,10840.59
2026-03-10T15:30:00+00:00,10840.59
2026-03-10T15:45:00+00:00,10840.59
2026-03-10T15:45:00+00:00,10840.59
2026-03-10T15:45:00+00:00,10840.59
2026-03-10T16:00:00+00:00,10840.59
2026-03-10T16:00:00+00:00,10840.59
2026-03-10T16:00:00+00:00,10840.59
2026-03-10T16:15:00+00:00,10840.59
2026-03-10T16:15:00+00:00,10840.59
2026-03-10T16:15:00+00:00,10840.59
2026-03-10T16:30:00+00:00,10840.59
2026-03-10T16:30:00+00:00,10840.59
2026-03-10T16:30:00+00:00,10840.59
2026-03-10T16:45:00+00:00,10840.59
2026-03-10T16:45:00+00:00,10840.59
2026-03-10T16:45:00+00:00,10840.59
2026-03-10T17:00:00+00:00,10840.59
2026-03-10T17:00:00+00:00,10840.59
2026-03-10T17:00:00+00:00,10840.59
2026-03-10T17:15:00+00:00,10840.59
2026-03-10T17:15:00+00:00,10840.59
2026-03-10T17:15:00+00:00,10840.59
2026-03-10T17:30:00+00:00,10840.59
2026-03-10T17:30:00+00:00,10840.59
2026-03-10T17:30:00+00:00,10840.59
2026-03-10T17:45:00+00:00,10840.59
2026-03-10T17:45:00+00:00,10840.59
2026-03-10T17:45:00+00:00,10840.59
2026-03-10T18:00:00+00:00,10840.59
2026-03-10T18:00:00+00:00,10840.59
2026-03-10T18:00:00+00:00,10840.59
2026-03-10T18:15:00+00:00,10840.59
2026-03-10T18:15:00+00:00,10840.59
2026-03-10T18:15:00+00:00,10840.59
2026-03-10T18:30:00+00:00,10840.59
2026-03-10T18:30:00+00:00,10840.59
2026-03-10T18:30:00+00:00,10840.59
2026-03-10T18:45:00+00:00,10840.59
2026-03-10T18:45:00+00:00,10840.59
2026-03-10T18:45:00+00:00,10840.59
2026-03-10T19:00:00+00:00,10840.59
2026-03-10T19:00:00+00:00,10840.59
2026-03-10T19:00:00+00:00,10840.59
2026-03-10T19:15:00+00:00,10840.59
2026-03-10T19:15:00+00:00,10840.59
2026-03-10T19:15:00+00:00,10840.59
2026-03-10T19:30:00+00:00,10840.59
2026-03-10T19:30:00+00:00,10840.59
2026-03-10T19:30:00+00:00,10840.59
2026-03-10T19:45:00+00:00,10840.59
2026-03-10T19:45:00+00:00,10840.59
2026-03-10T19:45:00+00:00,10840.59
2026-03-10T20:00:00+00:00,10840.59
2026-03-10T20:00:00+00:00,10840.59
2026-03-10T20:00:00+00:00,10840.59
2026-03-10T20:15:00+00:00,10840.59
2026-03-10T20:15:00+00:00,10840.59
2026-03-10T20:15:00+00:00,10840.59
2026-03-10T20:30:00+00:00,10840.59
2026-03-10T20:30:00+00:00,10840.59
2026-03-10T20:30:00+00:00,10840.59
2026-03-10T20:45:00+00:00,10840.59
2026-03-10T20:45:00+00:00,10840.59
2026-03-10T20:45:00+00:00,10840.59
2026-03-10T21:00:00+00:00,10840.59
2026-03-10T21:00:00+00:00,10840.59
2026-03-10T21:00:00+00:00,10840.59
2026-03-10T21:15:00+00:00,10840.59
2026-03-10T21:15:00+00:00,10840.59
2026-03-10T21:15:00+00:00,10840.59
2026-03-10T21:30:00+00:00,10840.59
2026-03-10T21:30:00+00:00,10840.59
2026-03-10T21:30:00+00:00,10840.59
2026-03-10T21:45:00+00:00,10840.59
2026-03-10T21:45:00+00:00,10840.59
2026-03-10T21:45:00+00:00,10840.59
2026-03-10T22:00:00+00:00,10840.59
2026-03-10T22:00:00+00:00,10840.59
2026-03-10T22:00:00+00:00,10840.59
2026-03-10T22:15:00+00:00,10840.59
2026-03-10T22:15:00+00:00,10840.59
2026-03-10T22:15:00+00:00,10840.59
2026-03-10T22:30:00+00:00,10840.59
2026-03-10T22:30:00+00:00,10840.59
2026-03-10T22:30:00+00:00,10840.59
2026-03-10T22:45:00+00:00,10840.59
2026-03-10T22:45:00+00:00,10840.59
2026-03-10T22:45:00+00:00,10840.59
2026-03-10T23:00:00+00:00,10840.59
2026-03-10T23:00:00+00:00,10840.59
2026-03-10T23:00:00+00:00,10840.59
2026-03-10T23:15:00+00:00,10840.59
2026-03-10T23:15:00+00:00,10840.59
2026-03-10T23:15:00+00:00,10840.59
2026-03-10T23:30:00+00:00,10840.59
2026-03-10T23:30:00+00:00,10840.59
2026-03-10T23:30:00+00:00,10840.59
2026-03-10T23:45:00+00:00,10840.59
2026-03-10T23:45:00+00:00,10840.59
2026-03-10T23:45:00+00:00,10840.59
2026-03-11T00:00:00+00:00,10840.59
2026-03-11T00:00:00+00:00,10840.59
2026-03-11T00:00:00+00:00,10840.59
2026-03-11T00:15:00+00:00,10840.59
2026-03-11T00:15:00+00:00,10840.59
2026-03-11T00:15:00+00:00,10840.59
2026-03-11T00:30:00+00:00,10840.59
2026-03-11T00:30:00+00:00,10840.59
2026-03-11T00:30:00+00:00,10840.59
2026-03-11T00:45:00+00:00,10840.59
2026-03-11T00:45:00+00:00,10840.59
2026-03-11T00:45:00+00:00,10840.59
2026-03-11T01:00:00+00:00,10840.59
2026-03-11T01:00:00+00:00,10840.59
2026-03-11T01:00:00+00:00,10840.59
2026-03-11T01:15:00+00:00,10840.59
2026-03-11T01:15:00+00:00,10840.59
2026-03-11T01:15:00+00:00,10840.59
2026-03-11T01:30:00+00:00,10840.59
2026-03-11T01:30:00+00:00,10840.59
2026-03-11T01:30:00+00:00,10840.59
2026-03-11T01:45:00+00:00,10840.59
2026-03-11T01:45:00+00:00,10840.59
2026-03-11T01:45:00+00:00,10840.59
2026-03-11T02:00:00+00:00,10840.59
2026-03-11T02:00:00+00:00,10840.59
2026-03-11T02:00:00+00:00,10840.59
2026-03-11T02:15:00+00:00,10840.59
2026-03-11T02:15:00+00:00,10840.59
2026-03-11T02:15:00+00:00,10840.59
2026-03-11T02:30:00+00:00,10840.59
2026-03-11T02:30:00+00:00,10840.59
2026-03-11T02:30:00+00:00,10840.59
2026-03-11T02:45:00+00:00,10840.59
2026-03-11T02:45:00+00:00,10840.59
2026-03-11T02:45:00+00:00,10840.59
2026-03-11T03:00:00+00:00,10840.59
2026-03-11T03:00:00+00:00,10840.59
2026-03-11T03:00:00+00:00,10840.59
2026-03-11T03:15:00+00:00,10840.59
2026-03-11T03:15:00+00:00,10840.59
2026-03-11T03:15:00+00:00,10840.59
2026-03-11T03:30:00+00:00,10840.59
2026-03-11T03:30:00+00:00,10840.59
2026-03-11T03:30:00+00:00,10840.59
2026-03-11T03:45:00+00:00,10840.59
2026-03-11T03:45:00+00:00,10840.59
2026-03-11T03:45:00+00:00,10840.59
2026-03-11T04:00:00+00:00,10840.59
2026-03-11T04:00:00+00:00,10840.59
2026-03-11T04:00:00+00:00,10840.59
2026-03-11T04:15:00+00:00,10840.59
2026-03-11T04:15:00+00:00,10840.59
2026-03-11T04:15:00+00:00,10840.59
2026-03-11T04:30:00+00:00,10840.59
2026-03-11T04:30:00+00:00,10840.59
2026-03-11T04:30:00+00:00,10840.59
2026-03-11T04:45:00+00:00,10840.59
2026-03-11T04:45:00+00:00,10840.59
2026-03-11T04:45:00+00:00,10840.59
2026-03-11T05:00:00+00:00,10840.59
2026-03-11T05:00:00+00:00,10840.59
2026-03-11T05:00:00+00:00,10840.59
2026-03-11T05:15:00+00:00,10840.59
2026-03-11T05:15:00+00:00,10840.59
2026-03-11T05:15:00+00:00,10840.59
2026-03-11T05:30:00+00:00,10840.59
2026-03-11T05:30:00+00:00,10840.59
2026-03-11T05:30:00+00:00,10840.59
2026-03-11T05:45:00+00:00,10840.59
2026-03-11T05:45:00+00:00,10840.59
2026-03-11T05:45:00+00:00,10840.59
2026-03-11T06:00:00+00:00,10840.59
2026-03-11T06:00:00+00:00,10840.59
2026-03-11T06:00:00+00:00,10840.59
2026-03-11T06:15:00+00:00,10840.59
2026-03-11T06:15:00+00:00,10840.59
2026-03-11T06:15:00+00:00,10840.59
2026-03-11T06:30:00+00:00,10840.59
2026-03-11T06:30:00+00:00,10840.59
2026-03-11T06:30:00+00:00,10840.59
2026-03-11T06:45:00+00:00,10840.59
2026-03-11T06:45:00+00:00,10840.59
2026-03-11T06:45:00+00:00,10840.59
2026-03-11T07:00:00+00:00,10840.59
2026-03-11T07:00:00+00:00,10840.59
2026-03-11T07:00:00+00:00,10840.59
2026-03-11T07:15:00+00:00,10840.59
2026-03-11T07:15:00+00:00,10840.59
2026-03-11T07:15:00+00:00,10840.59
2026-03-11T07:30:00+00:00,10840.59
2026-03-11T07:30:00+00:00,10840.59
2026-03-11T07:30:00+00:00,10840.59
2026-03-11T07:45:00+00:00,10840.59
2026-03-11T07:45:00+00:00,10840.59
2026-03-11T07:45:00+00:00,10840.59
2026-03-11T08:00:00+00:00,10840.59
2026-03-11T08:00:00+00:00,10840.59
2026-03-11T08:00:00+00:00,10840.59
2026-03-11T08:15:00+00:00,10840.59
2026-03-11T08:15:00+00:00,10840.59
2026-03-11T08:15:00+00:00,10840.59
2026-03-11T08:30:00+00:00,10840.59
2026-03-11T08:30:00+00:00,10840.59
2026-03-11T08:30:00+00:00,10840.59
2026-03-11T08:45:00+00:00,10840.59
2026-03-11T08:45:00+00:00,10840.59
2026-03-11T08:45:00+00:00,10840.59
2026-03-11T09:00:00+00:00,10840.59
2026-03-11T09:00:00+00:00,10840.59
2026-03-11T09:00:00+00:00,10840.59
2026-03-11T09:15:00+00:00,10840.59
2026-03-11T09:15:00+00:00,10840.59
2026-03-11T09:15:00+00:00,10840.59
2026-03-11T09:30:00+00:00,10840.59
2026-03-11T09:30:00+00:00,10840.59
2026-03-11T09:30:00+00:00,10840.59
2026-03-11T09:45:00+00:00,10840.59
2026-03-11T09:45:00+00:00,10840.59
2026-03-11T09:45:00+00:00,10840.59
2026-03-11T10:00:00+00:00,10840.59
2026-03-11T10:00:00+00:00,10840.59
2026-03-11T10:00:00+00:00,10840.59
2026-03-11T10:15:00+00:00,10840.59
2026-03-11T10:15:00+00:00,10840.59
2026-03-11T10:15:00+00:00,10840.59
2026-03-11T10:30:00+00:00,10840.59
2026-03-11T10:30:00+00:00,10840.59
2026-03-11T10:30:00+00:00,10840.59
2026-03-11T10:45:00+00:00,10840.59
2026-03-11T10:45:00+00:00,10840.59
2026-03-11T10:45:00+00:00,10840.59
2026-03-11T11:00:00+00:00,10840.59
2026-03-11T11:00:00+00:00,10840.59
2026-03-11T11:00:00+00:00,10840.59
2026-03-11T11:15:00+00:00,10840.59
2026-03-11T11:15:00+00:00,10840.59
2026-03-11T11:15:00+00:00,10840.59
2026-03-11T11:30:00+00:00,10840.59
2026-03-11T11:30:00+00:00,10840.59
2026-03-11T11:30:00+00:00,10840.59
2026-03-11T11:45:00+00:00,10840.59
2026-03-11T11:45:00+00:00,10840.59
2026-03-11T11:45:00+00:00,10840.59
2026-03-11T12:00:00+00:00,10840.59
2026-03-11T12:00:00+00:00,10840.59
2026-03-11T12:00:00+00:00,10840.59
2026-03-11T12:15:00+00:00,10840.59
2026-03-11T12:15:00+00:00,10840.59
2026-03-11T12:15:00+00:00,10840.59
2026-03-11T12:30:00+00:00,10840.59
2026-03-11T12:30:00+00:00,10840.59
2026-03-11T12:30:00+00:00,10840.59
2026-03-11T12:45:00+00:00,10840.59
2026-03-11T12:45:00+00:00,10840.59
2026-03-11T12:45:00+00:00,10840.59
2026-03-11T13:00:00+00:00,10840.59
2026-03-11T13:00:00+00:00,10840.59
2026-03-11T13:00:00+00:00,10840.59
2026-03-11T13:15:00+00:00,10840.59
2026-03-11T13:15:00+00:00,10840.59
2026-03-11T13:15:00+00:00,10840.59
2026-03-11T13:30:00+00:00,10840.59
2026-03-11T13:30:00+00:00,10840.59
2026-03-11T13:30:00+00:00,10840.59
2026-03-11T13:45:00+00:00,10840.59
2026-03-11T13:45:00+00:00,10840.59
2026-03-11T13:45:00+00:00,10840.59
2026-03-11T14:00:00+00:00,10840.59
2026-03-11T14:00:00+00:00,10840.59
2026-03-11T14:00:00+00:00,10840.59
2026-03-11T14:15:00+00:00,10840.59
2026-03-11T14:15:00+00:00,10840.59
2026-03-11T14:15:00+00:00,10840.59
2026-03-11T14:30:00+00:00,10840.59
2026-03-11T14:30:00+00:00,10840.59
2026-03-11T14:30:00+00:00,10840.59
2026-03-11T14:45:00+00:00,10840.59
2026-03-11T14:45:00+00:00,10840.59
2026-03-11T14:45:00+00:00,10840.59
2026-03-11T15:00:00+00:00,10840.59
2026-03-11T15:00:00+00:00,10840.59
2026-03-11T15:00:00+00:00,10840.59
2026-03-11T15:15:00+00:00,10840.59
2026-03-11T15:15:00+00:00,10840.59
2026-03-11T15:15:00+00:00,10840.59
2026-03-11T15:30:00+00:00,10840.59
2026-03-11T15:30:00+00:00,10840.59
2026-03-11T15:30:00+00:00,10840.59
2026-03-11T15:45:00+00:00,10840.59
2026-03-11T15:45:00+00:00,10840.59
2026-03-11T15:45:00+00:00,10840.59
2026-03-11T16:00:00+00:00,10840.59
2026-03-11T16:00:00+00:00,10840.59
2026-03-11T16:00:00+00:00,10840.59
2026-03-11T16:15:00+00:00,10840.59
2026-03-11T16:15:00+00:00,10840.59
2026-03-11T16:15:00+00:00,10840.59
2026-03-11T16:30:00+00:00,10840.59
2026-03-11T16:30:00+00:00,10840.59
2026-03-11T16:30:00+00:00,10840.59
2026-03-11T16:45:00+00:00,10840.59
2026-03-11T16:45:00+00:00,10840.59
2026-03-11T16:45:00+00:00,10840.59
2026-03-11T17:00:00+00:00,10840.59
2026-03-11T17:00:00+00:00,10840.59
2026-03-11T17:00:00+00:00,10840.59
2026-03-11T17:15:00+00:00,10840.59
2026-03-11T17:15:00+00:00,10840.59
2026-03-11T17:15:00+00:00,10840.59
2026-03-11T17:30:00+00:00,10840.59
2026-03-11T17:30:00+00:00,10840.59
2026-03-11T17:30:00+00:00,10840.59
2026-03-11T17:45:00+00:00,10840.59
2026-03-11T17:45:00+00:00,10840.59
2026-03-11T17:45:00+00:00,10840.59
2026-03-11T18:00:00+00:00,10840.59
2026-03-11T18:00:00+00:00,10840.59
2026-03-11T18:00:00+00:00,10840.59
2026-03-11T18:15:00+00:00,10840.59
2026-03-11T18:15:00+00:00,10840.59
2026-03-11T18:15:00+00:00,10840.59
2026-03-11T18:30:00+00:00,10840.59
2026-03-11T18:30:00+00:00,10840.59
2026-03-11T18:30:00+00:00,10840.59
2026-03-11T18:45:00+00:00,10840.59
2026-03-11T18:45:00+00:00,10840.59
2026-03-11T18:45:00+00:00,10840.59
2026-03-11T19:00:00+00:00,10840.59
2026-03-11T19:00:00+00:00,10840.59
2026-03-11T19:00:00+00:00,10840.59
2026-03-11T19:15:00+00:00,10840.59
2026-03-11T19:15:00+00:00,10840.59
2026-03-11T19:15:00+00:00,10840.59
2026-03-11T19:30:00+00:00,10840.59
2026-03-11T19:30:00+00:00,10840.59
2026-03-11T19:30:00+00:00,10840.59
2026-03-11T19:45:00+00:00,10840.59
2026-03-11T19:45:00+00:00,10840.59
2026-03-11T19:45:00+00:00,10840.59
2026-03-11T20:00:00+00:00,10840.59
2026-03-11T20:00:00+00:00,10840.59
2026-03-11T20:00:00+00:00,10840.59
2026-03-11T20:15:00+00:00,10840.59
2026-03-11T20:15:00+00:00,10840.59
2026-03-11T20:15:00+00:00,10840.59
2026-03-11T20:30:00+00:00,10840.59
2026-03-11T20:30:00+00:00,10840.59
2026-03-11T20:30:00+00:00,10840.59
2026-03-11T20:45:00+00:00,10840.59
2026-03-11T20:45:00+00:00,10840.59
2026-03-11T20:45:00+00:00,10840.59
2026-03-11T21:00:00+00:00,10840.59
2026-03-11T21:00:00+00:00,10840.59
2026-03-11T21:00:00+00:00,10840.59
2026-03-11T21:15:00+00:00,10840.59
2026-03-11T21:15:00+00:00,10840.59
2026-03-11T21:15:00+00:00,10840.59
2026-03-11T21:30:00+00:00,10840.59
2026-03-11T21:30:00+00:00,10840.59
2026-03-11T21:30:00+00:00,10840.59
2026-03-11T21:45:00+00:00,10840.59
2026-03-11T21:45:00+00:00,10840.59
2026-03-11T21:45:00+00:00,10840.59
2026-03-11T22:00:00+00:00,10840.59
2026-03-11T22:00:00+00:00,10840.59
2026-03-11T22:00:00+00:00,10840.59
2026-03-11T22:15:00+00:00,10840.59
2026-03-11T22:15:00+00:00,10840.59
2026-03-11T22:15:00+00:00,10840.59
2026-03-11T22:30:00+00:00,10840.59
2026-03-11T22:30:00+00:00,10840.59
2026-03-11T22:30:00+00:00,10840.59
2026-03-11T22:45:00+00:00,10840.59
2026-03-11T22:45:00+00:00,10840.59
2026-03-11T22:45:00+00:00,10840.59
2026-03-11T23:00:00+00:00,10840.59
2026-03-11T23:00:00+00:00,10840.59
2026-03-11T23:00:00+00:00,10840.59
2026-03-11T23:15:00+00:00,10840.59
2026-03-11T23:15:00+00:00,10840.59
2026-03-11T23:15:00+00:00,10840.59
2026-03-11T23:30:00+00:00,10840.59
2026-03-11T23:30:00+00:00,10840.59
2026-03-11T23:30:00+00:00,10840.59
2026-03-11T23:45:00+00:00,10840.59
2026-03-11T23:45:00+00:00,10840.59
2026-03-11T23:45:00+00:00,10840.59
2026-03-12T00:00:00+00:00,10840.59
2026-03-12T00:00:00+00:00,10840.59
2026-03-12T00:00:00+00:00,10840.59
2026-03-12T00:15:00+00:00,10840.59
2026-03-12T00:15:00+00:00,10840.59
2026-03-12T00:15:00+00:00,10840.59
2026-03-12T00:30:00+00:00,10840.59
2026-03-12T00:30:00+00:00,10840.59
2026-03-12T00:30:00+00:00,10840.59
2026-03-12T00:45:00+00:00,10840.59
2026-03-12T00:45:00+00:00,10840.59
2026-03-12T00:45:00+00:00,10840.59
2026-03-12T01:00:00+00:00,10840.59
2026-03-12T01:00:00+00:00,10840.59
2026-03-12T01:00:00+00:00,10840.59
2026-03-12T01:15:00+00:00,10840.59
2026-03-12T01:15:00+00:00,10840.59
2026-03-12T01:15:00+00:00,10840.59
2026-03-12T01:30:00+00:00,10840.59
2026-03-12T01:30:00+00:00,10840.59
2026-03-12T01:30:00+00:00,10840.59
2026-03-12T01:45:00+00:00,10840.59
2026-03-12T01:45:00+00:00,10840.59
2026-03-12T01:45:00+00:00,10840.59
2026-03-12T02:00:00+00:00,10840.59
2026-03-12T02:00:00+00:00,10840.59
2026-03-12T02:00:00+00:00,10840.59
2026-03-12T02:15:00+00:00,10840.59
2026-03-12T02:15:00+00:00,10840.59
2026-03-12T02:15:00+00:00,10840.59
2026-03-12T02:30:00+00:00,10840.59
2026-03-12T02:30:00+00:00,10840.59
2026-03-12T02:30:00+00:00,10840.59
2026-03-12T02:45:00+00:00,10840.59
2026-03-12T02:45:00+00:00,10840.59
2026-03-12T02:45:00+00:00,10840.59
2026-03-12T03:00:00+00:00,10840.59
2026-03-12T03:00:00+00:00,10840.59
2026-03-12T03:00:00+00:00,10840.59
2026-03-12T03:15:00+00:00,10840.59
2026-03-12T03:15:00+00:00,10840.59
2026-03-12T03:15:00+00:00,10840.59
2026-03-12T03:30:00+00:00,10840.59
2026-03-12T03:30:00+00:00,10840.59
2026-03-12T03:30:00+00:00,10840.59
2026-03-12T03:45:00+00:00,10840.59
2026-03-12T03:45:00+00:00,10840.59
2026-03-12T03:45:00+00:00,10840.59
2026-03-12T04:00:00+00:00,10840.59
2026-03-12T04:00:00+00:00,10840.59
2026-03-12T04:00:00+00:00,10840.59
2026-03-12T04:15:00+00:00,10840.59
2026-03-12T04:15:00+00:00,10840.59
2026-03-12T04:15:00+00:00,10840.59
2026-03-12T04:30:00+00:00,10840.59
2026-03-12T04:30:00+00:00,10840.59
2026-03-12T04:30:00+00:00,10840.59
2026-03-12T04:45:00+00:00,10840.59
2026-03-12T04:45:00+00:00,10840.59
2026-03-12T04:45:00+00:00,10840.59
2026-03-12T05:00:00+00:00,10840.59
2026-03-12T05:00:00+00:00,10840.59
2026-03-12T05:00:00+00:00,10840.59
2026-03-12T05:15:00+00:00,10840.59
2026-03-12T05:15:00+00:00,10840.59
2026-03-12T05:15:00+00:00,10840.59
2026-03-12T05:30:00+00:00,10840.59
2026-03-12T05:30:00+00:00,10840.59
2026-03-12T05:30:00+00:00,10840.59
2026-03-12T05:45:00+00:00,10840.59
2026-03-12T05:45:00+00:00,10840.59
2026-03-12T05:45:00+00:00,10840.59
2026-03-12T06:00:00+00:00,10840.59
2026-03-12T06:00:00+00:00,10840.59
2026-03-12T06:00:00+00:00,10840.59
2026-03-12T06:15:00+00:00,10840.59
2026-03-12T06:15:00+00:00,10840.59
2026-03-12T06:15:00+00:00,10840.59
2026-03-12T06:30:00+00:00,10840.59
2026-03-12T06:30:00+00:00,10840.59
2026-03-12T06:30:00+00:00,10840.59
2026-03-12T06:45:00+00:00,10840.59
2026-03-12T06:45:00+00:00,10840.59
2026-03-12T06:45:00+00:00,10840.59
2026-03-12T07:00:00+00:00,10840.59
2026-03-12T07:00:00+00:00,10840.59
2026-03-12T07:00:00+00:00,10840.59
2026-03-12T07:15:00+00:00,10840.59
2026-03-12T07:15:00+00:00,10840.59
2026-03-12T07:15:00+00:00,10840.59
2026-03-12T07:30:00+00:00,10840.59
2026-03-12T07:30:00+00:00,10840.59
2026-03-12T07:30:00+00:00,10840.59
2026-03-12T07:45:00+00:00,10840.59
2026-03-12T07:45:00+00:00,10840.59
2026-03-12T07:45:00+00:00,10840.59
2026-03-12T08:00:00+00:00,10840.59
2026-03-12T08:00:00+00:00,10840.59
2026-03-12T08:00:00+00:00,10840.59
2026-03-12T08:15:00+00:00,10840.59
2026-03-12T08:15:00+00:00,10840.59
2026-03-12T08:15:00+00:00,10840.59
2026-03-12T08:30:00+00:00,10840.59
2026-03-12T08:30:00+00:00,10840.59
2026-03-12T08:30:00+00:00,10840.59
2026-03-12T08:45:00+00:00,10840.59
2026-03-12T08:45:00+00:00,10840.59
2026-03-12T08:45:00+00:00,10840.59
2026-03-12T09:00:00+00:00,10840.59
2026-03-12T09:00:00+00:00,10840.59
2026-03-12T09:00:00+00:00,10840.59
2026-03-12T09:15:00+00:00,10840.59
2026-03-12T09:15:00+00:00,10840.59
2026-03-12T09:15:00+00:00,10840.59
2026-03-12T09:30:00+00:00,10840.59
2026-03-12T09:30:00+00:00,10840.59
2026-03-12T09:30:00+00:00,10840.59
2026-03-12T09:45:00+00:00,10840.59
2026-03-12T09:45:00+00:00,10840.59
2026-03-12T09:45:00+00:00,10840.59
2026-03-12T10:00:00+00:00,10840.59
2026-03-12T10:00:00+00:00,10840.59
2026-03-12T10:00:00+00:00,10840.59
2026-03-12T10:15:00+00:00,10840.59
2026-03-12T10:15:00+00:00,10840.59
2026-03-12T10:15:00+00:00,10840.59
2026-03-12T10:30:00+00:00,10840.59
2026-03-12T10:30:00+00:00,10840.59
2026-03-12T10:30:00+00:00,10840.59
2026-03-12T10:45:00+00:00,10840.59
2026-03-12T10:45:00+00:00,10840.59
2026-03-12T10:45:00+00:00,10840.59
2026-03-12T11:00:00+00:00,10840.59
2026-03-12T11:00:00+00:00,10840.59
2026-03-12T11:00:00+00:00,10840.59
2026-03-12T11:15:00+00:00,10840.59
2026-03-12T11:15:00+00:00,10840.59
2026-03-12T11:15:00+00:00,10840.59
2026-03-12T11:30:00+00:00,10840.59
2026-03-12T11:30:00+00:00,10840.59
2026-03-12T11:30:00+00:00,10840.59
2026-03-12T11:45:00+00:00,10840.59
2026-03-12T11:45:00+00:00,10840.59
2026-03-12T11:45:00+00:00,10840.59
2026-03-12T12:00:00+00:00,10840.59
2026-03-12T12:00:00+00:00,10840.59
2026-03-12T12:00:00+00:00,10840.59
2026-03-12T12:15:00+00:00,10840.59
2026-03-12T12:15:00+00:00,10840.59
2026-03-12T12:15:00+00:00,10840.59
2026-03-12T12:30:00+00:00,10840.59
2026-03-12T12:30:00+00:00,10840.59
2026-03-12T12:30:00+00:00,10840.59
2026-03-12T12:45:00+00:00,10840.59
2026-03-12T12:45:00+00:00,10840.59
2026-03-12T12:45:00+00:00,10840.59
2026-03-12T13:00:00+00:00,10840.59
2026-03-12T13:00:00+00:00,10840.59
2026-03-12T13:00:00+00:00,10840.59
2026-03-12T13:15:00+00:00,10840.59
2026-03-12T13:15:00+00:00,10840.59
2026-03-12T13:15:00+00:00,10840.59
2026-03-12T13:30:00+00:00,10840.59
2026-03-12T13:30:00+00:00,10840.59
2026-03-12T13:30:00+00:00,10840.59
2026-03-12T13:45:00+00:00,10840.59
2026-03-12T13:45:00+00:00,10840.59
2026-03-12T13:45:00+00:00,10840.59
2026-03-12T14:00:00+00:00,10840.59
2026-03-12T14:00:00+00:00,10840.59
2026-03-12T14:00:00+00:00,10840.59
2026-03-12T14:15:00+00:00,10840.59
2026-03-12T14:15:00+00:00,10840.59
2026-03-12T14:15:00+00:00,10840.59
2026-03-12T14:30:00+00:00,10840.59
2026-03-12T14:30:00+00:00,10840.59
2026-03-12T14:30:00+00:00,10840.59
2026-03-12T14:45:00+00:00,10840.59
2026-03-12T14:45:00+00:00,10840.59
2026-03-12T14:45:00+00:00,10840.59
2026-03-12T15:00:00+00:00,10840.59
2026-03-12T15:00:00+00:00,10840.59
2026-03-12T15:00:00+00:00,10840.59
2026-03-12T15:15:00+00:00,10840.59
2026-03-12T15:15:00+00:00,10840.59
2026-03-12T15:15:00+00:00,10840.59
2026-03-12T15:30:00+00:00,10840.59
2026-03-12T15:30:00+00:00,10840.59
2026-03-12T15:30:00+00:00,10840.59
2026-03-12T15:45:00+00:00,10840.59
2026-03-12T15:45:00+00:00,10840.59
2026-03-12T15:45:00+00:00,10840.59
2026-03-12T16:00:00+00:00,10840.59
2026-03-12T16:00:00+00:00,10840.59
2026-03-12T16:00:00+00:00,10840.59
2026-03-12T16:15:00+00:00,10840.59
2026-03-12T16:15:00+00:00,10840.59
2026-03-12T16:15:00+00:00,10840.59
2026-03-12T16:30:00+00:00,10840.59
2026-03-12T16:30:00+00:00,10840.59
2026-03-12T16:30:00+00:00,10840.59
2026-03-12T16:45:00+00:00,10840.59
2026-03-12T16:45:00+00:00,10840.59
2026-03-12T16:45:00+00:00,10840.59
2026-03-12T17:00:00+00:00,10840.59
2026-03-12T17:00:00+00:00,10840.59
2026-03-12T17:00:00+00:00,10840.59
2026-03-12T17:15:00+00:00,10840.59
2026-03-12T17:15:00+00:00,10840.59
2026-03-12T17:15:00+00:00,10840.59
2026-03-12T17:30:00+00:00,10840.59
2026-03-12T17:30:00+00:00,10840.59
2026-03-12T17:30:00+00:00,10840.59
2026-03-12T17:45:00+00:00,10840.59
2026-03-12T17:45:00+00:00,10840.59
2026-03-12T17:45:00+00:00,10840.59
2026-03-12T18:00:00+00:00,10840.59
2026-03-12T18:00:00+00:00,10840.59
2026-03-12T18:00:00+00:00,10840.59
2026-03-12T18:15:00+00:00,10840.59
2026-03-12T18:15:00+00:00,10840.59
2026-03-12T18:15:00+00:00,10840.59
2026-03-12T18:30:00+00:00,10840.59
2026-03-12T18:30:00+00:00,10840.59
2026-03-12T18:30:00+00:00,10840.59
2026-03-12T18:45:00+00:00,10840.59
2026-03-12T18:45:00+00:00,10840.59
2026-03-12T18:45:00+00:00,10840.59
2026-03-12T19:00:00+00:00,10840.59
2026-03-12T19:00:00+00:00,10840.59
2026-03-12T19:00:00+00:00,10840.59
2026-03-12T19:15:00+00:00,10840.59
2026-03-12T19:15:00+00:00,10840.59
2026-03-12T19:15:00+00:00,10840.59
2026-03-12T19:30:00+00:00,10840.59
2026-03-12T19:30:00+00:00,10840.59
2026-03-12T19:30:00+00:00,10840.59
2026-03-12T19:45:00+00:00,10840.59
2026-03-12T19:45:00+00:00,10840.59
2026-03-12T19:45:00+00:00,10840.59
2026-03-12T20:00:00+00:00,10840.59
2026-03-12T20:00:00+00:00,10840.59
2026-03-12T20:00:00+00:00,10840.59
2026-03-12T20:15:00+00:00,10840.59
2026-03-12T20:15:00+00:00,10840.59
2026-03-12T20:15:00+00:00,10840.59
2026-03-12T20:30:00+00:00,10840.59
2026-03-12T20:30:00+00:00,10840.59
2026-03-12T20:30:00+00:00,10840.59
2026-03-12T20:45:00+00:00,10840.59
2026-03-12T20:45:00+00:00,10840.59
2026-03-12T20:45:00+00:00,10840.59
2026-03-12T21:00:00+00:00,10840.59
2026-03-12T21:00:00+00:00,10840.59
2026-03-12T21:00:00+00:00,10840.59
2026-03-12T21:15:00+00:00,10840.59
2026-03-12T21:15:00+00:00,10840.59
2026-03-12T21:15:00+00:00,10840.59
2026-03-12T21:30:00+00:00,10840.59
2026-03-12T21:30:00+00:00,10840.59
2026-03-12T21:30:00+00:00,10840.59
2026-03-12T21:45:00+00:00,10840.59
2026-03-12T21:45:00+00:00,10840.59
2026-03-12T21:45:00+00:00,10840.59
2026-03-12T22:00:00+00:00,10840.59
2026-03-12T22:00:00+00:00,10840.59
2026-03-12T22:00:00+00:00,10840.59
2026-03-12T22:15:00+00:00,10840.59
2026-03-12T22:15:00+00:00,10840.59
2026-03-12T22:15:00+00:00,10840.59
2026-03-12T22:30:00+00:00,10840.59
2026-03-12T22:30:00+00:00,10840.59
2026-03-12T22:30:00+00:00,10840.59
2026-03-12T22:45:00+00:00,10840.59
2026-03-12T22:45:00+00:00,10840.59
2026-03-12T22:45:00+00:00,10840.59
2026-03-12T23:00:00+00:00,10840.59
2026-03-12T23:00:00+00:00,10840.59
2026-03-12T23:00:00+00:00,10840.59
2026-03-12T23:15:00+00:00,10840.59
2026-03-12T23:15:00+00:00,10840.59
2026-03-12T23:15:00+00:00,10840.59
2026-03-12T23:30:00+00:00,10840.59
2026-03-12T23:30:00+00:00,10840.59
2026-03-12T23:30:00+00:00,10840.59
2026-03-12T23:45:00+00:00,10840.59
2026-03-12T23:45:00+00:00,10840.59
2026-03-12T23:45:00+00:00,10840.59
2026-03-13T00:00:00+00:00,10840.59
2026-03-13T00:00:00+00:00,10840.59
2026-03-13T00:00:00+00:00,10840.59
2026-03-13T00:15:00+00:00,10840.59
2026-03-13T00:15:00+00:00,10840.59
2026-03-13T00:15:00+00:00,10840.59
2026-03-13T00:30:00+00:00,10840.59
2026-03-13T00:30:00+00:00,10840.59
2026-03-13T00:30:00+00:00,10840.59
2026-03-13T00:45:00+00:00,10840.59
2026-03-13T00:45:00+00:00,10840.59
2026-03-13T00:45:00+00:00,10840.59
2026-03-13T01:00:00+00:00,10840.59
2026-03-13T01:00:00+00:00,10840.59
2026-03-13T01:00:00+00:00,10840.59
2026-03-13T01:15:00+00:00,10840.59
2026-03-13T01:15:00+00:00,10840.59
2026-03-13T01:15:00+00:00,10840.59
2026-03-13T01:30:00+00:00,10840.59
2026-03-13T01:30:00+00:00,10840.59
2026-03-13T01:30:00+00:00,10840.59
2026-03-13T01:45:00+00:00,10840.59
2026-03-13T01:45:00+00:00,10840.59
2026-03-13T01:45:00+00:00,10840.59
2026-03-13T02:00:00+00:00,10840.59
2026-03-13T02:00:00+00:00,10840.59
2026-03-13T02:00:00+00:00,10840.59
2026-03-13T02:15:00+00:00,10840.59
2026-03-13T02:15:00+00:00,10840.59
2026-03-13T02:15:00+00:00,10840.59
2026-03-13T02:30:00+00:00,10840.59
2026-03-13T02:30:00+00:00,10840.59
2026-03-13T02:30:00+00:00,10840.59
2026-03-13T02:45:00+00:00,10840.59
2026-03-13T02:45:00+00:00,10840.59
2026-03-13T02:45:00+00:00,10840.59
2026-03-13T03:00:00+00:00,10840.59
2026-03-13T03:00:00+00:00,10840.59
2026-03-13T03:00:00+00:00,10840.59
2026-03-13T03:15:00+00:00,10840.59
2026-03-13T03:15:00+00:00,10840.59
2026-03-13T03:15:00+00:00,10840.59
2026-03-13T03:30:00+00:00,10840.59
2026-03-13T03:30:00+00:00,10840.59
2026-03-13T03:30:00+00:00,10840.59
2026-03-13T03:45:00+00:00,10840.59
2026-03-13T03:45:00+00:00,10840.59
2026-03-13T03:45:00+00:00,10840.59
2026-03-13T04:00:00+00:00,10840.59
2026-03-13T04:00:00+00:00,10840.59
2026-03-13T04:00:00+00:00,10840.59
2026-03-13T04:15:00+00:00,10840.59
2026-03-13T04:15:00+00:00,10840.59
2026-03-13T04:15:00+00:00,10840.59
2026-03-13T04:30:00+00:00,10840.59
2026-03-13T04:30:00+00:00,10840.59
2026-03-13T04:30:00+00:00,10840.59
2026-03-13T04:45:00+00:00,10840.59
2026-03-13T04:45:00+00:00,10840.59
2026-03-13T04:45:00+00:00,10840.59
2026-03-13T05:00:00+00:00,10840.59
2026-03-13T05:00:00+00:00,10840.59
2026-03-13T05:00:00+00:00,10840.59
2026-03-13T05:15:00+00:00,10840.59
2026-03-13T05:15:00+00:00,10840.59
2026-03-13T05:15:00+00:00,10840.59
2026-03-13T05:30:00+00:00,10840.59
2026-03-13T05:30:00+00:00,10840.59
2026-03-13T05:30:00+00:00,10840.59
2026-03-13T05:45:00+00:00,10840.59
2026-03-13T05:45:00+00:00,10840.59
2026-03-13T05:45:00+00:00,10840.59
2026-03-13T06:00:00+00:00,10840.59
2026-03-13T06:00:00+00:00,10840.59
2026-03-13T06:00:00+00:00,10840.59
2026-03-13T06:15:00+00:00,10840.59
2026-03-13T06:15:00+00:00,10840.59
2026-03-13T06:15:00+00:00,10840.59
2026-03-13T06:30:00+00:00,10840.59
2026-03-13T06:30:00+00:00,10840.59
2026-03-13T06:30:00+00:00,10840.59
2026-03-13T06:45:00+00:00,10840.59
2026-03-13T06:45:00+00:00,10840.59
2026-03-13T06:45:00+00:00,10840.59
2026-03-13T07:00:00+00:00,10840.59
2026-03-13T07:00:00+00:00,10840.59
2026-03-13T07:00:00+00:00,10840.59
2026-03-13T07:15:00+00:00,10840.59
2026-03-13T07:15:00+00:00,10840.59
2026-03-13T07:15:00+00:00,10840.59
2026-03-13T07:30:00+00:00,10840.59
2026-03-13T07:30:00+00:00,10840.59
2026-03-13T07:30:00+00:00,10840.59
2026-03-13T07:45:00+00:00,10840.59
2026-03-13T07:45:00+00:00,10840.59
2026-03-13T07:45:00+00:00,10840.59
2026-03-13T08:00:00+00:00,10840.59
2026-03-13T08:00:00+00:00,10840.59
2026-03-13T08:00:00+00:00,10840.59
2026-03-13T08:15:00+00:00,10840.59
2026-03-13T08:15:00+00:00,10840.59
2026-03-13T08:15:00+00:00,10840.59
2026-03-13T08:30:00+00:00,10840.59
2026-03-13T08:30:00+00:00,10840.59
2026-03-13T08:30:00+00:00,10840.59
2026-03-13T08:45:00+00:00,10840.59
2026-03-13T08:45:00+00:00,10840.59
2026-03-13T08:45:00+00:00,10840.59
2026-03-13T09:00:00+00:00,10840.59
2026-03-13T09:00:00+00:00,10840.59
2026-03-13T09:00:00+00:00,10840.59
2026-03-13T09:15:00+00:00,10840.59
2026-03-13T09:15:00+00:00,10840.59
2026-03-13T09:15:00+00:00,10840.59
2026-03-13T09:30:00+00:00,10840.59
2026-03-13T09:30:00+00:00,10840.59
2026-03-13T09:30:00+00:00,10840.59
2026-03-13T09:45:00+00:00,10840.59
2026-03-13T09:45:00+00:00,10840.59
2026-03-13T09:45:00+00:00,10840.59
2026-03-13T10:00:00+00:00,10840.59
2026-03-13T10:00:00+00:00,10840.59
2026-03-13T10:00:00+00:00,10840.59
2026-03-13T10:15:00+00:00,10840.59
2026-03-13T10:15:00+00:00,10840.59
2026-03-13T10:15:00+00:00,10840.59
2026-03-13T10:30:00+00:00,10840.59
2026-03-13T10:30:00+00:00,10840.59
2026-03-13T10:30:00+00:00,10840.59
2026-03-13T10:45:00+00:00,10840.59
2026-03-13T10:45:00+00:00,10840.59
2026-03-13T10:45:00+00:00,10840.59
2026-03-13T11:00:00+00:00,10840.59
2026-03-13T11:00:00+00:00,10840.59
2026-03-13T11:00:00+00:00,10840.59
2026-03-13T11:15:00+00:00,10840.59
2026-03-13T11:15:00+00:00,10840.59
2026-03-13T11:15:00+00:00,10840.59
2026-03-13T11:30:00+00:00,10840.59
2026-03-13T11:30:00+00:00,10840.59
2026-03-13T11:30:00+00:00,10840.59
2026-03-13T11:45:00+00:00,10840.59
2026-03-13T11:45:00+00:00,10840.59
2026-03-13T11:45:00+00:00,10840.59
2026-03-13T12:00:00+00:00,10840.59
2026-03-13T12:00:00+00:00,10840.59
2026-03-13T12:00:00+00:00,10840.59
2026-03-13T12:15:00+00:00,10840.59
2026-03-13T12:15:00+00:00,10840.59
2026-03-13T12:15:00+00:00,10840.59
2026-03-13T12:30:00+00:00,10840.59
2026-03-13T12:30:00+00:00,10840.59
2026-03-13T12:30:00+00:00,10840.59
2026-03-13T12:45:00+00:00,10840.59
2026-03-13T12:45:00+00:00,10840.59
2026-03-13T12:45:00+00:00,10840.59
2026-03-13T13:00:00+00:00,10840.59
2026-03-13T13:00:00+00:00,10840.59
2026-03-13T13:00:00+00:00,10840.59
2026-03-13T13:15:00+00:00,10840.59
2026-03-13T13:15:00+00:00,10840.59
2026-03-13T13:15:00+00:00,10840.59
2026-03-13T13:30:00+00:00,10840.59
2026-03-13T13:30:00+00:00,10840.59
2026-03-13T13:30:00+00:00,10840.59
2026-03-13T13:45:00+00:00,10840.59
2026-03-13T13:45:00+00:00,10840.59
2026-03-13T13:45:00+00:00,10840.59
2026-03-13T14:00:00+00:00,10840.59
2026-03-13T14:00:00+00:00,10840.59
2026-03-13T14:00:00+00:00,10840.59
2026-03-13T14:15:00+00:00,10840.59
2026-03-13T14:15:00+00:00,10840.59
2026-03-13T14:15:00+00:00,10840.59
2026-03-13T14:30:00+00:00,10840.59
2026-03-13T14:30:00+00:00,10840.59
2026-03-13T14:30:00+00:00,10840.59
2026-03-13T14:45:00+00:00,10840.59
2026-03-13T14:45:00+00:00,10840.59
2026-03-13T14:45:00+00:00,10840.59
2026-03-13T15:00:00+00:00,10840.59
2026-03-13T15:00:00+00:00,10840.59
2026-03-13T15:00:00+00:00,10840.59
2026-03-13T15:15:00+00:00,10840.59
2026-03-13T15:15:00+00:00,10840.59
2026-03-13T15:15:00+00:00,10840.59
2026-03-13T15:30:00+00:00,10840.59
2026-03-13T15:30:00+00:00,10840.59
2026-03-13T15:30:00+00:00,10840.59
2026-03-13T15:45:00+00:00,10840.59
2026-03-13T15:45:00+00:00,10840.59
2026-03-13T15:45:00+00:00,10840.59
2026-03-13T16:00:00+00:00,10840.59
2026-03-13T16:00:00+00:00,10840.59
2026-03-13T16:00:00+00:00,10840.59
2026-03-13T16:15:00+00:00,10840.59
2026-03-13T16:15:00+00:00,10840.59
2026-03-13T16:15:00+00:00,10840.59
2026-03-13T16:30:00+00:00,10840.59
2026-03-13T16:30:00+00:00,10840.59
2026-03-13T16:30:00+00:00,10840.59
2026-03-13T16:45:00+00:00,10840.59
2026-03-13T16:45:00+00:00,10840.59
2026-03-13T16:45:00+00:00,10840.59
2026-03-13T17:00:00+00:00,10840.59
2026-03-13T17:00:00+00:00,10840.59
2026-03-13T17:00:00+00:00,10840.59
2026-03-13T17:15:00+00:00,10840.59
2026-03-13T17:15:00+00:00,10840.59
2026-03-13T17:15:00+00:00,10840.59
2026-03-13T17:30:00+00:00,10840.59
2026-03-13T17:30:00+00:00,10840.59
2026-03-13T17:30:00+00:00,10840.59
2026-03-13T17:45:00+00:00,10840.59
2026-03-13T17:45:00+00:00,10840.59
2026-03-13T17:45:00+00:00,10840.59
2026-03-13T18:00:00+00:00,10840.59
2026-03-13T18:00:00+00:00,10840.59
2026-03-13T18:00:00+00:00,10840.59
2026-03-13T18:15:00+00:00,10840.59
2026-03-13T18:15:00+00:00,10840.59
2026-03-13T18:15:00+00:00,10840.59
2026-03-13T18:30:00+00:00,10840.59
2026-03-13T18:30:00+00:00,10840.59
2026-03-13T18:30:00+00:00,10840.59
2026-03-13T18:45:00+00:00,10840.59
2026-03-13T18:45:00+00:00,10840.59
2026-03-13T18:45:00+00:00,10840.59
2026-03-13T19:00:00+00:00,10840.59
2026-03-13T19:00:00+00:00,10840.59
2026-03-13T19:00:00+00:00,10840.59
2026-03-13T19:15:00+00:00,10840.59
2026-03-13T19:15:00+00:00,10840.59
2026-03-13T19:15:00+00:00,10840.59
2026-03-13T19:30:00+00:00,10840.59
2026-03-13T19:30:00+00:00,10840.59
2026-03-13T19:30:00+00:00,10840.59
2026-03-13T19:45:00+00:00,10840.59
2026-03-13T19:45:00+00:00,10840.59
2026-03-13T19:45:00+00:00,10840.59
2026-03-13T20:00:00+00:00,10840.59
2026-03-13T20:00:00+00:00,10840.59
2026-03-13T20:00:00+00:00,10840.59
2026-03-13T20:15:00+00:00,10840.59
2026-03-13T20:15:00+00:00,10840.59
2026-03-13T20:15:00+00:00,10840.59
2026-03-13T20:30:00+00:00,10840.59
2026-03-13T20:30:00+00:00,10840.59
2026-03-13T20:30:00+00:00,10840.59
2026-03-13T20:45:00+00:00,10840.59
2026-03-13T20:45:00+00:00,10840.59
2026-03-13T20:45:00+00:00,10840.59
2026-03-13T21:00:00+00:00,10840.59
2026-03-13T21:00:00+00:00,10840.59
2026-03-13T21:00:00+00:00,10840.59
2026-03-13T21:15:00+00:00,10840.59
2026-03-13T21:15:00+00:00,10840.59
2026-03-13T21:15:00+00:00,10840.59
2026-03-13T21:30:00+00:00,10840.59
2026-03-13T21:30:00+00:00,10840.59
2026-03-13T21:30:00+00:00,10840.59
2026-03-13T21:45:00+00:00,10840.59
2026-03-13T21:45:00+00:00,10840.59
2026-03-13T21:45:00+00:00,10840.59
2026-03-13T22:00:00+00:00,10840.59
2026-03-13T22:00:00+00:00,10840.59
2026-03-13T22:00:00+00:00,10840.59
2026-03-13T22:15:00+00:00,10840.59
2026-03-13T22:15:00+00:00,10840.59
2026-03-13T22:15:00+00:00,10840.59
2026-03-13T22:30:00+00:00,10840.59
2026-03-13T22:30:00+00:00,10840.59
2026-03-13T22:30:00+00:00,10840.59
2026-03-13T22:45:00+00:00,10840.59
2026-03-13T22:45:00+00:00,10840.59
2026-03-13T22:45:00+00:00,10840.59
2026-03-13T23:00:00+00:00,10840.59
2026-03-13T23:00:00+00:00,10840.59
2026-03-13T23:00:00+00:00,10840.59
2026-03-13T23:15:00+00:00,10840.59
2026-03-13T23:15:00+00:00,10840.59
2026-03-13T23:15:00+00:00,10840.59
2026-03-13T23:30:00+00:00,10840.59
2026-03-13T23:30:00+00:00,10840.59
2026-03-13T23:30:00+00:00,10840.59
2026-03-13T23:45:00+00:00,10840.59
2026-03-13T23:45:00+00:00,10840.59
2026-03-13T23:45:00+00:00,10840.59
2026-03-14T00:00:00+00:00,10840.59
2026-03-14T00:00:00+00:00,10840.59
2026-03-14T00:00:00+00:00,10840.59
2026-03-14T00:15:00+00:00,10840.59
2026-03-14T00:15:00+00:00,10840.59
2026-03-14T00:15:00+00:00,10840.59
2026-03-14T00:30:00+00:00,10840.59
2026-03-14T00:30:00+00:00,10840.59
2026-03-14T00:30:00+00:00,10840.59
2026-03-14T00:45:00+00:00,10840.59
2026-03-14T00:45:00+00:00,10840.59
2026-03-14T00:45:00+00:00,10840.59
2026-03-14T01:00:00+00:00,10840.59
2026-03-14T01:00:00+00:00,10840.59
2026-03-14T01:00:00+00:00,10840.59
2026-03-14T01:15:00+00:00,10840.59
2026-03-14T01:15:00+00:00,10840.59
2026-03-14T01:15:00+00:00,10840.59
2026-03-14T01:30:00+00:00,10840.59
2026-03-14T01:30:00+00:00,10840.59
2026-03-14T01:30:00+00:00,10840.59
2026-03-14T01:45:00+00:00,10840.59
2026-03-14T01:45:00+00:00,10840.59
2026-03-14T01:45:00+00:00,10840.59
2026-03-14T02:00:00+00:00,10840.59
2026-03-14T02:00:00+00:00,10840.59
2026-03-14T02:00:00+00:00,10840.59
2026-03-14T02:15:00+00:00,10840.59
2026-03-14T02:15:00+00:00,10840.59
2026-03-14T02:15:00+00:00,10840.59
2026-03-14T02:30:00+00:00,10840.59
2026-03-14T02:30:00+00:00,10840.59
2026-03-14T02:30:00+00:00,10840.59
2026-03-14T02:45:00+00:00,10840.59
2026-03-14T02:45:00+00:00,10840.59
2026-03-14T02:45:00+00:00,10840.59
2026-03-14T03:00:00+00:00,10840.59
2026-03-14T03:00:00+00:00,10840.59
2026-03-14T03:00:00+00:00,10840.59
2026-03-14T03:15:00+00:00,10840.59
2026-03-14T03:15:00+00:00,10840.59
2026-03-14T03:15:00+00:00,10840.59
2026-03-14T03:30:00+00:00,10840.59
2026-03-14T03:30:00+00:00,10840.59
2026-03-14T03:30:00+00:00,10840.59
2026-03-14T03:45:00+00:00,10840.59
2026-03-14T03:45:00+00:00,10840.59
2026-03-14T03:45:00+00:00,10840.59
2026-03-14T04:00:00+00:00,10840.59
2026-03-14T04:00:00+00:00,10840.59
2026-03-14T04:00:00+00:00,10840.59
2026-03-14T04:15:00+00:00,10840.59
2026-03-14T04:15:00+00:00,10840.59
2026-03-14T04:15:00+00:00,10840.59
2026-03-14T04:30:00+00:00,10840.59
2026-03-14T04:30:00+00:00,10840.59
2026-03-14T04:30:00+00:00,10840.59
2026-03-14T04:45:00+00:00,10840.59
2026-03-14T04:45:00+00:00,10840.59
2026-03-14T04:45:00+00:00,10840.59
2026-03-14T05:00:00+00:00,10840.59
2026-03-14T05:00:00+00:00,10840.59
2026-03-14T05:00:00+00:00,10840.59
2026-03-14T05:15:00+00:00,10840.59
2026-03-14T05:15:00+00:00,10840.59
2026-03-14T05:15:00+00:00,10840.59
2026-03-14T05:30:00+00:00,10840.59
2026-03-14T05:30:00+00:00,10840.59
2026-03-14T05:30:00+00:00,10840.59
2026-03-14T05:45:00+00:00,10840.59
2026-03-14T05:45:00+00:00,10840.59
2026-03-14T05:45:00+00:00,10840.59
2026-03-14T06:00:00+00:00,10840.59
2026-03-14T06:00:00+00:00,10840.59
2026-03-14T06:00:00+00:00,10840.59
2026-03-14T06:15:00+00:00,10840.59
2026-03-14T06:15:00+00:00,10840.59
2026-03-14T06:15:00+00:00,10840.59
2026-03-14T06:30:00+00:00,10840.59
2026-03-14T06:30:00+00:00,10840.59
2026-03-14T06:30:00+00:00,10840.59
2026-03-14T06:45:00+00:00,10840.59
2026-03-14T06:45:00+00:00,10840.59
2026-03-14T06:45:00+00:00,10840.59
2026-03-14T07:00:00+00:00,10840.59
2026-03-14T07:00:00+00:00,10840.59
2026-03-14T07:00:00+00:00,10840.59
2026-03-14T07:15:00+00:00,10840.59
2026-03-14T07:15:00+00:00,10840.59
2026-03-14T07:15:00+00:00,10840.59
2026-03-14T07:30:00+00:00,10840.59
2026-03-14T07:30:00+00:00,10840.59
2026-03-14T07:30:00+00:00,10840.59
2026-03-14T07:45:00+00:00,10840.59
2026-03-14T07:45:00+00:00,10840.59
2026-03-14T07:45:00+00:00,10840.59
2026-03-14T08:00:00+00:00,10840.59
2026-03-14T08:00:00+00:00,10840.59
2026-03-14T08:00:00+00:00,10840.59
2026-03-14T08:15:00+00:00,10840.59
2026-03-14T08:15:00+00:00,10840.59
2026-03-14T08:15:00+00:00,10840.59
2026-03-14T08:30:00+00:00,10840.59
2026-03-14T08:30:00+00:00,10840.59
2026-03-14T08:30:00+00:00,10840.59
2026-03-14T08:45:00+00:00,10840.59
2026-03-14T08:45:00+00:00,10840.59
2026-03-14T08:45:00+00:00,10840.59
2026-03-14T09:00:00+00:00,10840.59
2026-03-14T09:00:00+00:00,10840.59
2026-03-14T09:00:00+00:00,10840.59
2026-03-14T09:15:00+00:00,10840.59
2026-03-14T09:15:00+00:00,10840.59
2026-03-14T09:15:00+00:00,10840.59
2026-03-14T09:30:00+00:00,10840.59
2026-03-14T09:30:00+00:00,10840.59
2026-03-14T09:30:00+00:00,10840.59
2026-03-14T09:45:00+00:00,10840.59
2026-03-14T09:45:00+00:00,10840.59
2026-03-14T09:45:00+00:00,10840.59
2026-03-14T10:00:00+00:00,10840.59
2026-03-14T10:00:00+00:00,10840.59
2026-03-14T10:00:00+00:00,10840.59
2026-03-14T10:15:00+00:00,10840.59
2026-03-14T10:15:00+00:00,10840.59
2026-03-14T10:15:00+00:00,10840.59
2026-03-14T10:30:00+00:00,10840.59
2026-03-14T10:30:00+00:00,10840.59
2026-03-14T10:30:00+00:00,10840.59
2026-03-14T10:45:00+00:00,10840.59
2026-03-14T10:45:00+00:00,10840.59
2026-03-14T10:45:00+00:00,10840.59
2026-03-14T11:00:00+00:00,10840.59
2026-03-14T11:00:00+00:00,10840.59
2026-03-14T11:00:00+00:00,10840.59
2026-03-14T11:15:00+00:00,10840.59
2026-03-14T11:15:00+00:00,10840.59
2026-03-14T11:15:00+00:00,10840.59
2026-03-14T11:30:00+00:00,10840.59
2026-03-14T11:30:00+00:00,10840.59
2026-03-14T11:30:00+00:00,10840.59
2026-03-14T11:45:00+00:00,10840.59
2026-03-14T11:45:00+00:00,10840.59
2026-03-14T11:45:00+00:00,10840.59
2026-03-14T12:00:00+00:00,10840.59
2026-03-14T12:00:00+00:00,10840.59
2026-03-14T12:00:00+00:00,10840.59
2026-03-14T12:15:00+00:00,10840.59
2026-03-14T12:15:00+00:00,10840.59
2026-03-14T12:15:00+00:00,10840.59
2026-03-14T12:30:00+00:00,10840.59
2026-03-14T12:30:00+00:00,10840.59
2026-03-14T12:30:00+00:00,10840.59
2026-03-14T12:45:00+00:00,10840.59
2026-03-14T12:45:00+00:00,10840.59
2026-03-14T12:45:00+00:00,10840.59
2026-03-14T13:00:00+00:00,10840.59
2026-03-14T13:00:00+00:00,10840.59
2026-03-14T13:00:00+00:00,10840.59
2026-03-14T13:15:00+00:00,10840.59
2026-03-14T13:15:00+00:00,10840.59
2026-03-14T13:15:00+00:00,10840.59
2026-03-14T13:30:00+00:00,10840.59
2026-03-14T13:30:00+00:00,10840.59
2026-03-14T13:30:00+00:00,10840.59
2026-03-14T13:45:00+00:00,10840.59
2026-03-14T13:45:00+00:00,10840.59
2026-03-14T13:45:00+00:00,10840.59
2026-03-14T14:00:00+00:00,10840.59
2026-03-14T14:00:00+00:00,10840.59
2026-03-14T14:00:00+00:00,10840.59
2026-03-14T14:15:00+00:00,10840.59
2026-03-14T14:15:00+00:00,10840.59
2026-03-14T14:15:00+00:00,10840.59
2026-03-14T14:30:00+00:00,10840.59
2026-03-14T14:30:00+00:00,10840.59
2026-03-14T14:30:00+00:00,10840.59
2026-03-14T14:45:00+00:00,10840.59
2026-03-14T14:45:00+00:00,10840.59
2026-03-14T14:45:00+00:00,10840.59
2026-03-14T15:00:00+00:00,10840.59
2026-03-14T15:00:00+00:00,10840.59
2026-03-14T15:00:00+00:00,10840.59
2026-03-14T15:15:00+00:00,10840.59
2026-03-14T15:15:00+00:00,10840.59
2026-03-14T15:15:00+00:00,10840.59
2026-03-14T15:30:00+00:00,10840.59
2026-03-14T15:30:00+00:00,10840.59
2026-03-14T15:30:00+00:00,10840.59
2026-03-14T15:45:00+00:00,10840.59
2026-03-14T15:45:00+00:00,10840.59
2026-03-14T15:45:00+00:00,10840.59
2026-03-14T16:00:00+00:00,10840.59
2026-03-14T16:00:00+00:00,10840.59
2026-03-14T16:00:00+00:00,10840.59
2026-03-14T16:15:00+00:00,10840.59
2026-03-14T16:15:00+00:00,10840.59
2026-03-14T16:15:00+00:00,10840.59
2026-03-14T16:30:00+00:00,10840.59
2026-03-14T16:30:00+00:00,10840.59
2026-03-14T16:30:00+00:00,10840.59
2026-03-14T16:45:00+00:00,10840.59
2026-03-14T16:45:00+00:00,10840.59
2026-03-14T16:45:00+00:00,10840.59
2026-03-14T17:00:00+00:00,10840.59
2026-03-14T17:00:00+00:00,10840.59
2026-03-14T17:00:00+00:00,10840.59
2026-03-14T17:15:00+00:00,10840.59
2026-03-14T17:15:00+00:00,10840.59
2026-03-14T17:15:00+00:00,10840.59
2026-03-14T17:30:00+00:00,10840.59
2026-03-14T17:30:00+00:00,10840.59
2026-03-14T17:30:00+00:00,10840.59
2026-03-14T17:45:00+00:00,10840.59
2026-03-14T17:45:00+00:00,10840.59
2026-03-14T17:45:00+00:00,10840.59
2026-03-14T18:00:00+00:00,10840.59
2026-03-14T18:00:00+00:00,10840.59
2026-03-14T18:00:00+00:00,10840.59
2026-03-14T18:15:00+00:00,10840.59
2026-03-14T18:15:00+00:00,10840.59
2026-03-14T18:15:00+00:00,10840.59
2026-03-14T18:30:00+00:00,10840.59
2026-03-14T18:30:00+00:00,10840.59
2026-03-14T18:30:00+00:00,10840.59
2026-03-14T18:45:00+00:00,10840.59
2026-03-14T18:45:00+00:00,10840.59
2026-03-14T18:45:00+00:00,10840.59
2026-03-14T19:00:00+00:00,10840.59
2026-03-14T19:00:00+00:00,10840.59
2026-03-14T19:00:00+00:00,10840.59
2026-03-14T19:15:00+00:00,10840.59
2026-03-14T19:15:00+00:00,10840.59
2026-03-14T19:15:00+00:00,10840.59
2026-03-14T19:30:00+00:00,10840.59
2026-03-14T19:30:00+00:00,10840.59
2026-03-14T19:30:00+00:00,10840.59
2026-03-14T19:45:00+00:00,10840.59
2026-03-14T19:45:00+00:00,10840.59
2026-03-14T19:45:00+00:00,10840.59
2026-03-14T20:00:00+00:00,10840.59
2026-03-14T20:00:00+00:00,10840.59
2026-03-14T20:00:00+00:00,10840.59
2026-03-14T20:15:00+00:00,10840.59
2026-03-14T20:15:00+00:00,10840.59
2026-03-14T20:15:00+00:00,10840.59
2026-03-14T20:30:00+00:00,10840.59
2026-03-14T20:30:00+00:00,10840.59
2026-03-14T20:30:00+00:00,10840.59
2026-03-14T20:45:00+00:00,10840.59
2026-03-14T20:45:00+00:00,10840.59
2026-03-14T20:45:00+00:00,10840.59
2026-03-14T21:00:00+00:00,10840.59
2026-03-14T21:00:00+00:00,10840.59
2026-03-14T21:00:00+00:00,10840.59
2026-03-14T21:15:00+00:00,10840.59
2026-03-14T21:15:00+00:00,10840.59
2026-03-14T21:15:00+00:00,10840.59
2026-03-14T21:30:00+00:00,10840.59
2026-03-14T21:30:00+00:00,10840.59
2026-03-14T21:30:00+00:00,10840.59
2026-03-14T21:45:00+00:00,10840.59
2026-03-14T21:45:00+00:00,10840.59
2026-03-14T21:45:00+00:00,10840.59
2026-03-14T22:00:00+00:00,10840.59
2026-03-14T22:00:00+00:00,10840.59
2026-03-14T22:00:00+00:00,10840.59
2026-03-14T22:15:00+00:00,10840.59
2026-03-14T22:15:00+00:00,10840.59
2026-03-14T22:15:00+00:00,10840.59
2026-03-14T22:30:00+00:00,10840.59
2026-03-14T22:30:00+00:00,10840.59
2026-03-14T22:30:00+00:00,10840.59
2026-03-14T22:45:00+00:00,10840.59
2026-03-14T22:45:00+00:00,10840.59
2026-03-14T22:45:00+00:00,10840.59
2026-03-14T23:00:00+00:00,10840.59
2026-03-14T23:00:00+00:00,10840.59
2026-03-14T23:00:00+00:00,10840.59
2026-03-14T23:15:00+00:00,10840.59
2026-03-14T23:15:00+00:00,10840.59
2026-03-14T23:15:00+00:00,10840.59
2026-03-14T23:30:00+00:00,10840.59
2026-03-14T23:30:00+00:00,10840.59
2026-03-14T23:30:00+00:00,10840.59
2026-03-14T23:45:00+00:00,10840.59
2026-03-14T23:45:00+00:00,10840.59
2026-03-14T23:45:00+00:00,10840.59
2026-03-15T00:00:00+00:00,10840.59
2026-03-15T00:00:00+00:00,10840.59
2026-03-15T00:00:00+00:00,10840.59
2026-03-15T00:15:00+00:00,10840.59
2026-03-15T00:15:00+00:00,10840.59
2026-03-15T00:15:00+00:00,10840.59
2026-03-15T00:30:00+00:00,10840.59
2026-03-15T00:30:00+00:00,10840.59
2026-03-15T00:30:00+00:00,10840.59
2026-03-15T00:45:00+00:00,10840.59
2026-03-15T00:45:00+00:00,10840.59
2026-03-15T00:45:00+00:00,10840.59
2026-03-15T01:00:00+00:00,10840.59
2026-03-15T01:00:00+00:00,10840.59
2026-03-15T01:00:00+00:00,10840.59
2026-03-15T01:15:00+00:00,10840.59
2026-03-15T01:15:00+00:00,10840.59
2026-03-15T01:15:00+00:00,10840.59
2026-03-15T01:30:00+00:00,10840.59
2026-03-15T01:30:00+00:00,10840.59
2026-03-15T01:30:00+00:00,10840.59
2026-03-15T01:45:00+00:00,10840.59
2026-03-15T01:45:00+00:00,10840.59
2026-03-15T01:45:00+00:00,10840.59
2026-03-15T02:00:00+00:00,10840.59
2026-03-15T02:00:00+00:00,10840.59
2026-03-15T02:00:00+00:00,10840.59
2026-03-15T02:15:00+00:00,10840.59
2026-03-15T02:15:00+00:00,10840.59
2026-03-15T02:15:00+00:00,10840.59
2026-03-15T02:30:00+00:00,10840.59
2026-03-15T02:30:00+00:00,10840.59
2026-03-15T02:30:00+00:00,10840.59
2026-03-15T02:45:00+00:00,10840.59
2026-03-15T02:45:00+00:00,10840.59
2026-03-15T02:45:00+00:00,10840.59
2026-03-15T03:00:00+00:00,10840.59
2026-03-15T03:00:00+00:00,10840.59
2026-03-15T03:00:00+00:00,10840.59
2026-03-15T03:15:00+00:00,10840.59
2026-03-15T03:15:00+00:00,10840.59
2026-03-15T03:15:00+00:00,10840.59
2026-03-15T03:30:00+00:00,10840.59
2026-03-15T03:30:00+00:00,10840.59
2026-03-15T03:30:00+00:00,10840.59
2026-03-15T03:45:00+00:00,10840.59
2026-03-15T03:45:00+00:00,10840.59
2026-03-15T03:45:00+00:00,10840.59
2026-03-15T04:00:00+00:00,10840.59
2026-03-15T04:00:00+00:00,10840.59
2026-03-15T04:00:00+00:00,10840.59
2026-03-15T04:15:00+00:00,10840.59
2026-03-15T04:15:00+00:00,10840.59
2026-03-15T04:15:00+00:00,10840.59
2026-03-15T04:30:00+00:00,10840.59
2026-03-15T04:30:00+00:00,10840.59
2026-03-15T04:30:00+00:00,10840.59
2026-03-15T04:45:00+00:00,10840.59
2026-03-15T04:45:00+00:00,10840.59
2026-03-15T04:45:00+00:00,10840.59
2026-03-15T05:00:00+00:00,10840.59
2026-03-15T05:00:00+00:00,10840.59
2026-03-15T05:00:00+00:00,10840.59
2026-03-15T05:15:00+00:00,10840.59
2026-03-15T05:15:00+00:00,10840.59
2026-03-15T05:15:00+00:00,10840.59
2026-03-15T05:30:00+00:00,10840.59
2026-03-15T05:30:00+00:00,10840.59
2026-03-15T05:30:00+00:00,10840.59
2026-03-15T05:45:00+00:00,10840.59
2026-03-15T05:45:00+00:00,10840.59
2026-03-15T05:45:00+00:00,10840.59
2026-03-15T06:00:00+00:00,10840.59
2026-03-15T06:00:00+00:00,10840.59
2026-03-15T06:00:00+00:00,10840.59
2026-03-15T06:15:00+00:00,10840.59
2026-03-15T06:15:00+00:00,10840.59
2026-03-15T06:15:00+00:00,10840.59
2026-03-15T06:30:00+00:00,10840.59
2026-03-15T06:30:00+00:00,10840.59
2026-03-15T06:30:00+00:00,10840.59
2026-03-15T06:45:00+00:00,10840.59
2026-03-15T06:45:00+00:00,10840.59
2026-03-15T06:45:00+00:00,10840.59
2026-03-15T07:00:00+00:00,10840.59
2026-03-15T07:00:00+00:00,10840.59
2026-03-15T07:00:00+00:00,10840.59
2026-03-15T07:15:00+00:00,10840.59
2026-03-15T07:15:00+00:00,10840.59
2026-03-15T07:15:00+00:00,10840.59
2026-03-15T07:30:00+00:00,10840.59
2026-03-15T07:30:00+00:00,10840.59
2026-03-15T07:30:00+00:00,10840.59
2026-03-15T07:45:00+00:00,10840.59
2026-03-15T07:45:00+00:00,10840.59
2026-03-15T07:45:00+00:00,10840.59
2026-03-15T08:00:00+00:00,10840.59
2026-03-15T08:00:00+00:00,10840.59
2026-03-15T08:00:00+00:00,10840.59
2026-03-15T08:15:00+00:00,10840.59
2026-03-15T08:15:00+00:00,10840.59
2026-03-15T08:15:00+00:00,10840.59
2026-03-15T08:30:00+00:00,10840.59
2026-03-15T08:30:00+00:00,10840.59
2026-03-15T08:30:00+00:00,10840.59
2026-03-15T08:45:00+00:00,10840.59
2026-03-15T08:45:00+00:00,10840.59
2026-03-15T08:45:00+00:00,10840.59
2026-03-15T09:00:00+00:00,10840.59
2026-03-15T09:00:00+00:00,10840.59
2026-03-15T09:00:00+00:00,10840.59
2026-03-15T09:15:00+00:00,10840.59
2026-03-15T09:15:00+00:00,10840.59
2026-03-15T09:15:00+00:00,10840.59
2026-03-15T09:30:00+00:00,10840.59
2026-03-15T09:30:00+00:00,10840.59
2026-03-15T09:30:00+00:00,10840.59
2026-03-15T09:45:00+00:00,10840.59
2026-03-15T09:45:00+00:00,10840.59
2026-03-15T09:45:00+00:00,10840.59
2026-03-15T10:00:00+00:00,10840.59
2026-03-15T10:00:00+00:00,10840.59
2026-03-15T10:00:00+00:00,10840.59
2026-03-15T10:15:00+00:00,10840.59
2026-03-15T10:15:00+00:00,10840.59
2026-03-15T10:15:00+00:00,10840.59
2026-03-15T10:30:00+00:00,10840.59
2026-03-15T10:30:00+00:00,10840.59
2026-03-15T10:30:00+00:00,10840.59
2026-03-15T10:45:00+00:00,10840.59
2026-03-15T10:45:00+00:00,10840.59
2026-03-15T10:45:00+00:00,10840.59
2026-03-15T11:00:00+00:00,10840.59
2026-03-15T11:00:00+00:00,10840.59
2026-03-15T11:00:00+00:00,10840.59
2026-03-15T11:15:00+00:00,10840.59
2026-03-15T11:15:00+00:00,10840.59
2026-03-15T11:15:00+00:00,10840.59
2026-03-15T11:30:00+00:00,10840.59
2026-03-15T11:30:00+00:00,10840.59
2026-03-15T11:30:00+00:00,10840.59
2026-03-15T11:45:00+00:00,10840.59
2026-03-15T11:45:00+00:00,10840.59
2026-03-15T11:45:00+00:00,10840.59
2026-03-15T12:00:00+00:00,10840.59
2026-03-15T12:00:00+00:00,10840.59
2026-03-15T12:00:00+00:00,10840.59
2026-03-15T12:15:00+00:00,10840.59
2026-03-15T12:15:00+00:00,10840.59
2026-03-15T12:15:00+00:00,10840.59
2026-03-15T12:30:00+00:00,10840.59
2026-03-15T12:30:00+00:00,10840.59
2026-03-15T12:30:00+00:00,10840.59
2026-03-15T12:45:00+00:00,10840.59
2026-03-15T12:45:00+00:00,10840.59
2026-03-15T12:45:00+00:00,10840.59
2026-03-15T13:00:00+00:00,10840.59
2026-03-15T13:00:00+00:00,10840.59
2026-03-15T13:00:00+00:00,10840.59
2026-03-15T13:15:00+00:00,10840.59
2026-03-15T13:15:00+00:00,10840.59
2026-03-15T13:15:00+00:00,10840.59
2026-03-15T13:30:00+00:00,10840.59
2026-03-15T13:30:00+00:00,10840.59
2026-03-15T13:30:00+00:00,10840.59
2026-03-15T13:45:00+00:00,10840.59
2026-03-15T13:45:00+00:00,10840.59
2026-03-15T13:45:00+00:00,10840.59
2026-03-15T14:00:00+00:00,10840.59
2026-03-15T14:00:00+00:00,10840.59
2026-03-15T14:00:00+00:00,10840.59
2026-03-15T14:15:00+00:00,10840.59
2026-03-15T14:15:00+00:00,10840.59
2026-03-15T14:15:00+00:00,10840.59
2026-03-15T14:30:00+00:00,10840.59
2026-03-15T14:30:00+00:00,10840.59
2026-03-15T14:30:00+00:00,10840.59
2026-03-15T14:45:00+00:00,10840.59
2026-03-15T14:45:00+00:00,10840.59
2026-03-15T14:45:00+00:00,10840.59
2026-03-15T15:00:00+00:00,10840.59
2026-03-15T15:00:00+00:00,10840.59
2026-03-15T15:00:00+00:00,10840.59
2026-03-15T15:15:00+00:00,10840.59
2026-03-15T15:15:00+00:00,10840.59
2026-03-15T15:15:00+00:00,10840.59
2026-03-15T15:30:00+00:00,10840.59
2026-03-15T15:30:00+00:00,10840.59
2026-03-15T15:30:00+00:00,10840.59
2026-03-15T15:45:00+00:00,10840.59
2026-03-15T15:45:00+00:00,10840.59
2026-03-15T15:45:00+00:00,10840.59
2026-03-15T16:00:00+00:00,10840.59
2026-03-15T16:00:00+00:00,10840.59
2026-03-15T16:00:00+00:00,10840.59
2026-03-15T16:15:00+00:00,10840.59
2026-03-15T16:15:00+00:00,10840.59
2026-03-15T16:15:00+00:00,10840.59
2026-03-15T16:30:00+00:00,10840.59
2026-03-15T16:30:00+00:00,10840.59
2026-03-15T16:30:00+00:00,10840.59
2026-03-15T16:45:00+00:00,10840.59
2026-03-15T16:45:00+00:00,10840.59
2026-03-15T16:45:00+00:00,10840.59
2026-03-15T17:00:00+00:00,10840.59
2026-03-15T17:00:00+00:00,10840.59
2026-03-15T17:00:00+00:00,10840.59
2026-03-15T17:15:00+00:00,10840.59
2026-03-15T17:15:00+00:00,10840.59
2026-03-15T17:15:00+00:00,10840.59
2026-03-15T17:30:00+00:00,10840.59
2026-03-15T17:30:00+00:00,10840.59
2026-03-15T17:30:00+00:00,10840.59
2026-03-15T17:45:00+00:00,10840.59
2026-03-15T17:45:00+00:00,10840.59
2026-03-15T17:45:00+00:00,10840.59
2026-03-15T18:00:00+00:00,10840.59
2026-03-15T18:00:00+00:00,10840.59
2026-03-15T18:00:00+00:00,10840.59
2026-03-15T18:15:00+00:00,10840.59
2026-03-15T18:15:00+00:00,10840.59
2026-03-15T18:15:00+00:00,10840.59
2026-03-15T18:30:00+00:00,10840.59
2026-03-15T18:30:00+00:00,10840.59
2026-03-15T18:30:00+00:00,10840.59
2026-03-15T18:45:00+00:00,10840.59
2026-03-15T18:45:00+00:00,10840.59
2026-03-15T18:45:00+00:00,10840.59
2026-03-15T19:00:00+00:00,10840.59
2026-03-15T19:00:00+00:00,10840.59
2026-03-15T19:00:00+00:00,10840.59
2026-03-15T19:15:00+00:00,10840.59
2026-03-15T19:15:00+00:00,10840.59
2026-03-15T19:15:00+00:00,10840.59
2026-03-15T19:30:00+00:00,10840.59
2026-03-15T19:30:00+00:00,10840.59
2026-03-15T19:30:00+00:00,10840.59
2026-03-15T19:45:00+00:00,10840.59
2026-03-15T19:45:00+00:00,10840.59
2026-03-15T19:45:00+00:00,10840.59
2026-03-15T20:00:00+00:00,10840.59
2026-03-15T20:00:00+00:00,10840.59
2026-03-15T20:00:00+00:00,10840.59
2026-03-15T20:15:00+00:00,10840.59
2026-03-15T20:15:00+00:00,10840.59
2026-03-15T20:15:00+00:00,10840.59
2026-03-15T20:30:00+00:00,10840.59
2026-03-15T20:30:00+00:00,10840.59
2026-03-15T20:30:00+00:00,10840.59
2026-03-15T20:45:00+00:00,10840.59
2026-03-15T20:45:00+00:00,10840.59
2026-03-15T20:45:00+00:00,10840.59
2026-03-15T21:00:00+00:00,10840.59
2026-03-15T21:00:00+00:00,10840.59
2026-03-15T21:00:00+00:00,10840.59
2026-03-15T21:15:00+00:00,10840.59
2026-03-15T21:15:00+00:00,10840.59
2026-03-15T21:15:00+00:00,10840.59
2026-03-15T21:30:00+00:00,10840.59
2026-03-15T21:30:00+00:00,10840.59
2026-03-15T21:30:00+00:00,10840.59
2026-03-15T21:45:00+00:00,10840.59
2026-03-15T21:45:00+00:00,10840.59
2026-03-15T21:45:00+00:00,10840.59
2026-03-15T22:00:00+00:00,10840.59
2026-03-15T22:00:00+00:00,10840.59
2026-03-15T22:00:00+00:00,10840.59
2026-03-15T22:15:00+00:00,10840.59
2026-03-15T22:15:00+00:00,10840.59
2026-03-15T22:15:00+00:00,10840.59
2026-03-15T22:30:00+00:00,10840.59
2026-03-15T22:30:00+00:00,10840.59
2026-03-15T22:30:00+00:00,10840.59
2026-03-15T22:45:00+00:00,10840.59
2026-03-15T22:45:00+00:00,10840.59
2026-03-15T22:45:00+00:00,10840.59
2026-03-15T23:00:00+00:00,10840.59
2026-03-15T23:00:00+00:00,10840.59
2026-03-15T23:00:00+00:00,10840.59
2026-03-15T23:15:00+00:00,10840.59
2026-03-15T23:15:00+00:00,10840.59
2026-03-15T23:15:00+00:00,10840.59
2026-03-15T23:30:00+00:00,10840.59
2026-03-15T23:30:00+00:00,10840.59
2026-03-15T23:30:00+00:00,10840.59
2026-03-15T23:45:00+00:00,10840.59
2026-03-15T23:45:00+00:00,10840.59
2026-03-15T23:45:00+00:00,10840.59
2026-03-16T00:00:00+00:00,10840.59
2026-03-16T00:00:00+00:00,10840.59
2026-03-16T00:00:00+00:00,10840.59
2026-03-16T00:15:00+00:00,10840.59
2026-03-16T00:15:00+00:00,10840.59
2026-03-16T00:15:00+00:00,10840.59
2026-03-16T00:30:00+00:00,10840.59
2026-03-16T00:30:00+00:00,10840.59
2026-03-16T00:30:00+00:00,10840.59
2026-03-16T00:45:00+00:00,10840.59
2026-03-16T00:45:00+00:00,10840.59
2026-03-16T00:45:00+00:00,10840.59
2026-03-16T01:00:00+00:00,10840.59
2026-03-16T01:00:00+00:00,10840.59
2026-03-16T01:00:00+00:00,10840.59
2026-03-16T01:15:00+00:00,10840.59
2026-03-16T01:15:00+00:00,10840.59
2026-03-16T01:15:00+00:00,10840.59
2026-03-16T01:30:00+00:00,10840.59
2026-03-16T01:30:00+00:00,10840.59
2026-03-16T01:30:00+00:00,10840.59
2026-03-16T01:45:00+00:00,10840.59
2026-03-16T01:45:00+00:00,10840.59
2026-03-16T01:45:00+00:00,10840.59
2026-03-16T02:00:00+00:00,10840.59
2026-03-16T02:00:00+00:00,10840.59
2026-03-16T02:00:00+00:00,10840.59
2026-03-16T02:15:00+00:00,10840.59
2026-03-16T02:15:00+00:00,10840.59
2026-03-16T02:15:00+00:00,10840.59
2026-03-16T02:30:00+00:00,10840.59
2026-03-16T02:30:00+00:00,10840.59
2026-03-16T02:30:00+00:00,10840.59
2026-03-16T02:45:00+00:00,10840.59
2026-03-16T02:45:00+00:00,10840.59
2026-03-16T02:45:00+00:00,10840.59
2026-03-16T03:00:00+00:00,10840.59
2026-03-16T03:00:00+00:00,10840.59
2026-03-16T03:00:00+00:00,10840.59
2026-03-16T03:15:00+00:00,10840.59
2026-03-16T03:15:00+00:00,10840.59
2026-03-16T03:15:00+00:00,10840.59
2026-03-16T03:30:00+00:00,10840.59
2026-03-16T03:30:00+00:00,10840.59
2026-03-16T03:30:00+00:00,10840.59
2026-03-16T03:45:00+00:00,10840.59
2026-03-16T03:45:00+00:00,10840.59
2026-03-16T03:45:00+00:00,10840.59
2026-03-16T04:00:00+00:00,10840.59
2026-03-16T04:00:00+00:00,10840.59
2026-03-16T04:00:00+00:00,10840.59
2026-03-16T04:15:00+00:00,10840.59
2026-03-16T04:15:00+00:00,10840.59
2026-03-16T04:15:00+00:00,10840.59
2026-03-16T04:30:00+00:00,10840.59
2026-03-16T04:30:00+00:00,10840.59
2026-03-16T04:30:00+00:00,10840.59
2026-03-16T04:45:00+00:00,10840.59
2026-03-16T04:45:00+00:00,10840.59
2026-03-16T04:45:00+00:00,10840.59
2026-03-16T05:00:00+00:00,10840.59
2026-03-16T05:00:00+00:00,10840.59
2026-03-16T05:00:00+00:00,10840.59
2026-03-16T05:15:00+00:00,10840.59
2026-03-16T05:15:00+00:00,10840.59
2026-03-16T05:15:00+00:00,10840.59
2026-03-16T05:30:00+00:00,10840.59
2026-03-16T05:30:00+00:00,10840.59
2026-03-16T05:30:00+00:00,10840.59
2026-03-16T05:45:00+00:00,10840.59
2026-03-16T05:45:00+00:00,10840.59
2026-03-16T05:45:00+00:00,10840.59
2026-03-16T06:00:00+00:00,10840.59
2026-03-16T06:00:00+00:00,10840.59
2026-03-16T06:00:00+00:00,10840.59
2026-03-16T06:15:00+00:00,10840.59
2026-03-16T06:15:00+00:00,10840.59
2026-03-16T06:15:00+00:00,10840.59
2026-03-16T06:30:00+00:00,10840.59
2026-03-16T06:30:00+00:00,10840.59
2026-03-16T06:30:00+00:00,10840.59
2026-03-16T06:45:00+00:00,10840.59
2026-03-16T06:45:00+00:00,10840.59
2026-03-16T06:45:00+00:00,10840.59
2026-03-16T07:00:00+00:00,10840.59
2026-03-16T07:00:00+00:00,10840.59
2026-03-16T07:00:00+00:00,10840.59
2026-03-16T07:15:00+00:00,10840.59
2026-03-16T07:15:00+00:00,10840.59
2026-03-16T07:15:00+00:00,10840.59
2026-03-16T07:30:00+00:00,10840.59
2026-03-16T07:30:00+00:00,10840.59
2026-03-16T07:30:00+00:00,10840.59
2026-03-16T07:45:00+00:00,10840.59
2026-03-16T07:45:00+00:00,10840.59
2026-03-16T07:45:00+00:00,10840.59
2026-03-16T08:00:00+00:00,10840.59
2026-03-16T08:00:00+00:00,10840.59
2026-03-16T08:00:00+00:00,10840.59
2026-03-16T08:15:00+00:00,10840.59
2026-03-16T08:15:00+00:00,10840.59
2026-03-16T08:15:00+00:00,10840.59
2026-03-16T08:30:00+00:00,10840.59
2026-03-16T08:30:00+00:00,10840.59
2026-03-16T08:30:00+00:00,10840.59
2026-03-16T08:45:00+00:00,10840.59
2026-03-16T08:45:00+00:00,10840.59
2026-03-16T08:45:00+00:00,10840.59
2026-03-16T09:00:00+00:00,10840.59
2026-03-16T09:00:00+00:00,10840.59
2026-03-16T09:00:00+00:00,10840.59
2026-03-16T09:15:00+00:00,10840.59
2026-03-16T09:15:00+00:00,10840.59
2026-03-16T09:15:00+00:00,10840.59
2026-03-16T09:30:00+00:00,10840.59
2026-03-16T09:30:00+00:00,10840.59
2026-03-16T09:30:00+00:00,10840.59
2026-03-16T09:45:00+00:00,10840.59
2026-03-16T09:45:00+00:00,10840.59
2026-03-16T09:45:00+00:00,10840.59
2026-03-16T10:00:00+00:00,10840.59
2026-03-16T10:00:00+00:00,10840.59
2026-03-16T10:00:00+00:00,10840.59
2026-03-16T10:15:00+00:00,10840.59
2026-03-16T10:15:00+00:00,10840.59
2026-03-16T10:15:00+00:00,10840.59
2026-03-16T10:30:00+00:00,10840.59
2026-03-16T10:30:00+00:00,10840.59
2026-03-16T10:30:00+00:00,10840.59
2026-03-16T10:45:00+00:00,10840.59
2026-03-16T10:45:00+00:00,10840.59
2026-03-16T10:45:00+00:00,10840.59
2026-03-16T11:00:00+00:00,10840.59
2026-03-16T11:00:00+00:00,10840.59
2026-03-16T11:00:00+00:00,10840.59
2026-03-16T11:15:00+00:00,10840.59
2026-03-16T11:15:00+00:00,10840.59
2026-03-16T11:15:00+00:00,10840.59
2026-03-16T11:30:00+00:00,10840.59
2026-03-16T11:30:00+00:00,10840.59
2026-03-16T11:30:00+00:00,10840.59
2026-03-16T11:45:00+00:00,10840.59
2026-03-16T11:45:00+00:00,10840.59
2026-03-16T11:45:00+00:00,10840.59
2026-03-16T12:00:00+00:00,10840.59
2026-03-16T12:00:00+00:00,10840.59
2026-03-16T12:00:00+00:00,10840.59
2026-03-16T12:15:00+00:00,10840.59
2026-03-16T12:15:00+00:00,10840.59
2026-03-16T12:15:00+00:00,10840.59
2026-03-16T12:30:00+00:00,10840.59
2026-03-16T12:30:00+00:00,10840.59
2026-03-16T12:30:00+00:00,10840.59
2026-03-16T12:45:00+00:00,10840.59
2026-03-16T12:45:00+00:00,10840.59
2026-03-16T12:45:00+00:00,10840.59
2026-03-16T13:00:00+00:00,10840.59
2026-03-16T13:00:00+00:00,10840.59
2026-03-16T13:00:00+00:00,10840.59
2026-03-16T13:15:00+00:00,10840.59
2026-03-16T13:15:00+00:00,10840.59
2026-03-16T13:15:00+00:00,10840.59
2026-03-16T13:30:00+00:00,10840.59
2026-03-16T13:30:00+00:00,10840.59
2026-03-16T13:30:00+00:00,10840.59
2026-03-16T13:45:00+00:00,10840.59
2026-03-16T13:45:00+00:00,10840.59
2026-03-16T13:45:00+00:00,10840.59
2026-03-16T14:00:00+00:00,10840.59
2026-03-16T14:00:00+00:00,10840.59
2026-03-16T14:00:00+00:00,10840.59
2026-03-16T14:15:00+00:00,10840.59
2026-03-16T14:15:00+00:00,10840.59
2026-03-16T14:15:00+00:00,10840.59
2026-03-16T14:30:00+00:00,10840.59
2026-03-16T14:30:00+00:00,10840.59
2026-03-16T14:30:00+00:00,10840.59
2026-03-16T14:45:00+00:00,10840.59
2026-03-16T14:45:00+00:00,10840.59
2026-03-16T14:45:00+00:00,10840.59
2026-03-16T15:00:00+00:00,10840.59
2026-03-16T15:00:00+00:00,10840.59
2026-03-16T15:00:00+00:00,10840.59
2026-03-16T15:15:00+00:00,10840.59
2026-03-16T15:15:00+00:00,10840.59
2026-03-16T15:15:00+00:00,10840.59
2026-03-16T15:30:00+00:00,10840.59
2026-03-16T15:30:00+00:00,10840.59
2026-03-16T15:30:00+00:00,10840.59
2026-03-16T15:45:00+00:00,10840.59
2026-03-16T15:45:00+00:00,10840.59
2026-03-16T15:45:00+00:00,10840.59
2026-03-16T16:00:00+00:00,10840.59
2026-03-16T16:00:00+00:00,10840.59
2026-03-16T16:00:00+00:00,10840.59
2026-03-16T16:15:00+00:00,10840.59
2026-03-16T16:15:00+00:00,10840.59
2026-03-16T16:15:00+00:00,10840.59
2026-03-16T16:30:00+00:00,10840.59
2026-03-16T16:30:00+00:00,10840.59
2026-03-16T16:30:00+00:00,10840.59
2026-03-16T16:45:00+00:00,10840.59
2026-03-16T16:45:00+00:00,10840.59
2026-03-16T16:45:00+00:00,10840.59
2026-03-16T17:00:00+00:00,10840.59
2026-03-16T17:00:00+00:00,10840.59
2026-03-16T17:00:00+00:00,10840.59
2026-03-16T17:15:00+00:00,10840.59
2026-03-16T17:15:00+00:00,10840.59
2026-03-16T17:15:00+00:00,10840.59
2026-03-16T17:30:00+00:00,10840.59
2026-03-16T17:30:00+00:00,10840.59
2026-03-16T17:30:00+00:00,10840.59
2026-03-16T17:45:00+00:00,10840.59
2026-03-16T17:45:00+00:00,10840.59
2026-03-16T17:45:00+00:00,10840.59
2026-03-16T18:00:00+00:00,10840.59
2026-03-16T18:00:00+00:00,10840.59
2026-03-16T18:00:00+00:00,10840.59
2026-03-16T18:15:00+00:00,10840.59
2026-03-16T18:15:00+00:00,10840.59
2026-03-16T18:15:00+00:00,10840.59
2026-03-16T18:30:00+00:00,10840.59
2026-03-16T18:30:00+00:00,10840.59
2026-03-16T18:30:00+00:00,10840.59
2026-03-16T18:45:00+00:00,10840.59
2026-03-16T18:45:00+00:00,10840.59
2026-03-16T18:45:00+00:00,10840.59
2026-03-16T19:00:00+00:00,10840.59
2026-03-16T19:00:00+00:00,10840.59
2026-03-16T19:00:00+00:00,10840.59
2026-03-16T19:15:00+00:00,10840.59
2026-03-16T19:15:00+00:00,10840.59
2026-03-16T19:15:00+00:00,10840.59
2026-03-16T19:30:00+00:00,10840.59
2026-03-16T19:30:00+00:00,10840.59
2026-03-16T19:30:00+00:00,10840.59
2026-03-16T19:45:00+00:00,10840.59
2026-03-16T19:45:00+00:00,10840.59
2026-03-16T19:45:00+00:00,10840.59
2026-03-16T20:00:00+00:00,10840.59
2026-03-16T20:00:00+00:00,10840.59
2026-03-16T20:00:00+00:00,10840.59
2026-03-16T20:15:00+00:00,10840.59
2026-03-16T20:15:00+00:00,10840.59
2026-03-16T20:15:00+00:00,10840.59
2026-03-16T20:30:00+00:00,10840.59
2026-03-16T20:30:00+00:00,10840.59
2026-03-16T20:30:00+00:00,10840.59
2026-03-16T20:45:00+00:00,10840.59
2026-03-16T20:45:00+00:00,10840.59
2026-03-16T20:45:00+00:00,10840.59
2026-03-16T21:00:00+00:00,10840.59
2026-03-16T21:00:00+00:00,10840.59
2026-03-16T21:00:00+00:00,10840.59
2026-03-16T21:15:00+00:00,10840.59
2026-03-16T21:15:00+00:00,10840.59
2026-03-16T21:15:00+00:00,10840.59
2026-03-16T21:30:00+00:00,10840.59
2026-03-16T21:30:00+00:00,10840.59
2026-03-16T21:30:00+00:00,10840.59
2026-03-16T21:45:00+00:00,10840.59
2026-03-16T21:45:00+00:00,10840.59
2026-03-16T21:45:00+00:00,10840.59
2026-03-16T22:00:00+00:00,10840.59
2026-03-16T22:00:00+00:00,10840.59
2026-03-16T22:00:00+00:00,10840.59
2026-03-16T22:15:00+00:00,10840.59
2026-03-16T22:15:00+00:00,10840.59
2026-03-16T22:15:00+00:00,10840.59
2026-03-16T22:30:00+00:00,10840.59
2026-03-16T22:30:00+00:00,10840.59
2026-03-16T22:30:00+00:00,10840.59
2026-03-16T22:45:00+00:00,10840.59
2026-03-16T22:45:00+00:00,10840.59
2026-03-16T22:45:00+00:00,10840.59
2026-03-16T23:00:00+00:00,10840.59
2026-03-16T23:00:00+00:00,10840.59
2026-03-16T23:00:00+00:00,10840.59
2026-03-16T23:15:00+00:00,10840.59
2026-03-16T23:15:00+00:00,10840.59
2026-03-16T23:15:00+00:00,10840.59
2026-03-16T23:30:00+00:00,10840.59
2026-03-16T23:30:00+00:00,10840.59
2026-03-16T23:30:00+00:00,10840.59
2026-03-16T23:45:00+00:00,10840.59
2026-03-16T23:45:00+00:00,10840.59
2026-03-16T23:45:00+00:00,10840.59
2026-03-17T00:00:00+00:00,10840.59
2026-03-17T00:00:00+00:00,10840.59
2026-03-17T00:00:00+00:00,10840.59
2026-03-17T00:15:00+00:00,10840.59
2026-03-17T00:15:00+00:00,10840.59
2026-03-17T00:15:00+00:00,10840.59
2026-03-17T00:30:00+00:00,10840.59
2026-03-17T00:30:00+00:00,10840.59
2026-03-17T00:30:00+00:00,10840.59
2026-03-17T00:45:00+00:00,10840.59
2026-03-17T00:45:00+00:00,10840.59
2026-03-17T00:45:00+00:00,10840.59
2026-03-17T01:00:00+00:00,10840.59
2026-03-17T01:00:00+00:00,10840.59
2026-03-17T01:00:00+00:00,10840.59
2026-03-17T01:15:00+00:00,10840.59
2026-03-17T01:15:00+00:00,10840.59
2026-03-17T01:15:00+00:00,10840.59
2026-03-17T01:30:00+00:00,10840.59
2026-03-17T01:30:00+00:00,10840.59
2026-03-17T01:30:00+00:00,10840.59
2026-03-17T01:45:00+00:00,10840.59
2026-03-17T01:45:00+00:00,10840.59
2026-03-17T01:45:00+00:00,10840.59
2026-03-17T02:00:00+00:00,10840.59
2026-03-17T02:00:00+00:00,10840.59
2026-03-17T02:00:00+00:00,10840.59
2026-03-17T02:15:00+00:00,10840.59
2026-03-17T02:15:00+00:00,10840.59
2026-03-17T02:15:00+00:00,10840.59
2026-03-17T02:30:00+00:00,10840.59
2026-03-17T02:30:00+00:00,10840.59
2026-03-17T02:30:00+00:00,10840.59
2026-03-17T02:45:00+00:00,10840.59
2026-03-17T02:45:00+00:00,10840.59
2026-03-17T02:45:00+00:00,10840.59
2026-03-17T03:00:00+00:00,10840.59
2026-03-17T03:00:00+00:00,10840.59
2026-03-17T03:00:00+00:00,10840.59
2026-03-17T03:15:00+00:00,10840.59
2026-03-17T03:15:00+00:00,10840.59
2026-03-17T03:15:00+00:00,10840.59
2026-03-17T03:30:00+00:00,10840.59
2026-03-17T03:30:00+00:00,10840.59
2026-03-17T03:30:00+00:00,10840.59
2026-03-17T03:45:00+00:00,10840.59
2026-03-17T03:45:00+00:00,10840.59
2026-03-17T03:45:00+00:00,10840.59
2026-03-17T04:00:00+00:00,10840.59
2026-03-17T04:00:00+00:00,10840.59
2026-03-17T04:00:00+00:00,10840.59
2026-03-17T04:15:00+00:00,10840.59
2026-03-17T04:15:00+00:00,10840.59
2026-03-17T04:15:00+00:00,10840.59
2026-03-17T04:30:00+00:00,10840.59
2026-03-17T04:30:00+00:00,10840.59
2026-03-17T04:30:00+00:00,10840.59
2026-03-17T04:45:00+00:00,10840.59
2026-03-17T04:45:00+00:00,10840.59
2026-03-17T04:45:00+00:00,10840.59
2026-03-17T05:00:00+00:00,10840.59
2026-03-17T05:00:00+00:00,10840.59
2026-03-17T05:00:00+00:00,10840.59
2026-03-17T05:15:00+00:00,10840.59
2026-03-17T05:15:00+00:00,10840.59
2026-03-17T05:15:00+00:00,10840.59
2026-03-17T05:30:00+00:00,10840.59
2026-03-17T05:30:00+00:00,10840.59
2026-03-17T05:30:00+00:00,10840.59
2026-03-17T05:45:00+00:00,10840.59
2026-03-17T05:45:00+00:00,10840.59
2026-03-17T05:45:00+00:00,10840.59
2026-03-17T06:00:00+00:00,10840.59
2026-03-17T06:00:00+00:00,10840.59
2026-03-17T06:00:00+00:00,10840.59
2026-03-17T06:15:00+00:00,10840.59
2026-03-17T06:15:00+00:00,10840.59
2026-03-17T06:15:00+00:00,10840.59
2026-03-17T06:30:00+00:00,10840.59
2026-03-17T06:30:00+00:00,10840.59
2026-03-17T06:30:00+00:00,10840.59
2026-03-17T06:45:00+00:00,10840.59
2026-03-17T06:45:00+00:00,10840.59
2026-03-17T06:45:00+00:00,10840.59
2026-03-17T07:00:00+00:00,10840.59
2026-03-17T07:00:00+00:00,10840.59
2026-03-17T07:00:00+00:00,10840.59
2026-03-17T07:15:00+00:00,10840.59
2026-03-17T07:15:00+00:00,10840.59
2026-03-17T07:15:00+00:00,10840.59
2026-03-17T07:30:00+00:00,10840.59
2026-03-17T07:30:00+00:00,10840.59
2026-03-17T07:30:00+00:00,10840.59
2026-03-17T07:45:00+00:00,10840.59
2026-03-17T07:45:00+00:00,10840.59
2026-03-17T07:45:00+00:00,10840.59
2026-03-17T08:00:00+00:00,10840.59
2026-03-17T08:00:00+00:00,10840.59
2026-03-17T08:00:00+00:00,10840.59
2026-03-17T08:15:00+00:00,10840.59
2026-03-17T08:15:00+00:00,10840.59
2026-03-17T08:15:00+00:00,10840.59
2026-03-17T08:30:00+00:00,10840.59
2026-03-17T08:30:00+00:00,10840.59
2026-03-17T08:30:00+00:00,10840.59
2026-03-17T08:45:00+00:00,10840.59
2026-03-17T08:45:00+00:00,10840.59
2026-03-17T08:45:00+00:00,10840.59
2026-03-17T09:00:00+00:00,10840.59
2026-03-17T09:00:00+00:00,10840.59
2026-03-17T09:00:00+00:00,10840.59
2026-03-17T09:15:00+00:00,10840.59
2026-03-17T09:15:00+00:00,10840.59
2026-03-17T09:15:00+00:00,10840.59
2026-03-17T09:30:00+00:00,10840.59
2026-03-17T09:30:00+00:00,10840.59
2026-03-17T09:30:00+00:00,10840.59
2026-03-17T09:45:00+00:00,10840.59
2026-03-17T09:45:00+00:00,10840.59
2026-03-17T09:45:00+00:00,10840.59
2026-03-17T10:00:00+00:00,10840.59
2026-03-17T10:00:00+00:00,10840.59
2026-03-17T10:00:00+00:00,10840.59
2026-03-17T10:15:00+00:00,10840.59
2026-03-17T10:15:00+00:00,10840.59
2026-03-17T10:15:00+00:00,10840.59
2026-03-17T10:30:00+00:00,10840.59
2026-03-17T10:30:00+00:00,10840.59
2026-03-17T10:30:00+00:00,10840.59
2026-03-17T10:45:00+00:00,10840.59
2026-03-17T10:45:00+00:00,10840.59
2026-03-17T10:45:00+00:00,10840.59
2026-03-17T11:00:00+00:00,10840.59
2026-03-17T11:00:00+00:00,10840.59
2026-03-17T11:00:00+00:00,10840.59
2026-03-17T11:15:00+00:00,10840.59
2026-03-17T11:15:00+00:00,10840.59
2026-03-17T11:15:00+00:00,10840.59
2026-03-17T11:30:00+00:00,10840.59
2026-03-17T11:30:00+00:00,10840.59
2026-03-17T11:30:00+00:00,10840.59
2026-03-17T11:45:00+00:00,10840.59
2026-03-17T11:45:00+00:00,10840.59
2026-03-17T11:45:00+00:00,10840.59
2026-03-17T12:00:00+00:00,10840.59
2026-03-17T12:00:00+00:00,10840.59
2026-03-17T12:00:00+00:00,10840.59
2026-03-17T12:15:00+00:00,10840.59
2026-03-17T12:15:00+00:00,10840.59
2026-03-17T12:15:00+00:00,10840.59
2026-03-17T12:30:00+00:00,10840.59
2026-03-17T12:30:00+00:00,10840.59
2026-03-17T12:30:00+00:00,10840.59
2026-03-17T12:45:00+00:00,10840.59
2026-03-17T12:45:00+00:00,10840.59
2026-03-17T12:45:00+00:00,10840.59
2026-03-17T13:00:00+00:00,10840.59
2026-03-17T13:00:00+00:00,10840.59
2026-03-17T13:00:00+00:00,10840.59
2026-03-17T13:15:00+00:00,10840.59
2026-03-17T13:15:00+00:00,10840.59
2026-03-17T13:15:00+00:00,10840.59
2026-03-17T13:30:00+00:00,10840.59
2026-03-17T13:30:00+00:00,10840.59
2026-03-17T13:30:00+00:00,10840.59
2026-03-17T13:45:00+00:00,10840.59
2026-03-17T13:45:00+00:00,10840.59
2026-03-17T13:45:00+00:00,10840.59
2026-03-17T14:00:00+00:00,10840.59
2026-03-17T14:00:00+00:00,10840.59
2026-03-17T14:00:00+00:00,10840.59
2026-03-17T14:15:00+00:00,10840.59
2026-03-17T14:15:00+00:00,10840.59
2026-03-17T14:15:00+00:00,10840.59
2026-03-17T14:30:00+00:00,10840.59
2026-03-17T14:30:00+00:00,10840.59
2026-03-17T14:30:00+00:00,10840.59
2026-03-17T14:45:00+00:00,10840.59
2026-03-17T14:45:00+00:00,10840.59
2026-03-17T14:45:00+00:00,10840.59
2026-03-17T15:00:00+00:00,10840.59
2026-03-17T15:00:00+00:00,10840.59
2026-03-17T15:00:00+00:00,10840.59
2026-03-17T15:15:00+00:00,10840.59
2026-03-17T15:15:00+00:00,10840.59
2026-03-17T15:15:00+00:00,10840.59
2026-03-17T15:30:00+00:00,10840.59
2026-03-17T15:30:00+00:00,10840.59
2026-03-17T15:30:00+00:00,10840.59
2026-03-17T15:45:00+00:00,10840.59
2026-03-17T15:45:00+00:00,10840.59
2026-03-17T15:45:00+00:00,10840.59
2026-03-17T16:00:00+00:00,10840.59
2026-03-17T16:00:00+00:00,10840.59
2026-03-17T16:00:00+00:00,10840.59
2026-03-17T16:15:00+00:00,10840.59
2026-03-17T16:15:00+00:00,10840.59
2026-03-17T16:15:00+00:00,10840.59
2026-03-17T16:30:00+00:00,10840.59
2026-03-17T16:30:00+00:00,10840.59
2026-03-17T16:30:00+00:00,10840.59
2026-03-17T16:45:00+00:00,10840.59
2026-03-17T16:45:00+00:00,10840.59
2026-03-17T16:45:00+00:00,10840.59
2026-03-17T17:00:00+00:00,10840.59
2026-03-17T17:00:00+00:00,10840.59
2026-03-17T17:00:00+00:00,10840.59
2026-03-17T17:15:00+00:00,10840.59
2026-03-17T17:15:00+00:00,10840.59
2026-03-17T17:15:00+00:00,10840.59
2026-03-17T17:30:00+00:00,10840.59
2026-03-17T17:30:00+00:00,10840.59
2026-03-17T17:30:00+00:00,10840.59
2026-03-17T17:45:00+00:00,10840.59
2026-03-17T17:45:00+00:00,10840.59
2026-03-17T17:45:00+00:00,10840.59
2026-03-17T18:00:00+00:00,10840.59
2026-03-17T18:00:00+00:00,10840.59
2026-03-17T18:00:00+00:00,10840.59
2026-03-17T18:15:00+00:00,10840.59
2026-03-17T18:15:00+00:00,10840.59
2026-03-17T18:15:00+00:00,10840.59
2026-03-17T18:30:00+00:00,10840.59
2026-03-17T18:30:00+00:00,10840.59
2026-03-17T18:30:00+00:00,10840.59
2026-03-17T18:45:00+00:00,10840.59
2026-03-17T18:45:00+00:00,10840.59
2026-03-17T18:45:00+00:00,10840.59
2026-03-17T19:00:00+00:00,10840.59
2026-03-17T19:00:00+00:00,10840.59
2026-03-17T19:00:00+00:00,10840.59
2026-03-17T19:15:00+00:00,10840.59
2026-03-17T19:15:00+00:00,10840.59
2026-03-17T19:15:00+00:00,10840.59
2026-03-17T19:30:00+00:00,10840.59
2026-03-17T19:30:00+00:00,10840.59
2026-03-17T19:30:00+00:00,10840.59
2026-03-17T19:45:00+00:00,10840.59
2026-03-17T19:45:00+00:00,10840.59
2026-03-17T19:45:00+00:00,10840.59
2026-03-17T20:00:00+00:00,10840.59
2026-03-17T20:00:00+00:00,10804.60
2026-03-17T20:00:00+00:00,10804.60
2026-03-17T20:15:00+00:00,10804.60
2026-03-17T20:15:00+00:00,10877.79
2026-03-17T20:15:00+00:00,10877.79
2026-03-17T20:30:00+00:00,10877.79
2026-03-17T20:30:00+00:00,10864.60
2026-03-17T20:30:00+00:00,10864.60
2026-03-17T20:45:00+00:00,10864.60
2026-03-17T20:45:00+00:00,10872.51
2026-03-17T20:45:00+00:00,10872.51
2026-03-17T21:00:00+00:00,10872.54
2026-03-17T21:00:00+00:00,10943.74
2026-03-17T21:00:00+00:00,10943.74
2026-03-17T21:15:00+00:00,10943.74
2026-03-17T21:15:00+00:00,10926.60
2026-03-17T21:15:00+00:00,10926.60
2026-03-17T21:30:00+00:00,10926.60
2026-03-17T21:30:00+00:00,10942.42
2026-03-17T21:30:00+00:00,10942.42
2026-03-17T21:45:00+00:00,10942.42
2026-03-17T21:45:00+00:00,10939.13
2026-03-17T21:45:00+00:00,10939.13
2026-03-17T22:00:00+00:00,10939.07
2026-03-17T22:00:00+00:00,10902.15
2026-03-17T22:00:00+00:00,10902.15
2026-03-17T22:15:00+00:00,10902.15
2026-03-17T22:15:00+00:00,10872.48
2026-03-17T22:15:00+00:00,10872.48
2026-03-17T22:30:00+00:00,10872.48
2026-03-17T22:30:00+00:00,10849.41
2026-03-17T22:30:00+00:00,10849.41
2026-03-17T22:45:00+00:00,10849.41
2026-03-17T22:45:00+00:00,10883.69
2026-03-17T22:45:00+00:00,10883.69
2026-03-17T23:00:00+00:00,10883.50
2026-03-17T23:00:00+00:00,10887.46
2026-03-17T23:00:00+00:00,10887.46
2026-03-17T23:15:00+00:00,10887.46
2026-03-17T23:15:00+00:00,10866.36
2026-03-17T23:15:00+00:00,10866.36
2026-03-17T23:30:00+00:00,10866.36
2026-03-17T23:30:00+00:00,10837.02
2026-03-17T23:30:00+00:00,10837.02
2026-03-17T23:45:00+00:00,10837.02
2026-03-17T23:45:00+00:00,10837.68
2026-03-17T23:45:00+00:00,10837.68
2026-03-18T00:00:00+00:00,10837.68
2026-03-18T00:00:00+00:00,10837.68
2026-03-18T00:00:00+00:00,10837.68
2026-03-18T00:15:00+00:00,10837.68
2026-03-18T00:15:00+00:00,10837.68
2026-03-18T00:15:00+00:00,10837.68
2026-03-18T00:30:00+00:00,10837.68
2026-03-18T00:30:00+00:00,10837.68
2026-03-18T00:30:00+00:00,10837.68
2026-03-18T00:45:00+00:00,10837.68
2026-03-18T00:45:00+00:00,10837.68
2026-03-18T00:45:00+00:00,10837.68
2026-03-18T01:00:00+00:00,10837.68
2026-03-18T01:00:00+00:00,10837.68
2026-03-18T01:00:00+00:00,10837.68
2026-03-18T01:15:00+00:00,10837.68
2026-03-18T01:15:00+00:00,10837.68
2026-03-18T01:15:00+00:00,10837.68
2026-03-18T01:30:00+00:00,10837.68
2026-03-18T01:30:00+00:00,10837.68
2026-03-18T01:30:00+00:00,10837.68
2026-03-18T01:45:00+00:00,10837.68
2026-03-18T01:45:00+00:00,10837.68
2026-03-18T01:45:00+00:00,10837.68
2026-03-18T02:00:00+00:00,10837.68
2026-03-18T02:00:00+00:00,10837.68
2026-03-18T02:00:00+00:00,10837.68
2026-03-18T02:15:00+00:00,10837.68
2026-03-18T02:15:00+00:00,10837.68
2026-03-18T02:15:00+00:00,10837.68
2026-03-18T02:30:00+00:00,10837.68
2026-03-18T02:30:00+00:00,10837.68
2026-03-18T02:30:00+00:00,10837.68
2026-03-18T02:45:00+00:00,10837.68
2026-03-18T02:45:00+00:00,10837.68
2026-03-18T02:45:00+00:00,10837.68
2026-03-18T03:00:00+00:00,10837.68
2026-03-18T03:00:00+00:00,10837.68
2026-03-18T03:00:00+00:00,10837.68
2026-03-18T03:15:00+00:00,10837.68
2026-03-18T03:15:00+00:00,10837.68
2026-03-18T03:15:00+00:00,10837.68
2026-03-18T03:30:00+00:00,10837.68
2026-03-18T03:30:00+00:00,10837.68
2026-03-18T03:30:00+00:00,10837.68
2026-03-18T03:45:00+00:00,10837.68
2026-03-18T03:45:00+00:00,10837.68
2026-03-18T03:45:00+00:00,10837.68
2026-03-18T04:00:00+00:00,10837.68
2026-03-18T04:00:00+00:00,10837.68
2026-03-18T04:00:00+00:00,10837.68
2026-03-18T04:15:00+00:00,10837.68
2026-03-18T04:15:00+00:00,10837.68
2026-03-18T04:15:00+00:00,10837.68
2026-03-18T04:30:00+00:00,10837.68
2026-03-18T04:30:00+00:00,10837.68
2026-03-18T04:30:00+00:00,10837.68
2026-03-18T04:45:00+00:00,10837.68
2026-03-18T04:45:00+00:00,10837.68
2026-03-18T04:45:00+00:00,10837.68
2026-03-18T05:00:00+00:00,10837.68
2026-03-18T05:00:00+00:00,10837.68
2026-03-18T05:00:00+00:00,10837.68
2026-03-18T05:15:00+00:00,10837.68
2026-03-18T05:15:00+00:00,10837.68
2026-03-18T05:15:00+00:00,10837.68
2026-03-18T05:30:00+00:00,10837.68
2026-03-18T05:30:00+00:00,10837.68
2026-03-18T05:30:00+00:00,10837.68
2026-03-18T05:45:00+00:00,10837.68
2026-03-18T05:45:00+00:00,10837.68
2026-03-18T05:45:00+00:00,10837.68
2026-03-18T06:00:00+00:00,10837.68
2026-03-18T06:00:00+00:00,10837.68
2026-03-18T06:00:00+00:00,10837.68
2026-03-18T06:15:00+00:00,10837.68
2026-03-18T06:15:00+00:00,10837.68
2026-03-18T06:15:00+00:00,10837.68
2026-03-18T06:30:00+00:00,10837.68
2026-03-18T06:30:00+00:00,10837.68
2026-03-18T06:30:00+00:00,10837.68
2026-03-18T06:45:00+00:00,10837.68
2026-03-18T06:45:00+00:00,10837.68
2026-03-18T06:45:00+00:00,10837.68
2026-03-18T07:00:00+00:00,10837.68
2026-03-18T07:00:00+00:00,10837.68
2026-03-18T07:00:00+00:00,10837.68
2026-03-18T07:15:00+00:00,10837.68
2026-03-18T07:15:00+00:00,10837.68
2026-03-18T07:15:00+00:00,10837.68
2026-03-18T07:30:00+00:00,10837.68
2026-03-18T07:30:00+00:00,10837.68
2026-03-18T07:30:00+00:00,10837.68
2026-03-18T07:45:00+00:00,10837.68
2026-03-18T07:45:00+00:00,10837.68
2026-03-18T07:45:00+00:00,10837.68
2026-03-18T08:00:00+00:00,10837.68
2026-03-18T08:00:00+00:00,10837.68
2026-03-18T08:00:00+00:00,10837.68
2026-03-18T08:15:00+00:00,10837.68
2026-03-18T08:15:00+00:00,10837.68
2026-03-18T08:15:00+00:00,10837.68
2026-03-18T08:30:00+00:00,10837.68
2026-03-18T08:30:00+00:00,10837.68
2026-03-18T08:30:00+00:00,10837.68
2026-03-18T08:45:00+00:00,10837.68
2026-03-18T08:45:00+00:00,10837.68
2026-03-18T08:45:00+00:00,10837.68
2026-03-18T09:00:00+00:00,10837.68
2026-03-18T09:00:00+00:00,10837.68
2026-03-18T09:00:00+00:00,10837.68
2026-03-18T09:15:00+00:00,10837.68
2026-03-18T09:15:00+00:00,10837.68
2026-03-18T09:15:00+00:00,10837.68
2026-03-18T09:30:00+00:00,10837.68
2026-03-18T09:30:00+00:00,10837.68
2026-03-18T09:30:00+00:00,10837.68
2026-03-18T09:45:00+00:00,10837.68
2026-03-18T09:45:00+00:00,10837.68
2026-03-18T09:45:00+00:00,10837.68
2026-03-18T10:00:00+00:00,10837.68
2026-03-18T10:00:00+00:00,10837.68
2026-03-18T10:00:00+00:00,10837.68
2026-03-18T10:15:00+00:00,10837.68
2026-03-18T10:15:00+00:00,10837.68
2026-03-18T10:15:00+00:00,10837.68
2026-03-18T10:30:00+00:00,10837.68
2026-03-18T10:30:00+00:00,10837.68
2026-03-18T10:30:00+00:00,10837.68
2026-03-18T10:45:00+00:00,10837.68
2026-03-18T10:45:00+00:00,10837.68
2026-03-18T10:45:00+00:00,10837.68
2026-03-18T11:00:00+00:00,10837.68
2026-03-18T11:00:00+00:00,10837.68
2026-03-18T11:00:00+00:00,10837.68
2026-03-18T11:15:00+00:00,10837.68
2026-03-18T11:15:00+00:00,10837.68
2026-03-18T11:15:00+00:00,10837.68
2026-03-18T11:30:00+00:00,10837.68
2026-03-18T11:30:00+00:00,10837.68
2026-03-18T11:30:00+00:00,10837.68
2026-03-18T11:45:00+00:00,10837.68
2026-03-18T11:45:00+00:00,10837.68
2026-03-18T11:45:00+00:00,10837.68
2026-03-18T12:00:00+00:00,10837.68
2026-03-18T12:00:00+00:00,10837.68
2026-03-18T12:00:00+00:00,10837.68
2026-03-18T12:15:00+00:00,10837.68
2026-03-18T12:15:00+00:00,10837.68
2026-03-18T12:15:00+00:00,10837.68
2026-03-18T12:30:00+00:00,10837.68
2026-03-18T12:30:00+00:00,10837.68
2026-03-18T12:30:00+00:00,10837.68
2026-03-18T12:45:00+00:00,10837.68
2026-03-18T12:45:00+00:00,10837.68
2026-03-18T12:45:00+00:00,10837.68
2026-03-18T13:00:00+00:00,10837.68
2026-03-18T13:00:00+00:00,10837.68
2026-03-18T13:00:00+00:00,10837.68
2026-03-18T13:15:00+00:00,10837.68
2026-03-18T13:15:00+00:00,10837.68
2026-03-18T13:15:00+00:00,10837.68
2026-03-18T13:30:00+00:00,10837.68
2026-03-18T13:30:00+00:00,10837.68
2026-03-18T13:30:00+00:00,10837.68
2026-03-18T13:45:00+00:00,10837.68
2026-03-18T13:45:00+00:00,10837.68
2026-03-18T13:45:00+00:00,10837.68
2026-03-18T14:00:00+00:00,10837.68
2026-03-18T14:00:00+00:00,10837.68
2026-03-18T14:00:00+00:00,10837.68
2026-03-18T14:15:00+00:00,10837.68
2026-03-18T14:15:00+00:00,10837.68
2026-03-18T14:15:00+00:00,10837.68
2026-03-18T14:30:00+00:00,10837.68
2026-03-18T14:30:00+00:00,10837.68
2026-03-18T14:30:00+00:00,10837.68
2026-03-18T14:45:00+00:00,10837.68
2026-03-18T14:45:00+00:00,10837.68
2026-03-18T14:45:00+00:00,10837.68
2026-03-18T15:00:00+00:00,10837.68
2026-03-18T15:00:00+00:00,10837.68
2026-03-18T15:00:00+00:00,10837.68
2026-03-18T15:15:00+00:00,10837.68
2026-03-18T15:15:00+00:00,10837.68
2026-03-18T15:15:00+00:00,10837.68
2026-03-18T15:30:00+00:00,10837.68
2026-03-18T15:30:00+00:00,10837.68
2026-03-18T15:30:00+00:00,10837.68
2026-03-18T15:45:00+00:00,10837.68
2026-03-18T15:45:00+00:00,10837.68
2026-03-18T15:45:00+00:00,10837.68
2026-03-18T16:00:00+00:00,10837.68
2026-03-18T16:00:00+00:00,10837.68
2026-03-18T16:00:00+00:00,10837.68
2026-03-18T16:15:00+00:00,10837.68
2026-03-18T16:15:00+00:00,10837.68
2026-03-18T16:15:00+00:00,10837.68
2026-03-18T16:30:00+00:00,10837.68
2026-03-18T16:30:00+00:00,10837.68
2026-03-18T16:30:00+00:00,10837.68
2026-03-18T16:45:00+00:00,10837.68
2026-03-18T16:45:00+00:00,10837.68
2026-03-18T16:45:00+00:00,10837.68
2026-03-18T17:00:00+00:00,10837.68
2026-03-18T17:00:00+00:00,10837.68
2026-03-18T17:00:00+00:00,10837.68
2026-03-18T17:15:00+00:00,10837.68
2026-03-18T17:15:00+00:00,10837.68
2026-03-18T17:15:00+00:00,10837.68
2026-03-18T17:30:00+00:00,10837.68
2026-03-18T17:30:00+00:00,10837.68
2026-03-18T17:30:00+00:00,10837.68
2026-03-18T17:45:00+00:00,10837.68
2026-03-18T17:45:00+00:00,10837.68
2026-03-18T17:45:00+00:00,10837.68
2026-03-18T18:00:00+00:00,10837.68
2026-03-18T18:00:00+00:00,10837.68
2026-03-18T18:00:00+00:00,10837.68
2026-03-18T18:15:00+00:00,10837.68
2026-03-18T18:15:00+00:00,10837.68
2026-03-18T18:15:00+00:00,10837.68
2026-03-18T18:30:00+00:00,10837.68
2026-03-18T18:30:00+00:00,10837.68
2026-03-18T18:30:00+00:00,10837.68
2026-03-18T18:45:00+00:00,10837.68
2026-03-18T18:45:00+00:00,10837.68
2026-03-18T18:45:00+00:00,10837.68
2026-03-18T19:00:00+00:00,10837.68
2026-03-18T19:00:00+00:00,10837.68
2026-03-18T19:00:00+00:00,10837.68
2026-03-18T19:15:00+00:00,10837.68
2026-03-18T19:15:00+00:00,10837.68
2026-03-18T19:15:00+00:00,10837.68
2026-03-18T19:30:00+00:00,10837.68
2026-03-18T19:30:00+00:00,10837.68
2026-03-18T19:30:00+00:00,10837.68
2026-03-18T19:45:00+00:00,10837.68
2026-03-18T19:45:00+00:00,10837.68
2026-03-18T19:45:00+00:00,10837.68
2026-03-18T20:00:00+00:00,10837.68
2026-03-18T20:00:00+00:00,10837.68
2026-03-18T20:00:00+00:00,10837.68
2026-03-18T20:15:00+00:00,10837.68
2026-03-18T20:15:00+00:00,10837.68
2026-03-18T20:15:00+00:00,10837.68
2026-03-18T20:30:00+00:00,10837.68
2026-03-18T20:30:00+00:00,10837.68
2026-03-18T20:30:00+00:00,10837.68
2026-03-18T20:45:00+00:00,10837.68
2026-03-18T20:45:00+00:00,10837.68
2026-03-18T20:45:00+00:00,10837.68
2026-03-18T21:00:00+00:00,10837.68
2026-03-18T21:00:00+00:00,10837.68
2026-03-18T21:00:00+00:00,10837.68
2026-03-18T21:15:00+00:00,10837.68
2026-03-18T21:15:00+00:00,10837.68
2026-03-18T21:15:00+00:00,10837.68
2026-03-18T21:30:00+00:00,10837.68
2026-03-18T21:30:00+00:00,10837.68
2026-03-18T21:30:00+00:00,10837.68
2026-03-18T21:45:00+00:00,10837.68
2026-03-18T21:45:00+00:00,10837.68
2026-03-18T21:45:00+00:00,10837.68
2026-03-18T22:00:00+00:00,10837.68
2026-03-18T22:00:00+00:00,10837.68
2026-03-18T22:00:00+00:00,10837.68
2026-03-18T22:15:00+00:00,10837.68
2026-03-18T22:15:00+00:00,10837.68
2026-03-18T22:15:00+00:00,10837.68
2026-03-18T22:30:00+00:00,10837.68
2026-03-18T22:30:00+00:00,10837.68
2026-03-18T22:30:00+00:00,10837.68
2026-03-18T22:45:00+00:00,10837.68
2026-03-18T22:45:00+00:00,10837.68
2026-03-18T22:45:00+00:00,10837.68
2026-03-18T23:00:00+00:00,10837.68
2026-03-18T23:00:00+00:00,10837.68
2026-03-18T23:00:00+00:00,10837.68
2026-03-18T23:15:00+00:00,10837.68
2026-03-18T23:15:00+00:00,10837.68
2026-03-18T23:15:00+00:00,10837.68
2026-03-18T23:30:00+00:00,10837.68
2026-03-18T23:30:00+00:00,10837.68
2026-03-18T23:30:00+00:00,10837.68
2026-03-18T23:45:00+00:00,10837.68
2026-03-18T23:45:00+00:00,10837.68
2026-03-18T23:45:00+00:00,10837.68
2026-03-19T00:00:00+00:00,10837.68
2026-03-19T00:00:00+00:00,10837.68
2026-03-19T00:00:00+00:00,10837.68
2026-03-19T00:15:00+00:00,10837.68
2026-03-19T00:15:00+00:00,10837.68
2026-03-19T00:15:00+00:00,10837.68
2026-03-19T00:30:00+00:00,10837.68
2026-03-19T00:30:00+00:00,10837.68
2026-03-19T00:30:00+00:00,10837.68
2026-03-19T00:45:00+00:00,10837.68
2026-03-19T00:45:00+00:00,10837.68
2026-03-19T00:45:00+00:00,10837.68
2026-03-19T01:00:00+00:00,10837.68
2026-03-19T01:00:00+00:00,10837.68
2026-03-19T01:00:00+00:00,10837.68
2026-03-19T01:15:00+00:00,10837.68
2026-03-19T01:15:00+00:00,10837.68
2026-03-19T01:15:00+00:00,10837.68
2026-03-19T01:30:00+00:00,10837.68
2026-03-19T01:30:00+00:00,10837.68
2026-03-19T01:30:00+00:00,10837.68
2026-03-19T01:45:00+00:00,10837.68
2026-03-19T01:45:00+00:00,10837.68
2026-03-19T01:45:00+00:00,10837.68
2026-03-19T02:00:00+00:00,10837.68
2026-03-19T02:00:00+00:00,10837.68
2026-03-19T02:00:00+00:00,10837.68
2026-03-19T02:15:00+00:00,10837.68
2026-03-19T02:15:00+00:00,10837.68
2026-03-19T02:15:00+00:00,10837.68
2026-03-19T02:30:00+00:00,10837.68
2026-03-19T02:30:00+00:00,10837.68
2026-03-19T02:30:00+00:00,10837.68
2026-03-19T02:45:00+00:00,10837.68
2026-03-19T02:45:00+00:00,10837.68
2026-03-19T02:45:00+00:00,10837.68
2026-03-19T03:00:00+00:00,10837.68
2026-03-19T03:00:00+00:00,10837.68
2026-03-19T03:00:00+00:00,10837.68
2026-03-19T03:15:00+00:00,10837.68
2026-03-19T03:15:00+00:00,10837.68
2026-03-19T03:15:00+00:00,10837.68
2026-03-19T03:30:00+00:00,10837.68
2026-03-19T03:30:00+00:00,10837.68
2026-03-19T03:30:00+00:00,10837.68
2026-03-19T03:45:00+00:00,10837.68
2026-03-19T03:45:00+00:00,10837.68
2026-03-19T03:45:00+00:00,10837.68
2026-03-19T04:00:00+00:00,10837.68
2026-03-19T04:00:00+00:00,10837.68
2026-03-19T04:00:00+00:00,10837.68
2026-03-19T04:15:00+00:00,10837.68
2026-03-19T04:15:00+00:00,10837.68
2026-03-19T04:15:00+00:00,10837.68
2026-03-19T04:30:00+00:00,10837.68
2026-03-19T04:30:00+00:00,10837.68
2026-03-19T04:30:00+00:00,10837.68
2026-03-19T04:45:00+00:00,10837.68
2026-03-19T04:45:00+00:00,10837.68
2026-03-19T04:45:00+00:00,10837.68
2026-03-19T05:00:00+00:00,10837.68
2026-03-19T05:00:00+00:00,10837.68
2026-03-19T05:00:00+00:00,10837.68
2026-03-19T05:15:00+00:00,10837.68
2026-03-19T05:15:00+00:00,10837.68
2026-03-19T05:15:00+00:00,10837.68
2026-03-19T05:30:00+00:00,10837.68
2026-03-19T05:30:00+00:00,10837.68
2026-03-19T05:30:00+00:00,10837.68
2026-03-19T05:45:00+00:00,10837.68
2026-03-19T05:45:00+00:00,10837.68
2026-03-19T05:45:00+00:00,10837.68
2026-03-19T06:00:00+00:00,10837.68
2026-03-19T06:00:00+00:00,10837.68
2026-03-19T06:00:00+00:00,10837.68
2026-03-19T06:15:00+00:00,10837.68
2026-03-19T06:15:00+00:00,10837.68
2026-03-19T06:15:00+00:00,10837.68
2026-03-19T06:30:00+00:00,10837.68
2026-03-19T06:30:00+00:00,10837.68
2026-03-19T06:30:00+00:00,10837.68
2026-03-19T06:45:00+00:00,10837.68
2026-03-19T06:45:00+00:00,10837.68
2026-03-19T06:45:00+00:00,10837.68
2026-03-19T07:00:00+00:00,10837.68
2026-03-19T07:00:00+00:00,10837.68
2026-03-19T07:00:00+00:00,10837.68
2026-03-19T07:15:00+00:00,10837.68
2026-03-19T07:15:00+00:00,10837.68
2026-03-19T07:15:00+00:00,10837.68
2026-03-19T07:30:00+00:00,10837.68
2026-03-19T07:30:00+00:00,10837.68
2026-03-19T07:30:00+00:00,10837.68
2026-03-19T07:45:00+00:00,10837.68
2026-03-19T07:45:00+00:00,10837.68
2026-03-19T07:45:00+00:00,10837.68
2026-03-19T08:00:00+00:00,10837.68
2026-03-19T08:00:00+00:00,10837.68
2026-03-19T08:00:00+00:00,10837.68
2026-03-19T08:15:00+00:00,10837.68
2026-03-19T08:15:00+00:00,10837.68
2026-03-19T08:15:00+00:00,10837.68
2026-03-19T08:30:00+00:00,10837.68
2026-03-19T08:30:00+00:00,10837.68
2026-03-19T08:30:00+00:00,10837.68
2026-03-19T08:45:00+00:00,10837.68
2026-03-19T08:45:00+00:00,10837.68
2026-03-19T08:45:00+00:00,10837.68
2026-03-19T09:00:00+00:00,10837.68
2026-03-19T09:00:00+00:00,10837.68
2026-03-19T09:00:00+00:00,10837.68
2026-03-19T09:15:00+00:00,10837.68
2026-03-19T09:15:00+00:00,10837.68
2026-03-19T09:15:00+00:00,10837.68
2026-03-19T09:30:00+00:00,10837.68
2026-03-19T09:30:00+00:00,10837.68
2026-03-19T09:30:00+00:00,10837.68
2026-03-19T09:45:00+00:00,10837.68
2026-03-19T09:45:00+00:00,10837.68
2026-03-19T09:45:00+00:00,10837.68
2026-03-19T10:00:00+00:00,10837.68
2026-03-19T10:00:00+00:00,10837.68
2026-03-19T10:00:00+00:00,10837.68
2026-03-19T10:15:00+00:00,10837.68
2026-03-19T10:15:00+00:00,10837.68
2026-03-19T10:15:00+00:00,10837.68
2026-03-19T10:30:00+00:00,10837.68
2026-03-19T10:30:00+00:00,10837.68
2026-03-19T10:30:00+00:00,10837.68
2026-03-19T10:45:00+00:00,10837.68
2026-03-19T10:45:00+00:00,10837.68
2026-03-19T10:45:00+00:00,10837.68
2026-03-19T11:00:00+00:00,10837.68
2026-03-19T11:00:00+00:00,10837.68
2026-03-19T11:00:00+00:00,10837.68
2026-03-19T11:15:00+00:00,10837.68
2026-03-19T11:15:00+00:00,10837.68
2026-03-19T11:15:00+00:00,10837.68
2026-03-19T11:30:00+00:00,10837.68
2026-03-19T11:30:00+00:00,10837.68
2026-03-19T11:30:00+00:00,10837.68
2026-03-19T11:45:00+00:00,10837.68
2026-03-19T11:45:00+00:00,10837.68
2026-03-19T11:45:00+00:00,10837.68
2026-03-19T12:00:00+00:00,10837.68
2026-03-19T12:00:00+00:00,10837.68
2026-03-19T12:00:00+00:00,10837.68
2026-03-19T12:15:00+00:00,10837.68
2026-03-19T12:15:00+00:00,10837.68
2026-03-19T12:15:00+00:00,10837.68
2026-03-19T12:30:00+00:00,10837.68
2026-03-19T12:30:00+00:00,10837.68
2026-03-19T12:30:00+00:00,10837.68
2026-03-19T12:45:00+00:00,10837.68
2026-03-19T12:45:00+00:00,10837.68
2026-03-19T12:45:00+00:00,10837.68
2026-03-19T13:00:00+00:00,10837.68
2026-03-19T13:00:00+00:00,10837.68
2026-03-19T13:00:00+00:00,10837.68
2026-03-19T13:15:00+00:00,10837.68
2026-03-19T13:15:00+00:00,10837.68
2026-03-19T13:15:00+00:00,10837.68
2026-03-19T13:30:00+00:00,10837.68
2026-03-19T13:30:00+00:00,10837.68
2026-03-19T13:30:00+00:00,10837.68
2026-03-19T13:45:00+00:00,10837.68
2026-03-19T13:45:00+00:00,10837.68
2026-03-19T13:45:00+00:00,10837.68
2026-03-19T14:00:00+00:00,10837.68
2026-03-19T14:00:00+00:00,10837.68
2026-03-19T14:00:00+00:00,10837.68
2026-03-19T14:15:00+00:00,10837.68
2026-03-19T14:15:00+00:00,10837.68
2026-03-19T14:15:00+00:00,10837.68
2026-03-19T14:30:00+00:00,10837.68
2026-03-19T14:30:00+00:00,10837.68
2026-03-19T14:30:00+00:00,10837.68
2026-03-19T14:45:00+00:00,10837.68
2026-03-19T14:45:00+00:00,10837.68
2026-03-19T14:45:00+00:00,10837.68
2026-03-19T15:00:00+00:00,10837.68
2026-03-19T15:00:00+00:00,10837.68
2026-03-19T15:00:00+00:00,10837.68
2026-03-19T15:15:00+00:00,10837.68
2026-03-19T15:15:00+00:00,10837.68
2026-03-19T15:15:00+00:00,10837.68
2026-03-19T15:30:00+00:00,10837.68
2026-03-19T15:30:00+00:00,10837.68
2026-03-19T15:30:00+00:00,10837.68
2026-03-19T15:45:00+00:00,10837.68
2026-03-19T15:45:00+00:00,10837.68
2026-03-19T15:45:00+00:00,10837.68
2026-03-19T16:00:00+00:00,10837.68
2026-03-19T16:00:00+00:00,10837.68
2026-03-19T16:00:00+00:00,10837.68
2026-03-19T16:15:00+00:00,10837.68
2026-03-19T16:15:00+00:00,10837.68
2026-03-19T16:15:00+00:00,10837.68
2026-03-19T16:30:00+00:00,10837.68
2026-03-19T16:30:00+00:00,10837.68
2026-03-19T16:30:00+00:00,10837.68
2026-03-19T16:45:00+00:00,10837.68
2026-03-19T16:45:00+00:00,10837.68
2026-03-19T16:45:00+00:00,10837.68
2026-03-19T17:00:00+00:00,10837.68
2026-03-19T17:00:00+00:00,10837.68
2026-03-19T17:00:00+00:00,10837.68
2026-03-19T17:15:00+00:00,10837.68
2026-03-19T17:15:00+00:00,10837.68
2026-03-19T17:15:00+00:00,10837.68
2026-03-19T17:30:00+00:00,10837.68
2026-03-19T17:30:00+00:00,10837.68
2026-03-19T17:30:00+00:00,10837.68
2026-03-19T17:45:00+00:00,10837.68
2026-03-19T17:45:00+00:00,10837.68
2026-03-19T17:45:00+00:00,10837.68
2026-03-19T18:00:00+00:00,10837.68
2026-03-19T18:00:00+00:00,10837.68
2026-03-19T18:00:00+00:00,10837.68
2026-03-19T18:15:00+00:00,10837.68
2026-03-19T18:15:00+00:00,10837.68
2026-03-19T18:15:00+00:00,10837.68
2026-03-19T18:30:00+00:00,10837.68
2026-03-19T18:30:00+00:00,10837.68
2026-03-19T18:30:00+00:00,10837.68
2026-03-19T18:45:00+00:00,10837.68
2026-03-19T18:45:00+00:00,10837.68
2026-03-19T18:45:00+00:00,10837.68
2026-03-19T19:00:00+00:00,10837.68
2026-03-19T19:00:00+00:00,10837.68
2026-03-19T19:00:00+00:00,10837.68
2026-03-19T19:15:00+00:00,10837.68
2026-03-19T19:15:00+00:00,10837.68
2026-03-19T19:15:00+00:00,10837.68
2026-03-19T19:30:00+00:00,10837.68
2026-03-19T19:30:00+00:00,10837.68
2026-03-19T19:30:00+00:00,10837.68
2026-03-19T19:45:00+00:00,10837.68
2026-03-19T19:45:00+00:00,10837.68
2026-03-19T19:45:00+00:00,10837.68
2026-03-19T20:00:00+00:00,10837.68
2026-03-19T20:00:00+00:00,10837.68
2026-03-19T20:00:00+00:00,10837.68
2026-03-19T20:15:00+00:00,10837.68
2026-03-19T20:15:00+00:00,10837.68
2026-03-19T20:15:00+00:00,10837.68
2026-03-19T20:30:00+00:00,10837.68
2026-03-19T20:30:00+00:00,10837.68
2026-03-19T20:30:00+00:00,10837.68
2026-03-19T20:45:00+00:00,10837.68
2026-03-19T20:45:00+00:00,10837.68
2026-03-19T20:45:00+00:00,10837.68
2026-03-19T21:00:00+00:00,10837.68
2026-03-19T21:00:00+00:00,10837.68
2026-03-19T21:00:00+00:00,10837.68
2026-03-19T21:15:00+00:00,10837.68
2026-03-19T21:15:00+00:00,10837.68
2026-03-19T21:15:00+00:00,10837.68
2026-03-19T21:30:00+00:00,10837.68
2026-03-19T21:30:00+00:00,10837.68
2026-03-19T21:30:00+00:00,10837.68
2026-03-19T21:45:00+00:00,10837.68
2026-03-19T21:45:00+00:00,10837.68
2026-03-19T21:45:00+00:00,10837.68
2026-03-19T22:00:00+00:00,10837.68
2026-03-19T22:00:00+00:00,10837.68
2026-03-19T22:00:00+00:00,10813.08
2026-03-19T22:15:00+00:00,10813.08
2026-03-19T22:15:00+00:00,10813.08
2026-03-19T22:15:00+00:00,10827.58
2026-03-19T22:30:00+00:00,10827.58
2026-03-19T22:30:00+00:00,10827.58
2026-03-19T22:30:00+00:00,10920.44
2026-03-19T22:45:00+00:00,10920.44
2026-03-19T22:45:00+00:00,10920.44
2026-03-19T22:45:00+00:00,10882.01
2026-03-19T23:00:00+00:00,10882.10
2026-03-19T23:00:00+00:00,10882.10
2026-03-19T23:00:00+00:00,10822.96
2026-03-19T23:15:00+00:00,10822.96
2026-03-19T23:15:00+00:00,10822.96
2026-03-19T23:15:00+00:00,10833.13
2026-03-19T23:30:00+00:00,10833.13
2026-03-19T23:30:00+00:00,10833.13
2026-03-19T23:30:00+00:00,10887.75
2026-03-19T23:45:00+00:00,10887.75
2026-03-19T23:45:00+00:00,10887.75
2026-03-19T23:45:00+00:00,10858.18
2026-03-20T00:00:00+00:00,10858.19
2026-03-20T00:00:00+00:00,10858.19
2026-03-20T00:00:00+00:00,10773.05
2026-03-20T00:15:00+00:00,10773.05
2026-03-20T00:15:00+00:00,10773.05
2026-03-20T00:15:00+00:00,10773.05
2026-03-20T00:30:00+00:00,10773.05
2026-03-20T00:30:00+00:00,10773.05
2026-03-20T00:30:00+00:00,10773.05
2026-03-20T00:45:00+00:00,10773.05
2026-03-20T00:45:00+00:00,10773.05
2026-03-20T00:45:00+00:00,10773.05
2026-03-20T01:00:00+00:00,10773.05
2026-03-20T01:00:00+00:00,10773.05
2026-03-20T01:00:00+00:00,10773.05
2026-03-20T01:15:00+00:00,10773.05
2026-03-20T01:15:00+00:00,10773.05
2026-03-20T01:15:00+00:00,10773.05
2026-03-20T01:30:00+00:00,10773.05
2026-03-20T01:30:00+00:00,10773.05
2026-03-20T01:30:00+00:00,10773.05
2026-03-20T01:45:00+00:00,10773.05
2026-03-20T01:45:00+00:00,10773.05
2026-03-20T01:45:00+00:00,10773.05
2026-03-20T02:00:00+00:00,10773.05
2026-03-20T02:00:00+00:00,10773.05
2026-03-20T02:00:00+00:00,10773.05
2026-03-20T02:15:00+00:00,10773.05
2026-03-20T02:15:00+00:00,10773.05
2026-03-20T02:15:00+00:00,10773.05
2026-03-20T02:30:00+00:00,10773.05
2026-03-20T02:30:00+00:00,10773.05
2026-03-20T02:30:00+00:00,10773.05
2026-03-20T02:45:00+00:00,10773.05
2026-03-20T02:45:00+00:00,10773.05
2026-03-20T02:45:00+00:00,10773.05
2026-03-20T03:00:00+00:00,10773.05
2026-03-20T03:00:00+00:00,10773.05
2026-03-20T03:00:00+00:00,10773.05
2026-03-20T03:15:00+00:00,10773.05
2026-03-20T03:15:00+00:00,10773.05
2026-03-20T03:15:00+00:00,10773.05
2026-03-20T03:30:00+00:00,10773.05
2026-03-20T03:30:00+00:00,10773.05
2026-03-20T03:30:00+00:00,10773.05
2026-03-20T03:45:00+00:00,10773.05
2026-03-20T03:45:00+00:00,10773.05
2026-03-20T03:45:00+00:00,10773.05
2026-03-20T04:00:00+00:00,10773.05
2026-03-20T04:00:00+00:00,10773.05
2026-03-20T04:00:00+00:00,10773.05
2026-03-20T04:15:00+00:00,10773.05
2026-03-20T04:15:00+00:00,10773.05
2026-03-20T04:15:00+00:00,10773.05
2026-03-20T04:30:00+00:00,10773.05
2026-03-20T04:30:00+00:00,10773.05
2026-03-20T04:30:00+00:00,10773.05
2026-03-20T04:45:00+00:00,10773.05
2026-03-20T04:45:00+00:00,10773.05
2026-03-20T04:45:00+00:00,10773.05
2026-03-20T05:00:00+00:00,10773.05
2026-03-20T05:00:00+00:00,10773.05
2026-03-20T05:00:00+00:00,10773.05
2026-03-20T05:15:00+00:00,10773.05
2026-03-20T05:15:00+00:00,10773.05
2026-03-20T05:15:00+00:00,10773.05
2026-03-20T05:30:00+00:00,10773.05
2026-03-20T05:30:00+00:00,10773.05
2026-03-20T05:30:00+00:00,10773.05
2026-03-20T05:45:00+00:00,10773.05
2026-03-20T05:45:00+00:00,10773.05
2026-03-20T05:45:00+00:00,10773.05
2026-03-20T06:00:00+00:00,10773.05
2026-03-20T06:00:00+00:00,10773.05
2026-03-20T06:00:00+00:00,10773.05
2026-03-20T06:15:00+00:00,10773.05
2026-03-20T06:15:00+00:00,10773.05
2026-03-20T06:15:00+00:00,10773.05
2026-03-20T06:30:00+00:00,10773.05
2026-03-20T06:30:00+00:00,10773.05
2026-03-20T06:30:00+00:00,10773.05
2026-03-20T06:45:00+00:00,10773.05
2026-03-20T06:45:00+00:00,10773.05
2026-03-20T06:45:00+00:00,10773.05
2026-03-20T07:00:00+00:00,10773.05
2026-03-20T07:00:00+00:00,10773.05
2026-03-20T07:00:00+00:00,10773.05
2026-03-20T07:15:00+00:00,10773.05
2026-03-20T07:15:00+00:00,10773.05
2026-03-20T07:15:00+00:00,10773.05
2026-03-20T07:30:00+00:00,10773.05
2026-03-20T07:30:00+00:00,10773.05
2026-03-20T07:30:00+00:00,10773.05
2026-03-20T07:45:00+00:00,10773.05
2026-03-20T07:45:00+00:00,10773.05
2026-03-20T07:45:00+00:00,10773.05
2026-03-20T08:00:00+00:00,10773.05
2026-03-20T08:00:00+00:00,10773.05
2026-03-20T08:00:00+00:00,10773.05
2026-03-20T08:15:00+00:00,10773.05
2026-03-20T08:15:00+00:00,10773.05
2026-03-20T08:15:00+00:00,10773.05
2026-03-20T08:30:00+00:00,10773.05
2026-03-20T08:30:00+00:00,10773.05
2026-03-20T08:30:00+00:00,10773.05
2026-03-20T08:45:00+00:00,10773.05
2026-03-20T08:45:00+00:00,10773.05
2026-03-20T08:45:00+00:00,10773.05
2026-03-20T09:00:00+00:00,10773.05
2026-03-20T09:00:00+00:00,10773.05
2026-03-20T09:00:00+00:00,10773.05
2026-03-20T09:15:00+00:00,10773.05
2026-03-20T09:15:00+00:00,10773.05
2026-03-20T09:15:00+00:00,10773.05
2026-03-20T09:30:00+00:00,10773.05
2026-03-20T09:30:00+00:00,10773.05
2026-03-20T09:30:00+00:00,10773.05
2026-03-20T09:45:00+00:00,10773.05
2026-03-20T09:45:00+00:00,10773.05
2026-03-20T09:45:00+00:00,10773.05
2026-03-20T10:00:00+00:00,10773.05
2026-03-20T10:00:00+00:00,10773.05
2026-03-20T10:00:00+00:00,10773.05
2026-03-20T10:15:00+00:00,10773.05
2026-03-20T10:15:00+00:00,10773.05
2026-03-20T10:15:00+00:00,10773.05
2026-03-20T10:30:00+00:00,10773.05
2026-03-20T10:30:00+00:00,10773.05
2026-03-20T10:30:00+00:00,10773.05
2026-03-20T10:45:00+00:00,10773.05
2026-03-20T10:45:00+00:00,10773.05
2026-03-20T10:45:00+00:00,10773.05
2026-03-20T11:00:00+00:00,10773.05
2026-03-20T11:00:00+00:00,10773.05
2026-03-20T11:00:00+00:00,10773.05
2026-03-20T11:15:00+00:00,10773.05
2026-03-20T11:15:00+00:00,10773.05
2026-03-20T11:15:00+00:00,10773.05
2026-03-20T11:30:00+00:00,10773.05
2026-03-20T11:30:00+00:00,10773.05
2026-03-20T11:30:00+00:00,10773.05
2026-03-20T11:45:00+00:00,10773.05
2026-03-20T11:45:00+00:00,10773.05
2026-03-20T11:45:00+00:00,10773.05
2026-03-20T12:00:00+00:00,10773.05
2026-03-20T12:00:00+00:00,10773.05
2026-03-20T12:00:00+00:00,10773.05
2026-03-20T12:15:00+00:00,10773.05
2026-03-20T12:15:00+00:00,10773.05
2026-03-20T12:15:00+00:00,10773.05
2026-03-20T12:30:00+00:00,10773.05
2026-03-20T12:30:00+00:00,10773.05
2026-03-20T12:30:00+00:00,10773.05
2026-03-20T12:45:00+00:00,10773.05
2026-03-20T12:45:00+00:00,10773.05
2026-03-20T12:45:00+00:00,10773.05
2026-03-20T13:00:00+00:00,10773.05
2026-03-20T13:00:00+00:00,10773.05
2026-03-20T13:00:00+00:00,10773.05
2026-03-20T13:15:00+00:00,10773.05
2026-03-20T13:15:00+00:00,10773.05
2026-03-20T13:15:00+00:00,10773.05
2026-03-20T13:30:00+00:00,10773.05
2026-03-20T13:30:00+00:00,10773.05
2026-03-20T13:30:00+00:00,10773.05
2026-03-20T13:45:00+00:00,10773.05
2026-03-20T13:45:00+00:00,10773.05
2026-03-20T13:45:00+00:00,10773.05
2026-03-20T14:00:00+00:00,10773.05
2026-03-20T14:00:00+00:00,10773.05
2026-03-20T14:00:00+00:00,10773.05
2026-03-20T14:15:00+00:00,10773.05
2026-03-20T14:15:00+00:00,10773.05
2026-03-20T14:15:00+00:00,10773.05
2026-03-20T14:30:00+00:00,10773.05
2026-03-20T14:30:00+00:00,10773.05
2026-03-20T14:30:00+00:00,10773.05
2026-03-20T14:45:00+00:00,10773.05
2026-03-20T14:45:00+00:00,10773.05
2026-03-20T14:45:00+00:00,10773.05
2026-03-20T15:00:00+00:00,10773.05
2026-03-20T15:00:00+00:00,10773.05
2026-03-20T15:00:00+00:00,10773.05
2026-03-20T15:15:00+00:00,10773.05
2026-03-20T15:15:00+00:00,10773.05
2026-03-20T15:15:00+00:00,10773.05
2026-03-20T15:30:00+00:00,10773.05
2026-03-20T15:30:00+00:00,10773.05
2026-03-20T15:30:00+00:00,10773.05
2026-03-20T15:45:00+00:00,10773.05
2026-03-20T15:45:00+00:00,10773.05
2026-03-20T15:45:00+00:00,10773.05
2026-03-20T16:00:00+00:00,10773.05
2026-03-20T16:00:00+00:00,10773.05
2026-03-20T16:00:00+00:00,10773.05
2026-03-20T16:15:00+00:00,10773.05
2026-03-20T16:15:00+00:00,10773.05
2026-03-20T16:15:00+00:00,10773.05
2026-03-20T16:30:00+00:00,10773.05
2026-03-20T16:30:00+00:00,10773.05
2026-03-20T16:30:00+00:00,10773.05
2026-03-20T16:45:00+00:00,10773.05
2026-03-20T16:45:00+00:00,10773.05
2026-03-20T16:45:00+00:00,10773.05
2026-03-20T17:00:00+00:00,10773.05
2026-03-20T17:00:00+00:00,10773.05
2026-03-20T17:00:00+00:00,10773.05
2026-03-20T17:15:00+00:00,10773.05
2026-03-20T17:15:00+00:00,10773.05
2026-03-20T17:15:00+00:00,10773.05
2026-03-20T17:30:00+00:00,10773.05
2026-03-20T17:30:00+00:00,10773.05
2026-03-20T17:30:00+00:00,10773.05
2026-03-20T17:45:00+00:00,10773.05
2026-03-20T17:45:00+00:00,10773.05
2026-03-20T17:45:00+00:00,10773.05
2026-03-20T18:00:00+00:00,10773.05
2026-03-20T18:00:00+00:00,10773.05
2026-03-20T18:00:00+00:00,10773.05
2026-03-20T18:15:00+00:00,10773.05
2026-03-20T18:15:00+00:00,10773.05
2026-03-20T18:15:00+00:00,10773.05
2026-03-20T18:30:00+00:00,10773.05
2026-03-20T18:30:00+00:00,10773.05
2026-03-20T18:30:00+00:00,10773.05
2026-03-20T18:45:00+00:00,10773.05
2026-03-20T18:45:00+00:00,10773.05
2026-03-20T18:45:00+00:00,10773.05
2026-03-20T19:00:00+00:00,10773.05
2026-03-20T19:00:00+00:00,10773.05
2026-03-20T19:00:00+00:00,10773.05
2026-03-20T19:15:00+00:00,10773.05
2026-03-20T19:15:00+00:00,10773.05
2026-03-20T19:15:00+00:00,10773.05
2026-03-20T19:30:00+00:00,10773.05
2026-03-20T19:30:00+00:00,10773.05
2026-03-20T19:30:00+00:00,10773.05
2026-03-20T19:45:00+00:00,10773.05
2026-03-20T19:45:00+00:00,10773.05
2026-03-20T19:45:00+00:00,10773.05
2026-03-20T20:00:00+00:00,10773.05
2026-03-20T20:00:00+00:00,10773.05
2026-03-20T20:00:00+00:00,10773.05
2026-03-20T20:15:00+00:00,10773.05
2026-03-20T20:15:00+00:00,10773.05
2026-03-20T20:15:00+00:00,10773.05
2026-03-20T20:30:00+00:00,10773.05
2026-03-20T20:30:00+00:00,10773.05
2026-03-20T20:30:00+00:00,10773.05
2026-03-20T20:45:00+00:00,10773.05
2026-03-20T20:45:00+00:00,10773.05
2026-03-20T20:45:00+00:00,10773.05
2026-03-20T21:00:00+00:00,10773.05
2026-03-20T21:00:00+00:00,10773.05
2026-03-20T21:00:00+00:00,10773.05
2026-03-20T21:15:00+00:00,10773.05
2026-03-20T21:15:00+00:00,10773.05
2026-03-20T21:15:00+00:00,10773.05
2026-03-20T21:30:00+00:00,10773.05
2026-03-20T21:30:00+00:00,10773.05
2026-03-20T21:30:00+00:00,10773.05
2026-03-20T21:45:00+00:00,10773.05
2026-03-20T21:45:00+00:00,10773.05
2026-03-20T21:45:00+00:00,10773.05
2026-03-20T22:00:00+00:00,10773.05
2026-03-20T22:00:00+00:00,10773.05
2026-03-20T22:00:00+00:00,10773.05
2026-03-20T22:15:00+00:00,10773.05
2026-03-20T22:15:00+00:00,10773.05
2026-03-20T22:15:00+00:00,10773.05
2026-03-20T22:30:00+00:00,10773.05
2026-03-20T22:30:00+00:00,10773.05
2026-03-20T22:30:00+00:00,10773.05
2026-03-20T22:45:00+00:00,10773.05
2026-03-20T22:45:00+00:00,10773.05
2026-03-20T22:45:00+00:00,10773.05
2026-03-20T23:00:00+00:00,10773.05
2026-03-20T23:00:00+00:00,10773.05
2026-03-20T23:00:00+00:00,10773.05
2026-03-20T23:15:00+00:00,10773.05
2026-03-20T23:15:00+00:00,10773.05
2026-03-20T23:15:00+00:00,10773.05
2026-03-20T23:30:00+00:00,10773.05
2026-03-20T23:30:00+00:00,10773.05
2026-03-20T23:30:00+00:00,10773.05
2026-03-20T23:45:00+00:00,10773.05
2026-03-20T23:45:00+00:00,10773.05
2026-03-20T23:45:00+00:00,10773.05
2026-03-21T00:00:00+00:00,10773.05
2026-03-21T00:00:00+00:00,10773.05
2026-03-21T00:00:00+00:00,10773.05
2026-03-21T00:15:00+00:00,10773.05
2026-03-21T00:15:00+00:00,10773.05
2026-03-21T00:15:00+00:00,10773.05
2026-03-21T00:30:00+00:00,10773.05
2026-03-21T00:30:00+00:00,10773.05
2026-03-21T00:30:00+00:00,10773.05
2026-03-21T00:45:00+00:00,10773.05
2026-03-21T00:45:00+00:00,10773.05
2026-03-21T00:45:00+00:00,10773.05
2026-03-21T01:00:00+00:00,10773.05
2026-03-21T01:00:00+00:00,10773.05
2026-03-21T01:00:00+00:00,10773.05
2026-03-21T01:15:00+00:00,10773.05
2026-03-21T01:15:00+00:00,10773.05
2026-03-21T01:15:00+00:00,10773.05
2026-03-21T01:30:00+00:00,10773.05
2026-03-21T01:30:00+00:00,10773.05
2026-03-21T01:30:00+00:00,10773.05
2026-03-21T01:45:00+00:00,10773.05
2026-03-21T01:45:00+00:00,10773.05
2026-03-21T01:45:00+00:00,10773.05
2026-03-21T02:00:00+00:00,10773.05
2026-03-21T02:00:00+00:00,10773.05
2026-03-21T02:00:00+00:00,10773.05
2026-03-21T02:15:00+00:00,10773.05
2026-03-21T02:15:00+00:00,10773.05
2026-03-21T02:15:00+00:00,10773.05
2026-03-21T02:30:00+00:00,10773.05
2026-03-21T02:30:00+00:00,10773.05
2026-03-21T02:30:00+00:00,10773.05
2026-03-21T02:45:00+00:00,10773.05
2026-03-21T02:45:00+00:00,10773.05
2026-03-21T02:45:00+00:00,10773.05
2026-03-21T03:00:00+00:00,10773.05
2026-03-21T03:00:00+00:00,10773.05
2026-03-21T03:00:00+00:00,10773.05
2026-03-21T03:15:00+00:00,10773.05
2026-03-21T03:15:00+00:00,10773.05
2026-03-21T03:15:00+00:00,10773.05
2026-03-21T03:30:00+00:00,10773.05
2026-03-21T03:30:00+00:00,10773.05
2026-03-21T03:30:00+00:00,10773.05
2026-03-21T03:45:00+00:00,10773.05
2026-03-21T03:45:00+00:00,10773.05
2026-03-21T03:45:00+00:00,10773.05
2026-03-21T04:00:00+00:00,10773.05
2026-03-21T04:00:00+00:00,10773.05
2026-03-21T04:00:00+00:00,10773.05
2026-03-21T04:15:00+00:00,10773.05
2026-03-21T04:15:00+00:00,10773.05
2026-03-21T04:15:00+00:00,10773.05
2026-03-21T04:30:00+00:00,10773.05
2026-03-21T04:30:00+00:00,10773.05
2026-03-21T04:30:00+00:00,10773.05
2026-03-21T04:45:00+00:00,10773.05
2026-03-21T04:45:00+00:00,10773.05
2026-03-21T04:45:00+00:00,10773.05
2026-03-21T05:00:00+00:00,10773.05
2026-03-21T05:00:00+00:00,10773.05
2026-03-21T05:00:00+00:00,10773.05
2026-03-21T05:15:00+00:00,10773.05
2026-03-21T05:15:00+00:00,10773.05
2026-03-21T05:15:00+00:00,10773.05
2026-03-21T05:30:00+00:00,10773.05
2026-03-21T05:30:00+00:00,10773.05
2026-03-21T05:30:00+00:00,10773.05
2026-03-21T05:45:00+00:00,10773.05
2026-03-21T05:45:00+00:00,10773.05
2026-03-21T05:45:00+00:00,10773.05
2026-03-21T06:00:00+00:00,10773.05
2026-03-21T06:00:00+00:00,10773.05
2026-03-21T06:00:00+00:00,10773.05
2026-03-21T06:15:00+00:00,10773.05
2026-03-21T06:15:00+00:00,10773.05
2026-03-21T06:15:00+00:00,10773.05
2026-03-21T06:30:00+00:00,10773.05
2026-03-21T06:30:00+00:00,10773.05
2026-03-21T06:30:00+00:00,10773.05
2026-03-21T06:45:00+00:00,10773.05
2026-03-21T06:45:00+00:00,10773.05
2026-03-21T06:45:00+00:00,10773.05
2026-03-21T07:00:00+00:00,10773.05
2026-03-21T07:00:00+00:00,10773.05
2026-03-21T07:00:00+00:00,10773.05
2026-03-21T07:15:00+00:00,10773.05
2026-03-21T07:15:00+00:00,10773.05
2026-03-21T07:15:00+00:00,10773.05
2026-03-21T07:30:00+00:00,10773.05
2026-03-21T07:30:00+00:00,10773.05
2026-03-21T07:30:00+00:00,10773.05
2026-03-21T07:45:00+00:00,10773.05
2026-03-21T07:45:00+00:00,10773.05
2026-03-21T07:45:00+00:00,10773.05
2026-03-21T08:00:00+00:00,10773.05
2026-03-21T08:00:00+00:00,10773.05
2026-03-21T08:00:00+00:00,10773.05
2026-03-21T08:15:00+00:00,10773.05
2026-03-21T08:15:00+00:00,10773.05
2026-03-21T08:15:00+00:00,10773.05
2026-03-21T08:30:00+00:00,10773.05
2026-03-21T08:30:00+00:00,10773.05
2026-03-21T08:30:00+00:00,10773.05
2026-03-21T08:45:00+00:00,10773.05
2026-03-21T08:45:00+00:00,10773.05
2026-03-21T08:45:00+00:00,10773.05
2026-03-21T09:00:00+00:00,10773.05
2026-03-21T09:00:00+00:00,10773.05
2026-03-21T09:00:00+00:00,10773.05
2026-03-21T09:15:00+00:00,10773.05
2026-03-21T09:15:00+00:00,10773.05
2026-03-21T09:15:00+00:00,10773.05
2026-03-21T09:30:00+00:00,10773.05
2026-03-21T09:30:00+00:00,10773.05
2026-03-21T09:30:00+00:00,10773.05
2026-03-21T09:45:00+00:00,10773.05
2026-03-21T09:45:00+00:00,10773.05
2026-03-21T09:45:00+00:00,10773.05
2026-03-21T10:00:00+00:00,10773.05
2026-03-21T10:00:00+00:00,10773.05
2026-03-21T10:00:00+00:00,10773.05
2026-03-21T10:15:00+00:00,10773.05
2026-03-21T10:15:00+00:00,10773.05
2026-03-21T10:15:00+00:00,10773.05
2026-03-21T10:30:00+00:00,10773.05
2026-03-21T10:30:00+00:00,10773.05
2026-03-21T10:30:00+00:00,10773.05
2026-03-21T10:45:00+00:00,10773.05
2026-03-21T10:45:00+00:00,10773.05
2026-03-21T10:45:00+00:00,10773.05
2026-03-21T11:00:00+00:00,10773.05
2026-03-21T11:00:00+00:00,10773.05
2026-03-21T11:00:00+00:00,10773.05
2026-03-21T11:15:00+00:00,10773.05
2026-03-21T11:15:00+00:00,10773.05
2026-03-21T11:15:00+00:00,10773.05
2026-03-21T11:30:00+00:00,10773.05
2026-03-21T11:30:00+00:00,10773.05
2026-03-21T11:30:00+00:00,10773.05
2026-03-21T11:45:00+00:00,10773.05
2026-03-21T11:45:00+00:00,10773.05
2026-03-21T11:45:00+00:00,10773.05
2026-03-21T12:00:00+00:00,10773.05
2026-03-21T12:00:00+00:00,10773.05
2026-03-21T12:00:00+00:00,10773.05
2026-03-21T12:15:00+00:00,10773.05
2026-03-21T12:15:00+00:00,10773.05
2026-03-21T12:15:00+00:00,10773.05
2026-03-21T12:30:00+00:00,10773.05
2026-03-21T12:30:00+00:00,10773.05
2026-03-21T12:30:00+00:00,10773.05
2026-03-21T12:45:00+00:00,10773.05
2026-03-21T12:45:00+00:00,10773.05
2026-03-21T12:45:00+00:00,10773.05
2026-03-21T13:00:00+00:00,10773.05
2026-03-21T13:00:00+00:00,10773.05
2026-03-21T13:00:00+00:00,10773.05
2026-03-21T13:15:00+00:00,10773.05
2026-03-21T13:15:00+00:00,10773.05
2026-03-21T13:15:00+00:00,10773.05
2026-03-21T13:30:00+00:00,10773.05
2026-03-21T13:30:00+00:00,10773.05
2026-03-21T13:30:00+00:00,10773.05
2026-03-21T13:45:00+00:00,10773.05
2026-03-21T13:45:00+00:00,10773.05
2026-03-21T13:45:00+00:00,10773.05
2026-03-21T14:00:00+00:00,10773.05
2026-03-21T14:00:00+00:00,10773.05
2026-03-21T14:00:00+00:00,10773.05
2026-03-21T14:15:00+00:00,10773.05
2026-03-21T14:15:00+00:00,10773.05
2026-03-21T14:15:00+00:00,10773.05
2026-03-21T14:30:00+00:00,10773.05
2026-03-21T14:30:00+00:00,10773.05
2026-03-21T14:30:00+00:00,10773.05
2026-03-21T14:45:00+00:00,10773.05
2026-03-21T14:45:00+00:00,10773.05
2026-03-21T14:45:00+00:00,10773.05
2026-03-21T15:00:00+00:00,10773.05
2026-03-21T15:00:00+00:00,10773.05
2026-03-21T15:00:00+00:00,10773.05
2026-03-21T15:15:00+00:00,10773.05
2026-03-21T15:15:00+00:00,10773.05
2026-03-21T15:15:00+00:00,10773.05
2026-03-21T15:30:00+00:00,10773.05
2026-03-21T15:30:00+00:00,10773.05
2026-03-21T15:30:00+00:00,10773.05
2026-03-21T15:45:00+00:00,10773.05
2026-03-21T15:45:00+00:00,10773.05
2026-03-21T15:45:00+00:00,10773.05
2026-03-21T16:00:00+00:00,10773.05
2026-03-21T16:00:00+00:00,10773.05
2026-03-21T16:00:00+00:00,10773.05
2026-03-21T16:15:00+00:00,10773.05
2026-03-21T16:15:00+00:00,10773.05
2026-03-21T16:15:00+00:00,10773.05
2026-03-21T16:30:00+00:00,10773.05
2026-03-21T16:30:00+00:00,10773.05
2026-03-21T16:30:00+00:00,10773.05
2026-03-21T16:45:00+00:00,10773.05
2026-03-21T16:45:00+00:00,10773.05
2026-03-21T16:45:00+00:00,10773.05
2026-03-21T17:00:00+00:00,10773.05
2026-03-21T17:00:00+00:00,10773.05
2026-03-21T17:00:00+00:00,10773.05
2026-03-21T17:15:00+00:00,10773.05
2026-03-21T17:15:00+00:00,10773.05
2026-03-21T17:15:00+00:00,10773.05
2026-03-21T17:30:00+00:00,10773.05
2026-03-21T17:30:00+00:00,10773.05
2026-03-21T17:30:00+00:00,10773.05
2026-03-21T17:45:00+00:00,10773.05
2026-03-21T17:45:00+00:00,10773.05
2026-03-21T17:45:00+00:00,10773.05
2026-03-21T18:00:00+00:00,10773.05
2026-03-21T18:00:00+00:00,10773.05
2026-03-21T18:00:00+00:00,10773.05
2026-03-21T18:15:00+00:00,10773.05
2026-03-21T18:15:00+00:00,10773.05
2026-03-21T18:15:00+00:00,10773.05
2026-03-21T18:30:00+00:00,10773.05
2026-03-21T18:30:00+00:00,10773.05
2026-03-21T18:30:00+00:00,10773.05
2026-03-21T18:45:00+00:00,10773.05
2026-03-21T18:45:00+00:00,10773.05
2026-03-21T18:45:00+00:00,10773.05
2026-03-21T19:00:00+00:00,10773.05
2026-03-21T19:00:00+00:00,10773.05
2026-03-21T19:00:00+00:00,10773.05
2026-03-21T19:15:00+00:00,10773.05
2026-03-21T19:15:00+00:00,10773.05
2026-03-21T19:15:00+00:00,10773.05
2026-03-21T19:30:00+00:00,10773.05
2026-03-21T19:30:00+00:00,10773.05
2026-03-21T19:30:00+00:00,10773.05
2026-03-21T19:45:00+00:00,10773.05
2026-03-21T19:45:00+00:00,10773.05
2026-03-21T19:45:00+00:00,10773.05
2026-03-21T20:00:00+00:00,10773.05
2026-03-21T20:00:00+00:00,10773.05
2026-03-21T20:00:00+00:00,10773.05
2026-03-21T20:15:00+00:00,10773.05
2026-03-21T20:15:00+00:00,10773.05
2026-03-21T20:15:00+00:00,10773.05
2026-03-21T20:30:00+00:00,10773.05
2026-03-21T20:30:00+00:00,10773.05
2026-03-21T20:30:00+00:00,10773.05
2026-03-21T20:45:00+00:00,10773.05
2026-03-21T20:45:00+00:00,10773.05
2026-03-21T20:45:00+00:00,10773.05
2026-03-21T21:00:00+00:00,10773.05
2026-03-21T21:00:00+00:00,10773.05
2026-03-21T21:00:00+00:00,10773.05
2026-03-21T21:15:00+00:00,10773.05
2026-03-21T21:15:00+00:00,10773.05
2026-03-21T21:15:00+00:00,10773.05
2026-03-21T21:30:00+00:00,10773.05
2026-03-21T21:30:00+00:00,10773.05
2026-03-21T21:30:00+00:00,10773.05
2026-03-21T21:45:00+00:00,10773.05
2026-03-21T21:45:00+00:00,10773.05
2026-03-21T21:45:00+00:00,10773.05
2026-03-21T22:00:00+00:00,10773.05
2026-03-21T22:00:00+00:00,10773.05
2026-03-21T22:00:00+00:00,10773.05
2026-03-21T22:15:00+00:00,10773.05
2026-03-21T22:15:00+00:00,10773.05
2026-03-21T22:15:00+00:00,10773.05
2026-03-21T22:30:00+00:00,10773.05
2026-03-21T22:30:00+00:00,10773.05
2026-03-21T22:30:00+00:00,10773.05
2026-03-21T22:45:00+00:00,10773.05
2026-03-21T22:45:00+00:00,10773.05
2026-03-21T22:45:00+00:00,10773.05
2026-03-21T23:00:00+00:00,10773.05
2026-03-21T23:00:00+00:00,10773.05
2026-03-21T23:00:00+00:00,10773.05
2026-03-21T23:15:00+00:00,10773.05
2026-03-21T23:15:00+00:00,10773.05
2026-03-21T23:15:00+00:00,10773.05
2026-03-21T23:30:00+00:00,10773.05
2026-03-21T23:30:00+00:00,10773.05
2026-03-21T23:30:00+00:00,10773.05
2026-03-21T23:45:00+00:00,10773.05
2026-03-21T23:45:00+00:00,10773.05
2026-03-21T23:45:00+00:00,10773.05
2026-03-22T00:00:00+00:00,10773.05
2026-03-22T00:00:00+00:00,10773.05
2026-03-22T00:00:00+00:00,10773.05
2026-03-22T00:15:00+00:00,10773.05
2026-03-22T00:15:00+00:00,10773.05
2026-03-22T00:15:00+00:00,10773.05
2026-03-22T00:30:00+00:00,10773.05
2026-03-22T00:30:00+00:00,10773.05
2026-03-22T00:30:00+00:00,10773.05
2026-03-22T00:45:00+00:00,10773.05
2026-03-22T00:45:00+00:00,10773.05
2026-03-22T00:45:00+00:00,10773.05
2026-03-22T01:00:00+00:00,10773.05
2026-03-22T01:00:00+00:00,10773.05
2026-03-22T01:00:00+00:00,10773.05
2026-03-22T01:15:00+00:00,10773.05
2026-03-22T01:15:00+00:00,10773.05
2026-03-22T01:15:00+00:00,10773.05
2026-03-22T01:30:00+00:00,10773.05
2026-03-22T01:30:00+00:00,10773.05
2026-03-22T01:30:00+00:00,10773.05
2026-03-22T01:45:00+00:00,10773.05
2026-03-22T01:45:00+00:00,10773.05
2026-03-22T01:45:00+00:00,10773.05
2026-03-22T02:00:00+00:00,10773.05
2026-03-22T02:00:00+00:00,10773.05
2026-03-22T02:00:00+00:00,10773.05
2026-03-22T02:15:00+00:00,10773.05
2026-03-22T02:15:00+00:00,10773.05
2026-03-22T02:15:00+00:00,10773.05
2026-03-22T02:30:00+00:00,10773.05
2026-03-22T02:30:00+00:00,10773.05
2026-03-22T02:30:00+00:00,10773.05
2026-03-22T02:45:00+00:00,10773.05
2026-03-22T02:45:00+00:00,10773.05
2026-03-22T02:45:00+00:00,10773.05
2026-03-22T03:00:00+00:00,10773.05
2026-03-22T03:00:00+00:00,10773.05
2026-03-22T03:00:00+00:00,10773.05
2026-03-22T03:15:00+00:00,10773.05
2026-03-22T03:15:00+00:00,10773.05
2026-03-22T03:15:00+00:00,10773.05
2026-03-22T03:30:00+00:00,10773.05
2026-03-22T03:30:00+00:00,10773.05
2026-03-22T03:30:00+00:00,10773.05
2026-03-22T03:45:00+00:00,10773.05
2026-03-22T03:45:00+00:00,10773.05
2026-03-22T03:45:00+00:00,10773.05
2026-03-22T04:00:00+00:00,10773.05
2026-03-22T04:00:00+00:00,10773.05
2026-03-22T04:00:00+00:00,10773.05
2026-03-22T04:15:00+00:00,10773.05
2026-03-22T04:15:00+00:00,10773.05
2026-03-22T04:15:00+00:00,10773.05
2026-03-22T04:30:00+00:00,10773.05
2026-03-22T04:30:00+00:00,10773.05
2026-03-22T04:30:00+00:00,10773.05
2026-03-22T04:45:00+00:00,10773.05
2026-03-22T04:45:00+00:00,10773.05
2026-03-22T04:45:00+00:00,10773.05
2026-03-22T05:00:00+00:00,10773.05
2026-03-22T05:00:00+00:00,10760.86
2026-03-22T05:00:00+00:00,10791.09
2026-03-22T05:15:00+00:00,10791.09
2026-03-22T05:15:00+00:00,10805.34
2026-03-22T05:15:00+00:00,10838.89
2026-03-22T05:30:00+00:00,10838.89
2026-03-22T05:30:00+00:00,10851.19
2026-03-22T05:30:00+00:00,10861.23
2026-03-22T05:45:00+00:00,10861.23
2026-03-22T05:45:00+00:00,10870.95
2026-03-22T05:45:00+00:00,10878.15
2026-03-22T06:00:00+00:00,10877.46
2026-03-22T06:00:00+00:00,10894.95
2026-03-22T06:00:00+00:00,10929.06
2026-03-22T06:15:00+00:00,10929.06
2026-03-22T06:15:00+00:00,10917.40
2026-03-22T06:15:00+00:00,10917.02
2026-03-22T06:30:00+00:00,10917.02
2026-03-22T06:30:00+00:00,10918.32
2026-03-22T06:30:00+00:00,10913.77
2026-03-22T06:45:00+00:00,10913.77
2026-03-22T06:45:00+00:00,10933.85
2026-03-22T06:45:00+00:00,10954.31
2026-03-22T07:00:00+00:00,10953.64
2026-03-22T07:00:00+00:00,10947.16
2026-03-22T07:00:00+00:00,10948.11
2026-03-22T07:15:00+00:00,10948.11
2026-03-22T07:15:00+00:00,10939.04
2026-03-22T07:15:00+00:00,10926.72
2026-03-22T07:30:00+00:00,10926.72
2026-03-22T07:30:00+00:00,11007.02
2026-03-22T07:30:00+00:00,11075.06
2026-03-22T07:45:00+00:00,11075.06
2026-03-22T07:45:00+00:00,11107.43
2026-03-22T07:45:00+00:00,11145.53
2026-03-22T08:00:00+00:00,11144.90
2026-03-22T08:00:00+00:00,11153.97
2026-03-22T08:00:00+00:00,11190.17
2026-03-22T08:15:00+00:00,11190.17
2026-03-22T08:15:00+00:00,11283.41
2026-03-22T08:15:00+00:00,11376.47
2026-03-22T08:30:00+00:00,11376.47
2026-03-22T08:30:00+00:00,11342.15
2026-03-22T08:30:00+00:00,11310.92
2026-03-22T08:45:00+00:00,11310.92
2026-03-22T08:45:00+00:00,11288.26
2026-03-22T08:45:00+00:00,11270.78
2026-03-22T09:00:00+00:00,11270.36
2026-03-22T09:00:00+00:00,11232.80
2026-03-22T09:00:00+00:00,11202.67
2026-03-22T09:15:00+00:00,11202.67
2026-03-22T09:15:00+00:00,11272.61
2026-03-22T09:15:00+00:00,11327.47
2026-03-22T09:30:00+00:00,11327.47
2026-03-22T09:30:00+00:00,11304.16
2026-03-22T09:30:00+00:00,11277.01
2026-03-22T09:45:00+00:00,11277.01
2026-03-22T09:45:00+00:00,11275.72
2026-03-22T09:45:00+00:00,11285.10
2026-03-22T10:00:00+00:00,11284.37
2026-03-22T10:00:00+00:00,11297.97
2026-03-22T10:00:00+00:00,11294.13
2026-03-22T10:15:00+00:00,11294.13
2026-03-22T10:15:00+00:00,11295.43
2026-03-22T10:15:00+00:00,11286.76
2026-03-22T10:30:00+00:00,11286.76
2026-03-22T10:30:00+00:00,11306.19
2026-03-22T10:30:00+00:00,11310.59
2026-03-22T10:45:00+00:00,11310.59
2026-03-22T10:45:00+00:00,11301.53
2026-03-22T10:45:00+00:00,11310.05
2026-03-22T11:00:00+00:00,11309.47
2026-03-22T11:00:00+00:00,11306.23
2026-03-22T11:00:00+00:00,11303.11
2026-03-22T11:15:00+00:00,11303.11
2026-03-22T11:15:00+00:00,11338.72
2026-03-22T11:15:00+00:00,11365.02
2026-03-22T11:30:00+00:00,11365.02
2026-03-22T11:30:00+00:00,11375.38
2026-03-22T11:30:00+00:00,11364.43
2026-03-22T11:45:00+00:00,11364.43
2026-03-22T11:45:00+00:00,11388.55
2026-03-22T11:45:00+00:00,11444.56
2026-03-22T12:00:00+00:00,11443.90
2026-03-22T12:00:00+00:00,11424.48
2026-03-22T12:00:00+00:00,11406.35
2026-03-22T12:15:00+00:00,11406.35
2026-03-22T12:15:00+00:00,11390.34
2026-03-22T12:15:00+00:00,11390.34
2026-03-22T12:30:00+00:00,11390.34
2026-03-22T12:30:00+00:00,11390.34
2026-03-22T12:30:00+00:00,11390.34
2026-03-22T12:45:00+00:00,11390.34
2026-03-22T12:45:00+00:00,11390.34
2026-03-22T12:45:00+00:00,11390.34
2026-03-22T13:00:00+00:00,11390.34
2026-03-22T13:00:00+00:00,11390.34
2026-03-22T13:00:00+00:00,11390.34
2026-03-22T13:15:00+00:00,11390.34
2026-03-22T13:15:00+00:00,11390.34
2026-03-22T13:15:00+00:00,11390.34
2026-03-22T13:30:00+00:00,11390.34
2026-03-22T13:30:00+00:00,11390.34
2026-03-22T13:30:00+00:00,11390.34
2026-03-22T13:45:00+00:00,11390.34
2026-03-22T13:45:00+00:00,11390.34
2026-03-22T13:45:00+00:00,11390.34
2026-03-22T14:00:00+00:00,11390.34
2026-03-22T14:00:00+00:00,11390.34
2026-03-22T14:00:00+00:00,11390.34
2026-03-22T14:15:00+00:00,11390.34
2026-03-22T14:15:00+00:00,11390.34
2026-03-22T14:15:00+00:00,11390.34
2026-03-22T14:30:00+00:00,11390.34
2026-03-22T14:30:00+00:00,11390.34
2026-03-22T14:30:00+00:00,11390.34
2026-03-22T14:45:00+00:00,11390.34
2026-03-22T14:45:00+00:00,11390.34
2026-03-22T14:45:00+00:00,11390.34
2026-03-22T15:00:00+00:00,11390.34
2026-03-22T15:00:00+00:00,11390.34
2026-03-22T15:00:00+00:00,11390.34
2026-03-22T15:15:00+00:00,11390.34
2026-03-22T15:15:00+00:00,11390.34
2026-03-22T15:15:00+00:00,11390.34
2026-03-22T15:30:00+00:00,11390.34
2026-03-22T15:30:00+00:00,11390.34
2026-03-22T15:30:00+00:00,11390.34
2026-03-22T15:45:00+00:00,11390.34
2026-03-22T15:45:00+00:00,11390.34
2026-03-22T15:45:00+00:00,11390.34
2026-03-22T16:00:00+00:00,11390.34
2026-03-22T16:00:00+00:00,11390.34
2026-03-22T16:00:00+00:00,11390.34
2026-03-22T16:15:00+00:00,11390.34
2026-03-22T16:15:00+00:00,11390.34
2026-03-22T16:15:00+00:00,11390.34
2026-03-22T16:30:00+00:00,11390.34
2026-03-22T16:30:00+00:00,11390.34
2026-03-22T16:30:00+00:00,11390.34
2026-03-22T16:45:00+00:00,11390.34
2026-03-22T16:45:00+00:00,11390.34
2026-03-22T16:45:00+00:00,11390.34
2026-03-22T17:00:00+00:00,11390.34
2026-03-22T17:00:00+00:00,11390.34
2026-03-22T17:00:00+00:00,11390.34
2026-03-22T17:15:00+00:00,11390.34
2026-03-22T17:15:00+00:00,11390.34
2026-03-22T17:15:00+00:00,11390.34
2026-03-22T17:30:00+00:00,11390.34
2026-03-22T17:30:00+00:00,11390.34
2026-03-22T17:30:00+00:00,11390.34
2026-03-22T17:45:00+00:00,11390.34
2026-03-22T17:45:00+00:00,11390.34
2026-03-22T17:45:00+00:00,11390.34
2026-03-22T18:00:00+00:00,11390.34
2026-03-22T18:00:00+00:00,11390.34
2026-03-22T18:00:00+00:00,11390.34
2026-03-22T18:15:00+00:00,11390.34
2026-03-22T18:15:00+00:00,11390.34
2026-03-22T18:15:00+00:00,11390.34
2026-03-22T18:30:00+00:00,11390.34
2026-03-22T18:30:00+00:00,11390.34
2026-03-22T18:30:00+00:00,11390.34
2026-03-22T18:45:00+00:00,11390.34
2026-03-22T18:45:00+00:00,11390.34
2026-03-22T18:45:00+00:00,11390.34
2026-03-22T19:00:00+00:00,11390.34
2026-03-22T19:00:00+00:00,11390.34
2026-03-22T19:00:00+00:00,11390.34
2026-03-22T19:15:00+00:00,11390.34
2026-03-22T19:15:00+00:00,11390.34
2026-03-22T19:15:00+00:00,11390.34
2026-03-22T19:30:00+00:00,11390.34
2026-03-22T19:30:00+00:00,11390.34
2026-03-22T19:30:00+00:00,11390.34
2026-03-22T19:45:00+00:00,11390.34
2026-03-22T19:45:00+00:00,11390.34
2026-03-22T19:45:00+00:00,11390.34
2026-03-22T20:00:00+00:00,11390.34
2026-03-22T20:00:00+00:00,11390.34
2026-03-22T20:00:00+00:00,11390.34
2026-03-22T20:15:00+00:00,11390.34
2026-03-22T20:15:00+00:00,11390.34
2026-03-22T20:15:00+00:00,11390.34
2026-03-22T20:30:00+00:00,11390.34
2026-03-22T20:30:00+00:00,11390.34
2026-03-22T20:30:00+00:00,11390.34
2026-03-22T20:45:00+00:00,11390.34
2026-03-22T20:45:00+00:00,11390.34
2026-03-22T20:45:00+00:00,11390.34
2026-03-22T21:00:00+00:00,11390.34
2026-03-22T21:00:00+00:00,11390.34
2026-03-22T21:00:00+00:00,11390.34
2026-03-22T21:15:00+00:00,11390.34
2026-03-22T21:15:00+00:00,11390.34
2026-03-22T21:15:00+00:00,11390.34
2026-03-22T21:30:00+00:00,11390.34
2026-03-22T21:30:00+00:00,11390.34
2026-03-22T21:30:00+00:00,11390.34
2026-03-22T21:45:00+00:00,11390.34
2026-03-22T21:45:00+00:00,11390.34
2026-03-22T21:45:00+00:00,11390.34
2026-03-22T22:00:00+00:00,11390.34
2026-03-22T22:00:00+00:00,11390.34
2026-03-22T22:00:00+00:00,11390.34
2026-03-22T22:15:00+00:00,11390.34
2026-03-22T22:15:00+00:00,11390.34
2026-03-22T22:15:00+00:00,11390.34
2026-03-22T22:30:00+00:00,11390.34
2026-03-22T22:30:00+00:00,11390.34
2026-03-22T22:30:00+00:00,11390.34
2026-03-22T22:45:00+00:00,11390.34
2026-03-22T22:45:00+00:00,11390.34
2026-03-22T22:45:00+00:00,11390.34
2026-03-22T23:00:00+00:00,11390.34
2026-03-22T23:00:00+00:00,11390.34
2026-03-22T23:00:00+00:00,11390.34
2026-03-22T23:15:00+00:00,11390.34
2026-03-22T23:15:00+00:00,11390.34
2026-03-22T23:15:00+00:00,11390.34
2026-03-22T23:30:00+00:00,11390.34
2026-03-22T23:30:00+00:00,11390.34
2026-03-22T23:30:00+00:00,11390.34
2026-03-22T23:45:00+00:00,11390.34
2026-03-22T23:45:00+00:00,11390.34
2026-03-22T23:45:00+00:00,11390.34
2026-03-23T00:00:00+00:00,11390.34
2026-03-23T00:00:00+00:00,11390.34
2026-03-23T00:00:00+00:00,11390.34
2026-03-23T00:15:00+00:00,11390.34
2026-03-23T00:15:00+00:00,11390.34
2026-03-23T00:15:00+00:00,11390.34
2026-03-23T00:30:00+00:00,11390.34
2026-03-23T00:30:00+00:00,11390.34
2026-03-23T00:30:00+00:00,11390.34
2026-03-23T00:45:00+00:00,11390.34
2026-03-23T00:45:00+00:00,11390.34
2026-03-23T00:45:00+00:00,11390.34
2026-03-23T01:00:00+00:00,11390.34
2026-03-23T01:00:00+00:00,11390.34
2026-03-23T01:00:00+00:00,11390.34
2026-03-23T01:15:00+00:00,11390.34
2026-03-23T01:15:00+00:00,11390.34
2026-03-23T01:15:00+00:00,11390.34
2026-03-23T01:30:00+00:00,11390.34
2026-03-23T01:30:00+00:00,11390.34
2026-03-23T01:30:00+00:00,11390.34
2026-03-23T01:45:00+00:00,11390.34
2026-03-23T01:45:00+00:00,11390.34
2026-03-23T01:45:00+00:00,11390.34
2026-03-23T02:00:00+00:00,11390.34
2026-03-23T02:00:00+00:00,11390.34
2026-03-23T02:00:00+00:00,11390.34
2026-03-23T02:15:00+00:00,11390.34
2026-03-23T02:15:00+00:00,11390.34
2026-03-23T02:15:00+00:00,11390.34
2026-03-23T02:30:00+00:00,11390.34
2026-03-23T02:30:00+00:00,11390.34
2026-03-23T02:30:00+00:00,11390.34
2026-03-23T02:45:00+00:00,11390.34
2026-03-23T02:45:00+00:00,11390.34
2026-03-23T02:45:00+00:00,11390.34
2026-03-23T03:00:00+00:00,11390.34
2026-03-23T03:00:00+00:00,11390.34
2026-03-23T03:00:00+00:00,11390.34
2026-03-23T03:15:00+00:00,11390.34
2026-03-23T03:15:00+00:00,11390.34
2026-03-23T03:15:00+00:00,11390.34
2026-03-23T03:30:00+00:00,11390.34
2026-03-23T03:30:00+00:00,11390.34
2026-03-23T03:30:00+00:00,11390.34
2026-03-23T03:45:00+00:00,11390.34
2026-03-23T03:45:00+00:00,11390.34
2026-03-23T03:45:00+00:00,11390.34
2026-03-23T04:00:00+00:00,11390.34
2026-03-23T04:00:00+00:00,11390.34
2026-03-23T04:00:00+00:00,11390.34
2026-03-23T04:15:00+00:00,11390.34
2026-03-23T04:15:00+00:00,11390.34
2026-03-23T04:15:00+00:00,11390.34
2026-03-23T04:30:00+00:00,11390.34
2026-03-23T04:30:00+00:00,11390.34
2026-03-23T04:30:00+00:00,11390.34
2026-03-23T04:45:00+00:00,11390.34
2026-03-23T04:45:00+00:00,11390.34
2026-03-23T04:45:00+00:00,11390.34
2026-03-23T05:00:00+00:00,11390.34
2026-03-23T05:00:00+00:00,11390.34
2026-03-23T05:00:00+00:00,11390.34
2026-03-23T05:15:00+00:00,11390.34
2026-03-23T05:15:00+00:00,11390.34
2026-03-23T05:15:00+00:00,11390.34
2026-03-23T05:30:00+00:00,11390.34
2026-03-23T05:30:00+00:00,11390.34
2026-03-23T05:30:00+00:00,11390.34
2026-03-23T05:45:00+00:00,11390.34
2026-03-23T05:45:00+00:00,11390.34
2026-03-23T05:45:00+00:00,11390.34
2026-03-23T06:00:00+00:00,11390.34
2026-03-23T06:00:00+00:00,11390.34
2026-03-23T06:00:00+00:00,11390.34
2026-03-23T06:15:00+00:00,11390.34
2026-03-23T06:15:00+00:00,11390.34
2026-03-23T06:15:00+00:00,11390.34
2026-03-23T06:30:00+00:00,11390.34
2026-03-23T06:30:00+00:00,11390.34
2026-03-23T06:30:00+00:00,11390.34
2026-03-23T06:45:00+00:00,11390.34
2026-03-23T06:45:00+00:00,11390.34
2026-03-23T06:45:00+00:00,11390.34
2026-03-23T07:00:00+00:00,11390.34
2026-03-23T07:00:00+00:00,11390.34
2026-03-23T07:00:00+00:00,11390.34
2026-03-23T07:15:00+00:00,11390.34
2026-03-23T07:15:00+00:00,11390.34
2026-03-23T07:15:00+00:00,11390.34
2026-03-23T07:30:00+00:00,11390.34
2026-03-23T07:30:00+00:00,11390.34
2026-03-23T07:30:00+00:00,11390.34
2026-03-23T07:45:00+00:00,11390.34
2026-03-23T07:45:00+00:00,11390.34
2026-03-23T07:45:00+00:00,11390.34
2026-03-23T08:00:00+00:00,11390.34
2026-03-23T08:00:00+00:00,11390.34
2026-03-23T08:00:00+00:00,11390.34
2026-03-23T08:15:00+00:00,11390.34
2026-03-23T08:15:00+00:00,11390.34
2026-03-23T08:15:00+00:00,11390.34
2026-03-23T08:30:00+00:00,11390.34
2026-03-23T08:30:00+00:00,11390.34
2026-03-23T08:30:00+00:00,11390.34
2026-03-23T08:45:00+00:00,11390.34
2026-03-23T08:45:00+00:00,11390.34
2026-03-23T08:45:00+00:00,11390.34
2026-03-23T09:00:00+00:00,11390.34
2026-03-23T09:00:00+00:00,11390.34
2026-03-23T09:00:00+00:00,11390.34
2026-03-23T09:15:00+00:00,11390.34
2026-03-23T09:15:00+00:00,11390.34
2026-03-23T09:15:00+00:00,11390.34
2026-03-23T09:30:00+00:00,11390.34
2026-03-23T09:30:00+00:00,11390.34
2026-03-23T09:30:00+00:00,11390.34
2026-03-23T09:45:00+00:00,11390.34
2026-03-23T09:45:00+00:00,11390.34
2026-03-23T09:45:00+00:00,11390.34
2026-03-23T10:00:00+00:00,11390.34
2026-03-23T10:00:00+00:00,11390.34
2026-03-23T10:00:00+00:00,11390.34
2026-03-23T10:15:00+00:00,11390.34
2026-03-23T10:15:00+00:00,11390.34
2026-03-23T10:15:00+00:00,11390.34
2026-03-23T10:30:00+00:00,11390.34
2026-03-23T10:30:00+00:00,11390.34
2026-03-23T10:30:00+00:00,11390.34
2026-03-23T10:45:00+00:00,11390.34
2026-03-23T10:45:00+00:00,11390.34
2026-03-23T10:45:00+00:00,11390.34
2026-03-23T11:00:00+00:00,11390.34
2026-03-23T11:00:00+00:00,11390.34
2026-03-23T11:00:00+00:00,11390.34
2026-03-23T11:15:00+00:00,11390.34
2026-03-23T11:15:00+00:00,11390.34
2026-03-23T11:15:00+00:00,11390.34
2026-03-23T11:30:00+00:00,11390.34
2026-03-23T11:30:00+00:00,11390.34
2026-03-23T11:30:00+00:00,11390.34
2026-03-23T11:45:00+00:00,11390.34
2026-03-23T11:45:00+00:00,11390.34
2026-03-23T11:45:00+00:00,11390.34
2026-03-23T12:00:00+00:00,11390.34
2026-03-23T12:00:00+00:00,11390.34
2026-03-23T12:00:00+00:00,11390.34
2026-03-23T12:15:00+00:00,11390.34
2026-03-23T12:15:00+00:00,11390.34
2026-03-23T12:15:00+00:00,11390.34
2026-03-23T12:30:00+00:00,11390.34
2026-03-23T12:30:00+00:00,11390.34
2026-03-23T12:30:00+00:00,11390.34
2026-03-23T12:45:00+00:00,11390.34
2026-03-23T12:45:00+00:00,11390.34
2026-03-23T12:45:00+00:00,11390.34
2026-03-23T13:00:00+00:00,11390.34
2026-03-23T13:00:00+00:00,11390.34
2026-03-23T13:00:00+00:00,11390.34
2026-03-23T13:15:00+00:00,11390.34
2026-03-23T13:15:00+00:00,11390.34
2026-03-23T13:15:00+00:00,11390.34
2026-03-23T13:30:00+00:00,11390.34
2026-03-23T13:30:00+00:00,11390.34
2026-03-23T13:30:00+00:00,11390.34
2026-03-23T13:45:00+00:00,11390.34
2026-03-23T13:45:00+00:00,11390.34
2026-03-23T13:45:00+00:00,11390.34
2026-03-23T14:00:00+00:00,11390.34
2026-03-23T14:00:00+00:00,11390.34
2026-03-23T14:00:00+00:00,11390.34
2026-03-23T14:15:00+00:00,11390.34
2026-03-23T14:15:00+00:00,11390.34
2026-03-23T14:15:00+00:00,11390.34
2026-03-23T14:30:00+00:00,11390.34
2026-03-23T14:30:00+00:00,11390.34
2026-03-23T14:30:00+00:00,11390.34
2026-03-23T14:45:00+00:00,11390.34
2026-03-23T14:45:00+00:00,11390.34
2026-03-23T14:45:00+00:00,11390.34
2026-03-23T15:00:00+00:00,11390.34
2026-03-23T15:00:00+00:00,11390.34
2026-03-23T15:00:00+00:00,11390.34
2026-03-23T15:15:00+00:00,11390.34
2026-03-23T15:15:00+00:00,11390.34
2026-03-23T15:15:00+00:00,11390.34
2026-03-23T15:30:00+00:00,11390.34
2026-03-23T15:30:00+00:00,11390.34
2026-03-23T15:30:00+00:00,11390.34
2026-03-23T15:45:00+00:00,11390.34
2026-03-23T15:45:00+00:00,11390.34
2026-03-23T15:45:00+00:00,11390.34
2026-03-23T16:00:00+00:00,11390.34
2026-03-23T16:00:00+00:00,11390.34
2026-03-23T16:00:00+00:00,11390.34
2026-03-23T16:15:00+00:00,11390.34
2026-03-23T16:15:00+00:00,11390.34
2026-03-23T16:15:00+00:00,11390.34
2026-03-23T16:30:00+00:00,11390.34
2026-03-23T16:30:00+00:00,11390.34
2026-03-23T16:30:00+00:00,11390.34
2026-03-23T16:45:00+00:00,11390.34
2026-03-23T16:45:00+00:00,11390.34
2026-03-23T16:45:00+00:00,11390.34
2026-03-23T17:00:00+00:00,11390.34
2026-03-23T17:00:00+00:00,11390.34
2026-03-23T17:00:00+00:00,11390.34
2026-03-23T17:15:00+00:00,11390.34
2026-03-23T17:15:00+00:00,11390.34
2026-03-23T17:15:00+00:00,11390.34
2026-03-23T17:30:00+00:00,11390.34
2026-03-23T17:30:00+00:00,11390.34
2026-03-23T17:30:00+00:00,11390.34
2026-03-23T17:45:00+00:00,11390.34
2026-03-23T17:45:00+00:00,11390.34
2026-03-23T17:45:00+00:00,11390.34
2026-03-23T18:00:00+00:00,11390.34
2026-03-23T18:00:00+00:00,11390.34
2026-03-23T18:00:00+00:00,11390.34
2026-03-23T18:15:00+00:00,11390.34
2026-03-23T18:15:00+00:00,11390.34
2026-03-23T18:15:00+00:00,11390.34
2026-03-23T18:30:00+00:00,11390.34
2026-03-23T18:30:00+00:00,11390.34
2026-03-23T18:30:00+00:00,11390.34
2026-03-23T18:45:00+00:00,11390.34
2026-03-23T18:45:00+00:00,11390.34
2026-03-23T18:45:00+00:00,11390.34
2026-03-23T19:00:00+00:00,11390.34
2026-03-23T19:00:00+00:00,11390.34
2026-03-23T19:00:00+00:00,11390.34
2026-03-23T19:15:00+00:00,11390.34
2026-03-23T19:15:00+00:00,11390.34
2026-03-23T19:15:00+00:00,11390.34
2026-03-23T19:30:00+00:00,11390.34
2026-03-23T19:30:00+00:00,11390.34
2026-03-23T19:30:00+00:00,11390.34
2026-03-23T19:45:00+00:00,11390.34
2026-03-23T19:45:00+00:00,11390.34
2026-03-23T19:45:00+00:00,11390.34
2026-03-23T20:00:00+00:00,11390.34
2026-03-23T20:00:00+00:00,11390.34
2026-03-23T20:00:00+00:00,11390.34
2026-03-23T20:15:00+00:00,11390.34
2026-03-23T20:15:00+00:00,11390.34
2026-03-23T20:15:00+00:00,11390.34
2026-03-23T20:30:00+00:00,11390.34
2026-03-23T20:30:00+00:00,11390.34
2026-03-23T20:30:00+00:00,11390.34
2026-03-23T20:45:00+00:00,11390.34
2026-03-23T20:45:00+00:00,11390.34
2026-03-23T20:45:00+00:00,11390.34
2026-03-23T21:00:00+00:00,11390.34
2026-03-23T21:00:00+00:00,11390.34
2026-03-23T21:00:00+00:00,11390.34
2026-03-23T21:15:00+00:00,11390.34
2026-03-23T21:15:00+00:00,11390.34
2026-03-23T21:15:00+00:00,11390.34
2026-03-23T21:30:00+00:00,11390.34
2026-03-23T21:30:00+00:00,11390.34
2026-03-23T21:30:00+00:00,11390.34
2026-03-23T21:45:00+00:00,11390.34
2026-03-23T21:45:00+00:00,11390.34
2026-03-23T21:45:00+00:00,11390.34
2026-03-23T22:00:00+00:00,11390.34
2026-03-23T22:00:00+00:00,11390.34
2026-03-23T22:00:00+00:00,11390.34
2026-03-23T22:15:00+00:00,11390.34
2026-03-23T22:15:00+00:00,11390.34
2026-03-23T22:15:00+00:00,11390.34
2026-03-23T22:30:00+00:00,11390.34
2026-03-23T22:30:00+00:00,11390.34
2026-03-23T22:30:00+00:00,11390.34
2026-03-23T22:45:00+00:00,11390.34
2026-03-23T22:45:00+00:00,11390.34
2026-03-23T22:45:00+00:00,11390.34
2026-03-23T23:00:00+00:00,11390.34
2026-03-23T23:00:00+00:00,11390.34
2026-03-23T23:00:00+00:00,11390.34
2026-03-23T23:15:00+00:00,11390.34
2026-03-23T23:15:00+00:00,11390.34
2026-03-23T23:15:00+00:00,11390.34
2026-03-23T23:30:00+00:00,11390.34
2026-03-23T23:30:00+00:00,11390.34
2026-03-23T23:30:00+00:00,11390.34
2026-03-23T23:45:00+00:00,11390.34
2026-03-23T23:45:00+00:00,11390.34
2026-03-23T23:45:00+00:00,11390.34
2026-03-24T00:00:00+00:00,11390.34
2026-03-24T00:00:00+00:00,11390.34
2026-03-24T00:00:00+00:00,11390.34
2026-03-24T00:15:00+00:00,11390.34
2026-03-24T00:15:00+00:00,11390.34
2026-03-24T00:15:00+00:00,11390.34
2026-03-24T00:30:00+00:00,11390.34
2026-03-24T00:30:00+00:00,11390.34
2026-03-24T00:30:00+00:00,11390.34
2026-03-24T00:45:00+00:00,11390.34
2026-03-24T00:45:00+00:00,11390.34
2026-03-24T00:45:00+00:00,11390.34
2026-03-24T01:00:00+00:00,11390.34
2026-03-24T01:00:00+00:00,11390.34
2026-03-24T01:00:00+00:00,11390.34
2026-03-24T01:15:00+00:00,11390.34
2026-03-24T01:15:00+00:00,11390.34
2026-03-24T01:15:00+00:00,11390.34
2026-03-24T01:30:00+00:00,11390.34
2026-03-24T01:30:00+00:00,11390.34
2026-03-24T01:30:00+00:00,11390.34
2026-03-24T01:45:00+00:00,11390.34
2026-03-24T01:45:00+00:00,11390.34
2026-03-24T01:45:00+00:00,11390.34
2026-03-24T02:00:00+00:00,11390.34
2026-03-24T02:00:00+00:00,11390.34
2026-03-24T02:00:00+00:00,11390.34
2026-03-24T02:15:00+00:00,11390.34
2026-03-24T02:15:00+00:00,11390.34
2026-03-24T02:15:00+00:00,11390.34
2026-03-24T02:30:00+00:00,11390.34
2026-03-24T02:30:00+00:00,11390.34
2026-03-24T02:30:00+00:00,11390.34
2026-03-24T02:45:00+00:00,11390.34
2026-03-24T02:45:00+00:00,11390.34
2026-03-24T02:45:00+00:00,11390.34
2026-03-24T03:00:00+00:00,11378.65
2026-03-24T03:00:00+00:00,11378.65
2026-03-24T03:00:00+00:00,11339.04
2026-03-24T03:15:00+00:00,11348.35
2026-03-24T03:15:00+00:00,11348.35
2026-03-24T03:15:00+00:00,11386.34
2026-03-24T03:30:00+00:00,11367.73
2026-03-24T03:30:00+00:00,11367.73
2026-03-24T03:30:00+00:00,11352.85
2026-03-24T03:45:00+00:00,11369.77
2026-03-24T03:45:00+00:00,11369.77
2026-03-24T03:45:00+00:00,11400.06
2026-03-24T04:00:00+00:00,11428.82
2026-03-24T04:00:00+00:00,11428.82
2026-03-24T04:00:00+00:00,11488.87
2026-03-24T04:15:00+00:00,11460.96
2026-03-24T04:15:00+00:00,11460.96
2026-03-24T04:15:00+00:00,11432.25
2026-03-24T04:30:00+00:00,11377.54
2026-03-24T04:30:00+00:00,11377.54
2026-03-24T04:30:00+00:00,11318.19
2026-03-24T04:45:00+00:00,11326.93
2026-03-24T04:45:00+00:00,11326.93
2026-03-24T04:45:00+00:00,11352.32
2026-03-24T05:00:00+00:00,11300.90
2026-03-24T05:00:00+00:00,11300.90
2026-03-24T05:00:00+00:00,11251.35
2026-03-24T05:15:00+00:00,11247.97
2026-03-24T05:15:00+00:00,11247.97
2026-03-24T05:15:00+00:00,11248.84
2026-03-24T05:30:00+00:00,11290.01
2026-03-24T05:30:00+00:00,11290.01
2026-03-24T05:30:00+00:00,11290.01
2026-03-24T05:45:00+00:00,11276.76
2026-03-24T05:45:00+00:00,11276.76
2026-03-24T05:45:00+00:00,11276.76
2026-03-24T06:00:00+00:00,11287.57
2026-03-24T06:00:00+00:00,11287.57
2026-03-24T06:00:00+00:00,11287.57
2026-03-24T06:15:00+00:00,11289.33
2026-03-24T06:15:00+00:00,11289.33
2026-03-24T06:15:00+00:00,11289.33
2026-03-24T06:30:00+00:00,11292.54
2026-03-24T06:30:00+00:00,11292.54
2026-03-24T06:30:00+00:00,11292.54
2026-03-24T06:45:00+00:00,11293.93
2026-03-24T06:45:00+00:00,11293.93
2026-03-24T06:45:00+00:00,11293.93
2026-03-24T07:00:00+00:00,11296.50
2026-03-24T07:00:00+00:00,11296.50
2026-03-24T07:00:00+00:00,11296.50
2026-03-24T07:15:00+00:00,11297.22
2026-03-24T07:15:00+00:00,11297.22
2026-03-24T07:15:00+00:00,11297.22
2026-03-24T07:30:00+00:00,11297.18
2026-03-24T07:30:00+00:00,11297.18
2026-03-24T07:30:00+00:00,11297.18
2026-03-24T07:45:00+00:00,11300.58
2026-03-24T07:45:00+00:00,11300.58
2026-03-24T07:45:00+00:00,11300.58
2026-03-24T08:00:00+00:00,11299.11
2026-03-24T08:00:00+00:00,11299.11
2026-03-24T08:00:00+00:00,11299.11
2026-03-24T08:15:00+00:00,11297.21
2026-03-24T08:15:00+00:00,11297.21
2026-03-24T08:15:00+00:00,11297.21
2026-03-24T08:30:00+00:00,11298.54
2026-03-24T08:30:00+00:00,11298.54
2026-03-24T08:30:00+00:00,11298.54
2026-03-24T08:45:00+00:00,11297.60
2026-03-24T08:45:00+00:00,11297.60
2026-03-24T08:45:00+00:00,11297.60
2026-03-24T09:00:00+00:00,11296.84
2026-03-24T09:00:00+00:00,11296.84
2026-03-24T09:00:00+00:00,11296.84
2026-03-24T09:15:00+00:00,11298.10
2026-03-24T09:15:00+00:00,11298.10
2026-03-24T09:15:00+00:00,11298.10
2026-03-24T09:30:00+00:00,11300.12
2026-03-24T09:30:00+00:00,11300.12
2026-03-24T09:30:00+00:00,11300.12
2026-03-24T09:45:00+00:00,11300.79
2026-03-24T09:45:00+00:00,11300.79
2026-03-24T09:45:00+00:00,11300.79
2026-03-24T10:00:00+00:00,11300.22
2026-03-24T10:00:00+00:00,11300.22
2026-03-24T10:00:00+00:00,11300.22
2026-03-24T10:15:00+00:00,11298.90
2026-03-24T10:15:00+00:00,11298.90
2026-03-24T10:15:00+00:00,11298.90
2026-03-24T10:30:00+00:00,11300.03
2026-03-24T10:30:00+00:00,11300.03
2026-03-24T10:30:00+00:00,11300.03
2026-03-24T10:45:00+00:00,11300.32
2026-03-24T10:45:00+00:00,11300.32
2026-03-24T10:45:00+00:00,11300.32
2026-03-24T11:00:00+00:00,11298.95
2026-03-24T11:00:00+00:00,11298.95
2026-03-24T11:00:00+00:00,11298.95
2026-03-24T11:15:00+00:00,11298.43
2026-03-24T11:15:00+00:00,11298.43
2026-03-24T11:15:00+00:00,11298.43
2026-03-24T11:30:00+00:00,11300.05
2026-03-24T11:30:00+00:00,11300.05
2026-03-24T11:30:00+00:00,11300.05
2026-03-24T11:45:00+00:00,11299.32
2026-03-24T11:45:00+00:00,11299.32
2026-03-24T11:45:00+00:00,11299.32
2026-03-24T12:00:00+00:00,11298.54
2026-03-24T12:00:00+00:00,11298.54
2026-03-24T12:00:00+00:00,11298.54
2026-03-24T12:15:00+00:00,11298.68
2026-03-24T12:15:00+00:00,11298.68
2026-03-24T12:15:00+00:00,11298.68
2026-03-24T12:30:00+00:00,11297.00
2026-03-24T12:30:00+00:00,11297.00
2026-03-24T12:30:00+00:00,11297.00
2026-03-24T12:45:00+00:00,11297.50
2026-03-24T12:45:00+00:00,11297.50
2026-03-24T12:45:00+00:00,11297.50
2026-03-24T13:00:00+00:00,11296.23
2026-03-24T13:00:00+00:00,11296.23
2026-03-24T13:00:00+00:00,11296.23
2026-03-24T13:15:00+00:00,11294.32
2026-03-24T13:15:00+00:00,11294.32
2026-03-24T13:15:00+00:00,11294.32
2026-03-24T13:30:00+00:00,11292.39
2026-03-24T13:30:00+00:00,11292.39
2026-03-24T13:30:00+00:00,11292.39
2026-03-24T13:45:00+00:00,11292.39
2026-03-24T13:45:00+00:00,11292.39
2026-03-24T13:45:00+00:00,11292.39
2026-03-24T14:00:00+00:00,11292.39
2026-03-24T14:00:00+00:00,11292.39
2026-03-24T14:00:00+00:00,11292.39
2026-03-24T14:15:00+00:00,11292.39
2026-03-24T14:15:00+00:00,11292.39
2026-03-24T14:15:00+00:00,11292.39
2026-03-24T14:30:00+00:00,11292.39
2026-03-24T14:30:00+00:00,11292.39
2026-03-24T14:30:00+00:00,11292.39
2026-03-24T14:45:00+00:00,11292.39
2026-03-24T14:45:00+00:00,11292.39
2026-03-24T14:45:00+00:00,11292.39
2026-03-24T15:00:00+00:00,11292.39
2026-03-24T15:00:00+00:00,11292.39
2026-03-24T15:00:00+00:00,11292.39
2026-03-24T15:15:00+00:00,11292.39
2026-03-24T15:15:00+00:00,11292.39
2026-03-24T15:15:00+00:00,11292.39
2026-03-24T15:30:00+00:00,11292.39
2026-03-24T15:30:00+00:00,11292.39
2026-03-24T15:30:00+00:00,11292.39
2026-03-24T15:45:00+00:00,11292.39
2026-03-24T15:45:00+00:00,11292.39
2026-03-24T15:45:00+00:00,11292.39
2026-03-24T16:00:00+00:00,11292.39
2026-03-24T16:00:00+00:00,11292.39
2026-03-24T16:00:00+00:00,11292.39
2026-03-24T16:15:00+00:00,11292.39
2026-03-24T16:15:00+00:00,11292.39
2026-03-24T16:15:00+00:00,11292.39
2026-03-24T16:30:00+00:00,11292.39
2026-03-24T16:30:00+00:00,11292.39
2026-03-24T16:30:00+00:00,11292.39
2026-03-24T16:45:00+00:00,11292.39
2026-03-24T16:45:00+00:00,11292.39
2026-03-24T16:45:00+00:00,11292.39
2026-03-24T17:00:00+00:00,11292.39
2026-03-24T17:00:00+00:00,11292.39
2026-03-24T17:00:00+00:00,11292.39
2026-03-24T17:15:00+00:00,11292.39
2026-03-24T17:15:00+00:00,11292.39
2026-03-24T17:15:00+00:00,11292.39
2026-03-24T17:30:00+00:00,11292.39
2026-03-24T17:30:00+00:00,11292.39
2026-03-24T17:30:00+00:00,11292.39
2026-03-24T17:45:00+00:00,11292.39
2026-03-24T17:45:00+00:00,11292.39
2026-03-24T17:45:00+00:00,11292.39
2026-03-24T18:00:00+00:00,11292.39
2026-03-24T18:00:00+00:00,11292.39
2026-03-24T18:00:00+00:00,11292.39
2026-03-24T18:15:00+00:00,11292.39
2026-03-24T18:15:00+00:00,11292.39
2026-03-24T18:15:00+00:00,11292.39
2026-03-24T18:30:00+00:00,11292.39
2026-03-24T18:30:00+00:00,11292.39
2026-03-24T18:30:00+00:00,11292.39
2026-03-24T18:45:00+00:00,11292.39
2026-03-24T18:45:00+00:00,11292.39
2026-03-24T18:45:00+00:00,11292.39
2026-03-24T19:00:00+00:00,11292.39
2026-03-24T19:00:00+00:00,11292.39
2026-03-24T19:00:00+00:00,11292.39
2026-03-24T19:15:00+00:00,11292.39
2026-03-24T19:15:00+00:00,11292.39
2026-03-24T19:15:00+00:00,11292.39
2026-03-24T19:30:00+00:00,11292.39
2026-03-24T19:30:00+00:00,11292.39
2026-03-24T19:30:00+00:00,11292.39
2026-03-24T19:45:00+00:00,11292.39
2026-03-24T19:45:00+00:00,11292.39
2026-03-24T19:45:00+00:00,11292.39
2026-03-24T20:00:00+00:00,11292.39
2026-03-24T20:00:00+00:00,11292.39
2026-03-24T20:00:00+00:00,11292.39
2026-03-24T20:15:00+00:00,11292.39
2026-03-24T20:15:00+00:00,11292.39
2026-03-24T20:15:00+00:00,11292.39
2026-03-24T20:30:00+00:00,11292.39
2026-03-24T20:30:00+00:00,11292.39
2026-03-24T20:30:00+00:00,11292.39
2026-03-24T20:45:00+00:00,11292.39
2026-03-24T20:45:00+00:00,11292.39
2026-03-24T20:45:00+00:00,11292.39
2026-03-24T21:00:00+00:00,11292.39
2026-03-24T21:00:00+00:00,11292.39
2026-03-24T21:00:00+00:00,11292.39
2026-03-24T21:15:00+00:00,11292.39
2026-03-24T21:15:00+00:00,11292.39
2026-03-24T21:15:00+00:00,11292.39
2026-03-24T21:30:00+00:00,11292.39
2026-03-24T21:30:00+00:00,11292.39
2026-03-24T21:30:00+00:00,11292.39
2026-03-24T21:45:00+00:00,11292.39
2026-03-24T21:45:00+00:00,11292.39
2026-03-24T21:45:00+00:00,11292.39
2026-03-24T22:00:00+00:00,11292.39
2026-03-24T22:00:00+00:00,11292.39
2026-03-24T22:00:00+00:00,11292.39
2026-03-24T22:15:00+00:00,11292.39
2026-03-24T22:15:00+00:00,11292.39
2026-03-24T22:15:00+00:00,11292.39
2026-03-24T22:30:00+00:00,11292.39
2026-03-24T22:30:00+00:00,11292.39
2026-03-24T22:30:00+00:00,11292.39
2026-03-24T22:45:00+00:00,11292.39
2026-03-24T22:45:00+00:00,11292.39
2026-03-24T22:45:00+00:00,11292.39
2026-03-24T23:00:00+00:00,11292.39
2026-03-24T23:00:00+00:00,11292.39
2026-03-24T23:00:00+00:00,11292.39
2026-03-24T23:15:00+00:00,11292.39
2026-03-24T23:15:00+00:00,11292.39
2026-03-24T23:15:00+00:00,11292.39
2026-03-24T23:30:00+00:00,11292.39
2026-03-24T23:30:00+00:00,11292.39
2026-03-24T23:30:00+00:00,11292.39
2026-03-24T23:45:00+00:00,11292.39
2026-03-24T23:45:00+00:00,11292.39
2026-03-24T23:45:00+00:00,11292.39
2026-03-25T00:00:00+00:00,11292.39
2026-03-25T00:00:00+00:00,11292.39
2026-03-25T00:00:00+00:00,11292.39
2026-03-25T00:15:00+00:00,11292.39
2026-03-25T00:15:00+00:00,11292.39
2026-03-25T00:15:00+00:00,11292.39
2026-03-25T00:30:00+00:00,11292.39
2026-03-25T00:30:00+00:00,11292.39
2026-03-25T00:30:00+00:00,11292.39
2026-03-25T00:45:00+00:00,11292.39
2026-03-25T00:45:00+00:00,11292.39
2026-03-25T00:45:00+00:00,11292.39
2026-03-25T01:00:00+00:00,11292.39
2026-03-25T01:00:00+00:00,11292.39
2026-03-25T01:00:00+00:00,11292.39
2026-03-25T01:15:00+00:00,11292.39
2026-03-25T01:15:00+00:00,11292.39
2026-03-25T01:15:00+00:00,11292.39
2026-03-25T01:30:00+00:00,11292.39
2026-03-25T01:30:00+00:00,11292.39
2026-03-25T01:30:00+00:00,11292.39
2026-03-25T01:45:00+00:00,11292.39
2026-03-25T01:45:00+00:00,11292.39
2026-03-25T01:45:00+00:00,11292.39
2026-03-25T02:00:00+00:00,11292.39
2026-03-25T02:00:00+00:00,11292.39
2026-03-25T02:00:00+00:00,11292.39
2026-03-25T02:15:00+00:00,11292.39
2026-03-25T02:15:00+00:00,11292.39
2026-03-25T02:15:00+00:00,11292.39
2026-03-25T02:30:00+00:00,11292.39
2026-03-25T02:30:00+00:00,11292.39
2026-03-25T02:30:00+00:00,11292.39
2026-03-25T02:45:00+00:00,11292.39
2026-03-25T02:45:00+00:00,11292.39
2026-03-25T02:45:00+00:00,11292.39
2026-03-25T03:00:00+00:00,11292.39
2026-03-25T03:00:00+00:00,11292.39
2026-03-25T03:00:00+00:00,11292.39
2026-03-25T03:15:00+00:00,11292.39
2026-03-25T03:15:00+00:00,11292.39
2026-03-25T03:15:00+00:00,11292.39
2026-03-25T03:30:00+00:00,11292.39
2026-03-25T03:30:00+00:00,11292.39
2026-03-25T03:30:00+00:00,11292.39
2026-03-25T03:45:00+00:00,11292.39
2026-03-25T03:45:00+00:00,11292.39
2026-03-25T03:45:00+00:00,11292.39
2026-03-25T04:00:00+00:00,11292.39
2026-03-25T04:00:00+00:00,11292.39
2026-03-25T04:00:00+00:00,11292.39
2026-03-25T04:15:00+00:00,11292.39
2026-03-25T04:15:00+00:00,11292.39
2026-03-25T04:15:00+00:00,11292.39
2026-03-25T04:30:00+00:00,11292.39
2026-03-25T04:30:00+00:00,11292.39
2026-03-25T04:30:00+00:00,11292.39
2026-03-25T04:45:00+00:00,11292.39
2026-03-25T04:45:00+00:00,11292.39
2026-03-25T04:45:00+00:00,11292.39
2026-03-25T05:00:00+00:00,11292.39
2026-03-25T05:00:00+00:00,11292.39
2026-03-25T05:00:00+00:00,11292.39
2026-03-25T05:15:00+00:00,11292.39
2026-03-25T05:15:00+00:00,11292.39
2026-03-25T05:15:00+00:00,11292.39
2026-03-25T05:30:00+00:00,11292.39
2026-03-25T05:30:00+00:00,11292.39
2026-03-25T05:30:00+00:00,11292.39
2026-03-25T05:45:00+00:00,11292.39
2026-03-25T05:45:00+00:00,11292.39
2026-03-25T05:45:00+00:00,11292.39
2026-03-25T06:00:00+00:00,11292.39
2026-03-25T06:00:00+00:00,11292.39
2026-03-25T06:00:00+00:00,11292.39
2026-03-25T06:15:00+00:00,11292.39
2026-03-25T06:15:00+00:00,11292.39
2026-03-25T06:15:00+00:00,11292.39
2026-03-25T06:30:00+00:00,11292.39
2026-03-25T06:30:00+00:00,11292.39
2026-03-25T06:30:00+00:00,11292.39
2026-03-25T06:45:00+00:00,11292.39
2026-03-25T06:45:00+00:00,11292.39
2026-03-25T06:45:00+00:00,11292.39
2026-03-25T07:00:00+00:00,11292.39
2026-03-25T07:00:00+00:00,11292.39
2026-03-25T07:00:00+00:00,11292.39
2026-03-25T07:15:00+00:00,11292.39
2026-03-25T07:15:00+00:00,11292.39
2026-03-25T07:15:00+00:00,11292.39
2026-03-25T07:30:00+00:00,11292.39
2026-03-25T07:30:00+00:00,11292.39
2026-03-25T07:30:00+00:00,11292.39
2026-03-25T07:45:00+00:00,11292.39
2026-03-25T07:45:00+00:00,11292.39
2026-03-25T07:45:00+00:00,11292.39
2026-03-25T08:00:00+00:00,11292.39
2026-03-25T08:00:00+00:00,11292.39
2026-03-25T08:00:00+00:00,11292.39
2026-03-25T08:15:00+00:00,11292.39
2026-03-25T08:15:00+00:00,11292.39
2026-03-25T08:15:00+00:00,11292.39
2026-03-25T08:30:00+00:00,11292.39
2026-03-25T08:30:00+00:00,11292.39
2026-03-25T08:30:00+00:00,11292.39
2026-03-25T08:45:00+00:00,11292.39
2026-03-25T08:45:00+00:00,11292.39
2026-03-25T08:45:00+00:00,11292.39
2026-03-25T09:00:00+00:00,11292.39
2026-03-25T09:00:00+00:00,11292.39
2026-03-25T09:00:00+00:00,11292.39
2026-03-25T09:15:00+00:00,11292.39
2026-03-25T09:15:00+00:00,11292.39
2026-03-25T09:15:00+00:00,11292.39
2026-03-25T09:30:00+00:00,11292.39
2026-03-25T09:30:00+00:00,11292.39
2026-03-25T09:30:00+00:00,11292.39
2026-03-25T09:45:00+00:00,11292.39
2026-03-25T09:45:00+00:00,11292.39
2026-03-25T09:45:00+00:00,11292.39
2026-03-25T10:00:00+00:00,11292.39
2026-03-25T10:00:00+00:00,11292.39
2026-03-25T10:00:00+00:00,11292.39
2026-03-25T10:15:00+00:00,11292.39
2026-03-25T10:15:00+00:00,11292.39
2026-03-25T10:15:00+00:00,11292.39
2026-03-25T10:30:00+00:00,11292.39
2026-03-25T10:30:00+00:00,11292.39
2026-03-25T10:30:00+00:00,11292.39
2026-03-25T10:45:00+00:00,11292.39
2026-03-25T10:45:00+00:00,11292.39
2026-03-25T10:45:00+00:00,11292.39
2026-03-25T11:00:00+00:00,11292.39
2026-03-25T11:00:00+00:00,11292.39
2026-03-25T11:00:00+00:00,11292.39
2026-03-25T11:15:00+00:00,11292.39
2026-03-25T11:15:00+00:00,11292.39
2026-03-25T11:15:00+00:00,11292.39
2026-03-25T11:30:00+00:00,11292.39
2026-03-25T11:30:00+00:00,11292.39
2026-03-25T11:30:00+00:00,11292.39
2026-03-25T11:45:00+00:00,11292.39
2026-03-25T11:45:00+00:00,11292.39
2026-03-25T11:45:00+00:00,11292.39
2026-03-25T12:00:00+00:00,11292.39
2026-03-25T12:00:00+00:00,11292.39
2026-03-25T12:00:00+00:00,11292.39
2026-03-25T12:15:00+00:00,11292.39
2026-03-25T12:15:00+00:00,11292.39
2026-03-25T12:15:00+00:00,11292.39
2026-03-25T12:30:00+00:00,11292.39
2026-03-25T12:30:00+00:00,11292.39
2026-03-25T12:30:00+00:00,11292.39
2026-03-25T12:45:00+00:00,11292.39
2026-03-25T12:45:00+00:00,11292.39
2026-03-25T12:45:00+00:00,11292.39
2026-03-25T13:00:00+00:00,11292.39
2026-03-25T13:00:00+00:00,11292.39
2026-03-25T13:00:00+00:00,11292.39
2026-03-25T13:15:00+00:00,11292.39
2026-03-25T13:15:00+00:00,11292.39
2026-03-25T13:15:00+00:00,11292.39
2026-03-25T13:30:00+00:00,11292.39
2026-03-25T13:30:00+00:00,11292.39
2026-03-25T13:30:00+00:00,11292.39
2026-03-25T13:45:00+00:00,11292.39
2026-03-25T13:45:00+00:00,11292.39
2026-03-25T13:45:00+00:00,11292.39
2026-03-25T14:00:00+00:00,11292.39
2026-03-25T14:00:00+00:00,11292.39
2026-03-25T14:00:00+00:00,11292.39
2026-03-25T14:15:00+00:00,11292.39
2026-03-25T14:15:00+00:00,11292.39
2026-03-25T14:15:00+00:00,11292.39
2026-03-25T14:30:00+00:00,11292.39
2026-03-25T14:30:00+00:00,11292.39
2026-03-25T14:30:00+00:00,11292.39
2026-03-25T14:45:00+00:00,11292.39
2026-03-25T14:45:00+00:00,11292.39
2026-03-25T14:45:00+00:00,11292.39
2026-03-25T15:00:00+00:00,11292.39
2026-03-25T15:00:00+00:00,11292.39
2026-03-25T15:00:00+00:00,11292.39
2026-03-25T15:15:00+00:00,11292.39
2026-03-25T15:15:00+00:00,11292.39
2026-03-25T15:15:00+00:00,11292.39
2026-03-25T15:30:00+00:00,11292.39
2026-03-25T15:30:00+00:00,11292.39
2026-03-25T15:30:00+00:00,11292.39
2026-03-25T15:45:00+00:00,11292.39
2026-03-25T15:45:00+00:00,11292.39
2026-03-25T15:45:00+00:00,11292.39
2026-03-25T16:00:00+00:00,11292.39
2026-03-25T16:00:00+00:00,11292.39
2026-03-25T16:00:00+00:00,11292.39
2026-03-25T16:15:00+00:00,11292.39
2026-03-25T16:15:00+00:00,11292.39
2026-03-25T16:15:00+00:00,11292.39
2026-03-25T16:30:00+00:00,11292.39
2026-03-25T16:30:00+00:00,11292.39
2026-03-25T16:30:00+00:00,11292.39
2026-03-25T16:45:00+00:00,11292.39
2026-03-25T16:45:00+00:00,11292.39
2026-03-25T16:45:00+00:00,11292.39
2026-03-25T17:00:00+00:00,11292.39
2026-03-25T17:00:00+00:00,11292.39
2026-03-25T17:00:00+00:00,11292.39
2026-03-25T17:15:00+00:00,11292.39
2026-03-25T17:15:00+00:00,11292.39
2026-03-25T17:15:00+00:00,11292.39
2026-03-25T17:30:00+00:00,11292.39
2026-03-25T17:30:00+00:00,11292.39
2026-03-25T17:30:00+00:00,11292.39
2026-03-25T17:45:00+00:00,11292.39
2026-03-25T17:45:00+00:00,11292.39
2026-03-25T17:45:00+00:00,11292.39
2026-03-25T18:00:00+00:00,11292.39
2026-03-25T18:00:00+00:00,11292.39
2026-03-25T18:00:00+00:00,11292.39
2026-03-25T18:15:00+00:00,11292.39
2026-03-25T18:15:00+00:00,11292.39
2026-03-25T18:15:00+00:00,11292.39
2026-03-25T18:30:00+00:00,11292.39
2026-03-25T18:30:00+00:00,11292.39
2026-03-25T18:30:00+00:00,11292.39
2026-03-25T18:45:00+00:00,11292.39
2026-03-25T18:45:00+00:00,11292.39
2026-03-25T18:45:00+00:00,11292.39
2026-03-25T19:00:00+00:00,11292.39
2026-03-25T19:00:00+00:00,11292.39
2026-03-25T19:00:00+00:00,11292.39
2026-03-25T19:15:00+00:00,11292.39
2026-03-25T19:15:00+00:00,11292.39
2026-03-25T19:15:00+00:00,11292.39
2026-03-25T19:30:00+00:00,11292.39
2026-03-25T19:30:00+00:00,11292.39
2026-03-25T19:30:00+00:00,11292.39
2026-03-25T19:45:00+00:00,11292.39
2026-03-25T19:45:00+00:00,11292.39
2026-03-25T19:45:00+00:00,11292.39
2026-03-25T20:00:00+00:00,11292.39
2026-03-25T20:00:00+00:00,11292.39
2026-03-25T20:00:00+00:00,11292.39
2026-03-25T20:15:00+00:00,11292.39
2026-03-25T20:15:00+00:00,11292.39
2026-03-25T20:15:00+00:00,11292.39
2026-03-25T20:30:00+00:00,11292.39
2026-03-25T20:30:00+00:00,11292.39
2026-03-25T20:30:00+00:00,11292.39
2026-03-25T20:45:00+00:00,11292.39
2026-03-25T20:45:00+00:00,11292.39
2026-03-25T20:45:00+00:00,11292.39
2026-03-25T21:00:00+00:00,11292.39
2026-03-25T21:00:00+00:00,11292.39
2026-03-25T21:00:00+00:00,11292.39
2026-03-25T21:15:00+00:00,11292.39
2026-03-25T21:15:00+00:00,11292.39
2026-03-25T21:15:00+00:00,11292.39
2026-03-25T21:30:00+00:00,11292.39
2026-03-25T21:30:00+00:00,11292.39
2026-03-25T21:30:00+00:00,11292.39
2026-03-25T21:45:00+00:00,11292.39
2026-03-25T21:45:00+00:00,11292.39
2026-03-25T21:45:00+00:00,11292.39
2026-03-25T22:00:00+00:00,11292.39
2026-03-25T22:00:00+00:00,11292.39
2026-03-25T22:00:00+00:00,11292.39
2026-03-25T22:15:00+00:00,11292.39
2026-03-25T22:15:00+00:00,11292.39
2026-03-25T22:15:00+00:00,11292.39
2026-03-25T22:30:00+00:00,11292.39
2026-03-25T22:30:00+00:00,11292.39
2026-03-25T22:30:00+00:00,11292.39
2026-03-25T22:45:00+00:00,11292.39
2026-03-25T22:45:00+00:00,11292.39
2026-03-25T22:45:00+00:00,11292.39
2026-03-25T23:00:00+00:00,11292.39
2026-03-25T23:00:00+00:00,11292.39
2026-03-25T23:00:00+00:00,11292.39
2026-03-25T23:15:00+00:00,11292.39
2026-03-25T23:15:00+00:00,11292.39
2026-03-25T23:15:00+00:00,11292.39
2026-03-25T23:30:00+00:00,11292.39
2026-03-25T23:30:00+00:00,11292.39
2026-03-25T23:30:00+00:00,11292.39
2026-03-25T23:45:00+00:00,11292.39
2026-03-25T23:45:00+00:00,11292.39
2026-03-25T23:45:00+00:00,11292.39
2026-03-26T00:00:00+00:00,11292.39
2026-03-26T00:00:00+00:00,11292.39
2026-03-26T00:00:00+00:00,11292.39
2026-03-26T00:15:00+00:00,11292.39
2026-03-26T00:15:00+00:00,11292.39
2026-03-26T00:15:00+00:00,11292.39
2026-03-26T00:30:00+00:00,11292.39
2026-03-26T00:30:00+00:00,11292.39
2026-03-26T00:30:00+00:00,11292.39
2026-03-26T00:45:00+00:00,11292.39
2026-03-26T00:45:00+00:00,11292.39
2026-03-26T00:45:00+00:00,11292.39
2026-03-26T01:00:00+00:00,11292.39
2026-03-26T01:00:00+00:00,11292.39
2026-03-26T01:00:00+00:00,11292.39
2026-03-26T01:15:00+00:00,11292.39
2026-03-26T01:15:00+00:00,11292.39
2026-03-26T01:15:00+00:00,11292.39
2026-03-26T01:30:00+00:00,11292.39
2026-03-26T01:30:00+00:00,11292.39
2026-03-26T01:30:00+00:00,11292.39
2026-03-26T01:45:00+00:00,11292.39
2026-03-26T01:45:00+00:00,11292.39
2026-03-26T01:45:00+00:00,11292.39
2026-03-26T02:00:00+00:00,11292.39
2026-03-26T02:00:00+00:00,11292.39
2026-03-26T02:00:00+00:00,11292.39
2026-03-26T02:15:00+00:00,11292.39
2026-03-26T02:15:00+00:00,11292.39
2026-03-26T02:15:00+00:00,11292.39
2026-03-26T02:30:00+00:00,11292.39
2026-03-26T02:30:00+00:00,11292.39
2026-03-26T02:30:00+00:00,11292.39
2026-03-26T02:45:00+00:00,11292.39
2026-03-26T02:45:00+00:00,11292.39
2026-03-26T02:45:00+00:00,11292.39
2026-03-26T03:00:00+00:00,11292.39
2026-03-26T03:00:00+00:00,11292.39
2026-03-26T03:00:00+00:00,11292.39
2026-03-26T03:15:00+00:00,11292.39
2026-03-26T03:15:00+00:00,11292.39
2026-03-26T03:15:00+00:00,11292.39
2026-03-26T03:30:00+00:00,11292.39
2026-03-26T03:30:00+00:00,11292.39
2026-03-26T03:30:00+00:00,11292.39
2026-03-26T03:45:00+00:00,11292.39
2026-03-26T03:45:00+00:00,11292.39
2026-03-26T03:45:00+00:00,11292.39
2026-03-26T04:00:00+00:00,11292.39
2026-03-26T04:00:00+00:00,11292.39
2026-03-26T04:00:00+00:00,11292.39
2026-03-26T04:15:00+00:00,11292.39
2026-03-26T04:15:00+00:00,11292.39
2026-03-26T04:15:00+00:00,11292.39
2026-03-26T04:30:00+00:00,11292.39
2026-03-26T04:30:00+00:00,11292.39
2026-03-26T04:30:00+00:00,11292.39
2026-03-26T04:45:00+00:00,11292.39
2026-03-26T04:45:00+00:00,11292.39
2026-03-26T04:45:00+00:00,11292.39
2026-03-26T05:00:00+00:00,11292.39
2026-03-26T05:00:00+00:00,11292.39
2026-03-26T05:00:00+00:00,11292.39
2026-03-26T05:15:00+00:00,11292.39
2026-03-26T05:15:00+00:00,11292.39
2026-03-26T05:15:00+00:00,11292.39
2026-03-26T05:30:00+00:00,11292.39
2026-03-26T05:30:00+00:00,11292.39
2026-03-26T05:30:00+00:00,11292.39
2026-03-26T05:45:00+00:00,11292.39
2026-03-26T05:45:00+00:00,11292.39
2026-03-26T05:45:00+00:00,11292.39
2026-03-26T06:00:00+00:00,11292.39
2026-03-26T06:00:00+00:00,11292.39
2026-03-26T06:00:00+00:00,11292.39
2026-03-26T06:15:00+00:00,11292.39
2026-03-26T06:15:00+00:00,11292.39
2026-03-26T06:15:00+00:00,11292.39
2026-03-26T06:30:00+00:00,11292.39
2026-03-26T06:30:00+00:00,11292.39
2026-03-26T06:30:00+00:00,11292.39
2026-03-26T06:45:00+00:00,11292.39
2026-03-26T06:45:00+00:00,11292.39
2026-03-26T06:45:00+00:00,11292.39
2026-03-26T07:00:00+00:00,11292.39
2026-03-26T07:00:00+00:00,11292.39
2026-03-26T07:00:00+00:00,11292.39
2026-03-26T07:15:00+00:00,11292.39
2026-03-26T07:15:00+00:00,11292.39
2026-03-26T07:15:00+00:00,11292.39
2026-03-26T07:30:00+00:00,11292.39
2026-03-26T07:30:00+00:00,11292.39
2026-03-26T07:30:00+00:00,11292.39
2026-03-26T07:45:00+00:00,11292.39
2026-03-26T07:45:00+00:00,11292.39
2026-03-26T07:45:00+00:00,11292.39
2026-03-26T08:00:00+00:00,11292.39
2026-03-26T08:00:00+00:00,11292.39
2026-03-26T08:00:00+00:00,11292.39
2026-03-26T08:15:00+00:00,11292.39
2026-03-26T08:15:00+00:00,11292.39
2026-03-26T08:15:00+00:00,11292.39
2026-03-26T08:30:00+00:00,11292.39
2026-03-26T08:30:00+00:00,11292.39
2026-03-26T08:30:00+00:00,11292.39
2026-03-26T08:45:00+00:00,11292.39
2026-03-26T08:45:00+00:00,11292.39
2026-03-26T08:45:00+00:00,11292.39
2026-03-26T09:00:00+00:00,11292.39
2026-03-26T09:00:00+00:00,11292.39
2026-03-26T09:00:00+00:00,11292.39
2026-03-26T09:15:00+00:00,11292.39
2026-03-26T09:15:00+00:00,11292.39
2026-03-26T09:15:00+00:00,11292.39
2026-03-26T09:30:00+00:00,11292.39
2026-03-26T09:30:00+00:00,11292.39
2026-03-26T09:30:00+00:00,11292.39
2026-03-26T09:45:00+00:00,11292.39
2026-03-26T09:45:00+00:00,11292.39
2026-03-26T09:45:00+00:00,11292.39
2026-03-26T10:00:00+00:00,11292.39
2026-03-26T10:00:00+00:00,11292.39
2026-03-26T10:00:00+00:00,11292.39
2026-03-26T10:15:00+00:00,11292.39
2026-03-26T10:15:00+00:00,11292.39
2026-03-26T10:15:00+00:00,11292.39
2026-03-26T10:30:00+00:00,11292.39
2026-03-26T10:30:00+00:00,11292.39
2026-03-26T10:30:00+00:00,11292.39
2026-03-26T10:45:00+00:00,11292.39
2026-03-26T10:45:00+00:00,11292.39
2026-03-26T10:45:00+00:00,11292.39
2026-03-26T11:00:00+00:00,11292.39
2026-03-26T11:00:00+00:00,11292.39
2026-03-26T11:00:00+00:00,11292.39
2026-03-26T11:15:00+00:00,11292.39
2026-03-26T11:15:00+00:00,11292.39
2026-03-26T11:15:00+00:00,11292.39
2026-03-26T11:30:00+00:00,11292.39
2026-03-26T11:30:00+00:00,11292.39
2026-03-26T11:30:00+00:00,11292.39
2026-03-26T11:45:00+00:00,11292.39
2026-03-26T11:45:00+00:00,11292.39
2026-03-26T11:45:00+00:00,11292.39
2026-03-26T12:00:00+00:00,11292.39
2026-03-26T12:00:00+00:00,11292.39
2026-03-26T12:00:00+00:00,11292.39
2026-03-26T12:15:00+00:00,11292.39
2026-03-26T12:15:00+00:00,11292.39
2026-03-26T12:15:00+00:00,11292.39
2026-03-26T12:30:00+00:00,11292.39
2026-03-26T12:30:00+00:00,11292.39
2026-03-26T12:30:00+00:00,11292.39
2026-03-26T12:45:00+00:00,11292.39
2026-03-26T12:45:00+00:00,11292.39
2026-03-26T12:45:00+00:00,11292.39
2026-03-26T13:00:00+00:00,11292.39
2026-03-26T13:00:00+00:00,11292.39
2026-03-26T13:00:00+00:00,11292.39
2026-03-26T13:15:00+00:00,11292.39
2026-03-26T13:15:00+00:00,11292.39
2026-03-26T13:15:00+00:00,11292.39
2026-03-26T13:30:00+00:00,11292.39
2026-03-26T13:30:00+00:00,11292.39
2026-03-26T13:30:00+00:00,11292.39
2026-03-26T13:45:00+00:00,11292.39
2026-03-26T13:45:00+00:00,11292.39
2026-03-26T13:45:00+00:00,11292.39
2026-03-26T14:00:00+00:00,11292.39
2026-03-26T14:00:00+00:00,11292.39
2026-03-26T14:00:00+00:00,11292.39
2026-03-26T14:15:00+00:00,11292.39
2026-03-26T14:15:00+00:00,11292.39
2026-03-26T14:15:00+00:00,11292.39
2026-03-26T14:30:00+00:00,11292.39
2026-03-26T14:30:00+00:00,11292.39
2026-03-26T14:30:00+00:00,11292.39
2026-03-26T14:45:00+00:00,11292.39
2026-03-26T14:45:00+00:00,11292.39
2026-03-26T14:45:00+00:00,11292.39
2026-03-26T15:00:00+00:00,11292.39
2026-03-26T15:00:00+00:00,11292.39
2026-03-26T15:00:00+00:00,11292.39
2026-03-26T15:15:00+00:00,11292.39
2026-03-26T15:15:00+00:00,11292.39
2026-03-26T15:15:00+00:00,11292.39
2026-03-26T15:30:00+00:00,11292.39
2026-03-26T15:30:00+00:00,11292.39
2026-03-26T15:30:00+00:00,11292.39
2026-03-26T15:45:00+00:00,11292.39
2026-03-26T15:45:00+00:00,11292.39
2026-03-26T15:45:00+00:00,11292.39
2026-03-26T16:00:00+00:00,11292.39
2026-03-26T16:00:00+00:00,11292.39
2026-03-26T16:00:00+00:00,11292.39
2026-03-26T16:15:00+00:00,11292.39
2026-03-26T16:15:00+00:00,11292.39
2026-03-26T16:15:00+00:00,11292.39
2026-03-26T16:30:00+00:00,11292.39
2026-03-26T16:30:00+00:00,11292.39
2026-03-26T16:30:00+00:00,11292.39
2026-03-26T16:45:00+00:00,11292.39
2026-03-26T16:45:00+00:00,11292.39
2026-03-26T16:45:00+00:00,11292.39
2026-03-26T17:00:00+00:00,11292.39
2026-03-26T17:00:00+00:00,11292.39
2026-03-26T17:00:00+00:00,11292.39
2026-03-26T17:15:00+00:00,11292.39
2026-03-26T17:15:00+00:00,11292.39
2026-03-26T17:15:00+00:00,11292.39
2026-03-26T17:30:00+00:00,11292.39
2026-03-26T17:30:00+00:00,11292.39
2026-03-26T17:30:00+00:00,11292.39
2026-03-26T17:45:00+00:00,11292.39
2026-03-26T17:45:00+00:00,11292.39
2026-03-26T17:45:00+00:00,11292.39
2026-03-26T18:00:00+00:00,11292.39
2026-03-26T18:00:00+00:00,11292.39
2026-03-26T18:00:00+00:00,11292.39
2026-03-26T18:15:00+00:00,11292.39
2026-03-26T18:15:00+00:00,11292.39
2026-03-26T18:15:00+00:00,11292.39
2026-03-26T18:30:00+00:00,11292.39
2026-03-26T18:30:00+00:00,11292.39
2026-03-26T18:30:00+00:00,11292.39
2026-03-26T18:45:00+00:00,11292.39
2026-03-26T18:45:00+00:00,11292.39
2026-03-26T18:45:00+00:00,11292.39
2026-03-26T19:00:00+00:00,11292.39
2026-03-26T19:00:00+00:00,11292.39
2026-03-26T19:00:00+00:00,11292.39
2026-03-26T19:15:00+00:00,11292.39
2026-03-26T19:15:00+00:00,11292.39
2026-03-26T19:15:00+00:00,11292.39
2026-03-26T19:30:00+00:00,11292.39
2026-03-26T19:30:00+00:00,11292.39
2026-03-26T19:30:00+00:00,11292.39
2026-03-26T19:45:00+00:00,11292.39
2026-03-26T19:45:00+00:00,11292.39
2026-03-26T19:45:00+00:00,11292.39
2026-03-26T20:00:00+00:00,11292.39
2026-03-26T20:00:00+00:00,11292.39
2026-03-26T20:00:00+00:00,11292.39
2026-03-26T20:15:00+00:00,11292.39
2026-03-26T20:15:00+00:00,11292.39
2026-03-26T20:15:00+00:00,11292.39
2026-03-26T20:30:00+00:00,11292.39
2026-03-26T20:30:00+00:00,11292.39
2026-03-26T20:30:00+00:00,11292.39
2026-03-26T20:45:00+00:00,11292.39
2026-03-26T20:45:00+00:00,11292.39
2026-03-26T20:45:00+00:00,11292.39
2026-03-26T21:00:00+00:00,11292.39
2026-03-26T21:00:00+00:00,11292.39
2026-03-26T21:00:00+00:00,11292.39
2026-03-26T21:15:00+00:00,11292.39
2026-03-26T21:15:00+00:00,11292.39
2026-03-26T21:15:00+00:00,11292.39
2026-03-26T21:30:00+00:00,11292.39
2026-03-26T21:30:00+00:00,11292.39
2026-03-26T21:30:00+00:00,11292.39
2026-03-26T21:45:00+00:00,11292.39
2026-03-26T21:45:00+00:00,11292.39
2026-03-26T21:45:00+00:00,11292.39
2026-03-26T22:00:00+00:00,11292.39
2026-03-26T22:00:00+00:00,11292.39
2026-03-26T22:00:00+00:00,11292.39
2026-03-26T22:15:00+00:00,11292.39
2026-03-26T22:15:00+00:00,11292.39
2026-03-26T22:15:00+00:00,11292.39
2026-03-26T22:30:00+00:00,11292.39
2026-03-26T22:30:00+00:00,11292.39
2026-03-26T22:30:00+00:00,11292.39
2026-03-26T22:45:00+00:00,11292.39
2026-03-26T22:45:00+00:00,11292.39
2026-03-26T22:45:00+00:00,11292.39
2026-03-26T23:00:00+00:00,11292.39
2026-03-26T23:00:00+00:00,11292.39
2026-03-26T23:00:00+00:00,11292.39
2026-03-26T23:15:00+00:00,11292.39
2026-03-26T23:15:00+00:00,11292.39
2026-03-26T23:15:00+00:00,11292.39
2026-03-26T23:30:00+00:00,11292.39
2026-03-26T23:30:00+00:00,11292.39
2026-03-26T23:30:00+00:00,11292.39
2026-03-26T23:45:00+00:00,11292.39
2026-03-26T23:45:00+00:00,11292.39
2026-03-26T23:45:00+00:00,11292.39
2026-03-27T00:00:00+00:00,11292.39
2026-03-27T00:00:00+00:00,11292.39
2026-03-27T00:00:00+00:00,11292.39
2026-03-27T00:15:00+00:00,11292.39
2026-03-27T00:15:00+00:00,11292.39
2026-03-27T00:15:00+00:00,11292.39
2026-03-27T00:30:00+00:00,11292.39
2026-03-27T00:30:00+00:00,11292.39
2026-03-27T00:30:00+00:00,11292.39
2026-03-27T00:45:00+00:00,11292.39
2026-03-27T00:45:00+00:00,11292.39
2026-03-27T00:45:00+00:00,11292.39
2026-03-27T01:00:00+00:00,11292.39
2026-03-27T01:00:00+00:00,11292.39
2026-03-27T01:00:00+00:00,11292.39
2026-03-27T01:15:00+00:00,11292.39
2026-03-27T01:15:00+00:00,11292.39
2026-03-27T01:15:00+00:00,11292.39
2026-03-27T01:30:00+00:00,11292.39
2026-03-27T01:30:00+00:00,11292.39
2026-03-27T01:30:00+00:00,11292.39
2026-03-27T01:45:00+00:00,11292.39
2026-03-27T01:45:00+00:00,11292.39
2026-03-27T01:45:00+00:00,11292.39
2026-03-27T02:00:00+00:00,11292.39
2026-03-27T02:00:00+00:00,11292.39
2026-03-27T02:00:00+00:00,11292.39
2026-03-27T02:15:00+00:00,11292.39
2026-03-27T02:15:00+00:00,11292.39
2026-03-27T02:15:00+00:00,11292.39
2026-03-27T02:30:00+00:00,11292.39
2026-03-27T02:30:00+00:00,11292.39
2026-03-27T02:30:00+00:00,11292.39
2026-03-27T02:45:00+00:00,11292.39
2026-03-27T02:45:00+00:00,11292.39
2026-03-27T02:45:00+00:00,11292.39
2026-03-27T03:00:00+00:00,11292.39
2026-03-27T03:00:00+00:00,11292.39
2026-03-27T03:00:00+00:00,11292.39
2026-03-27T03:15:00+00:00,11292.39
2026-03-27T03:15:00+00:00,11292.39
2026-03-27T03:15:00+00:00,11292.39
2026-03-27T03:30:00+00:00,11292.39
2026-03-27T03:30:00+00:00,11292.39
2026-03-27T03:30:00+00:00,11292.39
2026-03-27T03:45:00+00:00,11292.39
2026-03-27T03:45:00+00:00,11292.39
2026-03-27T03:45:00+00:00,11292.39
2026-03-27T04:00:00+00:00,11292.39
2026-03-27T04:00:00+00:00,11292.39
2026-03-27T04:00:00+00:00,11292.39
2026-03-27T04:15:00+00:00,11292.39
2026-03-27T04:15:00+00:00,11292.39
2026-03-27T04:15:00+00:00,11292.39
2026-03-27T04:30:00+00:00,11292.39
2026-03-27T04:30:00+00:00,11292.39
2026-03-27T04:30:00+00:00,11292.39
2026-03-27T04:45:00+00:00,11292.39
2026-03-27T04:45:00+00:00,11292.39
2026-03-27T04:45:00+00:00,11292.39
2026-03-27T05:00:00+00:00,11292.39
2026-03-27T05:00:00+00:00,11292.39
2026-03-27T05:00:00+00:00,11292.39
2026-03-27T05:15:00+00:00,11292.39
2026-03-27T05:15:00+00:00,11292.39
2026-03-27T05:15:00+00:00,11292.39
2026-03-27T05:30:00+00:00,11292.39
2026-03-27T05:30:00+00:00,11292.39
2026-03-27T05:30:00+00:00,11292.39
2026-03-27T05:45:00+00:00,11292.39
2026-03-27T05:45:00+00:00,11292.39
2026-03-27T05:45:00+00:00,11292.39
2026-03-27T06:00:00+00:00,11292.39
2026-03-27T06:00:00+00:00,11292.39
2026-03-27T06:00:00+00:00,11292.39
2026-03-27T06:15:00+00:00,11292.39
2026-03-27T06:15:00+00:00,11292.39
2026-03-27T06:15:00+00:00,11292.39
2026-03-27T06:30:00+00:00,11292.39
2026-03-27T06:30:00+00:00,11292.39
2026-03-27T06:30:00+00:00,11292.39
2026-03-27T06:45:00+00:00,11292.39
2026-03-27T06:45:00+00:00,11292.39
2026-03-27T06:45:00+00:00,11292.39
2026-03-27T07:00:00+00:00,11292.39
2026-03-27T07:00:00+00:00,11292.39
2026-03-27T07:00:00+00:00,11292.39
2026-03-27T07:15:00+00:00,11292.39
2026-03-27T07:15:00+00:00,11292.39
2026-03-27T07:15:00+00:00,11292.39
2026-03-27T07:30:00+00:00,11292.39
2026-03-27T07:30:00+00:00,11292.39
2026-03-27T07:30:00+00:00,11292.39
2026-03-27T07:45:00+00:00,11292.39
2026-03-27T07:45:00+00:00,11292.39
2026-03-27T07:45:00+00:00,11292.39
2026-03-27T08:00:00+00:00,11292.39
2026-03-27T08:00:00+00:00,11292.39
2026-03-27T08:00:00+00:00,11292.39
2026-03-27T08:15:00+00:00,11292.39
2026-03-27T08:15:00+00:00,11292.39
2026-03-27T08:15:00+00:00,11292.39
2026-03-27T08:30:00+00:00,11292.39
2026-03-27T08:30:00+00:00,11292.39
2026-03-27T08:30:00+00:00,11292.39
2026-03-27T08:45:00+00:00,11292.39
2026-03-27T08:45:00+00:00,11292.39
2026-03-27T08:45:00+00:00,11292.39
2026-03-27T09:00:00+00:00,11292.39
2026-03-27T09:00:00+00:00,11292.39
2026-03-27T09:00:00+00:00,11292.39
2026-03-27T09:15:00+00:00,11292.39
2026-03-27T09:15:00+00:00,11292.39
2026-03-27T09:15:00+00:00,11292.39
2026-03-27T09:30:00+00:00,11292.39
2026-03-27T09:30:00+00:00,11292.39
2026-03-27T09:30:00+00:00,11292.39
2026-03-27T09:45:00+00:00,11292.39
2026-03-27T09:45:00+00:00,11292.39
2026-03-27T09:45:00+00:00,11292.39
2026-03-27T10:00:00+00:00,11292.39
2026-03-27T10:00:00+00:00,11292.39
2026-03-27T10:00:00+00:00,11292.39
2026-03-27T10:15:00+00:00,11292.39
2026-03-27T10:15:00+00:00,11292.39
2026-03-27T10:15:00+00:00,11292.39
2026-03-27T10:30:00+00:00,11292.39
2026-03-27T10:30:00+00:00,11292.39
2026-03-27T10:30:00+00:00,11292.39
2026-03-27T10:45:00+00:00,11292.39
2026-03-27T10:45:00+00:00,11292.39
2026-03-27T10:45:00+00:00,11292.39
2026-03-27T11:00:00+00:00,11292.39
2026-03-27T11:00:00+00:00,11292.39
2026-03-27T11:00:00+00:00,11292.39
2026-03-27T11:15:00+00:00,11292.39
2026-03-27T11:15:00+00:00,11292.39
2026-03-27T11:15:00+00:00,11292.39
2026-03-27T11:30:00+00:00,11292.39
2026-03-27T11:30:00+00:00,11292.39
2026-03-27T11:30:00+00:00,11292.39
2026-03-27T11:45:00+00:00,11292.39
2026-03-27T11:45:00+00:00,11292.39
2026-03-27T11:45:00+00:00,11292.39
2026-03-27T12:00:00+00:00,11292.39
2026-03-27T12:00:00+00:00,11292.39
2026-03-27T12:00:00+00:00,11292.39
2026-03-27T12:15:00+00:00,11292.39
2026-03-27T12:15:00+00:00,11292.39
2026-03-27T12:15:00+00:00,11292.39
2026-03-27T12:30:00+00:00,11292.39
2026-03-27T12:30:00+00:00,11292.39
2026-03-27T12:30:00+00:00,11292.39
2026-03-27T12:45:00+00:00,11292.39
2026-03-27T12:45:00+00:00,11292.39
2026-03-27T12:45:00+00:00,11292.39
2026-03-27T13:00:00+00:00,11292.39
2026-03-27T13:00:00+00:00,11292.39
2026-03-27T13:00:00+00:00,11292.39
2026-03-27T13:15:00+00:00,11292.39
2026-03-27T13:15:00+00:00,11292.39
2026-03-27T13:15:00+00:00,11292.39
2026-03-27T13:30:00+00:00,11292.39
2026-03-27T13:30:00+00:00,11292.39
2026-03-27T13:30:00+00:00,11292.39
2026-03-27T13:45:00+00:00,11292.39
2026-03-27T13:45:00+00:00,11292.39
2026-03-27T13:45:00+00:00,11292.39
2026-03-27T14:00:00+00:00,11292.39
2026-03-27T14:00:00+00:00,11292.39
2026-03-27T14:00:00+00:00,11292.39
2026-03-27T14:15:00+00:00,11292.39
2026-03-27T14:15:00+00:00,11292.39
2026-03-27T14:15:00+00:00,11292.39
2026-03-27T14:30:00+00:00,11292.39
2026-03-27T14:30:00+00:00,11292.39
2026-03-27T14:30:00+00:00,11292.39
2026-03-27T14:45:00+00:00,11292.39
2026-03-27T14:45:00+00:00,11292.39
2026-03-27T14:45:00+00:00,11292.39
2026-03-27T15:00:00+00:00,11292.39
2026-03-27T15:00:00+00:00,11292.39
2026-03-27T15:00:00+00:00,11292.39
2026-03-27T15:15:00+00:00,11292.39
2026-03-27T15:15:00+00:00,11292.39
2026-03-27T15:15:00+00:00,11292.39
2026-03-27T15:30:00+00:00,11292.39
2026-03-27T15:30:00+00:00,11292.39
2026-03-27T15:30:00+00:00,11292.39
2026-03-27T15:45:00+00:00,11292.39
2026-03-27T15:45:00+00:00,11292.39
2026-03-27T15:45:00+00:00,11292.39
2026-03-27T16:00:00+00:00,11292.39
2026-03-27T16:00:00+00:00,11292.39
2026-03-27T16:00:00+00:00,11292.39
2026-03-27T16:15:00+00:00,11292.39
2026-03-27T16:15:00+00:00,11292.39
2026-03-27T16:15:00+00:00,11292.39
2026-03-27T16:30:00+00:00,11292.39
2026-03-27T16:30:00+00:00,11292.39
2026-03-27T16:30:00+00:00,11292.39
2026-03-27T16:45:00+00:00,11292.39
2026-03-27T16:45:00+00:00,11292.39
2026-03-27T16:45:00+00:00,11292.39
2026-03-27T17:00:00+00:00,11292.39
2026-03-27T17:00:00+00:00,11292.39
2026-03-27T17:00:00+00:00,11292.39
2026-03-27T17:15:00+00:00,11292.39
2026-03-27T17:15:00+00:00,11292.39
2026-03-27T17:15:00+00:00,11292.39
2026-03-27T17:30:00+00:00,11292.39
2026-03-27T17:30:00+00:00,11292.39
2026-03-27T17:30:00+00:00,11292.39
2026-03-27T17:45:00+00:00,11292.39
2026-03-27T17:45:00+00:00,11292.39
2026-03-27T17:45:00+00:00,11292.39
2026-03-27T18:00:00+00:00,11292.39
2026-03-27T18:00:00+00:00,11292.39
2026-03-27T18:00:00+00:00,11292.39
2026-03-27T18:15:00+00:00,11292.39
2026-03-27T18:15:00+00:00,11292.39
2026-03-27T18:15:00+00:00,11292.39
2026-03-27T18:30:00+00:00,11292.39
2026-03-27T18:30:00+00:00,11292.39
2026-03-27T18:30:00+00:00,11292.39
2026-03-27T18:45:00+00:00,11292.39
2026-03-27T18:45:00+00:00,11292.39
2026-03-27T18:45:00+00:00,11292.39
2026-03-27T19:00:00+00:00,11292.39
2026-03-27T19:00:00+00:00,11292.39
2026-03-27T19:00:00+00:00,11292.39
2026-03-27T19:15:00+00:00,11292.39
2026-03-27T19:15:00+00:00,11292.39
2026-03-27T19:15:00+00:00,11292.39
2026-03-27T19:30:00+00:00,11292.39
2026-03-27T19:30:00+00:00,11292.39
2026-03-27T19:30:00+00:00,11292.39
2026-03-27T19:45:00+00:00,11292.39
2026-03-27T19:45:00+00:00,11292.39
2026-03-27T19:45:00+00:00,11292.39
2026-03-27T20:00:00+00:00,11292.39
2026-03-27T20:00:00+00:00,11292.39
2026-03-27T20:00:00+00:00,11292.39
2026-03-27T20:15:00+00:00,11292.39
2026-03-27T20:15:00+00:00,11292.39
2026-03-27T20:15:00+00:00,11292.39
2026-03-27T20:30:00+00:00,11292.39
2026-03-27T20:30:00+00:00,11292.39
2026-03-27T20:30:00+00:00,11292.39
2026-03-27T20:45:00+00:00,11292.39
2026-03-27T20:45:00+00:00,11292.39
2026-03-27T20:45:00+00:00,11292.39
2026-03-27T21:00:00+00:00,11292.39
2026-03-27T21:00:00+00:00,11292.39
2026-03-27T21:00:00+00:00,11292.39
2026-03-27T21:15:00+00:00,11292.39
2026-03-27T21:15:00+00:00,11292.39
2026-03-27T21:15:00+00:00,11292.39
2026-03-27T21:30:00+00:00,11292.39
2026-03-27T21:30:00+00:00,11292.39
2026-03-27T21:30:00+00:00,11292.39
2026-03-27T21:45:00+00:00,11292.39
2026-03-27T21:45:00+00:00,11292.39
2026-03-27T21:45:00+00:00,11292.39
2026-03-27T22:00:00+00:00,11292.39
2026-03-27T22:00:00+00:00,11292.39
2026-03-27T22:00:00+00:00,11292.39
2026-03-27T22:15:00+00:00,11292.39
2026-03-27T22:15:00+00:00,11292.39
2026-03-27T22:15:00+00:00,11292.39
2026-03-27T22:30:00+00:00,11292.39
2026-03-27T22:30:00+00:00,11292.39
2026-03-27T22:30:00+00:00,11292.39
2026-03-27T22:45:00+00:00,11292.39
2026-03-27T22:45:00+00:00,11292.39
2026-03-27T22:45:00+00:00,11292.39
2026-03-27T23:00:00+00:00,11292.39
2026-03-27T23:00:00+00:00,11292.39
2026-03-27T23:00:00+00:00,11292.39
2026-03-27T23:15:00+00:00,11292.39
2026-03-27T23:15:00+00:00,11292.39
2026-03-27T23:15:00+00:00,11292.39
2026-03-27T23:30:00+00:00,11292.39
2026-03-27T23:30:00+00:00,11292.39
2026-03-27T23:30:00+00:00,11292.39
2026-03-27T23:45:00+00:00,11292.39
2026-03-27T23:45:00+00:00,11292.39
2026-03-27T23:45:00+00:00,11292.39
2026-03-28T00:00:00+00:00,11292.39
2026-03-28T00:00:00+00:00,11292.39
2026-03-28T00:00:00+00:00,11292.39
2026-03-28T00:15:00+00:00,11292.39
2026-03-28T00:15:00+00:00,11292.39
2026-03-28T00:15:00+00:00,11292.39
2026-03-28T00:30:00+00:00,11292.39
2026-03-28T00:30:00+00:00,11292.39
2026-03-28T00:30:00+00:00,11292.39
2026-03-28T00:45:00+00:00,11292.39
2026-03-28T00:45:00+00:00,11292.39
2026-03-28T00:45:00+00:00,11292.39
2026-03-28T01:00:00+00:00,11292.39
2026-03-28T01:00:00+00:00,11292.39
2026-03-28T01:00:00+00:00,11292.39
2026-03-28T01:15:00+00:00,11292.39
2026-03-28T01:15:00+00:00,11292.39
2026-03-28T01:15:00+00:00,11292.39
2026-03-28T01:30:00+00:00,11292.39
2026-03-28T01:30:00+00:00,11292.39
2026-03-28T01:30:00+00:00,11292.39
2026-03-28T01:45:00+00:00,11292.39
2026-03-28T01:45:00+00:00,11292.39
2026-03-28T01:45:00+00:00,11292.39
2026-03-28T02:00:00+00:00,11292.39
2026-03-28T02:00:00+00:00,11292.39
2026-03-28T02:00:00+00:00,11292.39
2026-03-28T02:15:00+00:00,11292.39
2026-03-28T02:15:00+00:00,11292.39
2026-03-28T02:15:00+00:00,11292.39
2026-03-28T02:30:00+00:00,11292.39
2026-03-28T02:30:00+00:00,11292.39
2026-03-28T02:30:00+00:00,11292.39
2026-03-28T02:45:00+00:00,11292.39
2026-03-28T02:45:00+00:00,11292.39
2026-03-28T02:45:00+00:00,11292.39
2026-03-28T03:00:00+00:00,11292.39
2026-03-28T03:00:00+00:00,11292.39
2026-03-28T03:00:00+00:00,11292.39
2026-03-28T03:15:00+00:00,11292.39
2026-03-28T03:15:00+00:00,11292.39
2026-03-28T03:15:00+00:00,11292.39
2026-03-28T03:30:00+00:00,11292.39
2026-03-28T03:30:00+00:00,11292.39
2026-03-28T03:30:00+00:00,11292.39
2026-03-28T03:45:00+00:00,11292.39
2026-03-28T03:45:00+00:00,11292.39
2026-03-28T03:45:00+00:00,11292.39
2026-03-28T04:00:00+00:00,11292.39
2026-03-28T04:00:00+00:00,11292.39
2026-03-28T04:00:00+00:00,11292.39
2026-03-28T04:15:00+00:00,11292.39
2026-03-28T04:15:00+00:00,11292.39
2026-03-28T04:15:00+00:00,11292.39
2026-03-28T04:30:00+00:00,11292.39
2026-03-28T04:30:00+00:00,11292.39
2026-03-28T04:30:00+00:00,11292.39
2026-03-28T04:45:00+00:00,11292.39
2026-03-28T04:45:00+00:00,11292.39
2026-03-28T04:45:00+00:00,11292.39
2026-03-28T05:00:00+00:00,11292.39
2026-03-28T05:00:00+00:00,11292.39
2026-03-28T05:00:00+00:00,11292.39
2026-03-28T05:15:00+00:00,11292.39
2026-03-28T05:15:00+00:00,11292.39
2026-03-28T05:15:00+00:00,11292.39
2026-03-28T05:30:00+00:00,11292.39
2026-03-28T05:30:00+00:00,11292.39
2026-03-28T05:30:00+00:00,11292.39
2026-03-28T05:45:00+00:00,11292.39
2026-03-28T05:45:00+00:00,11292.39
2026-03-28T05:45:00+00:00,11292.39
2026-03-28T06:00:00+00:00,11292.39
2026-03-28T06:00:00+00:00,11292.39
2026-03-28T06:00:00+00:00,11292.39
2026-03-28T06:15:00+00:00,11292.39
2026-03-28T06:15:00+00:00,11292.39
2026-03-28T06:15:00+00:00,11292.39
2026-03-28T06:30:00+00:00,11292.39
2026-03-28T06:30:00+00:00,11292.39
2026-03-28T06:30:00+00:00,11292.39
2026-03-28T06:45:00+00:00,11292.39
2026-03-28T06:45:00+00:00,11292.39
2026-03-28T06:45:00+00:00,11292.39
2026-03-28T07:00:00+00:00,11292.39
2026-03-28T07:00:00+00:00,11292.39
2026-03-28T07:00:00+00:00,11292.39
2026-03-28T07:15:00+00:00,11292.39
2026-03-28T07:15:00+00:00,11292.39
2026-03-28T07:15:00+00:00,11292.39
2026-03-28T07:30:00+00:00,11292.39
2026-03-28T07:30:00+00:00,11292.39
2026-03-28T07:30:00+00:00,11292.39
2026-03-28T07:45:00+00:00,11292.39
2026-03-28T07:45:00+00:00,11292.39
2026-03-28T07:45:00+00:00,11292.39
2026-03-28T08:00:00+00:00,11292.39
2026-03-28T08:00:00+00:00,11292.39
2026-03-28T08:00:00+00:00,11292.39
2026-03-28T08:15:00+00:00,11292.39
2026-03-28T08:15:00+00:00,11292.39
2026-03-28T08:15:00+00:00,11292.39
2026-03-28T08:30:00+00:00,11292.39
2026-03-28T08:30:00+00:00,11292.39
2026-03-28T08:30:00+00:00,11292.39
2026-03-28T08:45:00+00:00,11292.39
2026-03-28T08:45:00+00:00,11292.39
2026-03-28T08:45:00+00:00,11292.39
2026-03-28T09:00:00+00:00,11292.39
2026-03-28T09:00:00+00:00,11292.39
2026-03-28T09:00:00+00:00,11292.39
2026-03-28T09:15:00+00:00,11292.39
2026-03-28T09:15:00+00:00,11292.39
2026-03-28T09:15:00+00:00,11292.39
2026-03-28T09:30:00+00:00,11292.39
2026-03-28T09:30:00+00:00,11292.39
2026-03-28T09:30:00+00:00,11292.39
2026-03-28T09:45:00+00:00,11292.39
2026-03-28T09:45:00+00:00,11292.39
2026-03-28T09:45:00+00:00,11292.39
2026-03-28T10:00:00+00:00,11292.39
2026-03-28T10:00:00+00:00,11292.39
2026-03-28T10:00:00+00:00,11292.39
2026-03-28T10:15:00+00:00,11292.39
2026-03-28T10:15:00+00:00,11292.39
2026-03-28T10:15:00+00:00,11292.39
2026-03-28T10:30:00+00:00,11292.39
2026-03-28T10:30:00+00:00,11292.39
2026-03-28T10:30:00+00:00,11292.39
2026-03-28T10:45:00+00:00,11292.39
2026-03-28T10:45:00+00:00,11292.39
2026-03-28T10:45:00+00:00,11292.39
2026-03-28T11:00:00+00:00,11292.39
2026-03-28T11:00:00+00:00,11292.39
2026-03-28T11:00:00+00:00,11292.39
2026-03-28T11:15:00+00:00,11292.39
2026-03-28T11:15:00+00:00,11292.39
2026-03-28T11:15:00+00:00,11292.39
2026-03-28T11:30:00+00:00,11292.39
2026-03-28T11:30:00+00:00,11292.39
2026-03-28T11:30:00+00:00,11292.39
2026-03-28T11:45:00+00:00,11292.39
2026-03-28T11:45:00+00:00,11292.39
2026-03-28T11:45:00+00:00,11292.39
2026-03-28T12:00:00+00:00,11292.39
2026-03-28T12:00:00+00:00,11292.39
2026-03-28T12:00:00+00:00,11292.39
2026-03-28T12:15:00+00:00,11292.39
2026-03-28T12:15:00+00:00,11292.39
2026-03-28T12:15:00+00:00,11292.39
2026-03-28T12:30:00+00:00,11292.39
2026-03-28T12:30:00+00:00,11292.39
2026-03-28T12:30:00+00:00,11292.39
2026-03-28T12:45:00+00:00,11292.39
2026-03-28T12:45:00+00:00,11292.39
2026-03-28T12:45:00+00:00,11292.39
2026-03-28T13:00:00+00:00,11292.39
2026-03-28T13:00:00+00:00,11292.39
2026-03-28T13:00:00+00:00,11292.39
2026-03-28T13:15:00+00:00,11292.39
2026-03-28T13:15:00+00:00,11292.39
2026-03-28T13:15:00+00:00,11292.39
2026-03-28T13:30:00+00:00,11292.39
2026-03-28T13:30:00+00:00,11292.39
2026-03-28T13:30:00+00:00,11292.39
2026-03-28T13:45:00+00:00,11292.39
2026-03-28T13:45:00+00:00,11292.39
2026-03-28T13:45:00+00:00,11292.39
2026-03-28T14:00:00+00:00,11292.39
2026-03-28T14:00:00+00:00,11292.39
2026-03-28T14:00:00+00:00,11292.39
2026-03-28T14:15:00+00:00,11292.39
2026-03-28T14:15:00+00:00,11292.39
2026-03-28T14:15:00+00:00,11292.39
2026-03-28T14:30:00+00:00,11292.39
2026-03-28T14:30:00+00:00,11292.39
2026-03-28T14:30:00+00:00,11292.39
2026-03-28T14:45:00+00:00,11292.39
2026-03-28T14:45:00+00:00,11292.39
2026-03-28T14:45:00+00:00,11292.39
2026-03-28T15:00:00+00:00,11292.39
2026-03-28T15:00:00+00:00,11292.39
2026-03-28T15:00:00+00:00,11292.39
2026-03-28T15:15:00+00:00,11292.39
2026-03-28T15:15:00+00:00,11292.39
2026-03-28T15:15:00+00:00,11292.39
2026-03-28T15:30:00+00:00,11292.39
2026-03-28T15:30:00+00:00,11292.39
2026-03-28T15:30:00+00:00,11292.39
2026-03-28T15:45:00+00:00,11292.39
2026-03-28T15:45:00+00:00,11292.39
2026-03-28T15:45:00+00:00,11292.39
2026-03-28T16:00:00+00:00,11292.39
2026-03-28T16:00:00+00:00,11292.39
2026-03-28T16:00:00+00:00,11292.39
2026-03-28T16:15:00+00:00,11292.39
2026-03-28T16:15:00+00:00,11292.39
2026-03-28T16:15:00+00:00,11292.39
2026-03-28T16:30:00+00:00,11292.39
2026-03-28T16:30:00+00:00,11292.39
2026-03-28T16:30:00+00:00,11292.39
2026-03-28T16:45:00+00:00,11292.39
2026-03-28T16:45:00+00:00,11292.39
2026-03-28T16:45:00+00:00,11292.39
2026-03-28T17:00:00+00:00,11292.39
2026-03-28T17:00:00+00:00,11292.39
2026-03-28T17:00:00+00:00,11292.39
2026-03-28T17:15:00+00:00,11292.39
2026-03-28T17:15:00+00:00,11292.39
2026-03-28T17:15:00+00:00,11292.39
2026-03-28T17:30:00+00:00,11292.39
2026-03-28T17:30:00+00:00,11292.39
2026-03-28T17:30:00+00:00,11292.39
2026-03-28T17:45:00+00:00,11292.39
2026-03-28T17:45:00+00:00,11292.39
2026-03-28T17:45:00+00:00,11292.39
2026-03-28T18:00:00+00:00,11292.39
2026-03-28T18:00:00+00:00,11292.39
2026-03-28T18:00:00+00:00,11292.39
2026-03-28T18:15:00+00:00,11292.39
2026-03-28T18:15:00+00:00,11292.39
2026-03-28T18:15:00+00:00,11292.39
2026-03-28T18:30:00+00:00,11292.39
2026-03-28T18:30:00+00:00,11292.39
2026-03-28T18:30:00+00:00,11292.39
2026-03-28T18:45:00+00:00,11292.39
2026-03-28T18:45:00+00:00,11292.39
2026-03-28T18:45:00+00:00,11292.39
2026-03-28T19:00:00+00:00,11292.39
2026-03-28T19:00:00+00:00,11292.39
2026-03-28T19:00:00+00:00,11292.39
2026-03-28T19:15:00+00:00,11292.39
2026-03-28T19:15:00+00:00,11292.39
2026-03-28T19:15:00+00:00,11292.39
2026-03-28T19:30:00+00:00,11292.39
2026-03-28T19:30:00+00:00,11292.39
2026-03-28T19:30:00+00:00,11292.39
2026-03-28T19:45:00+00:00,11292.39
2026-03-28T19:45:00+00:00,11292.39
2026-03-28T19:45:00+00:00,11292.39
2026-03-28T20:00:00+00:00,11292.39
2026-03-28T20:00:00+00:00,11292.39
2026-03-28T20:00:00+00:00,11292.39
2026-03-28T20:15:00+00:00,11292.39
2026-03-28T20:15:00+00:00,11292.39
2026-03-28T20:15:00+00:00,11292.39
2026-03-28T20:30:00+00:00,11292.39
2026-03-28T20:30:00+00:00,11292.39
2026-03-28T20:30:00+00:00,11292.39
2026-03-28T20:45:00+00:00,11292.39
2026-03-28T20:45:00+00:00,11292.39
2026-03-28T20:45:00+00:00,11292.39
2026-03-28T21:00:00+00:00,11292.39
2026-03-28T21:00:00+00:00,11292.39
2026-03-28T21:00:00+00:00,11292.39
2026-03-28T21:15:00+00:00,11292.39
2026-03-28T21:15:00+00:00,11292.39
2026-03-28T21:15:00+00:00,11292.39
2026-03-28T21:30:00+00:00,11292.39
2026-03-28T21:30:00+00:00,11292.39
2026-03-28T21:30:00+00:00,11292.39
2026-03-28T21:45:00+00:00,11292.39
2026-03-28T21:45:00+00:00,11292.39
2026-03-28T21:45:00+00:00,11292.39
2026-03-28T22:00:00+00:00,11292.39
2026-03-28T22:00:00+00:00,11292.39
2026-03-28T22:00:00+00:00,11292.39
2026-03-28T22:15:00+00:00,11292.39
2026-03-28T22:15:00+00:00,11292.39
2026-03-28T22:15:00+00:00,11292.39
2026-03-28T22:30:00+00:00,11292.39
2026-03-28T22:30:00+00:00,11292.39
2026-03-28T22:30:00+00:00,11292.39
2026-03-28T22:45:00+00:00,11292.39
2026-03-28T22:45:00+00:00,11292.39
2026-03-28T22:45:00+00:00,11292.39
2026-03-28T23:00:00+00:00,11292.39
2026-03-28T23:00:00+00:00,11292.39
2026-03-28T23:00:00+00:00,11292.39
2026-03-28T23:15:00+00:00,11292.39
2026-03-28T23:15:00+00:00,11292.39
2026-03-28T23:15:00+00:00,11292.39
2026-03-28T23:30:00+00:00,11292.39
2026-03-28T23:30:00+00:00,11292.39
2026-03-28T23:30:00+00:00,11292.39
2026-03-28T23:45:00+00:00,11292.39
2026-03-28T23:45:00+00:00,11292.39
2026-03-28T23:45:00+00:00,11292.39
2026-03-29T00:00:00+00:00,11292.39
2026-03-29T00:00:00+00:00,11292.39
2026-03-29T00:00:00+00:00,11292.39
2026-03-29T00:15:00+00:00,11292.39
2026-03-29T00:15:00+00:00,11292.39
2026-03-29T00:15:00+00:00,11292.39
2026-03-29T00:30:00+00:00,11292.39
2026-03-29T00:30:00+00:00,11292.39
2026-03-29T00:30:00+00:00,11292.39
2026-03-29T00:45:00+00:00,11292.39
2026-03-29T00:45:00+00:00,11292.39
2026-03-29T00:45:00+00:00,11292.39
2026-03-29T01:00:00+00:00,11292.39
2026-03-29T01:00:00+00:00,11292.39
2026-03-29T01:00:00+00:00,11292.39
2026-03-29T01:15:00+00:00,11292.39
2026-03-29T01:15:00+00:00,11292.39
2026-03-29T01:15:00+00:00,11292.39
2026-03-29T01:30:00+00:00,11292.39
2026-03-29T01:30:00+00:00,11292.39
2026-03-29T01:30:00+00:00,11292.39
2026-03-29T01:45:00+00:00,11292.39
2026-03-29T01:45:00+00:00,11292.39
2026-03-29T01:45:00+00:00,11292.39
2026-03-29T02:00:00+00:00,11292.39
2026-03-29T02:00:00+00:00,11292.39
2026-03-29T02:00:00+00:00,11292.39
2026-03-29T02:15:00+00:00,11292.39
2026-03-29T02:15:00+00:00,11292.39
2026-03-29T02:15:00+00:00,11292.39
2026-03-29T02:30:00+00:00,11292.39
2026-03-29T02:30:00+00:00,11292.39
2026-03-29T02:30:00+00:00,11292.39
2026-03-29T02:45:00+00:00,11292.39
2026-03-29T02:45:00+00:00,11292.39
2026-03-29T02:45:00+00:00,11292.39
2026-03-29T03:00:00+00:00,11292.39
2026-03-29T03:00:00+00:00,11292.39
2026-03-29T03:00:00+00:00,11292.39
2026-03-29T03:15:00+00:00,11292.39
2026-03-29T03:15:00+00:00,11292.39
2026-03-29T03:15:00+00:00,11292.39
2026-03-29T03:30:00+00:00,11292.39
2026-03-29T03:30:00+00:00,11292.39
2026-03-29T03:30:00+00:00,11292.39
2026-03-29T03:45:00+00:00,11292.39
2026-03-29T03:45:00+00:00,11292.39
2026-03-29T03:45:00+00:00,11292.39
2026-03-29T04:00:00+00:00,11292.39
2026-03-29T04:00:00+00:00,11292.39
2026-03-29T04:00:00+00:00,11267.80
2026-03-29T04:15:00+00:00,11267.80
2026-03-29T04:15:00+00:00,11267.80
2026-03-29T04:15:00+00:00,11315.29
2026-03-29T04:30:00+00:00,11315.29
2026-03-29T04:30:00+00:00,11315.29
2026-03-29T04:30:00+00:00,11314.05
2026-03-29T04:45:00+00:00,11314.05
2026-03-29T04:45:00+00:00,11314.05
2026-03-29T04:45:00+00:00,11322.43
2026-03-29T05:00:00+00:00,11321.24
2026-03-29T05:00:00+00:00,11321.24
2026-03-29T05:00:00+00:00,11396.04
2026-03-29T05:15:00+00:00,11396.04
2026-03-29T05:15:00+00:00,11396.04
2026-03-29T05:15:00+00:00,11384.56
2026-03-29T05:30:00+00:00,11384.56
2026-03-29T05:30:00+00:00,11384.56
2026-03-29T05:30:00+00:00,11361.59
2026-03-29T05:45:00+00:00,11361.59
2026-03-29T05:45:00+00:00,11361.59
2026-03-29T05:45:00+00:00,11336.45
2026-03-29T06:00:00+00:00,11335.52
2026-03-29T06:00:00+00:00,11335.52
2026-03-29T06:00:00+00:00,11333.35
2026-03-29T06:15:00+00:00,11333.35
2026-03-29T06:15:00+00:00,11333.35
2026-03-29T06:15:00+00:00,11445.08
2026-03-29T06:30:00+00:00,11445.08
2026-03-29T06:30:00+00:00,11445.08
2026-03-29T06:30:00+00:00,11458.43
2026-03-29T06:45:00+00:00,11458.43
2026-03-29T06:45:00+00:00,11458.43
2026-03-29T06:45:00+00:00,11408.77
2026-03-29T07:00:00+00:00,11407.95
2026-03-29T07:00:00+00:00,11407.95
2026-03-29T07:00:00+00:00,11455.75
2026-03-29T07:15:00+00:00,11455.75
2026-03-29T07:15:00+00:00,11455.75
2026-03-29T07:15:00+00:00,11428.44
2026-03-29T07:30:00+00:00,11428.44
2026-03-29T07:30:00+00:00,11428.44
2026-03-29T07:30:00+00:00,11428.75
2026-03-29T07:45:00+00:00,11428.75
2026-03-29T07:45:00+00:00,11428.75
2026-03-29T07:45:00+00:00,11419.13
2026-03-29T08:00:00+00:00,11418.22
2026-03-29T08:00:00+00:00,11418.22
2026-03-29T08:00:00+00:00,11432.50
2026-03-29T08:15:00+00:00,11432.50
2026-03-29T08:15:00+00:00,11432.50
2026-03-29T08:15:00+00:00,11401.46
2026-03-29T08:30:00+00:00,11401.46
2026-03-29T08:30:00+00:00,11401.46
2026-03-29T08:30:00+00:00,11392.15
2026-03-29T08:45:00+00:00,11392.15
2026-03-29T08:45:00+00:00,11392.15
2026-03-29T08:45:00+00:00,11419.15
2026-03-29T09:00:00+00:00,11418.32
2026-03-29T09:00:00+00:00,11418.32
2026-03-29T09:00:00+00:00,11421.73
2026-03-29T09:15:00+00:00,11421.73
2026-03-29T09:15:00+00:00,11421.73
2026-03-29T09:15:00+00:00,11433.84
2026-03-29T09:30:00+00:00,11433.84
2026-03-29T09:30:00+00:00,11433.84
2026-03-29T09:30:00+00:00,11478.22
2026-03-29T09:45:00+00:00,11478.22
2026-03-29T09:45:00+00:00,11478.22
2026-03-29T09:45:00+00:00,11448.42
2026-03-29T10:00:00+00:00,11447.63
2026-03-29T10:00:00+00:00,11447.63
2026-03-29T10:00:00+00:00,11482.39
2026-03-29T10:15:00+00:00,11482.39
2026-03-29T10:15:00+00:00,11482.39
2026-03-29T10:15:00+00:00,11513.43
2026-03-29T10:30:00+00:00,11513.43
2026-03-29T10:30:00+00:00,11513.43
2026-03-29T10:30:00+00:00,11513.43
2026-03-29T10:45:00+00:00,11513.43
2026-03-29T10:45:00+00:00,11513.43
2026-03-29T10:45:00+00:00,11522.12
2026-03-29T11:00:00+00:00,11521.46
2026-03-29T11:00:00+00:00,11521.46
2026-03-29T11:00:00+00:00,11435.12
2026-03-29T11:15:00+00:00,11435.12
2026-03-29T11:15:00+00:00,11435.12
2026-03-29T11:15:00+00:00,11435.12
2026-03-29T11:30:00+00:00,11435.12
2026-03-29T11:30:00+00:00,11435.12
2026-03-29T11:30:00+00:00,11435.12
2026-03-29T11:45:00+00:00,11435.12
2026-03-29T11:45:00+00:00,11435.12
2026-03-29T11:45:00+00:00,11435.12
2026-03-29T12:00:00+00:00,11435.12
2026-03-29T12:00:00+00:00,11435.12
2026-03-29T12:00:00+00:00,11435.12
2026-03-29T12:15:00+00:00,11435.12
2026-03-29T12:15:00+00:00,11435.12
2026-03-29T12:15:00+00:00,11435.12
2026-03-29T12:30:00+00:00,11435.12
2026-03-29T12:30:00+00:00,11435.12
2026-03-29T12:30:00+00:00,11435.12
2026-03-29T12:45:00+00:00,11435.12
2026-03-29T12:45:00+00:00,11435.12
2026-03-29T12:45:00+00:00,11435.12
2026-03-29T13:00:00+00:00,11435.12
2026-03-29T13:00:00+00:00,11435.12
2026-03-29T13:00:00+00:00,11435.12
2026-03-29T13:15:00+00:00,11435.12
2026-03-29T13:15:00+00:00,11435.12
2026-03-29T13:15:00+00:00,11435.12
2026-03-29T13:30:00+00:00,11435.12
2026-03-29T13:30:00+00:00,11435.12
2026-03-29T13:30:00+00:00,11435.12
2026-03-29T13:45:00+00:00,11435.12
2026-03-29T13:45:00+00:00,11435.12
2026-03-29T13:45:00+00:00,11435.12
2026-03-29T14:00:00+00:00,11435.12
2026-03-29T14:00:00+00:00,11435.12
2026-03-29T14:00:00+00:00,11435.12
2026-03-29T14:15:00+00:00,11435.12
2026-03-29T14:15:00+00:00,11435.12
2026-03-29T14:15:00+00:00,11435.12
2026-03-29T14:30:00+00:00,11435.12
2026-03-29T14:30:00+00:00,11435.12
2026-03-29T14:30:00+00:00,11435.12
2026-03-29T14:45:00+00:00,11435.12
2026-03-29T14:45:00+00:00,11435.12
2026-03-29T14:45:00+00:00,11435.12
2026-03-29T15:00:00+00:00,11435.12
2026-03-29T15:00:00+00:00,11435.12
2026-03-29T15:00:00+00:00,11435.12
2026-03-29T15:15:00+00:00,11435.12
2026-03-29T15:15:00+00:00,11435.12
2026-03-29T15:15:00+00:00,11435.12
2026-03-29T15:30:00+00:00,11435.12
2026-03-29T15:30:00+00:00,11435.12
2026-03-29T15:30:00+00:00,11435.12
2026-03-29T15:45:00+00:00,11435.12
2026-03-29T15:45:00+00:00,11435.12
2026-03-29T15:45:00+00:00,11435.12
2026-03-29T16:00:00+00:00,11435.12
2026-03-29T16:00:00+00:00,11435.12
2026-03-29T16:00:00+00:00,11435.12
2026-03-29T16:15:00+00:00,11435.12
2026-03-29T16:15:00+00:00,11435.12
2026-03-29T16:15:00+00:00,11435.12
2026-03-29T16:30:00+00:00,11435.12
2026-03-29T16:30:00+00:00,11435.12
2026-03-29T16:30:00+00:00,11435.12
2026-03-29T16:45:00+00:00,11435.12
2026-03-29T16:45:00+00:00,11435.12
2026-03-29T16:45:00+00:00,11435.12
2026-03-29T17:00:00+00:00,11435.12
2026-03-29T17:00:00+00:00,11435.12
2026-03-29T17:00:00+00:00,11435.12
2026-03-29T17:15:00+00:00,11435.12
2026-03-29T17:15:00+00:00,11435.12
2026-03-29T17:15:00+00:00,11435.12
2026-03-29T17:30:00+00:00,11435.12
2026-03-29T17:30:00+00:00,11435.12
2026-03-29T17:30:00+00:00,11435.12
2026-03-29T17:45:00+00:00,11435.12
2026-03-29T17:45:00+00:00,11435.12
2026-03-29T17:45:00+00:00,11435.12
2026-03-29T18:00:00+00:00,11435.12
2026-03-29T18:00:00+00:00,11435.12
2026-03-29T18:00:00+00:00,11435.12
2026-03-29T18:15:00+00:00,11435.12
2026-03-29T18:15:00+00:00,11435.12
2026-03-29T18:15:00+00:00,11435.12
2026-03-29T18:30:00+00:00,11435.12
2026-03-29T18:30:00+00:00,11435.12
2026-03-29T18:30:00+00:00,11435.12
2026-03-29T18:45:00+00:00,11435.12
2026-03-29T18:45:00+00:00,11435.12
2026-03-29T18:45:00+00:00,11435.12
2026-03-29T19:00:00+00:00,11435.12
2026-03-29T19:00:00+00:00,11435.12
2026-03-29T19:00:00+00:00,11435.12
2026-03-29T19:15:00+00:00,11435.12
2026-03-29T19:15:00+00:00,11435.12
2026-03-29T19:15:00+00:00,11435.12
2026-03-29T19:30:00+00:00,11435.12
2026-03-29T19:30:00+00:00,11435.12
2026-03-29T19:30:00+00:00,11435.12
2026-03-29T19:45:00+00:00,11435.12
2026-03-29T19:45:00+00:00,11435.12
2026-03-29T19:45:00+00:00,11435.12
2026-03-29T20:00:00+00:00,11435.12
2026-03-29T20:00:00+00:00,11435.12
2026-03-29T20:00:00+00:00,11435.12
2026-03-29T20:15:00+00:00,11435.12
2026-03-29T20:15:00+00:00,11435.12
2026-03-29T20:15:00+00:00,11435.12
2026-03-29T20:30:00+00:00,11435.12
2026-03-29T20:30:00+00:00,11435.12
2026-03-29T20:30:00+00:00,11435.12
2026-03-29T20:45:00+00:00,11435.12
2026-03-29T20:45:00+00:00,11435.12
2026-03-29T20:45:00+00:00,11435.12
2026-03-29T21:00:00+00:00,11435.12
2026-03-29T21:00:00+00:00,11435.12
2026-03-29T21:00:00+00:00,11435.12
2026-03-29T21:15:00+00:00,11435.12
2026-03-29T21:15:00+00:00,11435.12
2026-03-29T21:15:00+00:00,11435.12
2026-03-29T21:30:00+00:00,11435.12
2026-03-29T21:30:00+00:00,11435.12
2026-03-29T21:30:00+00:00,11435.12
2026-03-29T21:45:00+00:00,11435.12
2026-03-29T21:45:00+00:00,11435.12
2026-03-29T21:45:00+00:00,11435.12
2026-03-29T22:00:00+00:00,11435.12
2026-03-29T22:00:00+00:00,11435.12
2026-03-29T22:00:00+00:00,11435.12
2026-03-29T22:15:00+00:00,11435.12
2026-03-29T22:15:00+00:00,11435.12
2026-03-29T22:15:00+00:00,11435.12
2026-03-29T22:30:00+00:00,11435.12
2026-03-29T22:30:00+00:00,11435.12
2026-03-29T22:30:00+00:00,11435.12
2026-03-29T22:45:00+00:00,11435.12
2026-03-29T22:45:00+00:00,11435.12
2026-03-29T22:45:00+00:00,11435.12
2026-03-29T23:00:00+00:00,11435.12
2026-03-29T23:00:00+00:00,11435.12
2026-03-29T23:00:00+00:00,11435.12
2026-03-29T23:15:00+00:00,11435.12
2026-03-29T23:15:00+00:00,11435.12
2026-03-29T23:15:00+00:00,11435.12
2026-03-29T23:30:00+00:00,11435.12
2026-03-29T23:30:00+00:00,11435.12
2026-03-29T23:30:00+00:00,11435.12
2026-03-29T23:45:00+00:00,11435.12
2026-03-29T23:45:00+00:00,11435.12
2026-03-29T23:45:00+00:00,11435.12
2026-03-30T00:00:00+00:00,11435.12
2026-03-30T00:00:00+00:00,11435.12
2026-03-30T00:00:00+00:00,11435.12
2026-03-30T00:15:00+00:00,11435.12
2026-03-30T00:15:00+00:00,11435.12
2026-03-30T00:15:00+00:00,11435.12
2026-03-30T00:30:00+00:00,11435.12
2026-03-30T00:30:00+00:00,11435.12
2026-03-30T00:30:00+00:00,11435.12
2026-03-30T00:45:00+00:00,11435.12
2026-03-30T00:45:00+00:00,11435.12
2026-03-30T00:45:00+00:00,11435.12
2026-03-30T01:00:00+00:00,11435.12
2026-03-30T01:00:00+00:00,11435.12
2026-03-30T01:00:00+00:00,11435.12
2026-03-30T01:15:00+00:00,11435.12
2026-03-30T01:15:00+00:00,11435.12
2026-03-30T01:15:00+00:00,11435.12
2026-03-30T01:30:00+00:00,11435.12
2026-03-30T01:30:00+00:00,11435.12
2026-03-30T01:30:00+00:00,11435.12
2026-03-30T01:45:00+00:00,11435.12
2026-03-30T01:45:00+00:00,11435.12
2026-03-30T01:45:00+00:00,11435.12
2026-03-30T02:00:00+00:00,11435.12
2026-03-30T02:00:00+00:00,11435.12
2026-03-30T02:00:00+00:00,11435.12
2026-03-30T02:15:00+00:00,11435.12
2026-03-30T02:15:00+00:00,11435.12
2026-03-30T02:15:00+00:00,11435.12
2026-03-30T02:30:00+00:00,11435.12
2026-03-30T02:30:00+00:00,11435.12
2026-03-30T02:30:00+00:00,11435.12
2026-03-30T02:45:00+00:00,11435.12
2026-03-30T02:45:00+00:00,11435.12
2026-03-30T02:45:00+00:00,11435.12
2026-03-30T03:00:00+00:00,11435.12
2026-03-30T03:00:00+00:00,11435.12
2026-03-30T03:00:00+00:00,11435.12
2026-03-30T03:15:00+00:00,11435.12
2026-03-30T03:15:00+00:00,11435.12
2026-03-30T03:15:00+00:00,11435.12
2026-03-30T03:30:00+00:00,11435.12
2026-03-30T03:30:00+00:00,11435.12
2026-03-30T03:30:00+00:00,11435.12
2026-03-30T03:45:00+00:00,11435.12
2026-03-30T03:45:00+00:00,11435.12
2026-03-30T03:45:00+00:00,11435.12
2026-03-30T04:00:00+00:00,11435.12
2026-03-30T04:00:00+00:00,11435.12
2026-03-30T04:00:00+00:00,11435.12
2026-03-30T04:15:00+00:00,11435.12
2026-03-30T04:15:00+00:00,11435.12
2026-03-30T04:15:00+00:00,11435.12
2026-03-30T04:30:00+00:00,11435.12
2026-03-30T04:30:00+00:00,11435.12
2026-03-30T04:30:00+00:00,11435.12
2026-03-30T04:45:00+00:00,11435.12
2026-03-30T04:45:00+00:00,11435.12
2026-03-30T04:45:00+00:00,11435.12
2026-03-30T05:00:00+00:00,11435.12
2026-03-30T05:00:00+00:00,11435.12
2026-03-30T05:00:00+00:00,11435.12
2026-03-30T05:15:00+00:00,11435.12
2026-03-30T05:15:00+00:00,11435.12
2026-03-30T05:15:00+00:00,11435.12
2026-03-30T05:30:00+00:00,11435.12
2026-03-30T05:30:00+00:00,11435.12
2026-03-30T05:30:00+00:00,11435.12
2026-03-30T05:45:00+00:00,11435.12
2026-03-30T05:45:00+00:00,11435.12
2026-03-30T05:45:00+00:00,11435.12
2026-03-30T06:00:00+00:00,11435.12
2026-03-30T06:00:00+00:00,11435.12
2026-03-30T06:00:00+00:00,11435.12
2026-03-30T06:15:00+00:00,11435.12
2026-03-30T06:15:00+00:00,11435.12
2026-03-30T06:15:00+00:00,11435.12
2026-03-30T06:30:00+00:00,11435.12
2026-03-30T06:30:00+00:00,11435.12
2026-03-30T06:30:00+00:00,11435.12
2026-03-30T06:45:00+00:00,11435.12
2026-03-30T06:45:00+00:00,11435.12
2026-03-30T06:45:00+00:00,11435.12
2026-03-30T07:00:00+00:00,11435.12
2026-03-30T07:00:00+00:00,11435.12
2026-03-30T07:00:00+00:00,11435.12
2026-03-30T07:15:00+00:00,11435.12
2026-03-30T07:15:00+00:00,11435.12
2026-03-30T07:15:00+00:00,11435.12
2026-03-30T07:30:00+00:00,11435.12
2026-03-30T07:30:00+00:00,11435.12
2026-03-30T07:30:00+00:00,11435.12
2026-03-30T07:45:00+00:00,11435.12
2026-03-30T07:45:00+00:00,11435.12
2026-03-30T07:45:00+00:00,11435.12
2026-03-30T08:00:00+00:00,11435.12
2026-03-30T08:00:00+00:00,11435.12
2026-03-30T08:00:00+00:00,11435.12
2026-03-30T08:15:00+00:00,11435.12
2026-03-30T08:15:00+00:00,11435.12
2026-03-30T08:15:00+00:00,11435.12
2026-03-30T08:30:00+00:00,11435.12
2026-03-30T08:30:00+00:00,11435.12
2026-03-30T08:30:00+00:00,11435.12
2026-03-30T08:45:00+00:00,11435.12
2026-03-30T08:45:00+00:00,11435.12
2026-03-30T08:45:00+00:00,11435.12
2026-03-30T09:00:00+00:00,11435.12
2026-03-30T09:00:00+00:00,11435.12
2026-03-30T09:00:00+00:00,11435.12
2026-03-30T09:15:00+00:00,11435.12
2026-03-30T09:15:00+00:00,11435.12
2026-03-30T09:15:00+00:00,11435.12
2026-03-30T09:30:00+00:00,11435.12
2026-03-30T09:30:00+00:00,11435.12
2026-03-30T09:30:00+00:00,11435.12
2026-03-30T09:45:00+00:00,11435.12
2026-03-30T09:45:00+00:00,11435.12
2026-03-30T09:45:00+00:00,11435.12
2026-03-30T10:00:00+00:00,11435.12
2026-03-30T10:00:00+00:00,11435.12
2026-03-30T10:00:00+00:00,11435.12
2026-03-30T10:15:00+00:00,11435.12
2026-03-30T10:15:00+00:00,11435.12
2026-03-30T10:15:00+00:00,11435.12
2026-03-30T10:30:00+00:00,11435.12
2026-03-30T10:30:00+00:00,11435.12
2026-03-30T10:30:00+00:00,11435.12
2026-03-30T10:45:00+00:00,11435.12
2026-03-30T10:45:00+00:00,11435.12
2026-03-30T10:45:00+00:00,11435.12
2026-03-30T11:00:00+00:00,11435.12
2026-03-30T11:00:00+00:00,11435.12
2026-03-30T11:00:00+00:00,11435.12
2026-03-30T11:15:00+00:00,11435.12
2026-03-30T11:15:00+00:00,11435.12
2026-03-30T11:15:00+00:00,11435.12
2026-03-30T11:30:00+00:00,11435.12
2026-03-30T11:30:00+00:00,11435.12
2026-03-30T11:30:00+00:00,11435.12
2026-03-30T11:45:00+00:00,11435.12
2026-03-30T11:45:00+00:00,11435.12
2026-03-30T11:45:00+00:00,11435.12
2026-03-30T12:00:00+00:00,11435.12
2026-03-30T12:00:00+00:00,11435.12
2026-03-30T12:00:00+00:00,11435.12
2026-03-30T12:15:00+00:00,11435.12
2026-03-30T12:15:00+00:00,11435.12
2026-03-30T12:15:00+00:00,11435.12
2026-03-30T12:30:00+00:00,11435.12
2026-03-30T12:30:00+00:00,11435.12
2026-03-30T12:30:00+00:00,11435.12
2026-03-30T12:45:00+00:00,11435.12
2026-03-30T12:45:00+00:00,11435.12
2026-03-30T12:45:00+00:00,11435.12
2026-03-30T13:00:00+00:00,11435.12
2026-03-30T13:00:00+00:00,11435.12
2026-03-30T13:00:00+00:00,11435.12
2026-03-30T13:15:00+00:00,11435.12
2026-03-30T13:15:00+00:00,11435.12
2026-03-30T13:15:00+00:00,11435.12
2026-03-30T13:30:00+00:00,11435.12
2026-03-30T13:30:00+00:00,11435.12
2026-03-30T13:30:00+00:00,11435.12
2026-03-30T13:45:00+00:00,11435.12
2026-03-30T13:45:00+00:00,11435.12
2026-03-30T13:45:00+00:00,11435.12
2026-03-30T14:00:00+00:00,11435.12
2026-03-30T14:00:00+00:00,11435.12
2026-03-30T14:00:00+00:00,11435.12
2026-03-30T14:15:00+00:00,11435.12
2026-03-30T14:15:00+00:00,11435.12
2026-03-30T14:15:00+00:00,11435.12
2026-03-30T14:30:00+00:00,11435.12
2026-03-30T14:30:00+00:00,11435.12
2026-03-30T14:30:00+00:00,11435.12
2026-03-30T14:45:00+00:00,11435.12
2026-03-30T14:45:00+00:00,11435.12
2026-03-30T14:45:00+00:00,11435.12
2026-03-30T15:00:00+00:00,11435.12
2026-03-30T15:00:00+00:00,11435.12
2026-03-30T15:00:00+00:00,11435.12
2026-03-30T15:15:00+00:00,11435.12
2026-03-30T15:15:00+00:00,11435.12
2026-03-30T15:15:00+00:00,11435.12
2026-03-30T15:30:00+00:00,11435.12
2026-03-30T15:30:00+00:00,11435.12
2026-03-30T15:30:00+00:00,11435.12
2026-03-30T15:45:00+00:00,11435.12
2026-03-30T15:45:00+00:00,11435.12
2026-03-30T15:45:00+00:00,11435.12
2026-03-30T16:00:00+00:00,11435.12
2026-03-30T16:00:00+00:00,11435.12
2026-03-30T16:00:00+00:00,11435.12
2026-03-30T16:15:00+00:00,11435.12
2026-03-30T16:15:00+00:00,11435.12
2026-03-30T16:15:00+00:00,11435.12
2026-03-30T16:30:00+00:00,11435.12
2026-03-30T16:30:00+00:00,11435.12
2026-03-30T16:30:00+00:00,11435.12
2026-03-30T16:45:00+00:00,11435.12
2026-03-30T16:45:00+00:00,11435.12
2026-03-30T16:45:00+00:00,11435.12
2026-03-30T17:00:00+00:00,11435.12
2026-03-30T17:00:00+00:00,11435.12
2026-03-30T17:00:00+00:00,11435.12
2026-03-30T17:15:00+00:00,11435.12
2026-03-30T17:15:00+00:00,11435.12
2026-03-30T17:15:00+00:00,11435.12
2026-03-30T17:30:00+00:00,11435.12
2026-03-30T17:30:00+00:00,11435.12
2026-03-30T17:30:00+00:00,11435.12
2026-03-30T17:45:00+00:00,11435.12
2026-03-30T17:45:00+00:00,11435.12
2026-03-30T17:45:00+00:00,11435.12
2026-03-30T18:00:00+00:00,11435.12
2026-03-30T18:00:00+00:00,11435.12
2026-03-30T18:00:00+00:00,11435.12
2026-03-30T18:15:00+00:00,11435.12
2026-03-30T18:15:00+00:00,11435.12
2026-03-30T18:15:00+00:00,11435.12
2026-03-30T18:30:00+00:00,11435.12
2026-03-30T18:30:00+00:00,11435.12
2026-03-30T18:30:00+00:00,11435.12
2026-03-30T18:45:00+00:00,11435.12
2026-03-30T18:45:00+00:00,11435.12
2026-03-30T18:45:00+00:00,11435.12
2026-03-30T19:00:00+00:00,11435.12
2026-03-30T19:00:00+00:00,11435.12
2026-03-30T19:00:00+00:00,11435.12
2026-03-30T19:15:00+00:00,11435.12
2026-03-30T19:15:00+00:00,11435.12
2026-03-30T19:15:00+00:00,11435.12
2026-03-30T19:30:00+00:00,11435.12
2026-03-30T19:30:00+00:00,11435.12
2026-03-30T19:30:00+00:00,11435.12
2026-03-30T19:45:00+00:00,11435.12
2026-03-30T19:45:00+00:00,11435.12
2026-03-30T19:45:00+00:00,11435.12
2026-03-30T20:00:00+00:00,11435.12
2026-03-30T20:00:00+00:00,11435.12
2026-03-30T20:00:00+00:00,11435.12
2026-03-30T20:15:00+00:00,11435.12
2026-03-30T20:15:00+00:00,11435.12
2026-03-30T20:15:00+00:00,11435.12
2026-03-30T20:30:00+00:00,11435.12
2026-03-30T20:30:00+00:00,11435.12
2026-03-30T20:30:00+00:00,11435.12
2026-03-30T20:45:00+00:00,11435.12
2026-03-30T20:45:00+00:00,11435.12
2026-03-30T20:45:00+00:00,11435.12
2026-03-30T21:00:00+00:00,11435.12
2026-03-30T21:00:00+00:00,11435.12
2026-03-30T21:00:00+00:00,11435.12
2026-03-30T21:15:00+00:00,11435.12
2026-03-30T21:15:00+00:00,11435.12
2026-03-30T21:15:00+00:00,11435.12
2026-03-30T21:30:00+00:00,11435.12
2026-03-30T21:30:00+00:00,11435.12
2026-03-30T21:30:00+00:00,11435.12
2026-03-30T21:45:00+00:00,11435.12
2026-03-30T21:45:00+00:00,11435.12
2026-03-30T21:45:00+00:00,11435.12
2026-03-30T22:00:00+00:00,11435.12
2026-03-30T22:00:00+00:00,11435.12
2026-03-30T22:00:00+00:00,11435.12
2026-03-30T22:15:00+00:00,11435.12
2026-03-30T22:15:00+00:00,11435.12
2026-03-30T22:15:00+00:00,11435.12
2026-03-30T22:30:00+00:00,11435.12
2026-03-30T22:30:00+00:00,11435.12
2026-03-30T22:30:00+00:00,11435.12
2026-03-30T22:45:00+00:00,11435.12
2026-03-30T22:45:00+00:00,11435.12
2026-03-30T22:45:00+00:00,11435.12
2026-03-30T23:00:00+00:00,11435.12
2026-03-30T23:00:00+00:00,11435.12
2026-03-30T23:00:00+00:00,11435.12
2026-03-30T23:15:00+00:00,11435.12
2026-03-30T23:15:00+00:00,11435.12
2026-03-30T23:15:00+00:00,11435.12
2026-03-30T23:30:00+00:00,11435.12
2026-03-30T23:30:00+00:00,11435.12
2026-03-30T23:30:00+00:00,11435.12
2026-03-30T23:45:00+00:00,11435.12
2026-03-30T23:45:00+00:00,11435.12
2026-03-30T23:45:00+00:00,11435.12
2026-03-31T00:00:00+00:00,11435.12
2026-03-31T00:00:00+00:00,11435.12
2026-03-31T00:00:00+00:00,11435.12
2026-03-31T00:15:00+00:00,11435.12
2026-03-31T00:15:00+00:00,11435.12
2026-03-31T00:15:00+00:00,11435.12
2026-03-31T00:30:00+00:00,11435.12
2026-03-31T00:30:00+00:00,11435.12
2026-03-31T00:30:00+00:00,11435.12
2026-03-31T00:45:00+00:00,11435.12
2026-03-31T00:45:00+00:00,11435.12
2026-03-31T00:45:00+00:00,11435.12
2026-03-31T01:00:00+00:00,11435.12
2026-03-31T01:00:00+00:00,11435.12
2026-03-31T01:00:00+00:00,11435.12
2026-03-31T01:15:00+00:00,11435.12
2026-03-31T01:15:00+00:00,11435.12
2026-03-31T01:15:00+00:00,11435.12
2026-03-31T01:30:00+00:00,11435.12
2026-03-31T01:30:00+00:00,11435.12
2026-03-31T01:30:00+00:00,11435.12
2026-03-31T01:45:00+00:00,11435.12
2026-03-31T01:45:00+00:00,11435.12
2026-03-31T01:45:00+00:00,11435.12
2026-03-31T02:00:00+00:00,11435.12
2026-03-31T02:00:00+00:00,11435.12
2026-03-31T02:00:00+00:00,11435.12
2026-03-31T02:15:00+00:00,11435.12
2026-03-31T02:15:00+00:00,11435.12
2026-03-31T02:15:00+00:00,11435.12
2026-03-31T02:30:00+00:00,11435.12
2026-03-31T02:30:00+00:00,11435.12
2026-03-31T02:30:00+00:00,11435.12
2026-03-31T02:45:00+00:00,11435.12
2026-03-31T02:45:00+00:00,11435.12
2026-03-31T02:45:00+00:00,11435.12
2026-03-31T03:00:00+00:00,11435.12
2026-03-31T03:00:00+00:00,11435.12
2026-03-31T03:00:00+00:00,11435.12
2026-03-31T03:15:00+00:00,11435.12
2026-03-31T03:15:00+00:00,11435.12
2026-03-31T03:15:00+00:00,11435.12
2026-03-31T03:30:00+00:00,11435.12
2026-03-31T03:30:00+00:00,11435.12
2026-03-31T03:30:00+00:00,11435.12
2026-03-31T03:45:00+00:00,11435.12
2026-03-31T03:45:00+00:00,11435.12
2026-03-31T03:45:00+00:00,11435.12
2026-03-31T04:00:00+00:00,11435.12
2026-03-31T04:00:00+00:00,11435.12
2026-03-31T04:00:00+00:00,11435.12
2026-03-31T04:15:00+00:00,11435.12
2026-03-31T04:15:00+00:00,11435.12
2026-03-31T04:15:00+00:00,11435.12
2026-03-31T04:30:00+00:00,11435.12
2026-03-31T04:30:00+00:00,11435.12
2026-03-31T04:30:00+00:00,11435.12
2026-03-31T04:45:00+00:00,11435.12
2026-03-31T04:45:00+00:00,11435.12
2026-03-31T04:45:00+00:00,11435.12
2026-03-31T05:00:00+00:00,11435.12
2026-03-31T05:00:00+00:00,11435.12
2026-03-31T05:00:00+00:00,11435.12
2026-03-31T05:15:00+00:00,11435.12
2026-03-31T05:15:00+00:00,11435.12
2026-03-31T05:15:00+00:00,11435.12
2026-03-31T05:30:00+00:00,11435.12
2026-03-31T05:30:00+00:00,11435.12
2026-03-31T05:30:00+00:00,11435.12
2026-03-31T05:45:00+00:00,11435.12
2026-03-31T05:45:00+00:00,11435.12
2026-03-31T05:45:00+00:00,11435.12
2026-03-31T06:00:00+00:00,11435.12
2026-03-31T06:00:00+00:00,11435.12
2026-03-31T06:00:00+00:00,11435.12
2026-03-31T06:15:00+00:00,11435.12
2026-03-31T06:15:00+00:00,11435.12
2026-03-31T06:15:00+00:00,11435.12
2026-03-31T06:30:00+00:00,11435.12
2026-03-31T06:30:00+00:00,11435.12
2026-03-31T06:30:00+00:00,11435.12
2026-03-31T06:45:00+00:00,11435.12
2026-03-31T06:45:00+00:00,11435.12
2026-03-31T06:45:00+00:00,11435.12
2026-03-31T07:00:00+00:00,11435.12
2026-03-31T07:00:00+00:00,11435.12
2026-03-31T07:00:00+00:00,11435.12
2026-03-31T07:15:00+00:00,11435.12
2026-03-31T07:15:00+00:00,11435.12
2026-03-31T07:15:00+00:00,11435.12
2026-03-31T07:30:00+00:00,11435.12
2026-03-31T07:30:00+00:00,11435.12
2026-03-31T07:30:00+00:00,11435.12
2026-03-31T07:45:00+00:00,11435.12
2026-03-31T07:45:00+00:00,11435.12
2026-03-31T07:45:00+00:00,11435.12
2026-03-31T08:00:00+00:00,11435.12
2026-03-31T08:00:00+00:00,11435.12
2026-03-31T08:00:00+00:00,11435.12
2026-03-31T08:15:00+00:00,11435.12
2026-03-31T08:15:00+00:00,11435.12
2026-03-31T08:15:00+00:00,11435.12
2026-03-31T08:30:00+00:00,11435.12
2026-03-31T08:30:00+00:00,11435.12
2026-03-31T08:30:00+00:00,11435.12
2026-03-31T08:45:00+00:00,11435.12
2026-03-31T08:45:00+00:00,11435.12
2026-03-31T08:45:00+00:00,11435.12
2026-03-31T09:00:00+00:00,11435.12
2026-03-31T09:00:00+00:00,11435.12
2026-03-31T09:00:00+00:00,11435.12
2026-03-31T09:15:00+00:00,11435.12
2026-03-31T09:15:00+00:00,11435.12
2026-03-31T09:15:00+00:00,11435.12
2026-03-31T09:30:00+00:00,11435.12
2026-03-31T09:30:00+00:00,11435.12
2026-03-31T09:30:00+00:00,11435.12
2026-03-31T09:45:00+00:00,11435.12
2026-03-31T09:45:00+00:00,11435.12
2026-03-31T09:45:00+00:00,11435.12
2026-03-31T10:00:00+00:00,11435.12
2026-03-31T10:00:00+00:00,11435.12
2026-03-31T10:00:00+00:00,11435.12
2026-03-31T10:15:00+00:00,11435.12
2026-03-31T10:15:00+00:00,11435.12
2026-03-31T10:15:00+00:00,11435.12
2026-03-31T10:30:00+00:00,11435.12
2026-03-31T10:30:00+00:00,11435.12
2026-03-31T10:30:00+00:00,11435.12
2026-03-31T10:45:00+00:00,11435.12
2026-03-31T10:45:00+00:00,11435.12
2026-03-31T10:45:00+00:00,11435.12
2026-03-31T11:00:00+00:00,11435.12
2026-03-31T11:00:00+00:00,11435.12
2026-03-31T11:00:00+00:00,11435.12
2026-03-31T11:15:00+00:00,11435.12
2026-03-31T11:15:00+00:00,11435.12
2026-03-31T11:15:00+00:00,11435.12
2026-03-31T11:30:00+00:00,11435.12
2026-03-31T11:30:00+00:00,11435.12
2026-03-31T11:30:00+00:00,11435.12
2026-03-31T11:45:00+00:00,11435.12
2026-03-31T11:45:00+00:00,11435.12
2026-03-31T11:45:00+00:00,11435.12
2026-03-31T12:00:00+00:00,11435.12
2026-03-31T12:00:00+00:00,11435.12
2026-03-31T12:00:00+00:00,11435.12
2026-03-31T12:15:00+00:00,11435.12
2026-03-31T12:15:00+00:00,11435.12
2026-03-31T12:15:00+00:00,11435.12
2026-03-31T12:30:00+00:00,11435.12
2026-03-31T12:30:00+00:00,11435.12
2026-03-31T12:30:00+00:00,11435.12
2026-03-31T12:45:00+00:00,11435.12
2026-03-31T12:45:00+00:00,11435.12
2026-03-31T12:45:00+00:00,11435.12
2026-03-31T13:00:00+00:00,11435.12
2026-03-31T13:00:00+00:00,11435.12
2026-03-31T13:00:00+00:00,11435.12
2026-03-31T13:15:00+00:00,11435.12
2026-03-31T13:15:00+00:00,11435.12
2026-03-31T13:15:00+00:00,11435.12
2026-03-31T13:30:00+00:00,11435.12
2026-03-31T13:30:00+00:00,11435.12
2026-03-31T13:30:00+00:00,11435.12
2026-03-31T13:45:00+00:00,11435.12
2026-03-31T13:45:00+00:00,11435.12
2026-03-31T13:45:00+00:00,11435.12
2026-03-31T14:00:00+00:00,11435.12
2026-03-31T14:00:00+00:00,11435.12
2026-03-31T14:00:00+00:00,11435.12
2026-03-31T14:15:00+00:00,11435.12
2026-03-31T14:15:00+00:00,11435.12
2026-03-31T14:15:00+00:00,11435.12
2026-03-31T14:30:00+00:00,11435.12
2026-03-31T14:30:00+00:00,11435.12
2026-03-31T14:30:00+00:00,11435.12
2026-03-31T14:45:00+00:00,11435.12
2026-03-31T14:45:00+00:00,11435.12
2026-03-31T14:45:00+00:00,11435.12
2026-03-31T15:00:00+00:00,11435.12
2026-03-31T15:00:00+00:00,11435.12
2026-03-31T15:00:00+00:00,11435.12
2026-03-31T15:15:00+00:00,11435.12
2026-03-31T15:15:00+00:00,11435.12
2026-03-31T15:15:00+00:00,11435.12
2026-03-31T15:30:00+00:00,11435.12
2026-03-31T15:30:00+00:00,11435.12
2026-03-31T15:30:00+00:00,11435.12
2026-03-31T15:45:00+00:00,11435.12
2026-03-31T15:45:00+00:00,11435.12
2026-03-31T15:45:00+00:00,11435.12
2026-03-31T16:00:00+00:00,11435.12
2026-03-31T16:00:00+00:00,11435.12
2026-03-31T16:00:00+00:00,11435.12
2026-03-31T16:15:00+00:00,11435.12
2026-03-31T16:15:00+00:00,11435.12
2026-03-31T16:15:00+00:00,11435.12
2026-03-31T16:30:00+00:00,11435.12
2026-03-31T16:30:00+00:00,11435.12
2026-03-31T16:30:00+00:00,11435.12
2026-03-31T16:45:00+00:00,11435.12
2026-03-31T16:45:00+00:00,11435.12
2026-03-31T16:45:00+00:00,11435.12
2026-03-31T17:00:00+00:00,11435.12
2026-03-31T17:00:00+00:00,11435.12
2026-03-31T17:00:00+00:00,11435.12
2026-03-31T17:15:00+00:00,11435.12
2026-03-31T17:15:00+00:00,11435.12
2026-03-31T17:15:00+00:00,11435.12
2026-03-31T17:30:00+00:00,11435.12
2026-03-31T17:30:00+00:00,11435.12
2026-03-31T17:30:00+00:00,11435.12
2026-03-31T17:45:00+00:00,11435.12
2026-03-31T17:45:00+00:00,11435.12
2026-03-31T17:45:00+00:00,11435.12
2026-03-31T18:00:00+00:00,11435.12
2026-03-31T18:00:00+00:00,11435.12
2026-03-31T18:00:00+00:00,11435.12
2026-03-31T18:15:00+00:00,11435.12
2026-03-31T18:15:00+00:00,11435.12
2026-03-31T18:15:00+00:00,11435.12
2026-03-31T18:30:00+00:00,11435.12
2026-03-31T18:30:00+00:00,11435.12
2026-03-31T18:30:00+00:00,11435.12
2026-03-31T18:45:00+00:00,11435.12
2026-03-31T18:45:00+00:00,11435.12
2026-03-31T18:45:00+00:00,11435.12
2026-03-31T19:00:00+00:00,11435.12
2026-03-31T19:00:00+00:00,11435.12
2026-03-31T19:00:00+00:00,11435.12
2026-03-31T19:15:00+00:00,11435.12
2026-03-31T19:15:00+00:00,11435.12
2026-03-31T19:15:00+00:00,11435.12
2026-03-31T19:30:00+00:00,11435.12
2026-03-31T19:30:00+00:00,11435.12
2026-03-31T19:30:00+00:00,11435.12
2026-03-31T19:45:00+00:00,11435.12
2026-03-31T19:45:00+00:00,11435.12
2026-03-31T19:45:00+00:00,11435.12
2026-03-31T20:00:00+00:00,11435.12
2026-03-31T20:00:00+00:00,11435.12
2026-03-31T20:00:00+00:00,11435.12
2026-03-31T20:15:00+00:00,11435.12
2026-03-31T20:15:00+00:00,11435.12
2026-03-31T20:15:00+00:00,11435.12
2026-03-31T20:30:00+00:00,11435.12
2026-03-31T20:30:00+00:00,11435.12
2026-03-31T20:30:00+00:00,11435.12
2026-03-31T20:45:00+00:00,11435.12
2026-03-31T20:45:00+00:00,11435.12
2026-03-31T20:45:00+00:00,11435.12
2026-03-31T21:00:00+00:00,11435.12
2026-03-31T21:00:00+00:00,11435.12
2026-03-31T21:00:00+00:00,11435.12
2026-03-31T21:15:00+00:00,11435.12
2026-03-31T21:15:00+00:00,11435.12
2026-03-31T21:15:00+00:00,11435.12
2026-03-31T21:30:00+00:00,11435.12
2026-03-31T21:30:00+00:00,11435.12
2026-03-31T21:30:00+00:00,11435.12
2026-03-31T21:45:00+00:00,11435.12
2026-03-31T21:45:00+00:00,11435.12
2026-03-31T21:45:00+00:00,11435.12
2026-03-31T22:00:00+00:00,11435.12
2026-03-31T22:00:00+00:00,11435.12
2026-03-31T22:00:00+00:00,11435.12
2026-03-31T22:15:00+00:00,11435.12
2026-03-31T22:15:00+00:00,11435.12
2026-03-31T22:15:00+00:00,11435.12
2026-03-31T22:30:00+00:00,11435.12
2026-03-31T22:30:00+00:00,11435.12
2026-03-31T22:30:00+00:00,11435.12
2026-03-31T22:45:00+00:00,11435.12
2026-03-31T22:45:00+00:00,11435.12
2026-03-31T22:45:00+00:00,11435.12
2026-03-31T23:00:00+00:00,11435.12
2026-03-31T23:00:00+00:00,11435.12
2026-03-31T23:00:00+00:00,11435.12
2026-03-31T23:15:00+00:00,11435.12
2026-03-31T23:15:00+00:00,11435.12
2026-03-31T23:15:00+00:00,11435.12
2026-03-31T23:30:00+00:00,11435.12
2026-03-31T23:30:00+00:00,11435.12
2026-03-31T23:30:00+00:00,11435.12
2026-03-31T23:45:00+00:00,11435.12
2026-03-31T23:45:00+00:00,11435.12
2026-03-31T23:45:00+00:00,11435.12
2026-04-01T00:00:00+00:00,11435.12
2026-04-01T00:00:00+00:00,11435.12
2026-04-01T00:00:00+00:00,11435.12
2026-04-01T00:15:00+00:00,11435.12
2026-04-01T00:15:00+00:00,11435.12
2026-04-01T00:15:00+00:00,11435.12
2026-04-01T00:30:00+00:00,11435.12
2026-04-01T00:30:00+00:00,11435.12
2026-04-01T00:30:00+00:00,11435.12
2026-04-01T00:45:00+00:00,11435.12
2026-04-01T00:45:00+00:00,11435.12
2026-04-01T00:45:00+00:00,11435.12
2026-04-01T01:00:00+00:00,11435.12
2026-04-01T01:00:00+00:00,11435.12
2026-04-01T01:00:00+00:00,11435.12
2026-04-01T01:15:00+00:00,11435.12
2026-04-01T01:15:00+00:00,11435.12
2026-04-01T01:15:00+00:00,11435.12
2026-04-01T01:30:00+00:00,11435.12
2026-04-01T01:30:00+00:00,11435.12
2026-04-01T01:30:00+00:00,11435.12
2026-04-01T01:45:00+00:00,11435.12
2026-04-01T01:45:00+00:00,11435.12
2026-04-01T01:45:00+00:00,11435.12
2026-04-01T02:00:00+00:00,11435.12
2026-04-01T02:00:00+00:00,11435.12
2026-04-01T02:00:00+00:00,11435.12
2026-04-01T02:15:00+00:00,11435.12
2026-04-01T02:15:00+00:00,11435.12
2026-04-01T02:15:00+00:00,11435.12
2026-04-01T02:30:00+00:00,11435.12
2026-04-01T02:30:00+00:00,11435.12
2026-04-01T02:30:00+00:00,11435.12
2026-04-01T02:45:00+00:00,11435.12
2026-04-01T02:45:00+00:00,11435.12
2026-04-01T02:45:00+00:00,11435.12
2026-04-01T03:00:00+00:00,11508.64
2026-04-01T03:00:00+00:00,11508.64
2026-04-01T03:00:00+00:00,11508.64
2026-04-01T03:15:00+00:00,11503.11
2026-04-01T03:15:00+00:00,11503.11
2026-04-01T03:15:00+00:00,11503.11
2026-04-01T03:30:00+00:00,11534.02
2026-04-01T03:30:00+00:00,11534.02
2026-04-01T03:30:00+00:00,11534.02
2026-04-01T03:45:00+00:00,11569.82
2026-04-01T03:45:00+00:00,11569.82
2026-04-01T03:45:00+00:00,11569.82
2026-04-01T04:00:00+00:00,11540.05
2026-04-01T04:00:00+00:00,11540.05
2026-04-01T04:00:00+00:00,11540.05
2026-04-01T04:15:00+00:00,11566.73
2026-04-01T04:15:00+00:00,11566.73
2026-04-01T04:15:00+00:00,11566.73
2026-04-01T04:30:00+00:00,11590.17
2026-04-01T04:30:00+00:00,11590.17
2026-04-01T04:30:00+00:00,11590.17
2026-04-01T04:45:00+00:00,11616.20
2026-04-01T04:45:00+00:00,11616.20
2026-04-01T04:45:00+00:00,11616.20
2026-04-01T05:00:00+00:00,11646.25
2026-04-01T05:00:00+00:00,11646.25
2026-04-01T05:00:00+00:00,11646.25
2026-04-01T05:15:00+00:00,11706.13
2026-04-01T05:15:00+00:00,11706.13
2026-04-01T05:15:00+00:00,11706.13
2026-04-01T05:30:00+00:00,11689.53
2026-04-01T05:30:00+00:00,11689.53
2026-04-01T05:30:00+00:00,11689.53
2026-04-01T05:45:00+00:00,11675.86
2026-04-01T05:45:00+00:00,11675.86
2026-04-01T05:45:00+00:00,11675.86
2026-04-01T06:00:00+00:00,11720.91
2026-04-01T06:00:00+00:00,11720.91
2026-04-01T06:00:00+00:00,11720.91
2026-04-01T06:15:00+00:00,11774.12
2026-04-01T06:15:00+00:00,11774.12
2026-04-01T06:15:00+00:00,11774.12
2026-04-01T06:30:00+00:00,11856.86
2026-04-01T06:30:00+00:00,11856.86
2026-04-01T06:30:00+00:00,11856.86
2026-04-01T06:45:00+00:00,11851.88
2026-04-01T06:45:00+00:00,11851.88
2026-04-01T06:45:00+00:00,11851.88
2026-04-01T07:00:00+00:00,11855.75
2026-04-01T07:00:00+00:00,11855.75
2026-04-01T07:00:00+00:00,11855.75
2026-04-01T07:15:00+00:00,11846.40
2026-04-01T07:15:00+00:00,11846.40
2026-04-01T07:15:00+00:00,11846.40
2026-04-01T07:30:00+00:00,11846.40
2026-04-01T07:30:00+00:00,11846.40
2026-04-01T07:30:00+00:00,11846.40
2026-04-01T07:45:00+00:00,11846.40
2026-04-01T07:45:00+00:00,11846.40
2026-04-01T07:45:00+00:00,11846.40
2026-04-01T08:00:00+00:00,11846.40
2026-04-01T08:00:00+00:00,11846.40
2026-04-01T08:00:00+00:00,11846.40
2026-04-01T08:15:00+00:00,11846.40
2026-04-01T08:15:00+00:00,11846.40
2026-04-01T08:15:00+00:00,11846.40
2026-04-01T08:30:00+00:00,11846.40
2026-04-01T08:30:00+00:00,11846.40
2026-04-01T08:30:00+00:00,11846.40
2026-04-01T08:45:00+00:00,11846.40
2026-04-01T08:45:00+00:00,11846.40
2026-04-01T08:45:00+00:00,11846.40
2026-04-01T09:00:00+00:00,11846.40
2026-04-01T09:00:00+00:00,11846.40
2026-04-01T09:00:00+00:00,11846.40
2026-04-01T09:15:00+00:00,11846.40
2026-04-01T09:15:00+00:00,11846.40
2026-04-01T09:15:00+00:00,11846.40
2026-04-01T09:30:00+00:00,11846.40
2026-04-01T09:30:00+00:00,11846.40
2026-04-01T09:30:00+00:00,11846.40
2026-04-01T09:45:00+00:00,11846.40
2026-04-01T09:45:00+00:00,11846.40
2026-04-01T09:45:00+00:00,11846.40
2026-04-01T10:00:00+00:00,11846.40
2026-04-01T10:00:00+00:00,11846.40
2026-04-01T10:00:00+00:00,11846.40
2026-04-01T10:15:00+00:00,11846.40
2026-04-01T10:15:00+00:00,11846.40
2026-04-01T10:15:00+00:00,11846.40
2026-04-01T10:30:00+00:00,11846.40
2026-04-01T10:30:00+00:00,11846.40
2026-04-01T10:30:00+00:00,11846.40
2026-04-01T10:45:00+00:00,11846.40
2026-04-01T10:45:00+00:00,11846.40
2026-04-01T10:45:00+00:00,11846.40
2026-04-01T11:00:00+00:00,11846.40
2026-04-01T11:00:00+00:00,11846.40
2026-04-01T11:00:00+00:00,11846.40
2026-04-01T11:15:00+00:00,11846.40
2026-04-01T11:15:00+00:00,11846.40
2026-04-01T11:15:00+00:00,11846.40
2026-04-01T11:30:00+00:00,11846.40
2026-04-01T11:30:00+00:00,11846.40
2026-04-01T11:30:00+00:00,11846.40
2026-04-01T11:45:00+00:00,11846.40
2026-04-01T11:45:00+00:00,11846.40
2026-04-01T11:45:00+00:00,11846.40
2026-04-01T12:00:00+00:00,11846.40
2026-04-01T12:00:00+00:00,11846.40
2026-04-01T12:00:00+00:00,11846.40
2026-04-01T12:15:00+00:00,11846.40
2026-04-01T12:15:00+00:00,11846.40
2026-04-01T12:15:00+00:00,11846.40
2026-04-01T12:30:00+00:00,11846.40
2026-04-01T12:30:00+00:00,11846.40
2026-04-01T12:30:00+00:00,11846.40
2026-04-01T12:45:00+00:00,11846.40
2026-04-01T12:45:00+00:00,11846.40
2026-04-01T12:45:00+00:00,11846.40
2026-04-01T13:00:00+00:00,11846.40
2026-04-01T13:00:00+00:00,11846.40
2026-04-01T13:00:00+00:00,11846.40
2026-04-01T13:15:00+00:00,11846.40
2026-04-01T13:15:00+00:00,11846.40
2026-04-01T13:15:00+00:00,11846.40
2026-04-01T13:30:00+00:00,11846.40
2026-04-01T13:30:00+00:00,11846.40
2026-04-01T13:30:00+00:00,11846.40
2026-04-01T13:45:00+00:00,11846.40
2026-04-01T13:45:00+00:00,11846.40
2026-04-01T13:45:00+00:00,11846.40
2026-04-01T14:00:00+00:00,11864.99
2026-04-01T14:00:00+00:00,11857.26
2026-04-01T14:00:00+00:00,11857.26
2026-04-01T14:15:00+00:00,11944.89
2026-04-01T14:15:00+00:00,11978.75
2026-04-01T14:15:00+00:00,11978.75
2026-04-01T14:30:00+00:00,11937.98
2026-04-01T14:30:00+00:00,11902.33
2026-04-01T14:30:00+00:00,11902.33
2026-04-01T14:45:00+00:00,11973.16
2026-04-01T14:45:00+00:00,12023.95
2026-04-01T14:45:00+00:00,12023.95
2026-04-01T15:00:00+00:00,11989.27
2026-04-01T15:00:00+00:00,11970.56
2026-04-01T15:00:00+00:00,11970.56
2026-04-01T15:15:00+00:00,12060.69
2026-04-01T15:15:00+00:00,12120.40
2026-04-01T15:15:00+00:00,12120.40
2026-04-01T15:30:00+00:00,12121.47
2026-04-01T15:30:00+00:00,12124.14
2026-04-01T15:30:00+00:00,12124.14
2026-04-01T15:45:00+00:00,12184.95
2026-04-01T15:45:00+00:00,12215.25
2026-04-01T15:45:00+00:00,12215.25
2026-04-01T16:00:00+00:00,12110.40
2026-04-01T16:00:00+00:00,12036.43
2026-04-01T16:00:00+00:00,12036.43
2026-04-01T16:15:00+00:00,12036.43
2026-04-01T16:15:00+00:00,12119.31
2026-04-01T16:15:00+00:00,12119.31
2026-04-01T16:30:00+00:00,12119.31
2026-04-01T16:30:00+00:00,12244.06
2026-04-01T16:30:00+00:00,12244.06
2026-04-01T16:45:00+00:00,12244.06
2026-04-01T16:45:00+00:00,12207.53
2026-04-01T16:45:00+00:00,12207.53
2026-04-01T17:00:00+00:00,12207.48
2026-04-01T17:00:00+00:00,12262.73
2026-04-01T17:00:00+00:00,12262.73
2026-04-01T17:15:00+00:00,12262.73
2026-04-01T17:15:00+00:00,12190.55
2026-04-01T17:15:00+00:00,12190.55
2026-04-01T17:30:00+00:00,12190.55
2026-04-01T17:30:00+00:00,12180.53
2026-04-01T17:30:00+00:00,12180.53
2026-04-01T17:45:00+00:00,12180.53
2026-04-01T17:45:00+00:00,12160.48
2026-04-01T17:45:00+00:00,12160.48
2026-04-01T18:00:00+00:00,12160.51
2026-04-01T18:00:00+00:00,12120.41
2026-04-01T18:00:00+00:00,12120.41
2026-04-01T18:15:00+00:00,12120.41
2026-04-01T18:15:00+00:00,12095.68
2026-04-01T18:15:00+00:00,12095.68
2026-04-01T18:30:00+00:00,12095.68
2026-04-01T18:30:00+00:00,12126.42
2026-04-01T18:30:00+00:00,12126.42
2026-04-01T18:45:00+00:00,12126.42
2026-04-01T18:45:00+00:00,12105.70
2026-04-01T18:45:00+00:00,12105.70
2026-04-01T19:00:00+00:00,12105.84
2026-04-01T19:00:00+00:00,12117.87
2026-04-01T19:00:00+00:00,12117.87
2026-04-01T19:15:00+00:00,12117.87
2026-04-01T19:15:00+00:00,12192.06
2026-04-01T19:15:00+00:00,12192.06
2026-04-01T19:30:00+00:00,12192.06
2026-04-01T19:30:00+00:00,12172.68
2026-04-01T19:30:00+00:00,12172.68
2026-04-01T19:45:00+00:00,12172.68
2026-04-01T19:45:00+00:00,12184.04
2026-04-01T19:45:00+00:00,12184.04
2026-04-01T20:00:00+00:00,12184.31
2026-04-01T20:00:00+00:00,12155.57
2026-04-01T20:00:00+00:00,12155.57
2026-04-01T20:15:00+00:00,12155.57
2026-04-01T20:15:00+00:00,12135.52
2026-04-01T20:15:00+00:00,12135.52
2026-04-01T20:30:00+00:00,12135.52
2026-04-01T20:30:00+00:00,12184.98
2026-04-01T20:30:00+00:00,12184.98
2026-04-01T20:45:00+00:00,12184.98
2026-04-01T20:45:00+00:00,12202.35
2026-04-01T20:45:00+00:00,12202.35
2026-04-01T21:00:00+00:00,12202.66
2026-04-01T21:00:00+00:00,12252.79
2026-04-01T21:00:00+00:00,12252.79
2026-04-01T21:15:00+00:00,12252.79
2026-04-01T21:15:00+00:00,12283.53
2026-04-01T21:15:00+00:00,12283.53
2026-04-01T21:30:00+00:00,12283.53
2026-04-01T21:30:00+00:00,12284.87
2026-04-01T21:30:00+00:00,12284.87
2026-04-01T21:45:00+00:00,12284.87
2026-04-01T21:45:00+00:00,12290.88
2026-04-01T21:45:00+00:00,12290.88
2026-04-01T22:00:00+00:00,12291.34
2026-04-01T22:00:00+00:00,12249.90
2026-04-01T22:00:00+00:00,12249.90
2026-04-01T22:15:00+00:00,12249.90
2026-04-01T22:15:00+00:00,12211.73
2026-04-01T22:15:00+00:00,12211.73
2026-04-01T22:30:00+00:00,12211.73
2026-04-01T22:30:00+00:00,12211.73
2026-04-01T22:30:00+00:00,12211.73
2026-04-01T22:45:00+00:00,12211.73
2026-04-01T22:45:00+00:00,12211.73
2026-04-01T22:45:00+00:00,12211.73
2026-04-01T23:00:00+00:00,12211.73
2026-04-01T23:00:00+00:00,12211.73
2026-04-01T23:00:00+00:00,12211.73
2026-04-01T23:15:00+00:00,12211.73
2026-04-01T23:15:00+00:00,12211.73
2026-04-01T23:15:00+00:00,12211.73
2026-04-01T23:30:00+00:00,12211.73
2026-04-01T23:30:00+00:00,12211.73
2026-04-01T23:30:00+00:00,12211.73
2026-04-01T23:45:00+00:00,12211.73
2026-04-01T23:45:00+00:00,12211.73
2026-04-01T23:45:00+00:00,12211.73
2026-04-02T00:00:00+00:00,12211.73
2026-04-02T00:00:00+00:00,12211.73
2026-04-02T00:00:00+00:00,12211.73
2026-04-02T00:15:00+00:00,12211.73
2026-04-02T00:15:00+00:00,12211.73
2026-04-02T00:15:00+00:00,12211.73
2026-04-02T00:30:00+00:00,12211.73
2026-04-02T00:30:00+00:00,12211.73
2026-04-02T00:30:00+00:00,12211.73
2026-04-02T00:45:00+00:00,12211.73
2026-04-02T00:45:00+00:00,12211.73
2026-04-02T00:45:00+00:00,12211.73
2026-04-02T01:00:00+00:00,12211.73
2026-04-02T01:00:00+00:00,12211.73
2026-04-02T01:00:00+00:00,12211.73
2026-04-02T01:15:00+00:00,12211.73
2026-04-02T01:15:00+00:00,12211.73
2026-04-02T01:15:00+00:00,12211.73
2026-04-02T01:30:00+00:00,12211.73
2026-04-02T01:30:00+00:00,12211.73
2026-04-02T01:30:00+00:00,12211.73
2026-04-02T01:45:00+00:00,12211.73
2026-04-02T01:45:00+00:00,12211.73
2026-04-02T01:45:00+00:00,12211.73
2026-04-02T02:00:00+00:00,12211.73
2026-04-02T02:00:00+00:00,12211.73
2026-04-02T02:00:00+00:00,12211.73
2026-04-02T02:15:00+00:00,12211.73
2026-04-02T02:15:00+00:00,12211.73
2026-04-02T02:15:00+00:00,12211.73
2026-04-02T02:30:00+00:00,12211.73
2026-04-02T02:30:00+00:00,12211.73
2026-04-02T02:30:00+00:00,12211.73
2026-04-02T02:45:00+00:00,12211.73
2026-04-02T02:45:00+00:00,12211.73
2026-04-02T02:45:00+00:00,12211.73
2026-04-02T03:00:00+00:00,12211.73
2026-04-02T03:00:00+00:00,12211.73
2026-04-02T03:00:00+00:00,12211.73
2026-04-02T03:15:00+00:00,12211.73
2026-04-02T03:15:00+00:00,12211.73
2026-04-02T03:15:00+00:00,12211.73
2026-04-02T03:30:00+00:00,12211.73
2026-04-02T03:30:00+00:00,12211.73
2026-04-02T03:30:00+00:00,12211.73
2026-04-02T03:45:00+00:00,12211.73
2026-04-02T03:45:00+00:00,12211.73
2026-04-02T03:45:00+00:00,12211.73
2026-04-02T04:00:00+00:00,12211.73
2026-04-02T04:00:00+00:00,12211.73
2026-04-02T04:00:00+00:00,12211.73
2026-04-02T04:15:00+00:00,12211.73
2026-04-02T04:15:00+00:00,12211.73
2026-04-02T04:15:00+00:00,12211.73
2026-04-02T04:30:00+00:00,12211.73
2026-04-02T04:30:00+00:00,12211.73
2026-04-02T04:30:00+00:00,12211.73
2026-04-02T04:45:00+00:00,12211.73
2026-04-02T04:45:00+00:00,12211.73
2026-04-02T04:45:00+00:00,12211.73
2026-04-02T05:00:00+00:00,12211.73
2026-04-02T05:00:00+00:00,12211.73
2026-04-02T05:00:00+00:00,12211.73
2026-04-02T05:15:00+00:00,12211.73
2026-04-02T05:15:00+00:00,12211.73
2026-04-02T05:15:00+00:00,12211.73
2026-04-02T05:30:00+00:00,12211.73
2026-04-02T05:30:00+00:00,12211.73
2026-04-02T05:30:00+00:00,12211.73
2026-04-02T05:45:00+00:00,12211.73
2026-04-02T05:45:00+00:00,12211.73
2026-04-02T05:45:00+00:00,12211.73
2026-04-02T06:00:00+00:00,12211.73
2026-04-02T06:00:00+00:00,12211.73
2026-04-02T06:00:00+00:00,12211.73
2026-04-02T06:15:00+00:00,12211.73
2026-04-02T06:15:00+00:00,12211.73
2026-04-02T06:15:00+00:00,12211.73
2026-04-02T06:30:00+00:00,12211.73
2026-04-02T06:30:00+00:00,12211.73
2026-04-02T06:30:00+00:00,12211.73
2026-04-02T06:45:00+00:00,12211.73
2026-04-02T06:45:00+00:00,12211.73
2026-04-02T06:45:00+00:00,12211.73
2026-04-02T07:00:00+00:00,12211.73
2026-04-02T07:00:00+00:00,12211.73
2026-04-02T07:00:00+00:00,12211.73
2026-04-02T07:15:00+00:00,12211.73
2026-04-02T07:15:00+00:00,12211.73
2026-04-02T07:15:00+00:00,12211.73
2026-04-02T07:30:00+00:00,12211.73
2026-04-02T07:30:00+00:00,12211.73
2026-04-02T07:30:00+00:00,12211.73
2026-04-02T07:45:00+00:00,12211.73
2026-04-02T07:45:00+00:00,12211.73
2026-04-02T07:45:00+00:00,12211.73
2026-04-02T08:00:00+00:00,12211.73
2026-04-02T08:00:00+00:00,12211.73
2026-04-02T08:00:00+00:00,12211.73
2026-04-02T08:15:00+00:00,12211.73
2026-04-02T08:15:00+00:00,12211.73
2026-04-02T08:15:00+00:00,12211.73
2026-04-02T08:30:00+00:00,12211.73
2026-04-02T08:30:00+00:00,12211.73
2026-04-02T08:30:00+00:00,12211.73
2026-04-02T08:45:00+00:00,12211.73
2026-04-02T08:45:00+00:00,12211.73
2026-04-02T08:45:00+00:00,12211.73
2026-04-02T09:00:00+00:00,12211.73
2026-04-02T09:00:00+00:00,12211.73
2026-04-02T09:00:00+00:00,12211.73
2026-04-02T09:15:00+00:00,12211.73
2026-04-02T09:15:00+00:00,12211.73
2026-04-02T09:15:00+00:00,12211.73
2026-04-02T09:30:00+00:00,12211.73
2026-04-02T09:30:00+00:00,12211.73
2026-04-02T09:30:00+00:00,12211.73
2026-04-02T09:45:00+00:00,12211.73
2026-04-02T09:45:00+00:00,12211.73
2026-04-02T09:45:00+00:00,12211.73
2026-04-02T10:00:00+00:00,12211.73
2026-04-02T10:00:00+00:00,12211.73
2026-04-02T10:00:00+00:00,12211.73
2026-04-02T10:15:00+00:00,12211.73
2026-04-02T10:15:00+00:00,12211.73
2026-04-02T10:15:00+00:00,12211.73
2026-04-02T10:30:00+00:00,12211.73
2026-04-02T10:30:00+00:00,12211.73
2026-04-02T10:30:00+00:00,12211.73
2026-04-02T10:45:00+00:00,12211.73
2026-04-02T10:45:00+00:00,12211.73
2026-04-02T10:45:00+00:00,12211.73
2026-04-02T11:00:00+00:00,12211.73
2026-04-02T11:00:00+00:00,12211.73
2026-04-02T11:00:00+00:00,12211.73
2026-04-02T11:15:00+00:00,12211.73
2026-04-02T11:15:00+00:00,12211.73
2026-04-02T11:15:00+00:00,12211.73
2026-04-02T11:30:00+00:00,12211.73
2026-04-02T11:30:00+00:00,12211.73
2026-04-02T11:30:00+00:00,12211.73
2026-04-02T11:45:00+00:00,12211.73
2026-04-02T11:45:00+00:00,12211.73
2026-04-02T11:45:00+00:00,12211.73
2026-04-02T12:00:00+00:00,12211.73
2026-04-02T12:00:00+00:00,12211.73
2026-04-02T12:00:00+00:00,12211.73
2026-04-02T12:15:00+00:00,12211.73
2026-04-02T12:15:00+00:00,12211.73
2026-04-02T12:15:00+00:00,12211.73
2026-04-02T12:30:00+00:00,12211.73
2026-04-02T12:30:00+00:00,12211.73
2026-04-02T12:30:00+00:00,12211.73
2026-04-02T12:45:00+00:00,12211.73
2026-04-02T12:45:00+00:00,12211.73
2026-04-02T12:45:00+00:00,12211.73
2026-04-02T13:00:00+00:00,12211.73
2026-04-02T13:00:00+00:00,12211.73
2026-04-02T13:00:00+00:00,12211.73
2026-04-02T13:15:00+00:00,12211.73
2026-04-02T13:15:00+00:00,12211.73
2026-04-02T13:15:00+00:00,12211.73
2026-04-02T13:30:00+00:00,12211.73
2026-04-02T13:30:00+00:00,12211.73
2026-04-02T13:30:00+00:00,12211.73
2026-04-02T13:45:00+00:00,12211.73
2026-04-02T13:45:00+00:00,12211.73
2026-04-02T13:45:00+00:00,12211.73
2026-04-02T14:00:00+00:00,12211.73
2026-04-02T14:00:00+00:00,12211.73
2026-04-02T14:00:00+00:00,12211.73
2026-04-02T14:15:00+00:00,12211.73
2026-04-02T14:15:00+00:00,12211.73
2026-04-02T14:15:00+00:00,12211.73
2026-04-02T14:30:00+00:00,12211.73
2026-04-02T14:30:00+00:00,12211.73
2026-04-02T14:30:00+00:00,12211.73
2026-04-02T14:45:00+00:00,12211.73
2026-04-02T14:45:00+00:00,12211.73
2026-04-02T14:45:00+00:00,12211.73
2026-04-02T15:00:00+00:00,12211.73
2026-04-02T15:00:00+00:00,12211.73
2026-04-02T15:00:00+00:00,12211.73
2026-04-02T15:15:00+00:00,12211.73
2026-04-02T15:15:00+00:00,12211.73
2026-04-02T15:15:00+00:00,12211.73
2026-04-02T15:30:00+00:00,12211.73
2026-04-02T15:30:00+00:00,12211.73
2026-04-02T15:30:00+00:00,12211.73
2026-04-02T15:45:00+00:00,12211.73
2026-04-02T15:45:00+00:00,12211.73
2026-04-02T15:45:00+00:00,12211.73
2026-04-02T16:00:00+00:00,12211.73
2026-04-02T16:00:00+00:00,12211.73
2026-04-02T16:00:00+00:00,12211.73
2026-04-02T16:15:00+00:00,12211.73
2026-04-02T16:15:00+00:00,12211.73
2026-04-02T16:15:00+00:00,12211.73
2026-04-02T16:30:00+00:00,12211.73
2026-04-02T16:30:00+00:00,12211.73
2026-04-02T16:30:00+00:00,12211.73
2026-04-02T16:45:00+00:00,12211.73
2026-04-02T16:45:00+00:00,12211.73
2026-04-02T16:45:00+00:00,12211.73
2026-04-02T17:00:00+00:00,12211.73
2026-04-02T17:00:00+00:00,12211.73
2026-04-02T17:00:00+00:00,12211.73
2026-04-02T17:15:00+00:00,12211.73
2026-04-02T17:15:00+00:00,12211.73
2026-04-02T17:15:00+00:00,12211.73
2026-04-02T17:30:00+00:00,12211.73
2026-04-02T17:30:00+00:00,12211.73
2026-04-02T17:30:00+00:00,12211.73
2026-04-02T17:45:00+00:00,12211.73
2026-04-02T17:45:00+00:00,12211.73
2026-04-02T17:45:00+00:00,12211.73
2026-04-02T18:00:00+00:00,12211.73
2026-04-02T18:00:00+00:00,12211.73
2026-04-02T18:00:00+00:00,12211.73
2026-04-02T18:15:00+00:00,12211.73
2026-04-02T18:15:00+00:00,12211.73
2026-04-02T18:15:00+00:00,12211.73
2026-04-02T18:30:00+00:00,12211.73
2026-04-02T18:30:00+00:00,12211.73
2026-04-02T18:30:00+00:00,12211.73
2026-04-02T18:45:00+00:00,12211.73
2026-04-02T18:45:00+00:00,12211.73
2026-04-02T18:45:00+00:00,12211.73
2026-04-02T19:00:00+00:00,12211.73
2026-04-02T19:00:00+00:00,12211.73
2026-04-02T19:00:00+00:00,12211.73
2026-04-02T19:15:00+00:00,12211.73
2026-04-02T19:15:00+00:00,12211.73
2026-04-02T19:15:00+00:00,12211.73
2026-04-02T19:30:00+00:00,12211.73
2026-04-02T19:30:00+00:00,12211.73
2026-04-02T19:30:00+00:00,12211.73
2026-04-02T19:45:00+00:00,12211.73
2026-04-02T19:45:00+00:00,12211.73
2026-04-02T19:45:00+00:00,12211.73
2026-04-02T20:00:00+00:00,12211.73
2026-04-02T20:00:00+00:00,12211.73
2026-04-02T20:00:00+00:00,12211.73
2026-04-02T20:15:00+00:00,12211.73
2026-04-02T20:15:00+00:00,12211.73
2026-04-02T20:15:00+00:00,12211.73
2026-04-02T20:30:00+00:00,12211.73
2026-04-02T20:30:00+00:00,12211.73
2026-04-02T20:30:00+00:00,12211.73
2026-04-02T20:45:00+00:00,12211.73
2026-04-02T20:45:00+00:00,12211.73
2026-04-02T20:45:00+00:00,12211.73
2026-04-02T21:00:00+00:00,12211.73
2026-04-02T21:00:00+00:00,12211.73
2026-04-02T21:00:00+00:00,12211.73
2026-04-02T21:15:00+00:00,12211.73
2026-04-02T21:15:00+00:00,12211.73
2026-04-02T21:15:00+00:00,12211.73
2026-04-02T21:30:00+00:00,12211.73
2026-04-02T21:30:00+00:00,12211.73
2026-04-02T21:30:00+00:00,12211.73
2026-04-02T21:45:00+00:00,12211.73
2026-04-02T21:45:00+00:00,12211.73
2026-04-02T21:45:00+00:00,12211.73
2026-04-02T22:00:00+00:00,12211.73
2026-04-02T22:00:00+00:00,12211.73
2026-04-02T22:00:00+00:00,12211.73
2026-04-02T22:15:00+00:00,12211.73
2026-04-02T22:15:00+00:00,12211.73
2026-04-02T22:15:00+00:00,12211.73
2026-04-02T22:30:00+00:00,12211.73
2026-04-02T22:30:00+00:00,12211.73
2026-04-02T22:30:00+00:00,12211.73
2026-04-02T22:45:00+00:00,12211.73
2026-04-02T22:45:00+00:00,12211.73
2026-04-02T22:45:00+00:00,12211.73
2026-04-02T23:00:00+00:00,12211.73
2026-04-02T23:00:00+00:00,12211.73
2026-04-02T23:00:00+00:00,12211.73
2026-04-02T23:15:00+00:00,12211.73
2026-04-02T23:15:00+00:00,12211.73
2026-04-02T23:15:00+00:00,12211.73
2026-04-02T23:30:00+00:00,12211.73
2026-04-02T23:30:00+00:00,12211.73
2026-04-02T23:30:00+00:00,12211.73
2026-04-02T23:45:00+00:00,12211.73
2026-04-02T23:45:00+00:00,12211.73
2026-04-02T23:45:00+00:00,12211.73
2026-04-03T00:00:00+00:00,12211.73
2026-04-03T00:00:00+00:00,12211.73
2026-04-03T00:00:00+00:00,12211.73
2026-04-03T00:15:00+00:00,12211.73
2026-04-03T00:15:00+00:00,12211.73
2026-04-03T00:15:00+00:00,12211.73
2026-04-03T00:30:00+00:00,12211.73
2026-04-03T00:30:00+00:00,12211.73
2026-04-03T00:30:00+00:00,12211.73
2026-04-03T00:45:00+00:00,12211.73
2026-04-03T00:45:00+00:00,12211.73
2026-04-03T00:45:00+00:00,12211.73
2026-04-03T01:00:00+00:00,12211.73
2026-04-03T01:00:00+00:00,12211.73
2026-04-03T01:00:00+00:00,12211.73
2026-04-03T01:15:00+00:00,12211.73
2026-04-03T01:15:00+00:00,12211.73
2026-04-03T01:15:00+00:00,12211.73
2026-04-03T01:30:00+00:00,12211.73
2026-04-03T01:30:00+00:00,12211.73
2026-04-03T01:30:00+00:00,12211.73
2026-04-03T01:45:00+00:00,12211.73
2026-04-03T01:45:00+00:00,12211.73
2026-04-03T01:45:00+00:00,12211.73
2026-04-03T02:00:00+00:00,12211.73
2026-04-03T02:00:00+00:00,12211.73
2026-04-03T02:00:00+00:00,12211.73
2026-04-03T02:15:00+00:00,12211.73
2026-04-03T02:15:00+00:00,12211.73
2026-04-03T02:15:00+00:00,12211.73
2026-04-03T02:30:00+00:00,12211.73
2026-04-03T02:30:00+00:00,12211.73
2026-04-03T02:30:00+00:00,12211.73
2026-04-03T02:45:00+00:00,12211.73
2026-04-03T02:45:00+00:00,12211.73
2026-04-03T02:45:00+00:00,12211.73
2026-04-03T03:00:00+00:00,12211.73
2026-04-03T03:00:00+00:00,12211.73
2026-04-03T03:00:00+00:00,12211.73
2026-04-03T03:15:00+00:00,12211.73
2026-04-03T03:15:00+00:00,12211.73
2026-04-03T03:15:00+00:00,12211.73
2026-04-03T03:30:00+00:00,12211.73
2026-04-03T03:30:00+00:00,12211.73
2026-04-03T03:30:00+00:00,12211.73
2026-04-03T03:45:00+00:00,12211.73
2026-04-03T03:45:00+00:00,12211.73
2026-04-03T03:45:00+00:00,12211.73
2026-04-03T04:00:00+00:00,12211.73
2026-04-03T04:00:00+00:00,12211.73
2026-04-03T04:00:00+00:00,12211.73
2026-04-03T04:15:00+00:00,12211.73
2026-04-03T04:15:00+00:00,12211.73
2026-04-03T04:15:00+00:00,12211.73
2026-04-03T04:30:00+00:00,12211.73
2026-04-03T04:30:00+00:00,12211.73
2026-04-03T04:30:00+00:00,12211.73
2026-04-03T04:45:00+00:00,12211.73
2026-04-03T04:45:00+00:00,12211.73
2026-04-03T04:45:00+00:00,12211.73
2026-04-03T05:00:00+00:00,12211.73
2026-04-03T05:00:00+00:00,12211.73
2026-04-03T05:00:00+00:00,12211.73
2026-04-03T05:15:00+00:00,12211.73
2026-04-03T05:15:00+00:00,12211.73
2026-04-03T05:15:00+00:00,12211.73
2026-04-03T05:30:00+00:00,12211.73
2026-04-03T05:30:00+00:00,12211.73
2026-04-03T05:30:00+00:00,12211.73
2026-04-03T05:45:00+00:00,12211.73
2026-04-03T05:45:00+00:00,12211.73
2026-04-03T05:45:00+00:00,12211.73
2026-04-03T06:00:00+00:00,12211.73
2026-04-03T06:00:00+00:00,12211.73
2026-04-03T06:00:00+00:00,12211.73
2026-04-03T06:15:00+00:00,12211.73
2026-04-03T06:15:00+00:00,12211.73
2026-04-03T06:15:00+00:00,12211.73
2026-04-03T06:30:00+00:00,12211.73
2026-04-03T06:30:00+00:00,12211.73
2026-04-03T06:30:00+00:00,12211.73
2026-04-03T06:45:00+00:00,12211.73
2026-04-03T06:45:00+00:00,12211.73
2026-04-03T06:45:00+00:00,12211.73
2026-04-03T07:00:00+00:00,12211.73
2026-04-03T07:00:00+00:00,12211.73
2026-04-03T07:00:00+00:00,12211.73
2026-04-03T07:15:00+00:00,12211.73
2026-04-03T07:15:00+00:00,12211.73
2026-04-03T07:15:00+00:00,12211.73
2026-04-03T07:30:00+00:00,12211.73
2026-04-03T07:30:00+00:00,12211.73
2026-04-03T07:30:00+00:00,12211.73
2026-04-03T07:45:00+00:00,12211.73
2026-04-03T07:45:00+00:00,12211.73
2026-04-03T07:45:00+00:00,12211.73
2026-04-03T08:00:00+00:00,12211.73
2026-04-03T08:00:00+00:00,12211.73
2026-04-03T08:00:00+00:00,12211.73
2026-04-03T08:15:00+00:00,12211.73
2026-04-03T08:15:00+00:00,12211.73
2026-04-03T08:15:00+00:00,12211.73
2026-04-03T08:30:00+00:00,12211.73
2026-04-03T08:30:00+00:00,12211.73
2026-04-03T08:30:00+00:00,12211.73
2026-04-03T08:45:00+00:00,12211.73
2026-04-03T08:45:00+00:00,12211.73
2026-04-03T08:45:00+00:00,12211.73
2026-04-03T09:00:00+00:00,12211.73
2026-04-03T09:00:00+00:00,12211.73
2026-04-03T09:00:00+00:00,12211.73
2026-04-03T09:15:00+00:00,12211.73
2026-04-03T09:15:00+00:00,12211.73
2026-04-03T09:15:00+00:00,12211.73
2026-04-03T09:30:00+00:00,12211.73
2026-04-03T09:30:00+00:00,12211.73
2026-04-03T09:30:00+00:00,12211.73
2026-04-03T09:45:00+00:00,12211.73
2026-04-03T09:45:00+00:00,12211.73
2026-04-03T09:45:00+00:00,12211.73
2026-04-03T10:00:00+00:00,12211.73
2026-04-03T10:00:00+00:00,12211.73
2026-04-03T10:00:00+00:00,12211.73
2026-04-03T10:15:00+00:00,12211.73
2026-04-03T10:15:00+00:00,12211.73
2026-04-03T10:15:00+00:00,12211.73
2026-04-03T10:30:00+00:00,12211.73
2026-04-03T10:30:00+00:00,12211.73
2026-04-03T10:30:00+00:00,12211.73
2026-04-03T10:45:00+00:00,12211.73
2026-04-03T10:45:00+00:00,12211.73
2026-04-03T10:45:00+00:00,12211.73
2026-04-03T11:00:00+00:00,12211.73
2026-04-03T11:00:00+00:00,12211.73
2026-04-03T11:00:00+00:00,12211.73
2026-04-03T11:15:00+00:00,12211.73
2026-04-03T11:15:00+00:00,12211.73
2026-04-03T11:15:00+00:00,12211.73
2026-04-03T11:30:00+00:00,12211.73
2026-04-03T11:30:00+00:00,12211.73
2026-04-03T11:30:00+00:00,12211.73
2026-04-03T11:45:00+00:00,12211.73
2026-04-03T11:45:00+00:00,12211.73
2026-04-03T11:45:00+00:00,12211.73
2026-04-03T12:00:00+00:00,12211.73
2026-04-03T12:00:00+00:00,12211.73
2026-04-03T12:00:00+00:00,12211.73
2026-04-03T12:15:00+00:00,12211.73
2026-04-03T12:15:00+00:00,12211.73
2026-04-03T12:15:00+00:00,12211.73
2026-04-03T12:30:00+00:00,12211.73
2026-04-03T12:30:00+00:00,12211.73
2026-04-03T12:30:00+00:00,12211.73
2026-04-03T12:45:00+00:00,12211.73
2026-04-03T12:45:00+00:00,12211.73
2026-04-03T12:45:00+00:00,12211.73
2026-04-03T13:00:00+00:00,12211.73
2026-04-03T13:00:00+00:00,12211.73
2026-04-03T13:00:00+00:00,12211.73
2026-04-03T13:15:00+00:00,12211.73
2026-04-03T13:15:00+00:00,12211.73
2026-04-03T13:15:00+00:00,12211.73
2026-04-03T13:30:00+00:00,12211.73
2026-04-03T13:30:00+00:00,12211.73
2026-04-03T13:30:00+00:00,12211.73
2026-04-03T13:45:00+00:00,12211.73
2026-04-03T13:45:00+00:00,12211.73
2026-04-03T13:45:00+00:00,12211.73
2026-04-03T14:00:00+00:00,12211.73
2026-04-03T14:00:00+00:00,12211.73
2026-04-03T14:00:00+00:00,12211.73
2026-04-03T14:15:00+00:00,12211.73
2026-04-03T14:15:00+00:00,12211.73
2026-04-03T14:15:00+00:00,12211.73
2026-04-03T14:30:00+00:00,12211.73
2026-04-03T14:30:00+00:00,12211.73
2026-04-03T14:30:00+00:00,12211.73
2026-04-03T14:45:00+00:00,12211.73
2026-04-03T14:45:00+00:00,12211.73
2026-04-03T14:45:00+00:00,12211.73
2026-04-03T15:00:00+00:00,12211.73
2026-04-03T15:00:00+00:00,12211.73
2026-04-03T15:00:00+00:00,12211.73
2026-04-03T15:15:00+00:00,12211.73
2026-04-03T15:15:00+00:00,12211.73
2026-04-03T15:15:00+00:00,12211.73
2026-04-03T15:30:00+00:00,12211.73
2026-04-03T15:30:00+00:00,12211.73
2026-04-03T15:30:00+00:00,12211.73
2026-04-03T15:45:00+00:00,12211.73
2026-04-03T15:45:00+00:00,12211.73
2026-04-03T15:45:00+00:00,12211.73
2026-04-03T16:00:00+00:00,12211.73
2026-04-03T16:00:00+00:00,12211.73
2026-04-03T16:00:00+00:00,12211.73
2026-04-03T16:15:00+00:00,12211.73
2026-04-03T16:15:00+00:00,12211.73
2026-04-03T16:15:00+00:00,12211.73
2026-04-03T16:30:00+00:00,12211.73
2026-04-03T16:30:00+00:00,12211.73
2026-04-03T16:30:00+00:00,12211.73
2026-04-03T16:45:00+00:00,12211.73
2026-04-03T16:45:00+00:00,12211.73
2026-04-03T16:45:00+00:00,12211.73
2026-04-03T17:00:00+00:00,12211.73
2026-04-03T17:00:00+00:00,12211.73
2026-04-03T17:00:00+00:00,12211.73
2026-04-03T17:15:00+00:00,12211.73
2026-04-03T17:15:00+00:00,12211.73
2026-04-03T17:15:00+00:00,12211.73
2026-04-03T17:30:00+00:00,12211.73
2026-04-03T17:30:00+00:00,12211.73
2026-04-03T17:30:00+00:00,12211.73
2026-04-03T17:45:00+00:00,12211.73
2026-04-03T17:45:00+00:00,12211.73
2026-04-03T17:45:00+00:00,12211.73
2026-04-03T18:00:00+00:00,12211.73
2026-04-03T18:00:00+00:00,12211.73
2026-04-03T18:00:00+00:00,12211.73
2026-04-03T18:15:00+00:00,12211.73
2026-04-03T18:15:00+00:00,12211.73
2026-04-03T18:15:00+00:00,12211.73
2026-04-03T18:30:00+00:00,12211.73
2026-04-03T18:30:00+00:00,12211.73
2026-04-03T18:30:00+00:00,12211.73
2026-04-03T18:45:00+00:00,12211.73
2026-04-03T18:45:00+00:00,12211.73
2026-04-03T18:45:00+00:00,12211.73
2026-04-03T19:00:00+00:00,12211.73
2026-04-03T19:00:00+00:00,12211.73
2026-04-03T19:00:00+00:00,12211.73
2026-04-03T19:15:00+00:00,12211.73
2026-04-03T19:15:00+00:00,12211.73
2026-04-03T19:15:00+00:00,12211.73
2026-04-03T19:30:00+00:00,12211.73
2026-04-03T19:30:00+00:00,12211.73
2026-04-03T19:30:00+00:00,12211.73
2026-04-03T19:45:00+00:00,12211.73
2026-04-03T19:45:00+00:00,12211.73
2026-04-03T19:45:00+00:00,12211.73
2026-04-03T20:00:00+00:00,12211.73
2026-04-03T20:00:00+00:00,12211.73
2026-04-03T20:00:00+00:00,12211.73
2026-04-03T20:15:00+00:00,12211.73
2026-04-03T20:15:00+00:00,12211.73
2026-04-03T20:15:00+00:00,12211.73
2026-04-03T20:30:00+00:00,12211.73
2026-04-03T20:30:00+00:00,12211.73
2026-04-03T20:30:00+00:00,12211.73
2026-04-03T20:45:00+00:00,12211.73
2026-04-03T20:45:00+00:00,12211.73
2026-04-03T20:45:00+00:00,12211.73
2026-04-03T21:00:00+00:00,12211.73
2026-04-03T21:00:00+00:00,12211.73
2026-04-03T21:00:00+00:00,12211.73
2026-04-03T21:15:00+00:00,12211.73
2026-04-03T21:15:00+00:00,12211.73
2026-04-03T21:15:00+00:00,12211.73
2026-04-03T21:30:00+00:00,12211.73
2026-04-03T21:30:00+00:00,12211.73
2026-04-03T21:30:00+00:00,12211.73
2026-04-03T21:45:00+00:00,12211.73
2026-04-03T21:45:00+00:00,12211.73
2026-04-03T21:45:00+00:00,12211.73
2026-04-03T22:00:00+00:00,12211.73
2026-04-03T22:00:00+00:00,12211.73
2026-04-03T22:00:00+00:00,12211.73
2026-04-03T22:15:00+00:00,12211.73
2026-04-03T22:15:00+00:00,12211.73
2026-04-03T22:15:00+00:00,12211.73
2026-04-03T22:30:00+00:00,12211.73
2026-04-03T22:30:00+00:00,12211.73
2026-04-03T22:30:00+00:00,12211.73
2026-04-03T22:45:00+00:00,12211.73
2026-04-03T22:45:00+00:00,12211.73
2026-04-03T22:45:00+00:00,12211.73
2026-04-03T23:00:00+00:00,12211.73
2026-04-03T23:00:00+00:00,12211.73
2026-04-03T23:00:00+00:00,12211.73
2026-04-03T23:15:00+00:00,12211.73
2026-04-03T23:15:00+00:00,12211.73
2026-04-03T23:15:00+00:00,12211.73
2026-04-03T23:30:00+00:00,12211.73
2026-04-03T23:30:00+00:00,12211.73
2026-04-03T23:30:00+00:00,12211.73
2026-04-03T23:45:00+00:00,12211.73
2026-04-03T23:45:00+00:00,12211.73
2026-04-03T23:45:00+00:00,12211.73
2026-04-04T00:00:00+00:00,12211.73
2026-04-04T00:00:00+00:00,12211.73
2026-04-04T00:00:00+00:00,12211.73
2026-04-04T00:15:00+00:00,12211.73
2026-04-04T00:15:00+00:00,12211.73
2026-04-04T00:15:00+00:00,12211.73
2026-04-04T00:30:00+00:00,12211.73
2026-04-04T00:30:00+00:00,12211.73
2026-04-04T00:30:00+00:00,12211.73
2026-04-04T00:45:00+00:00,12211.73
2026-04-04T00:45:00+00:00,12211.73
2026-04-04T00:45:00+00:00,12211.73
2026-04-04T01:00:00+00:00,12211.73
2026-04-04T01:00:00+00:00,12211.73
2026-04-04T01:00:00+00:00,12211.73
2026-04-04T01:15:00+00:00,12211.73
2026-04-04T01:15:00+00:00,12211.73
2026-04-04T01:15:00+00:00,12211.73
2026-04-04T01:30:00+00:00,12211.73
2026-04-04T01:30:00+00:00,12211.73
2026-04-04T01:30:00+00:00,12211.73
2026-04-04T01:45:00+00:00,12211.73
2026-04-04T01:45:00+00:00,12211.73
2026-04-04T01:45:00+00:00,12211.73
2026-04-04T02:00:00+00:00,12211.73
2026-04-04T02:00:00+00:00,12211.73
2026-04-04T02:00:00+00:00,12211.73
2026-04-04T02:15:00+00:00,12211.73
2026-04-04T02:15:00+00:00,12211.73
2026-04-04T02:15:00+00:00,12211.73
2026-04-04T02:30:00+00:00,12211.73
2026-04-04T02:30:00+00:00,12211.73
2026-04-04T02:30:00+00:00,12211.73
2026-04-04T02:45:00+00:00,12211.73
2026-04-04T02:45:00+00:00,12211.73
2026-04-04T02:45:00+00:00,12211.73
2026-04-04T03:00:00+00:00,12211.73
2026-04-04T03:00:00+00:00,12211.73
2026-04-04T03:00:00+00:00,12211.73
2026-04-04T03:15:00+00:00,12211.73
2026-04-04T03:15:00+00:00,12211.73
2026-04-04T03:15:00+00:00,12211.73
2026-04-04T03:30:00+00:00,12211.73
2026-04-04T03:30:00+00:00,12211.73
2026-04-04T03:30:00+00:00,12211.73
2026-04-04T03:45:00+00:00,12211.73
2026-04-04T03:45:00+00:00,12211.73
2026-04-04T03:45:00+00:00,12211.73
2026-04-04T04:00:00+00:00,12211.73
2026-04-04T04:00:00+00:00,12211.73
2026-04-04T04:00:00+00:00,12211.73
2026-04-04T04:15:00+00:00,12211.73
2026-04-04T04:15:00+00:00,12211.73
2026-04-04T04:15:00+00:00,12211.73
2026-04-04T04:30:00+00:00,12211.73
2026-04-04T04:30:00+00:00,12211.73
2026-04-04T04:30:00+00:00,12211.73
2026-04-04T04:45:00+00:00,12211.73
2026-04-04T04:45:00+00:00,12211.73
2026-04-04T04:45:00+00:00,12211.73
2026-04-04T05:00:00+00:00,12211.73
2026-04-04T05:00:00+00:00,12211.73
2026-04-04T05:00:00+00:00,12211.73
2026-04-04T05:15:00+00:00,12211.73
2026-04-04T05:15:00+00:00,12211.73
2026-04-04T05:15:00+00:00,12211.73
2026-04-04T05:30:00+00:00,12211.73
2026-04-04T05:30:00+00:00,12211.73
2026-04-04T05:30:00+00:00,12211.73
2026-04-04T05:45:00+00:00,12211.73
2026-04-04T05:45:00+00:00,12211.73
2026-04-04T05:45:00+00:00,12211.73
2026-04-04T06:00:00+00:00,12211.73
2026-04-04T06:00:00+00:00,12211.73
2026-04-04T06:00:00+00:00,12211.73
2026-04-04T06:15:00+00:00,12211.73
2026-04-04T06:15:00+00:00,12211.73
2026-04-04T06:15:00+00:00,12211.73
2026-04-04T06:30:00+00:00,12211.73
2026-04-04T06:30:00+00:00,12211.73
2026-04-04T06:30:00+00:00,12211.73
2026-04-04T06:45:00+00:00,12211.73
2026-04-04T06:45:00+00:00,12211.73
2026-04-04T06:45:00+00:00,12211.73
2026-04-04T07:00:00+00:00,12211.73
2026-04-04T07:00:00+00:00,12211.73
2026-04-04T07:00:00+00:00,12211.73
2026-04-04T07:15:00+00:00,12211.73
2026-04-04T07:15:00+00:00,12211.73
2026-04-04T07:15:00+00:00,12211.73
2026-04-04T07:30:00+00:00,12211.73
2026-04-04T07:30:00+00:00,12211.73
2026-04-04T07:30:00+00:00,12211.73
2026-04-04T07:45:00+00:00,12211.73
2026-04-04T07:45:00+00:00,12211.73
2026-04-04T07:45:00+00:00,12211.73
2026-04-04T08:00:00+00:00,12211.73
2026-04-04T08:00:00+00:00,12211.73
2026-04-04T08:00:00+00:00,12211.73
2026-04-04T08:15:00+00:00,12211.73
2026-04-04T08:15:00+00:00,12211.73
2026-04-04T08:15:00+00:00,12211.73
2026-04-04T08:30:00+00:00,12211.73
2026-04-04T08:30:00+00:00,12211.73
2026-04-04T08:30:00+00:00,12211.73
2026-04-04T08:45:00+00:00,12211.73
2026-04-04T08:45:00+00:00,12211.73
2026-04-04T08:45:00+00:00,12211.73
2026-04-04T09:00:00+00:00,12211.73
2026-04-04T09:00:00+00:00,12211.73
2026-04-04T09:00:00+00:00,12211.73
2026-04-04T09:15:00+00:00,12211.73
2026-04-04T09:15:00+00:00,12211.73
2026-04-04T09:15:00+00:00,12211.73
2026-04-04T09:30:00+00:00,12211.73
2026-04-04T09:30:00+00:00,12211.73
2026-04-04T09:30:00+00:00,12211.73
2026-04-04T09:45:00+00:00,12211.73
2026-04-04T09:45:00+00:00,12211.73
2026-04-04T09:45:00+00:00,12211.73
2026-04-04T10:00:00+00:00,12211.73
2026-04-04T10:00:00+00:00,12211.73
2026-04-04T10:00:00+00:00,12211.73
2026-04-04T10:15:00+00:00,12211.73
2026-04-04T10:15:00+00:00,12211.73
2026-04-04T10:15:00+00:00,12211.73
2026-04-04T10:30:00+00:00,12211.73
2026-04-04T10:30:00+00:00,12211.73
2026-04-04T10:30:00+00:00,12211.73
2026-04-04T10:45:00+00:00,12211.73
2026-04-04T10:45:00+00:00,12211.73
2026-04-04T10:45:00+00:00,12211.73
2026-04-04T11:00:00+00:00,12211.73
2026-04-04T11:00:00+00:00,12211.73
2026-04-04T11:00:00+00:00,12211.73
2026-04-04T11:15:00+00:00,12211.73
2026-04-04T11:15:00+00:00,12211.73
2026-04-04T11:15:00+00:00,12211.73
2026-04-04T11:30:00+00:00,12211.73
2026-04-04T11:30:00+00:00,12211.73
2026-04-04T11:30:00+00:00,12211.73
2026-04-04T11:45:00+00:00,12211.73
2026-04-04T11:45:00+00:00,12211.73
2026-04-04T11:45:00+00:00,12211.73
2026-04-04T12:00:00+00:00,12211.73
2026-04-04T12:00:00+00:00,12211.73
2026-04-04T12:00:00+00:00,12211.73
2026-04-04T12:15:00+00:00,12211.73
2026-04-04T12:15:00+00:00,12211.73
2026-04-04T12:15:00+00:00,12211.73
2026-04-04T12:30:00+00:00,12211.73
2026-04-04T12:30:00+00:00,12211.73
2026-04-04T12:30:00+00:00,12211.73
2026-04-04T12:45:00+00:00,12211.73
2026-04-04T12:45:00+00:00,12211.73
2026-04-04T12:45:00+00:00,12211.73
2026-04-04T13:00:00+00:00,12211.73
2026-04-04T13:00:00+00:00,12211.73
2026-04-04T13:00:00+00:00,12211.73
2026-04-04T13:15:00+00:00,12211.73
2026-04-04T13:15:00+00:00,12211.73
2026-04-04T13:15:00+00:00,12211.73
2026-04-04T13:30:00+00:00,12211.73
2026-04-04T13:30:00+00:00,12211.73
2026-04-04T13:30:00+00:00,12211.73
2026-04-04T13:45:00+00:00,12211.73
2026-04-04T13:45:00+00:00,12211.73
2026-04-04T13:45:00+00:00,12211.73
2026-04-04T14:00:00+00:00,12211.73
2026-04-04T14:00:00+00:00,12211.73
2026-04-04T14:00:00+00:00,12211.73
2026-04-04T14:15:00+00:00,12211.73
2026-04-04T14:15:00+00:00,12211.73
2026-04-04T14:15:00+00:00,12211.73
2026-04-04T14:30:00+00:00,12211.73
2026-04-04T14:30:00+00:00,12211.73
2026-04-04T14:30:00+00:00,12211.73
2026-04-04T14:45:00+00:00,12211.73
2026-04-04T14:45:00+00:00,12211.73
2026-04-04T14:45:00+00:00,12211.73
2026-04-04T15:00:00+00:00,12211.73
2026-04-04T15:00:00+00:00,12211.73
2026-04-04T15:00:00+00:00,12211.73
2026-04-04T15:15:00+00:00,12211.73
2026-04-04T15:15:00+00:00,12211.73
2026-04-04T15:15:00+00:00,12211.73
2026-04-04T15:30:00+00:00,12211.73
2026-04-04T15:30:00+00:00,12211.73
2026-04-04T15:30:00+00:00,12211.73
2026-04-04T15:45:00+00:00,12211.73
2026-04-04T15:45:00+00:00,12211.73
2026-04-04T15:45:00+00:00,12211.73
2026-04-04T16:00:00+00:00,12211.73
2026-04-04T16:00:00+00:00,12211.73
2026-04-04T16:00:00+00:00,12211.73
2026-04-04T16:15:00+00:00,12211.73
2026-04-04T16:15:00+00:00,12211.73
2026-04-04T16:15:00+00:00,12211.73
2026-04-04T16:30:00+00:00,12211.73
2026-04-04T16:30:00+00:00,12211.73
2026-04-04T16:30:00+00:00,12211.73
2026-04-04T16:45:00+00:00,12211.73
2026-04-04T16:45:00+00:00,12211.73
2026-04-04T16:45:00+00:00,12211.73
2026-04-04T17:00:00+00:00,12211.73
2026-04-04T17:00:00+00:00,12211.73
2026-04-04T17:00:00+00:00,12211.73
2026-04-04T17:15:00+00:00,12211.73
2026-04-04T17:15:00+00:00,12211.73
2026-04-04T17:15:00+00:00,12211.73
2026-04-04T17:30:00+00:00,12211.73
2026-04-04T17:30:00+00:00,12211.73
2026-04-04T17:30:00+00:00,12211.73
2026-04-04T17:45:00+00:00,12211.73
2026-04-04T17:45:00+00:00,12211.73
2026-04-04T17:45:00+00:00,12211.73
2026-04-04T18:00:00+00:00,12211.73
2026-04-04T18:00:00+00:00,12211.73
2026-04-04T18:00:00+00:00,12211.73
2026-04-04T18:15:00+00:00,12211.73
2026-04-04T18:15:00+00:00,12211.73
2026-04-04T18:15:00+00:00,12211.73
2026-04-04T18:30:00+00:00,12211.73
2026-04-04T18:30:00+00:00,12211.73
2026-04-04T18:30:00+00:00,12211.73
2026-04-04T18:45:00+00:00,12211.73
2026-04-04T18:45:00+00:00,12211.73
2026-04-04T18:45:00+00:00,12211.73
2026-04-04T19:00:00+00:00,12211.73
2026-04-04T19:00:00+00:00,12211.73
2026-04-04T19:00:00+00:00,12211.73
2026-04-04T19:15:00+00:00,12211.73
2026-04-04T19:15:00+00:00,12211.73
2026-04-04T19:15:00+00:00,12211.73
2026-04-04T19:30:00+00:00,12211.73
2026-04-04T19:30:00+00:00,12211.73
2026-04-04T19:30:00+00:00,12211.73
2026-04-04T19:45:00+00:00,12211.73
2026-04-04T19:45:00+00:00,12211.73
2026-04-04T19:45:00+00:00,12211.73
2026-04-04T20:00:00+00:00,12211.73
2026-04-04T20:00:00+00:00,12211.73
2026-04-04T20:00:00+00:00,12211.73
2026-04-04T20:15:00+00:00,12211.73
2026-04-04T20:15:00+00:00,12211.73
2026-04-04T20:15:00+00:00,12211.73
2026-04-04T20:30:00+00:00,12211.73
2026-04-04T20:30:00+00:00,12211.73
2026-04-04T20:30:00+00:00,12211.73
2026-04-04T20:45:00+00:00,12211.73
2026-04-04T20:45:00+00:00,12211.73
2026-04-04T20:45:00+00:00,12211.73
2026-04-04T21:00:00+00:00,12211.73
2026-04-04T21:00:00+00:00,12211.73
2026-04-04T21:00:00+00:00,12211.73
2026-04-04T21:15:00+00:00,12211.73
2026-04-04T21:15:00+00:00,12211.73
2026-04-04T21:15:00+00:00,12211.73
2026-04-04T21:30:00+00:00,12211.73
2026-04-04T21:30:00+00:00,12211.73
2026-04-04T21:30:00+00:00,12211.73
2026-04-04T21:45:00+00:00,12211.73
2026-04-04T21:45:00+00:00,12211.73
2026-04-04T21:45:00+00:00,12211.73
2026-04-04T22:00:00+00:00,12211.73
2026-04-04T22:00:00+00:00,12211.73
2026-04-04T22:00:00+00:00,12211.73
2026-04-04T22:15:00+00:00,12211.73
2026-04-04T22:15:00+00:00,12211.73
2026-04-04T22:15:00+00:00,12211.73
2026-04-04T22:30:00+00:00,12211.73
2026-04-04T22:30:00+00:00,12211.73
2026-04-04T22:30:00+00:00,12211.73
2026-04-04T22:45:00+00:00,12211.73
2026-04-04T22:45:00+00:00,12211.73
2026-04-04T22:45:00+00:00,12211.73
2026-04-04T23:00:00+00:00,12211.73
2026-04-04T23:00:00+00:00,12211.73
2026-04-04T23:00:00+00:00,12211.73
2026-04-04T23:15:00+00:00,12211.73
2026-04-04T23:15:00+00:00,12211.73
2026-04-04T23:15:00+00:00,12211.73
2026-04-04T23:30:00+00:00,12211.73
2026-04-04T23:30:00+00:00,12211.73
2026-04-04T23:30:00+00:00,12211.73
2026-04-04T23:45:00+00:00,12211.73
2026-04-04T23:45:00+00:00,12211.73
2026-04-04T23:45:00+00:00,12211.73
2026-04-05T00:00:00+00:00,12211.73
2026-04-05T00:00:00+00:00,12211.73
2026-04-05T00:00:00+00:00,12211.73
2026-04-05T00:15:00+00:00,12211.73
2026-04-05T00:15:00+00:00,12211.73
2026-04-05T00:15:00+00:00,12211.73
2026-04-05T00:30:00+00:00,12211.73
2026-04-05T00:30:00+00:00,12211.73
2026-04-05T00:30:00+00:00,12211.73
2026-04-05T00:45:00+00:00,12211.73
2026-04-05T00:45:00+00:00,12211.73
2026-04-05T00:45:00+00:00,12211.73
2026-04-05T01:00:00+00:00,12211.73
2026-04-05T01:00:00+00:00,12211.73
2026-04-05T01:00:00+00:00,12211.73
2026-04-05T01:15:00+00:00,12211.73
2026-04-05T01:15:00+00:00,12211.73
2026-04-05T01:15:00+00:00,12211.73
2026-04-05T01:30:00+00:00,12211.73
2026-04-05T01:30:00+00:00,12211.73
2026-04-05T01:30:00+00:00,12211.73
2026-04-05T01:45:00+00:00,12211.73
2026-04-05T01:45:00+00:00,12211.73
2026-04-05T01:45:00+00:00,12211.73
2026-04-05T02:00:00+00:00,12211.73
2026-04-05T02:00:00+00:00,12211.73
2026-04-05T02:00:00+00:00,12211.73
2026-04-05T02:15:00+00:00,12211.73
2026-04-05T02:15:00+00:00,12211.73
2026-04-05T02:15:00+00:00,12211.73
2026-04-05T02:30:00+00:00,12211.73
2026-04-05T02:30:00+00:00,12211.73
2026-04-05T02:30:00+00:00,12211.73
2026-04-05T02:45:00+00:00,12211.73
2026-04-05T02:45:00+00:00,12211.73
2026-04-05T02:45:00+00:00,12211.73
2026-04-05T03:00:00+00:00,12211.73
2026-04-05T03:00:00+00:00,12211.73
2026-04-05T03:00:00+00:00,12211.73
2026-04-05T03:15:00+00:00,12211.73
2026-04-05T03:15:00+00:00,12211.73
2026-04-05T03:15:00+00:00,12211.73
2026-04-05T03:30:00+00:00,12211.73
2026-04-05T03:30:00+00:00,12211.73
2026-04-05T03:30:00+00:00,12211.73
2026-04-05T03:45:00+00:00,12211.73
2026-04-05T03:45:00+00:00,12211.73
2026-04-05T03:45:00+00:00,12211.73
2026-04-05T04:00:00+00:00,12211.73
2026-04-05T04:00:00+00:00,12211.73
2026-04-05T04:00:00+00:00,12211.73
2026-04-05T04:15:00+00:00,12211.73
2026-04-05T04:15:00+00:00,12211.73
2026-04-05T04:15:00+00:00,12211.73
2026-04-05T04:30:00+00:00,12211.73
2026-04-05T04:30:00+00:00,12211.73
2026-04-05T04:30:00+00:00,12211.73
2026-04-05T04:45:00+00:00,12211.73
2026-04-05T04:45:00+00:00,12211.73
2026-04-05T04:45:00+00:00,12211.73
2026-04-05T05:00:00+00:00,12211.73
2026-04-05T05:00:00+00:00,12211.73
2026-04-05T05:00:00+00:00,12211.73
2026-04-05T05:15:00+00:00,12211.73
2026-04-05T05:15:00+00:00,12211.73
2026-04-05T05:15:00+00:00,12211.73
2026-04-05T05:30:00+00:00,12211.73
2026-04-05T05:30:00+00:00,12211.73
2026-04-05T05:30:00+00:00,12211.73
2026-04-05T05:45:00+00:00,12211.73
2026-04-05T05:45:00+00:00,12211.73
2026-04-05T05:45:00+00:00,12211.73
2026-04-05T06:00:00+00:00,12211.73
2026-04-05T06:00:00+00:00,12211.73
2026-04-05T06:00:00+00:00,12211.73
2026-04-05T06:15:00+00:00,12211.73
2026-04-05T06:15:00+00:00,12211.73
2026-04-05T06:15:00+00:00,12211.73
2026-04-05T06:30:00+00:00,12211.73
2026-04-05T06:30:00+00:00,12211.73
2026-04-05T06:30:00+00:00,12211.73
2026-04-05T06:45:00+00:00,12211.73
2026-04-05T06:45:00+00:00,12211.73
2026-04-05T06:45:00+00:00,12211.73
2026-04-05T07:00:00+00:00,12211.73
2026-04-05T07:00:00+00:00,12211.73
2026-04-05T07:00:00+00:00,12211.73
2026-04-05T07:15:00+00:00,12211.73
2026-04-05T07:15:00+00:00,12211.73
2026-04-05T07:15:00+00:00,12211.73
2026-04-05T07:30:00+00:00,12211.73
2026-04-05T07:30:00+00:00,12211.73
2026-04-05T07:30:00+00:00,12211.73
2026-04-05T07:45:00+00:00,12211.73
2026-04-05T07:45:00+00:00,12211.73
2026-04-05T07:45:00+00:00,12211.73
2026-04-05T08:00:00+00:00,12211.73
2026-04-05T08:00:00+00:00,12211.73
2026-04-05T08:00:00+00:00,12211.73
2026-04-05T08:15:00+00:00,12211.73
2026-04-05T08:15:00+00:00,12211.73
2026-04-05T08:15:00+00:00,12211.73
2026-04-05T08:30:00+00:00,12211.73
2026-04-05T08:30:00+00:00,12211.73
2026-04-05T08:30:00+00:00,12211.73
2026-04-05T08:45:00+00:00,12211.73
2026-04-05T08:45:00+00:00,12211.73
2026-04-05T08:45:00+00:00,12211.73
2026-04-05T09:00:00+00:00,12211.73
2026-04-05T09:00:00+00:00,12211.73
2026-04-05T09:00:00+00:00,12211.73
2026-04-05T09:15:00+00:00,12211.73
2026-04-05T09:15:00+00:00,12211.73
2026-04-05T09:15:00+00:00,12211.73
2026-04-05T09:30:00+00:00,12211.73
2026-04-05T09:30:00+00:00,12211.73
2026-04-05T09:30:00+00:00,12211.73
2026-04-05T09:45:00+00:00,12211.73
2026-04-05T09:45:00+00:00,12211.73
2026-04-05T09:45:00+00:00,12211.73
2026-04-05T10:00:00+00:00,12211.73
2026-04-05T10:00:00+00:00,12211.73
2026-04-05T10:00:00+00:00,12211.73
2026-04-05T10:15:00+00:00,12211.73
2026-04-05T10:15:00+00:00,12211.73
2026-04-05T10:15:00+00:00,12211.73
2026-04-05T10:30:00+00:00,12211.73
2026-04-05T10:30:00+00:00,12211.73
2026-04-05T10:30:00+00:00,12211.73
2026-04-05T10:45:00+00:00,12211.73
2026-04-05T10:45:00+00:00,12211.73
2026-04-05T10:45:00+00:00,12211.73
2026-04-05T11:00:00+00:00,12211.73
2026-04-05T11:00:00+00:00,12211.73
2026-04-05T11:00:00+00:00,12211.73
2026-04-05T11:15:00+00:00,12211.73
2026-04-05T11:15:00+00:00,12211.73
2026-04-05T11:15:00+00:00,12211.73
2026-04-05T11:30:00+00:00,12211.73
2026-04-05T11:30:00+00:00,12211.73
2026-04-05T11:30:00+00:00,12211.73
2026-04-05T11:45:00+00:00,12211.73
2026-04-05T11:45:00+00:00,12211.73
2026-04-05T11:45:00+00:00,12211.73
2026-04-05T12:00:00+00:00,12211.73
2026-04-05T12:00:00+00:00,12211.73
2026-04-05T12:00:00+00:00,12211.73
2026-04-05T12:15:00+00:00,12211.73
2026-04-05T12:15:00+00:00,12211.73
2026-04-05T12:15:00+00:00,12211.73
2026-04-05T12:30:00+00:00,12211.73
2026-04-05T12:30:00+00:00,12211.73
2026-04-05T12:30:00+00:00,12211.73
2026-04-05T12:45:00+00:00,12211.73
2026-04-05T12:45:00+00:00,12211.73
2026-04-05T12:45:00+00:00,12211.73
2026-04-05T13:00:00+00:00,12211.73
2026-04-05T13:00:00+00:00,12211.73
2026-04-05T13:00:00+00:00,12211.73
2026-04-05T13:15:00+00:00,12211.73
2026-04-05T13:15:00+00:00,12211.73
2026-04-05T13:15:00+00:00,12211.73
2026-04-05T13:30:00+00:00,12211.73
2026-04-05T13:30:00+00:00,12211.73
2026-04-05T13:30:00+00:00,12211.73
2026-04-05T13:45:00+00:00,12211.73
2026-04-05T13:45:00+00:00,12211.73
2026-04-05T13:45:00+00:00,12211.73
2026-04-05T14:00:00+00:00,12211.73
2026-04-05T14:00:00+00:00,12211.73
2026-04-05T14:00:00+00:00,12211.73
2026-04-05T14:15:00+00:00,12211.73
2026-04-05T14:15:00+00:00,12211.73
2026-04-05T14:15:00+00:00,12211.73
2026-04-05T14:30:00+00:00,12211.73
2026-04-05T14:30:00+00:00,12211.73
2026-04-05T14:30:00+00:00,12211.73
2026-04-05T14:45:00+00:00,12211.73
2026-04-05T14:45:00+00:00,12211.73
2026-04-05T14:45:00+00:00,12211.73
2026-04-05T15:00:00+00:00,12211.73
2026-04-05T15:00:00+00:00,12211.73
2026-04-05T15:00:00+00:00,12211.73
2026-04-05T15:15:00+00:00,12211.73
2026-04-05T15:15:00+00:00,12211.73
2026-04-05T15:15:00+00:00,12211.73
2026-04-05T15:30:00+00:00,12211.73
2026-04-05T15:30:00+00:00,12211.73
2026-04-05T15:30:00+00:00,12211.73
2026-04-05T15:45:00+00:00,12211.73
2026-04-05T15:45:00+00:00,12211.73
2026-04-05T15:45:00+00:00,12211.73
2026-04-05T16:00:00+00:00,12211.73
2026-04-05T16:00:00+00:00,12211.73
2026-04-05T16:00:00+00:00,12211.73
2026-04-05T16:15:00+00:00,12211.73
2026-04-05T16:15:00+00:00,12211.73
2026-04-05T16:15:00+00:00,12211.73
2026-04-05T16:30:00+00:00,12211.73
2026-04-05T16:30:00+00:00,12211.73
2026-04-05T16:30:00+00:00,12211.73
2026-04-05T16:45:00+00:00,12211.73
2026-04-05T16:45:00+00:00,12211.73
2026-04-05T16:45:00+00:00,12211.73
2026-04-05T17:00:00+00:00,12211.73
2026-04-05T17:00:00+00:00,12211.73
2026-04-05T17:00:00+00:00,12211.73
2026-04-05T17:15:00+00:00,12211.73
2026-04-05T17:15:00+00:00,12211.73
2026-04-05T17:15:00+00:00,12211.73
2026-04-05T17:30:00+00:00,12211.73
2026-04-05T17:30:00+00:00,12211.73
2026-04-05T17:30:00+00:00,12211.73
2026-04-05T17:45:00+00:00,12211.73
2026-04-05T17:45:00+00:00,12211.73
2026-04-05T17:45:00+00:00,12211.73
2026-04-05T18:00:00+00:00,12211.73
2026-04-05T18:00:00+00:00,12211.73
2026-04-05T18:00:00+00:00,12211.73
2026-04-05T18:15:00+00:00,12211.73
2026-04-05T18:15:00+00:00,12211.73
2026-04-05T18:15:00+00:00,12211.73
2026-04-05T18:30:00+00:00,12211.73
2026-04-05T18:30:00+00:00,12211.73
2026-04-05T18:30:00+00:00,12211.73
2026-04-05T18:45:00+00:00,12211.73
2026-04-05T18:45:00+00:00,12211.73
2026-04-05T18:45:00+00:00,12211.73
2026-04-05T19:00:00+00:00,12211.73
2026-04-05T19:00:00+00:00,12211.73
2026-04-05T19:00:00+00:00,12211.73
2026-04-05T19:15:00+00:00,12211.73
2026-04-05T19:15:00+00:00,12211.73
2026-04-05T19:15:00+00:00,12211.73
2026-04-05T19:30:00+00:00,12211.73
2026-04-05T19:30:00+00:00,12211.73
2026-04-05T19:30:00+00:00,12211.73
2026-04-05T19:45:00+00:00,12211.73
2026-04-05T19:45:00+00:00,12211.73
2026-04-05T19:45:00+00:00,12211.73
2026-04-05T20:00:00+00:00,12211.73
2026-04-05T20:00:00+00:00,12211.73
2026-04-05T20:00:00+00:00,12211.73
2026-04-05T20:15:00+00:00,12211.73
2026-04-05T20:15:00+00:00,12211.73
2026-04-05T20:15:00+00:00,12211.73
2026-04-05T20:30:00+00:00,12211.73
2026-04-05T20:30:00+00:00,12211.73
2026-04-05T20:30:00+00:00,12211.73
2026-04-05T20:45:00+00:00,12211.73
2026-04-05T20:45:00+00:00,12211.73
2026-04-05T20:45:00+00:00,12211.73
2026-04-05T21:00:00+00:00,12211.73
2026-04-05T21:00:00+00:00,12211.73
2026-04-05T21:00:00+00:00,12211.73
2026-04-05T21:15:00+00:00,12211.73
2026-04-05T21:15:00+00:00,12211.73
2026-04-05T21:15:00+00:00,12211.73
2026-04-05T21:30:00+00:00,12211.73
2026-04-05T21:30:00+00:00,12211.73
2026-04-05T21:30:00+00:00,12211.73
2026-04-05T21:45:00+00:00,12211.73
2026-04-05T21:45:00+00:00,12211.73
2026-04-05T21:45:00+00:00,12211.73
2026-04-05T22:00:00+00:00,12211.73
2026-04-05T22:00:00+00:00,12211.73
2026-04-05T22:00:00+00:00,12211.73
2026-04-05T22:15:00+00:00,12211.73
2026-04-05T22:15:00+00:00,12211.73
2026-04-05T22:15:00+00:00,12211.73
2026-04-05T22:30:00+00:00,12211.73
2026-04-05T22:30:00+00:00,12211.73
2026-04-05T22:30:00+00:00,12211.73
2026-04-05T22:45:00+00:00,12211.73
2026-04-05T22:45:00+00:00,12211.73
2026-04-05T22:45:00+00:00,12211.73
2026-04-05T23:00:00+00:00,12211.73
2026-04-05T23:00:00+00:00,12211.73
2026-04-05T23:00:00+00:00,12211.73
2026-04-05T23:15:00+00:00,12211.73
2026-04-05T23:15:00+00:00,12211.73
2026-04-05T23:15:00+00:00,12211.73
2026-04-05T23:30:00+00:00,12211.73
2026-04-05T23:30:00+00:00,12211.73
2026-04-05T23:30:00+00:00,12211.73
2026-04-05T23:45:00+00:00,12211.73
2026-04-05T23:45:00+00:00,12211.73
2026-04-05T23:45:00+00:00,12211.73
2026-04-06T00:00:00+00:00,12211.73
2026-04-06T00:00:00+00:00,12211.73
2026-04-06T00:00:00+00:00,12211.73
2026-04-06T00:15:00+00:00,12211.73
2026-04-06T00:15:00+00:00,12211.73
2026-04-06T00:15:00+00:00,12211.73
2026-04-06T00:30:00+00:00,12211.73
2026-04-06T00:30:00+00:00,12211.73
2026-04-06T00:30:00+00:00,12211.73
2026-04-06T00:45:00+00:00,12211.73
2026-04-06T00:45:00+00:00,12211.73
2026-04-06T00:45:00+00:00,12211.73
2026-04-06T01:00:00+00:00,12211.73
2026-04-06T01:00:00+00:00,12211.73
2026-04-06T01:00:00+00:00,12211.73
2026-04-06T01:15:00+00:00,12211.73
2026-04-06T01:15:00+00:00,12211.73
2026-04-06T01:15:00+00:00,12211.73
2026-04-06T01:30:00+00:00,12211.73
2026-04-06T01:30:00+00:00,12211.73
2026-04-06T01:30:00+00:00,12211.73
2026-04-06T01:45:00+00:00,12211.73
2026-04-06T01:45:00+00:00,12211.73
2026-04-06T01:45:00+00:00,12211.73
2026-04-06T02:00:00+00:00,12211.73
2026-04-06T02:00:00+00:00,12211.73
2026-04-06T02:00:00+00:00,12211.73
2026-04-06T02:15:00+00:00,12211.73
2026-04-06T02:15:00+00:00,12211.73
2026-04-06T02:15:00+00:00,12211.73
2026-04-06T02:30:00+00:00,12211.73
2026-04-06T02:30:00+00:00,12211.73
2026-04-06T02:30:00+00:00,12211.73
2026-04-06T02:45:00+00:00,12211.73
2026-04-06T02:45:00+00:00,12211.73
2026-04-06T02:45:00+00:00,12211.73
2026-04-06T03:00:00+00:00,12211.73
2026-04-06T03:00:00+00:00,12211.73
2026-04-06T03:00:00+00:00,12211.73
2026-04-06T03:15:00+00:00,12211.73
2026-04-06T03:15:00+00:00,12211.73
2026-04-06T03:15:00+00:00,12211.73
2026-04-06T03:30:00+00:00,12211.73
2026-04-06T03:30:00+00:00,12211.73
2026-04-06T03:30:00+00:00,12211.73
2026-04-06T03:45:00+00:00,12211.73
2026-04-06T03:45:00+00:00,12211.73
2026-04-06T03:45:00+00:00,12211.73
2026-04-06T04:00:00+00:00,12211.73
2026-04-06T04:00:00+00:00,12211.73
2026-04-06T04:00:00+00:00,12211.73
2026-04-06T04:15:00+00:00,12211.73
2026-04-06T04:15:00+00:00,12211.73
2026-04-06T04:15:00+00:00,12211.73
2026-04-06T04:30:00+00:00,12211.73
2026-04-06T04:30:00+00:00,12211.73
2026-04-06T04:30:00+00:00,12211.73
2026-04-06T04:45:00+00:00,12211.73
2026-04-06T04:45:00+00:00,12211.73
2026-04-06T04:45:00+00:00,12211.73
2026-04-06T05:00:00+00:00,12211.73
2026-04-06T05:00:00+00:00,12211.73
2026-04-06T05:00:00+00:00,12211.73
2026-04-06T05:15:00+00:00,12211.73
2026-04-06T05:15:00+00:00,12211.73
2026-04-06T05:15:00+00:00,12211.73
2026-04-06T05:30:00+00:00,12211.73
2026-04-06T05:30:00+00:00,12211.73
2026-04-06T05:30:00+00:00,12211.73
2026-04-06T05:45:00+00:00,12211.73
2026-04-06T05:45:00+00:00,12211.73
2026-04-06T05:45:00+00:00,12211.73
2026-04-06T06:00:00+00:00,12211.73
2026-04-06T06:00:00+00:00,12211.73
2026-04-06T06:00:00+00:00,12211.73
2026-04-06T06:15:00+00:00,12211.73
2026-04-06T06:15:00+00:00,12211.73
2026-04-06T06:15:00+00:00,12211.73
2026-04-06T06:30:00+00:00,12211.73
2026-04-06T06:30:00+00:00,12211.73
2026-04-06T06:30:00+00:00,12211.73
2026-04-06T06:45:00+00:00,12211.73
2026-04-06T06:45:00+00:00,12211.73
2026-04-06T06:45:00+00:00,12211.73
2026-04-06T07:00:00+00:00,12211.73
2026-04-06T07:00:00+00:00,12211.73
2026-04-06T07:00:00+00:00,12211.73
2026-04-06T07:15:00+00:00,12211.73
2026-04-06T07:15:00+00:00,12211.73
2026-04-06T07:15:00+00:00,12211.73
2026-04-06T07:30:00+00:00,12211.73
2026-04-06T07:30:00+00:00,12211.73
2026-04-06T07:30:00+00:00,12211.73
2026-04-06T07:45:00+00:00,12211.73
2026-04-06T07:45:00+00:00,12211.73
2026-04-06T07:45:00+00:00,12211.73
2026-04-06T08:00:00+00:00,12211.73
2026-04-06T08:00:00+00:00,12211.73
2026-04-06T08:00:00+00:00,12211.73
2026-04-06T08:15:00+00:00,12211.73
2026-04-06T08:15:00+00:00,12211.73
2026-04-06T08:15:00+00:00,12211.73
2026-04-06T08:30:00+00:00,12211.73
2026-04-06T08:30:00+00:00,12211.73
2026-04-06T08:30:00+00:00,12211.73
2026-04-06T08:45:00+00:00,12211.73
2026-04-06T08:45:00+00:00,12211.73
2026-04-06T08:45:00+00:00,12211.73
2026-04-06T09:00:00+00:00,12211.73
2026-04-06T09:00:00+00:00,12211.73
2026-04-06T09:00:00+00:00,12211.73
2026-04-06T09:15:00+00:00,12211.73
2026-04-06T09:15:00+00:00,12211.73
2026-04-06T09:15:00+00:00,12211.73
2026-04-06T09:30:00+00:00,12211.73
2026-04-06T09:30:00+00:00,12211.73
2026-04-06T09:30:00+00:00,12211.73
2026-04-06T09:45:00+00:00,12211.73
2026-04-06T09:45:00+00:00,12211.73
2026-04-06T09:45:00+00:00,12211.73
2026-04-06T10:00:00+00:00,12211.73
2026-04-06T10:00:00+00:00,12211.73
2026-04-06T10:00:00+00:00,12211.73
2026-04-06T10:15:00+00:00,12211.73
2026-04-06T10:15:00+00:00,12211.73
2026-04-06T10:15:00+00:00,12211.73
2026-04-06T10:30:00+00:00,12211.73
2026-04-06T10:30:00+00:00,12211.73
2026-04-06T10:30:00+00:00,12211.73
2026-04-06T10:45:00+00:00,12211.73
2026-04-06T10:45:00+00:00,12211.73
2026-04-06T10:45:00+00:00,12211.73
2026-04-06T11:00:00+00:00,12211.73
2026-04-06T11:00:00+00:00,12211.73
2026-04-06T11:00:00+00:00,12211.73
2026-04-06T11:15:00+00:00,12211.73
2026-04-06T11:15:00+00:00,12211.73
2026-04-06T11:15:00+00:00,12211.73
2026-04-06T11:30:00+00:00,12211.73
2026-04-06T11:30:00+00:00,12211.73
2026-04-06T11:30:00+00:00,12211.73
2026-04-06T11:45:00+00:00,12211.73
2026-04-06T11:45:00+00:00,12211.73
2026-04-06T11:45:00+00:00,12211.73
2026-04-06T12:00:00+00:00,12211.73
2026-04-06T12:00:00+00:00,12211.73
2026-04-06T12:00:00+00:00,12211.73
2026-04-06T12:15:00+00:00,12211.73
2026-04-06T12:15:00+00:00,12211.73
2026-04-06T12:15:00+00:00,12211.73
2026-04-06T12:30:00+00:00,12211.73
2026-04-06T12:30:00+00:00,12211.73
2026-04-06T12:30:00+00:00,12211.73
2026-04-06T12:45:00+00:00,12211.73
2026-04-06T12:45:00+00:00,12211.73
2026-04-06T12:45:00+00:00,12211.73
2026-04-06T13:00:00+00:00,12211.73
2026-04-06T13:00:00+00:00,12211.73
2026-04-06T13:00:00+00:00,12211.73
2026-04-06T13:15:00+00:00,12211.73
2026-04-06T13:15:00+00:00,12211.73
2026-04-06T13:15:00+00:00,12211.73
2026-04-06T13:30:00+00:00,12211.73
2026-04-06T13:30:00+00:00,12211.73
2026-04-06T13:30:00+00:00,12211.73
2026-04-06T13:45:00+00:00,12211.73
2026-04-06T13:45:00+00:00,12211.73
2026-04-06T13:45:00+00:00,12211.73
2026-04-06T14:00:00+00:00,12211.73
2026-04-06T14:00:00+00:00,12211.73
2026-04-06T14:00:00+00:00,12211.73
2026-04-06T14:15:00+00:00,12211.73
2026-04-06T14:15:00+00:00,12211.73
2026-04-06T14:15:00+00:00,12211.73
2026-04-06T14:30:00+00:00,12211.73
2026-04-06T14:30:00+00:00,12211.73
2026-04-06T14:30:00+00:00,12211.73
2026-04-06T14:45:00+00:00,12211.73
2026-04-06T14:45:00+00:00,12211.73
2026-04-06T14:45:00+00:00,12211.73
2026-04-06T15:00:00+00:00,12211.73
2026-04-06T15:00:00+00:00,12211.73
2026-04-06T15:00:00+00:00,12211.73
2026-04-06T15:15:00+00:00,12211.73
2026-04-06T15:15:00+00:00,12211.73
2026-04-06T15:15:00+00:00,12211.73
2026-04-06T15:30:00+00:00,12211.73
2026-04-06T15:30:00+00:00,12211.73
2026-04-06T15:30:00+00:00,12211.73
2026-04-06T15:45:00+00:00,12211.73
2026-04-06T15:45:00+00:00,12211.73
2026-04-06T15:45:00+00:00,12211.73
2026-04-06T16:00:00+00:00,12211.73
2026-04-06T16:00:00+00:00,12211.73
2026-04-06T16:00:00+00:00,12211.73
2026-04-06T16:15:00+00:00,12211.73
2026-04-06T16:15:00+00:00,12211.73
2026-04-06T16:15:00+00:00,12211.73
2026-04-06T16:30:00+00:00,12211.73
2026-04-06T16:30:00+00:00,12211.73
2026-04-06T16:30:00+00:00,12211.73
2026-04-06T16:45:00+00:00,12211.73
2026-04-06T16:45:00+00:00,12211.73
2026-04-06T16:45:00+00:00,12211.73
2026-04-06T17:00:00+00:00,12211.73
2026-04-06T17:00:00+00:00,12211.73
2026-04-06T17:00:00+00:00,12211.73
2026-04-06T17:15:00+00:00,12211.73
2026-04-06T17:15:00+00:00,12211.73
2026-04-06T17:15:00+00:00,12211.73
2026-04-06T17:30:00+00:00,12211.73
2026-04-06T17:30:00+00:00,12211.73
2026-04-06T17:30:00+00:00,12211.73
2026-04-06T17:45:00+00:00,12211.73
2026-04-06T17:45:00+00:00,12211.73
2026-04-06T17:45:00+00:00,12211.73
2026-04-06T18:00:00+00:00,12211.73
2026-04-06T18:00:00+00:00,12211.73
2026-04-06T18:00:00+00:00,12211.73
2026-04-06T18:15:00+00:00,12211.73
2026-04-06T18:15:00+00:00,12211.73
2026-04-06T18:15:00+00:00,12211.73
2026-04-06T18:30:00+00:00,12211.73
2026-04-06T18:30:00+00:00,12211.73
2026-04-06T18:30:00+00:00,12211.73
2026-04-06T18:45:00+00:00,12211.73
2026-04-06T18:45:00+00:00,12211.73
2026-04-06T18:45:00+00:00,12211.73
2026-04-06T19:00:00+00:00,12211.73
2026-04-06T19:00:00+00:00,12211.73
2026-04-06T19:00:00+00:00,12211.73
2026-04-06T19:15:00+00:00,12211.73
2026-04-06T19:15:00+00:00,12211.73
2026-04-06T19:15:00+00:00,12211.73
2026-04-06T19:30:00+00:00,12211.73
2026-04-06T19:30:00+00:00,12211.73
2026-04-06T19:30:00+00:00,12211.73
2026-04-06T19:45:00+00:00,12211.73
2026-04-06T19:45:00+00:00,12211.73
2026-04-06T19:45:00+00:00,12211.73
2026-04-06T20:00:00+00:00,12211.73
2026-04-06T20:00:00+00:00,12211.73
2026-04-06T20:00:00+00:00,12211.73
2026-04-06T20:15:00+00:00,12211.73
2026-04-06T20:15:00+00:00,12211.73
2026-04-06T20:15:00+00:00,12211.73
2026-04-06T20:30:00+00:00,12211.73
2026-04-06T20:30:00+00:00,12211.73
2026-04-06T20:30:00+00:00,12211.73
2026-04-06T20:45:00+00:00,12211.73
2026-04-06T20:45:00+00:00,12211.73
2026-04-06T20:45:00+00:00,12211.73
2026-04-06T21:00:00+00:00,12211.73
2026-04-06T21:00:00+00:00,12211.73
2026-04-06T21:00:00+00:00,12211.73
2026-04-06T21:15:00+00:00,12211.73
2026-04-06T21:15:00+00:00,12211.73
2026-04-06T21:15:00+00:00,12211.73
2026-04-06T21:30:00+00:00,12211.73
2026-04-06T21:30:00+00:00,12211.73
2026-04-06T21:30:00+00:00,12211.73
2026-04-06T21:45:00+00:00,12211.73
2026-04-06T21:45:00+00:00,12211.73
2026-04-06T21:45:00+00:00,12211.73
2026-04-06T22:00:00+00:00,12211.73
2026-04-06T22:00:00+00:00,12211.73
2026-04-06T22:00:00+00:00,12211.73
2026-04-06T22:15:00+00:00,12211.73
2026-04-06T22:15:00+00:00,12211.73
2026-04-06T22:15:00+00:00,12211.73
2026-04-06T22:30:00+00:00,12211.73
2026-04-06T22:30:00+00:00,12211.73
2026-04-06T22:30:00+00:00,12211.73
2026-04-06T22:45:00+00:00,12211.73
2026-04-06T22:45:00+00:00,12211.73
2026-04-06T22:45:00+00:00,12211.73
2026-04-06T23:00:00+00:00,12211.73
2026-04-06T23:00:00+00:00,12211.73
2026-04-06T23:00:00+00:00,12211.73
2026-04-06T23:15:00+00:00,12211.73
2026-04-06T23:15:00+00:00,12211.73
2026-04-06T23:15:00+00:00,12211.73
2026-04-06T23:30:00+00:00,12211.73
2026-04-06T23:30:00+00:00,12211.73
2026-04-06T23:30:00+00:00,12211.73
2026-04-06T23:45:00+00:00,12211.73
2026-04-06T23:45:00+00:00,12211.73
2026-04-06T23:45:00+00:00,12211.73
2026-04-07T00:00:00+00:00,12211.73
2026-04-07T00:00:00+00:00,12211.73
2026-04-07T00:00:00+00:00,12211.73
2026-04-07T00:15:00+00:00,12211.73
2026-04-07T00:15:00+00:00,12211.73
2026-04-07T00:15:00+00:00,12211.73
2026-04-07T00:30:00+00:00,12211.73
2026-04-07T00:30:00+00:00,12211.73
2026-04-07T00:30:00+00:00,12211.73
2026-04-07T00:45:00+00:00,12211.73
2026-04-07T00:45:00+00:00,12211.73
2026-04-07T00:45:00+00:00,12211.73
2026-04-07T01:00:00+00:00,12211.73
2026-04-07T01:00:00+00:00,12211.73
2026-04-07T01:00:00+00:00,12211.73
2026-04-07T01:15:00+00:00,12211.73
2026-04-07T01:15:00+00:00,12211.73
2026-04-07T01:15:00+00:00,12211.73
2026-04-07T01:30:00+00:00,12211.73
2026-04-07T01:30:00+00:00,12211.73
2026-04-07T01:30:00+00:00,12211.73
2026-04-07T01:45:00+00:00,12211.73
2026-04-07T01:45:00+00:00,12211.73
2026-04-07T01:45:00+00:00,12211.73
2026-04-07T02:00:00+00:00,12211.73
2026-04-07T02:00:00+00:00,12211.73
2026-04-07T02:00:00+00:00,12211.73
2026-04-07T02:15:00+00:00,12211.73
2026-04-07T02:15:00+00:00,12211.73
2026-04-07T02:15:00+00:00,12211.73
2026-04-07T02:30:00+00:00,12211.73
2026-04-07T02:30:00+00:00,12211.73
2026-04-07T02:30:00+00:00,12211.73
2026-04-07T02:45:00+00:00,12211.73
2026-04-07T02:45:00+00:00,12211.73
2026-04-07T02:45:00+00:00,12211.73
2026-04-07T03:00:00+00:00,12211.73
2026-04-07T03:00:00+00:00,12211.73
2026-04-07T03:00:00+00:00,12211.73
2026-04-07T03:15:00+00:00,12211.73
2026-04-07T03:15:00+00:00,12211.73
2026-04-07T03:15:00+00:00,12211.73
2026-04-07T03:30:00+00:00,12211.73
2026-04-07T03:30:00+00:00,12211.73
2026-04-07T03:30:00+00:00,12211.73
2026-04-07T03:45:00+00:00,12211.73
2026-04-07T03:45:00+00:00,12211.73
2026-04-07T03:45:00+00:00,12211.73
2026-04-07T04:00:00+00:00,12211.73
2026-04-07T04:00:00+00:00,12211.73
2026-04-07T04:00:00+00:00,12211.73
2026-04-07T04:15:00+00:00,12211.73
2026-04-07T04:15:00+00:00,12211.73
2026-04-07T04:15:00+00:00,12211.73
2026-04-07T04:30:00+00:00,12211.73
2026-04-07T04:30:00+00:00,12211.73
2026-04-07T04:30:00+00:00,12211.73
2026-04-07T04:45:00+00:00,12211.73
2026-04-07T04:45:00+00:00,12211.73
2026-04-07T04:45:00+00:00,12211.73
2026-04-07T05:00:00+00:00,12211.73
2026-04-07T05:00:00+00:00,12211.73
2026-04-07T05:00:00+00:00,12211.73
2026-04-07T05:15:00+00:00,12211.73
2026-04-07T05:15:00+00:00,12211.73
2026-04-07T05:15:00+00:00,12211.73
2026-04-07T05:30:00+00:00,12211.73
2026-04-07T05:30:00+00:00,12211.73
2026-04-07T05:30:00+00:00,12211.73
2026-04-07T05:45:00+00:00,12211.73
2026-04-07T05:45:00+00:00,12211.73
2026-04-07T05:45:00+00:00,12211.73
2026-04-07T06:00:00+00:00,12211.73
2026-04-07T06:00:00+00:00,12211.73
2026-04-07T06:00:00+00:00,12211.73
2026-04-07T06:15:00+00:00,12211.73
2026-04-07T06:15:00+00:00,12211.73
2026-04-07T06:15:00+00:00,12211.73
2026-04-07T06:30:00+00:00,12211.73
2026-04-07T06:30:00+00:00,12211.73
2026-04-07T06:30:00+00:00,12211.73
2026-04-07T06:45:00+00:00,12211.73
2026-04-07T06:45:00+00:00,12211.73
2026-04-07T06:45:00+00:00,12211.73
2026-04-07T07:00:00+00:00,12211.73
2026-04-07T07:00:00+00:00,12211.73
2026-04-07T07:00:00+00:00,12211.73
2026-04-07T07:15:00+00:00,12211.73
2026-04-07T07:15:00+00:00,12211.73
2026-04-07T07:15:00+00:00,12211.73
2026-04-07T07:30:00+00:00,12211.73
2026-04-07T07:30:00+00:00,12211.73
2026-04-07T07:30:00+00:00,12211.73
2026-04-07T07:45:00+00:00,12211.73
2026-04-07T07:45:00+00:00,12211.73
2026-04-07T07:45:00+00:00,12211.73
2026-04-07T08:00:00+00:00,12211.73
2026-04-07T08:00:00+00:00,12211.73
2026-04-07T08:00:00+00:00,12211.73
2026-04-07T08:15:00+00:00,12211.73
2026-04-07T08:15:00+00:00,12211.73
2026-04-07T08:15:00+00:00,12211.73
2026-04-07T08:30:00+00:00,12211.73
2026-04-07T08:30:00+00:00,12211.73
2026-04-07T08:30:00+00:00,12211.73
2026-04-07T08:45:00+00:00,12211.73
2026-04-07T08:45:00+00:00,12211.73
2026-04-07T08:45:00+00:00,12211.73
2026-04-07T09:00:00+00:00,12211.73
2026-04-07T09:00:00+00:00,12211.73
2026-04-07T09:00:00+00:00,12211.73
2026-04-07T09:15:00+00:00,12211.73
2026-04-07T09:15:00+00:00,12211.73
2026-04-07T09:15:00+00:00,12211.73
2026-04-07T09:30:00+00:00,12211.73
2026-04-07T09:30:00+00:00,12211.73
2026-04-07T09:30:00+00:00,12211.73
2026-04-07T09:45:00+00:00,12211.73
2026-04-07T09:45:00+00:00,12211.73
2026-04-07T09:45:00+00:00,12211.73
2026-04-07T10:00:00+00:00,12211.73
2026-04-07T10:00:00+00:00,12211.73
2026-04-07T10:00:00+00:00,12211.73
2026-04-07T10:15:00+00:00,12211.73
2026-04-07T10:15:00+00:00,12211.73
2026-04-07T10:15:00+00:00,12211.73
2026-04-07T10:30:00+00:00,12211.73
2026-04-07T10:30:00+00:00,12211.73
2026-04-07T10:30:00+00:00,12211.73
2026-04-07T10:45:00+00:00,12211.73
2026-04-07T10:45:00+00:00,12211.73
2026-04-07T10:45:00+00:00,12211.73
2026-04-07T11:00:00+00:00,12211.73
2026-04-07T11:00:00+00:00,12211.73
2026-04-07T11:00:00+00:00,12211.73
2026-04-07T11:15:00+00:00,12211.73
2026-04-07T11:15:00+00:00,12211.73
2026-04-07T11:15:00+00:00,12211.73
2026-04-07T11:30:00+00:00,12211.73
2026-04-07T11:30:00+00:00,12211.73
2026-04-07T11:30:00+00:00,12211.73
2026-04-07T11:45:00+00:00,12211.73
2026-04-07T11:45:00+00:00,12211.73
2026-04-07T11:45:00+00:00,12211.73
2026-04-07T12:00:00+00:00,12211.73
2026-04-07T12:00:00+00:00,12211.73
2026-04-07T12:00:00+00:00,12211.73
2026-04-07T12:15:00+00:00,12211.73
2026-04-07T12:15:00+00:00,12211.73
2026-04-07T12:15:00+00:00,12211.73
2026-04-07T12:30:00+00:00,12211.73
2026-04-07T12:30:00+00:00,12211.73
2026-04-07T12:30:00+00:00,12211.73
2026-04-07T12:45:00+00:00,12211.73
2026-04-07T12:45:00+00:00,12211.73
2026-04-07T12:45:00+00:00,12211.73
2026-04-07T13:00:00+00:00,12211.73
2026-04-07T13:00:00+00:00,12211.73
2026-04-07T13:00:00+00:00,12211.73
2026-04-07T13:15:00+00:00,12211.73
2026-04-07T13:15:00+00:00,12211.73
2026-04-07T13:15:00+00:00,12211.73
2026-04-07T13:30:00+00:00,12211.73
2026-04-07T13:30:00+00:00,12211.73
2026-04-07T13:30:00+00:00,12211.73
2026-04-07T13:45:00+00:00,12211.73
2026-04-07T13:45:00+00:00,12211.73
2026-04-07T13:45:00+00:00,12211.73
2026-04-07T14:00:00+00:00,12211.73
2026-04-07T14:00:00+00:00,12211.73
2026-04-07T14:00:00+00:00,12211.73
2026-04-07T14:15:00+00:00,12211.73
2026-04-07T14:15:00+00:00,12211.73
2026-04-07T14:15:00+00:00,12211.73
2026-04-07T14:30:00+00:00,12211.73
2026-04-07T14:30:00+00:00,12211.73
2026-04-07T14:30:00+00:00,12211.73
2026-04-07T14:45:00+00:00,12211.73
2026-04-07T14:45:00+00:00,12211.73
2026-04-07T14:45:00+00:00,12211.73
2026-04-07T15:00:00+00:00,12211.73
2026-04-07T15:00:00+00:00,12211.73
2026-04-07T15:00:00+00:00,12211.73
2026-04-07T15:15:00+00:00,12211.73
2026-04-07T15:15:00+00:00,12211.73
2026-04-07T15:15:00+00:00,12211.73
2026-04-07T15:30:00+00:00,12211.73
2026-04-07T15:30:00+00:00,12211.73
2026-04-07T15:30:00+00:00,12211.73
2026-04-07T15:45:00+00:00,12211.73
2026-04-07T15:45:00+00:00,12211.73
2026-04-07T15:45:00+00:00,12211.73
2026-04-07T16:00:00+00:00,12211.73
2026-04-07T16:00:00+00:00,12211.73
2026-04-07T16:00:00+00:00,12211.73
2026-04-07T16:15:00+00:00,12211.73
2026-04-07T16:15:00+00:00,12211.73
2026-04-07T16:15:00+00:00,12211.73
2026-04-07T16:30:00+00:00,12211.73
2026-04-07T16:30:00+00:00,12211.73
2026-04-07T16:30:00+00:00,12211.73
2026-04-07T16:45:00+00:00,12211.73
2026-04-07T16:45:00+00:00,12211.73
2026-04-07T16:45:00+00:00,12211.73
2026-04-07T17:00:00+00:00,12211.73
2026-04-07T17:00:00+00:00,12211.73
2026-04-07T17:00:00+00:00,12211.73
2026-04-07T17:15:00+00:00,12211.73
2026-04-07T17:15:00+00:00,12211.73
2026-04-07T17:15:00+00:00,12211.73
2026-04-07T17:30:00+00:00,12211.73
2026-04-07T17:30:00+00:00,12211.73
2026-04-07T17:30:00+00:00,12211.73
2026-04-07T17:45:00+00:00,12211.73
2026-04-07T17:45:00+00:00,12211.73
2026-04-07T17:45:00+00:00,12211.73
2026-04-07T18:00:00+00:00,12211.73
2026-04-07T18:00:00+00:00,12211.73
2026-04-07T18:00:00+00:00,12211.73
2026-04-07T18:15:00+00:00,12211.73
2026-04-07T18:15:00+00:00,12211.73
2026-04-07T18:15:00+00:00,12211.73
2026-04-07T18:30:00+00:00,12211.73
2026-04-07T18:30:00+00:00,12211.73
2026-04-07T18:30:00+00:00,12211.73
2026-04-07T18:45:00+00:00,12211.73
2026-04-07T18:45:00+00:00,12211.73
2026-04-07T18:45:00+00:00,12211.73
2026-04-07T19:00:00+00:00,12211.73
2026-04-07T19:00:00+00:00,12211.73
2026-04-07T19:00:00+00:00,12211.73
2026-04-07T19:15:00+00:00,12211.73
2026-04-07T19:15:00+00:00,12211.73
2026-04-07T19:15:00+00:00,12211.73
2026-04-07T19:30:00+00:00,12211.73
2026-04-07T19:30:00+00:00,12211.73
2026-04-07T19:30:00+00:00,12211.73
2026-04-07T19:45:00+00:00,12211.73
2026-04-07T19:45:00+00:00,12211.73
2026-04-07T19:45:00+00:00,12211.73
2026-04-07T20:00:00+00:00,12211.73
2026-04-07T20:00:00+00:00,12211.73
2026-04-07T20:00:00+00:00,12211.73
2026-04-07T20:15:00+00:00,12211.73
2026-04-07T20:15:00+00:00,12211.73
2026-04-07T20:15:00+00:00,12211.73
2026-04-07T20:30:00+00:00,12211.73
2026-04-07T20:30:00+00:00,12211.73
2026-04-07T20:30:00+00:00,12211.73
2026-04-07T20:45:00+00:00,12211.73
2026-04-07T20:45:00+00:00,12211.73
2026-04-07T20:45:00+00:00,12211.73
2026-04-07T21:00:00+00:00,12211.73
2026-04-07T21:00:00+00:00,12211.73
2026-04-07T21:00:00+00:00,12211.73
2026-04-07T21:15:00+00:00,12211.73
2026-04-07T21:15:00+00:00,12211.73
2026-04-07T21:15:00+00:00,12211.73
2026-04-07T21:30:00+00:00,12211.73
2026-04-07T21:30:00+00:00,12211.73
2026-04-07T21:30:00+00:00,12211.73
2026-04-07T21:45:00+00:00,12211.73
2026-04-07T21:45:00+00:00,12211.73
2026-04-07T21:45:00+00:00,12211.73
2026-04-07T22:00:00+00:00,12211.73
2026-04-07T22:00:00+00:00,12211.73
2026-04-07T22:00:00+00:00,12211.73
2026-04-07T22:15:00+00:00,12211.73
2026-04-07T22:15:00+00:00,12211.73
2026-04-07T22:15:00+00:00,12211.73
2026-04-07T22:30:00+00:00,12211.73
2026-04-07T22:30:00+00:00,12211.73
2026-04-07T22:30:00+00:00,12211.73
2026-04-07T22:45:00+00:00,12211.73
2026-04-07T22:45:00+00:00,12211.73
2026-04-07T22:45:00+00:00,12211.73
2026-04-07T23:00:00+00:00,12211.73
2026-04-07T23:00:00+00:00,12211.73
2026-04-07T23:00:00+00:00,12211.73
2026-04-07T23:15:00+00:00,12211.73
2026-04-07T23:15:00+00:00,12211.73
2026-04-07T23:15:00+00:00,12211.73
2026-04-07T23:30:00+00:00,12211.73
2026-04-07T23:30:00+00:00,12211.73
2026-04-07T23:30:00+00:00,12211.73
2026-04-07T23:45:00+00:00,12211.73
2026-04-07T23:45:00+00:00,12211.73
2026-04-07T23:45:00+00:00,12211.73
2026-04-08T00:00:00+00:00,12211.73
2026-04-08T00:00:00+00:00,12211.73
2026-04-08T00:00:00+00:00,12211.73
2026-04-08T00:15:00+00:00,12211.73
2026-04-08T00:15:00+00:00,12211.73
2026-04-08T00:15:00+00:00,12211.73
2026-04-08T00:30:00+00:00,12211.73
2026-04-08T00:30:00+00:00,12211.73
2026-04-08T00:30:00+00:00,12211.73
2026-04-08T00:45:00+00:00,12211.73
2026-04-08T00:45:00+00:00,12211.73
2026-04-08T00:45:00+00:00,12211.73
2026-04-08T01:00:00+00:00,12211.73
2026-04-08T01:00:00+00:00,12211.73
2026-04-08T01:00:00+00:00,12211.73
2026-04-08T01:15:00+00:00,12211.73
2026-04-08T01:15:00+00:00,12211.73
2026-04-08T01:15:00+00:00,12211.73
2026-04-08T01:30:00+00:00,12211.73
2026-04-08T01:30:00+00:00,12211.73
2026-04-08T01:30:00+00:00,12211.73
2026-04-08T01:45:00+00:00,12211.73
2026-04-08T01:45:00+00:00,12211.73
2026-04-08T01:45:00+00:00,12211.73
2026-04-08T02:00:00+00:00,12211.73
2026-04-08T02:00:00+00:00,12211.73
2026-04-08T02:00:00+00:00,12211.73
2026-04-08T02:15:00+00:00,12211.73
2026-04-08T02:15:00+00:00,12211.73
2026-04-08T02:15:00+00:00,12211.73
2026-04-08T02:30:00+00:00,12211.73
2026-04-08T02:30:00+00:00,12211.73
2026-04-08T02:30:00+00:00,12211.73
2026-04-08T02:45:00+00:00,12211.73
2026-04-08T02:45:00+00:00,12211.73
2026-04-08T02:45:00+00:00,12211.73
2026-04-08T03:00:00+00:00,12211.73
2026-04-08T03:00:00+00:00,12211.73
2026-04-08T03:00:00+00:00,12211.73
2026-04-08T03:15:00+00:00,12211.73
2026-04-08T03:15:00+00:00,12211.73
2026-04-08T03:15:00+00:00,12211.73
2026-04-08T03:30:00+00:00,12211.73
2026-04-08T03:30:00+00:00,12211.73
2026-04-08T03:30:00+00:00,12211.73
2026-04-08T03:45:00+00:00,12211.73
2026-04-08T03:45:00+00:00,12211.73
2026-04-08T03:45:00+00:00,12211.73
2026-04-08T04:00:00+00:00,12211.73
2026-04-08T04:00:00+00:00,12211.73
2026-04-08T04:00:00+00:00,12211.73
2026-04-08T04:15:00+00:00,12211.73
2026-04-08T04:15:00+00:00,12211.73
2026-04-08T04:15:00+00:00,12211.73
2026-04-08T04:30:00+00:00,12211.73
2026-04-08T04:30:00+00:00,12211.73
2026-04-08T04:30:00+00:00,12211.73
2026-04-08T04:45:00+00:00,12211.73
2026-04-08T04:45:00+00:00,12211.73
2026-04-08T04:45:00+00:00,12211.73
2026-04-08T05:00:00+00:00,12211.73
2026-04-08T05:00:00+00:00,12211.73
2026-04-08T05:00:00+00:00,12211.73
2026-04-08T05:15:00+00:00,12211.73
2026-04-08T05:15:00+00:00,12211.73
2026-04-08T05:15:00+00:00,12211.73
2026-04-08T05:30:00+00:00,12211.73
2026-04-08T05:30:00+00:00,12211.73
2026-04-08T05:30:00+00:00,12211.73
2026-04-08T05:45:00+00:00,12211.73
2026-04-08T05:45:00+00:00,12211.73
2026-04-08T05:45:00+00:00,12211.73
2026-04-08T06:00:00+00:00,12211.73
2026-04-08T06:00:00+00:00,12211.73
2026-04-08T06:00:00+00:00,12211.73
2026-04-08T06:15:00+00:00,12211.73
2026-04-08T06:15:00+00:00,12211.73
2026-04-08T06:15:00+00:00,12211.73
2026-04-08T06:30:00+00:00,12211.73
2026-04-08T06:30:00+00:00,12211.73
2026-04-08T06:30:00+00:00,12211.73
2026-04-08T06:45:00+00:00,12211.73
2026-04-08T06:45:00+00:00,12211.73
2026-04-08T06:45:00+00:00,12211.73
2026-04-08T07:00:00+00:00,12211.73
2026-04-08T07:00:00+00:00,12211.73
2026-04-08T07:00:00+00:00,12211.73
2026-04-08T07:15:00+00:00,12211.73
2026-04-08T07:15:00+00:00,12211.73
2026-04-08T07:15:00+00:00,12211.73
2026-04-08T07:30:00+00:00,12211.73
2026-04-08T07:30:00+00:00,12211.73
2026-04-08T07:30:00+00:00,12211.73
2026-04-08T07:45:00+00:00,12211.73
2026-04-08T07:45:00+00:00,12211.73
2026-04-08T07:45:00+00:00,12211.73
2026-04-08T08:00:00+00:00,12211.73
2026-04-08T08:00:00+00:00,12211.73
2026-04-08T08:00:00+00:00,12211.73
2026-04-08T08:15:00+00:00,12211.73
2026-04-08T08:15:00+00:00,12211.73
2026-04-08T08:15:00+00:00,12211.73
2026-04-08T08:30:00+00:00,12211.73
2026-04-08T08:30:00+00:00,12211.73
2026-04-08T08:30:00+00:00,12211.73
2026-04-08T08:45:00+00:00,12211.73
2026-04-08T08:45:00+00:00,12211.73
2026-04-08T08:45:00+00:00,12211.73
2026-04-08T09:00:00+00:00,12211.73
2026-04-08T09:00:00+00:00,12211.73
2026-04-08T09:00:00+00:00,12211.73
2026-04-08T09:15:00+00:00,12211.73
2026-04-08T09:15:00+00:00,12211.73
2026-04-08T09:15:00+00:00,12211.73
2026-04-08T09:30:00+00:00,12211.73
2026-04-08T09:30:00+00:00,12211.73
2026-04-08T09:30:00+00:00,12211.73
2026-04-08T09:45:00+00:00,12211.73
2026-04-08T09:45:00+00:00,12211.73
2026-04-08T09:45:00+00:00,12211.73
2026-04-08T10:00:00+00:00,12211.73
2026-04-08T10:00:00+00:00,12211.73
2026-04-08T10:00:00+00:00,12211.73
2026-04-08T10:15:00+00:00,12211.73
2026-04-08T10:15:00+00:00,12211.73
2026-04-08T10:15:00+00:00,12211.73
2026-04-08T10:30:00+00:00,12211.73
2026-04-08T10:30:00+00:00,12211.73
2026-04-08T10:30:00+00:00,12211.73
2026-04-08T10:45:00+00:00,12211.73
2026-04-08T10:45:00+00:00,12211.73
2026-04-08T10:45:00+00:00,12211.73
2026-04-08T11:00:00+00:00,12211.73
2026-04-08T11:00:00+00:00,12211.73
2026-04-08T11:00:00+00:00,12211.73
2026-04-08T11:15:00+00:00,12211.73
2026-04-08T11:15:00+00:00,12211.73
2026-04-08T11:15:00+00:00,12211.73
2026-04-08T11:30:00+00:00,12211.73
2026-04-08T11:30:00+00:00,12211.73
2026-04-08T11:30:00+00:00,12211.73
2026-04-08T11:45:00+00:00,12211.73
2026-04-08T11:45:00+00:00,12211.73
2026-04-08T11:45:00+00:00,12211.73
2026-04-08T12:00:00+00:00,12211.73
2026-04-08T12:00:00+00:00,12211.73
2026-04-08T12:00:00+00:00,12211.73
2026-04-08T12:15:00+00:00,12211.73
2026-04-08T12:15:00+00:00,12211.73
2026-04-08T12:15:00+00:00,12211.73
2026-04-08T12:30:00+00:00,12211.73
2026-04-08T12:30:00+00:00,12211.73
2026-04-08T12:30:00+00:00,12211.73
2026-04-08T12:45:00+00:00,12211.73
2026-04-08T12:45:00+00:00,12211.73
2026-04-08T12:45:00+00:00,12211.73
2026-04-08T13:00:00+00:00,12211.73
2026-04-08T13:00:00+00:00,12211.73
2026-04-08T13:00:00+00:00,12211.73
2026-04-08T13:15:00+00:00,12211.73
2026-04-08T13:15:00+00:00,12211.73
2026-04-08T13:15:00+00:00,12211.73
2026-04-08T13:30:00+00:00,12211.73
2026-04-08T13:30:00+00:00,12211.73
2026-04-08T13:30:00+00:00,12211.73
2026-04-08T13:45:00+00:00,12211.73
2026-04-08T13:45:00+00:00,12211.73
2026-04-08T13:45:00+00:00,12211.73
2026-04-08T14:00:00+00:00,12211.73
2026-04-08T14:00:00+00:00,12211.73
2026-04-08T14:00:00+00:00,12211.73
2026-04-08T14:15:00+00:00,12211.73
2026-04-08T14:15:00+00:00,12211.73
2026-04-08T14:15:00+00:00,12211.73
2026-04-08T14:30:00+00:00,12211.73
2026-04-08T14:30:00+00:00,12211.73
2026-04-08T14:30:00+00:00,12211.73
2026-04-08T14:45:00+00:00,12211.73
2026-04-08T14:45:00+00:00,12211.73
2026-04-08T14:45:00+00:00,12211.73
2026-04-08T15:00:00+00:00,12211.73
2026-04-08T15:00:00+00:00,12211.73
2026-04-08T15:00:00+00:00,12211.73
2026-04-08T15:15:00+00:00,12211.73
2026-04-08T15:15:00+00:00,12211.73
2026-04-08T15:15:00+00:00,12211.73
2026-04-08T15:30:00+00:00,12211.73
2026-04-08T15:30:00+00:00,12211.73
2026-04-08T15:30:00+00:00,12211.73
2026-04-08T15:45:00+00:00,12211.73
2026-04-08T15:45:00+00:00,12211.73
2026-04-08T15:45:00+00:00,12211.73
2026-04-08T16:00:00+00:00,12211.73
2026-04-08T16:00:00+00:00,12211.73
2026-04-08T16:00:00+00:00,12211.73
2026-04-08T16:15:00+00:00,12211.73
2026-04-08T16:15:00+00:00,12211.73
2026-04-08T16:15:00+00:00,12211.73
2026-04-08T16:30:00+00:00,12211.73
2026-04-08T16:30:00+00:00,12211.73
2026-04-08T16:30:00+00:00,12211.73
2026-04-08T16:45:00+00:00,12211.73
2026-04-08T16:45:00+00:00,12211.73
2026-04-08T16:45:00+00:00,12211.73
2026-04-08T17:00:00+00:00,12211.73
2026-04-08T17:00:00+00:00,12211.73
2026-04-08T17:00:00+00:00,12211.73
2026-04-08T17:15:00+00:00,12211.73
2026-04-08T17:15:00+00:00,12211.73
2026-04-08T17:15:00+00:00,12211.73
2026-04-08T17:30:00+00:00,12211.73
2026-04-08T17:30:00+00:00,12211.73
2026-04-08T17:30:00+00:00,12211.73
2026-04-08T17:45:00+00:00,12211.73
2026-04-08T17:45:00+00:00,12211.73
2026-04-08T17:45:00+00:00,12211.73
2026-04-08T18:00:00+00:00,12211.73
2026-04-08T18:00:00+00:00,12211.73
2026-04-08T18:00:00+00:00,12211.73
2026-04-08T18:15:00+00:00,12211.73
2026-04-08T18:15:00+00:00,12211.73
2026-04-08T18:15:00+00:00,12211.73
2026-04-08T18:30:00+00:00,12211.73
2026-04-08T18:30:00+00:00,12211.73
2026-04-08T18:30:00+00:00,12211.73
2026-04-08T18:45:00+00:00,12211.73
2026-04-08T18:45:00+00:00,12211.73
2026-04-08T18:45:00+00:00,12211.73
2026-04-08T19:00:00+00:00,12211.73
2026-04-08T19:00:00+00:00,12211.73
2026-04-08T19:00:00+00:00,12211.73
2026-04-08T19:15:00+00:00,12211.73
2026-04-08T19:15:00+00:00,12211.73
2026-04-08T19:15:00+00:00,12211.73
2026-04-08T19:30:00+00:00,12211.73
2026-04-08T19:30:00+00:00,12211.73
2026-04-08T19:30:00+00:00,12211.73
2026-04-08T19:45:00+00:00,12211.73
2026-04-08T19:45:00+00:00,12211.73
2026-04-08T19:45:00+00:00,12211.73
2026-04-08T20:00:00+00:00,12211.73
2026-04-08T20:00:00+00:00,12211.73
2026-04-08T20:00:00+00:00,12211.73
2026-04-08T20:15:00+00:00,12211.73
2026-04-08T20:15:00+00:00,12211.73
2026-04-08T20:15:00+00:00,12211.73
2026-04-08T20:30:00+00:00,12211.73
2026-04-08T20:30:00+00:00,12211.73
2026-04-08T20:30:00+00:00,12211.73
2026-04-08T20:45:00+00:00,12211.73
2026-04-08T20:45:00+00:00,12211.73
2026-04-08T20:45:00+00:00,12211.73
2026-04-08T21:00:00+00:00,12211.73
2026-04-08T21:00:00+00:00,12211.73
2026-04-08T21:00:00+00:00,12211.73
2026-04-08T21:15:00+00:00,12211.73
2026-04-08T21:15:00+00:00,12211.73
2026-04-08T21:15:00+00:00,12211.73
2026-04-08T21:30:00+00:00,12211.73
2026-04-08T21:30:00+00:00,12211.73
2026-04-08T21:30:00+00:00,12211.73
2026-04-08T21:45:00+00:00,12211.73
2026-04-08T21:45:00+00:00,12211.73
2026-04-08T21:45:00+00:00,12211.73
2026-04-08T22:00:00+00:00,12211.73
2026-04-08T22:00:00+00:00,12211.73
2026-04-08T22:00:00+00:00,12211.73
2026-04-08T22:15:00+00:00,12211.73
2026-04-08T22:15:00+00:00,12211.73
2026-04-08T22:15:00+00:00,12211.73
2026-04-08T22:30:00+00:00,12211.73
2026-04-08T22:30:00+00:00,12211.73
2026-04-08T22:30:00+00:00,12211.73
2026-04-08T22:45:00+00:00,12211.73
2026-04-08T22:45:00+00:00,12211.73
2026-04-08T22:45:00+00:00,12211.73
2026-04-08T23:00:00+00:00,12208.95
2026-04-08T23:00:00+00:00,12208.95
2026-04-08T23:00:00+00:00,12208.95
2026-04-08T23:15:00+00:00,12165.23
2026-04-08T23:15:00+00:00,12165.23
2026-04-08T23:15:00+00:00,12165.23
2026-04-08T23:30:00+00:00,12180.89
2026-04-08T23:30:00+00:00,12180.89
2026-04-08T23:30:00+00:00,12180.89
2026-04-08T23:45:00+00:00,12178.34
2026-04-08T23:45:00+00:00,12178.34
2026-04-08T23:45:00+00:00,12178.34
2026-04-09T00:00:00+00:00,12150.65
2026-04-09T00:00:00+00:00,12150.65
2026-04-09T00:00:00+00:00,12150.65
2026-04-09T00:15:00+00:00,12127.69
2026-04-09T00:15:00+00:00,12127.69
2026-04-09T00:15:00+00:00,12127.69
2026-04-09T00:30:00+00:00,12081.05
2026-04-09T00:30:00+00:00,12081.05
2026-04-09T00:30:00+00:00,12081.05
2026-04-09T00:45:00+00:00,12082.50
2026-04-09T00:45:00+00:00,12082.50
2026-04-09T00:45:00+00:00,12082.50
2026-04-09T01:00:00+00:00,12030.74
2026-04-09T01:00:00+00:00,12030.74
2026-04-09T01:00:00+00:00,12030.74
2026-04-09T01:15:00+00:00,12012.88
2026-04-09T01:15:00+00:00,12012.88
2026-04-09T01:15:00+00:00,12012.88
2026-04-09T01:30:00+00:00,12066.09
2026-04-09T01:30:00+00:00,12066.09
2026-04-09T01:30:00+00:00,12066.09
2026-04-09T01:45:00+00:00,12126.94
2026-04-09T01:45:00+00:00,12126.94
2026-04-09T01:45:00+00:00,12126.94
2026-04-09T02:00:00+00:00,12108.76
2026-04-09T02:00:00+00:00,12108.76
2026-04-09T02:00:00+00:00,12108.76
2026-04-09T02:15:00+00:00,12126.34
2026-04-09T02:15:00+00:00,12126.34
2026-04-09T02:15:00+00:00,12126.34
2026-04-09T02:30:00+00:00,12127.35
2026-04-09T02:30:00+00:00,12127.35
2026-04-09T02:30:00+00:00,12127.35
2026-04-09T02:45:00+00:00,12127.62
2026-04-09T02:45:00+00:00,12127.62
2026-04-09T02:45:00+00:00,12127.62
2026-04-09T03:00:00+00:00,12126.85
2026-04-09T03:00:00+00:00,12126.85
2026-04-09T03:00:00+00:00,12126.85
2026-04-09T03:15:00+00:00,12126.36
2026-04-09T03:15:00+00:00,12126.36
2026-04-09T03:15:00+00:00,12126.36
2026-04-09T03:30:00+00:00,12126.35
2026-04-09T03:30:00+00:00,12126.35
2026-04-09T03:30:00+00:00,12126.35
2026-04-09T03:45:00+00:00,12126.48
2026-04-09T03:45:00+00:00,12126.48
2026-04-09T03:45:00+00:00,12126.48
2026-04-09T04:00:00+00:00,12126.42
2026-04-09T04:00:00+00:00,12126.42
2026-04-09T04:00:00+00:00,12126.42
2026-04-09T04:15:00+00:00,12126.40
2026-04-09T04:15:00+00:00,12126.40
2026-04-09T04:15:00+00:00,12126.40
2026-04-09T04:30:00+00:00,12126.40
2026-04-09T04:30:00+00:00,12126.40
2026-04-09T04:30:00+00:00,12126.40
2026-04-09T04:45:00+00:00,12126.39
2026-04-09T04:45:00+00:00,12126.39
2026-04-09T04:45:00+00:00,12126.39
2026-04-09T05:00:00+00:00,12126.40
2026-04-09T05:00:00+00:00,12126.40
2026-04-09T05:00:00+00:00,12126.40
2026-04-09T05:15:00+00:00,12126.40
2026-04-09T05:15:00+00:00,12126.40
2026-04-09T05:15:00+00:00,12126.40
2026-04-09T05:30:00+00:00,12126.40
2026-04-09T05:30:00+00:00,12126.40
2026-04-09T05:30:00+00:00,12126.40
2026-04-09T05:45:00+00:00,12126.40
2026-04-09T05:45:00+00:00,12126.40
2026-04-09T05:45:00+00:00,12126.40
2026-04-09T06:00:00+00:00,12126.40
2026-04-09T06:00:00+00:00,12126.40
2026-04-09T06:00:00+00:00,12126.40
2026-04-09T06:15:00+00:00,12126.40
2026-04-09T06:15:00+00:00,12126.40
2026-04-09T06:15:00+00:00,12126.40
2026-04-09T06:30:00+00:00,12126.40
2026-04-09T06:30:00+00:00,12126.40
2026-04-09T06:30:00+00:00,12126.40
2026-04-09T06:45:00+00:00,12126.40
2026-04-09T06:45:00+00:00,12126.40
2026-04-09T06:45:00+00:00,12126.40
2026-04-09T07:00:00+00:00,12126.40
2026-04-09T07:00:00+00:00,12126.40
2026-04-09T07:00:00+00:00,12126.40
2026-04-09T07:15:00+00:00,12126.40
2026-04-09T07:15:00+00:00,12126.40
2026-04-09T07:15:00+00:00,12126.40
2026-04-09T07:30:00+00:00,12126.40
2026-04-09T07:30:00+00:00,12126.40
2026-04-09T07:30:00+00:00,12126.40
2026-04-09T07:45:00+00:00,12126.40
2026-04-09T07:45:00+00:00,12126.40
2026-04-09T07:45:00+00:00,12126.40
2026-04-09T08:00:00+00:00,12126.40
2026-04-09T08:00:00+00:00,12126.40
2026-04-09T08:00:00+00:00,12126.40
2026-04-09T08:15:00+00:00,12126.40
2026-04-09T08:15:00+00:00,12126.40
2026-04-09T08:15:00+00:00,12126.40
2026-04-09T08:30:00+00:00,12126.40
2026-04-09T08:30:00+00:00,12126.40
2026-04-09T08:30:00+00:00,12126.40
2026-04-09T08:45:00+00:00,12126.40
2026-04-09T08:45:00+00:00,12126.40
2026-04-09T08:45:00+00:00,12126.40
2026-04-09T09:00:00+00:00,12126.40
2026-04-09T09:00:00+00:00,12126.40
2026-04-09T09:00:00+00:00,12126.40
2026-04-09T09:15:00+00:00,12126.40
2026-04-09T09:15:00+00:00,12126.40
2026-04-09T09:15:00+00:00,12126.40
2026-04-09T09:30:00+00:00,12126.40
2026-04-09T09:30:00+00:00,12126.40
2026-04-09T09:30:00+00:00,12126.40
2026-04-09T09:45:00+00:00,12126.40
2026-04-09T09:45:00+00:00,12126.40
2026-04-09T09:45:00+00:00,12126.40
2026-04-09T10:00:00+00:00,12126.40
2026-04-09T10:00:00+00:00,12126.40
2026-04-09T10:00:00+00:00,12126.40
2026-04-09T10:15:00+00:00,12126.40
2026-04-09T10:15:00+00:00,12126.40
2026-04-09T10:15:00+00:00,12126.40
2026-04-09T10:30:00+00:00,12126.40
2026-04-09T10:30:00+00:00,12126.40
2026-04-09T10:30:00+00:00,12126.40
2026-04-09T10:45:00+00:00,12126.40
2026-04-09T10:45:00+00:00,12126.40
2026-04-09T10:45:00+00:00,12126.40
2026-04-09T11:00:00+00:00,12126.40
2026-04-09T11:00:00+00:00,12126.40
2026-04-09T11:00:00+00:00,12126.40
2026-04-09T11:15:00+00:00,12126.40
2026-04-09T11:15:00+00:00,12126.40
2026-04-09T11:15:00+00:00,12126.40
2026-04-09T11:30:00+00:00,12126.40
2026-04-09T11:30:00+00:00,12126.40
2026-04-09T11:30:00+00:00,12126.40
2026-04-09T11:45:00+00:00,12126.40
2026-04-09T11:45:00+00:00,12126.40
2026-04-09T11:45:00+00:00,12126.40
2026-04-09T12:00:00+00:00,12126.40
2026-04-09T12:00:00+00:00,12126.40
2026-04-09T12:00:00+00:00,12126.40
2026-04-09T12:15:00+00:00,12126.40
2026-04-09T12:15:00+00:00,12126.40
2026-04-09T12:15:00+00:00,12126.40
2026-04-09T12:30:00+00:00,12126.40
2026-04-09T12:30:00+00:00,12126.40
2026-04-09T12:30:00+00:00,12126.40
2026-04-09T12:45:00+00:00,12126.40
2026-04-09T12:45:00+00:00,12126.40
2026-04-09T12:45:00+00:00,12126.40
2026-04-09T13:00:00+00:00,12126.40
2026-04-09T13:00:00+00:00,12126.40
2026-04-09T13:00:00+00:00,12126.40
2026-04-09T13:15:00+00:00,12126.40
2026-04-09T13:15:00+00:00,12126.40
2026-04-09T13:15:00+00:00,12126.40
2026-04-09T13:30:00+00:00,12126.40
2026-04-09T13:30:00+00:00,12126.40
2026-04-09T13:30:00+00:00,12126.40
2026-04-09T13:45:00+00:00,12126.40
2026-04-09T13:45:00+00:00,12126.40
2026-04-09T13:45:00+00:00,12126.40
2026-04-09T14:00:00+00:00,12126.40
2026-04-09T14:00:00+00:00,12126.40
2026-04-09T14:00:00+00:00,12126.40
2026-04-09T14:15:00+00:00,12126.40
2026-04-09T14:15:00+00:00,12126.40
2026-04-09T14:15:00+00:00,12126.40
2026-04-09T14:30:00+00:00,12126.40
2026-04-09T14:30:00+00:00,12126.40
2026-04-09T14:30:00+00:00,12126.40
2026-04-09T14:45:00+00:00,12126.40
2026-04-09T14:45:00+00:00,12126.40
2026-04-09T14:45:00+00:00,12126.40
2026-04-09T15:00:00+00:00,12126.40
2026-04-09T15:00:00+00:00,12126.40
2026-04-09T15:00:00+00:00,12126.40
2026-04-09T15:15:00+00:00,12126.40
2026-04-09T15:15:00+00:00,12126.40
2026-04-09T15:15:00+00:00,12126.40
2026-04-09T15:30:00+00:00,12126.40
2026-04-09T15:30:00+00:00,12126.40
2026-04-09T15:30:00+00:00,12126.40
2026-04-09T15:45:00+00:00,12126.40
2026-04-09T15:45:00+00:00,12126.40
2026-04-09T15:45:00+00:00,12126.40
2026-04-09T16:00:00+00:00,12126.40
2026-04-09T16:00:00+00:00,12126.40
2026-04-09T16:00:00+00:00,12126.40
2026-04-09T16:15:00+00:00,12126.40
2026-04-09T16:15:00+00:00,12126.40
2026-04-09T16:15:00+00:00,12126.40
2026-04-09T16:30:00+00:00,12126.40
2026-04-09T16:30:00+00:00,12126.40
2026-04-09T16:30:00+00:00,12126.40
2026-04-09T16:45:00+00:00,12126.40
2026-04-09T16:45:00+00:00,12126.40
2026-04-09T16:45:00+00:00,12126.40
2026-04-09T17:00:00+00:00,12126.40
2026-04-09T17:00:00+00:00,12126.40
2026-04-09T17:00:00+00:00,12126.40
2026-04-09T17:15:00+00:00,12126.40
2026-04-09T17:15:00+00:00,12126.40
2026-04-09T17:15:00+00:00,12126.40
2026-04-09T17:30:00+00:00,12126.40
2026-04-09T17:30:00+00:00,12126.40
2026-04-09T17:30:00+00:00,12126.40
2026-04-09T17:45:00+00:00,12126.40
2026-04-09T17:45:00+00:00,12126.40
2026-04-09T17:45:00+00:00,12126.40
2026-04-09T18:00:00+00:00,12126.40
2026-04-09T18:00:00+00:00,12126.40
2026-04-09T18:00:00+00:00,12126.40
2026-04-09T18:15:00+00:00,12126.40
2026-04-09T18:15:00+00:00,12126.40
2026-04-09T18:15:00+00:00,12126.40
2026-04-09T18:30:00+00:00,12126.40
2026-04-09T18:30:00+00:00,12126.40
2026-04-09T18:30:00+00:00,12126.40
2026-04-09T18:45:00+00:00,12126.40
2026-04-09T18:45:00+00:00,12126.40
2026-04-09T18:45:00+00:00,12126.40
2026-04-09T19:00:00+00:00,12126.40
2026-04-09T19:00:00+00:00,12126.40
2026-04-09T19:00:00+00:00,12126.40
2026-04-09T19:15:00+00:00,12126.40
2026-04-09T19:15:00+00:00,12126.40
2026-04-09T19:15:00+00:00,12126.40
2026-04-09T19:30:00+00:00,12126.40
2026-04-09T19:30:00+00:00,12126.40
2026-04-09T19:30:00+00:00,12126.40
2026-04-09T19:45:00+00:00,12126.40
2026-04-09T19:45:00+00:00,12126.40
2026-04-09T19:45:00+00:00,12126.40
2026-04-09T20:00:00+00:00,12126.40
2026-04-09T20:00:00+00:00,12126.40
2026-04-09T20:00:00+00:00,12126.40
2026-04-09T20:15:00+00:00,12126.40
2026-04-09T20:15:00+00:00,12126.40
2026-04-09T20:15:00+00:00,12126.40
2026-04-09T20:30:00+00:00,12126.40
2026-04-09T20:30:00+00:00,12126.40
2026-04-09T20:30:00+00:00,12126.40
2026-04-09T20:45:00+00:00,12126.40
2026-04-09T20:45:00+00:00,12126.40
2026-04-09T20:45:00+00:00,12126.40
2026-04-09T21:00:00+00:00,12126.40
2026-04-09T21:00:00+00:00,12126.40
2026-04-09T21:00:00+00:00,12126.40
2026-04-09T21:15:00+00:00,12126.40
2026-04-09T21:15:00+00:00,12126.40
2026-04-09T21:15:00+00:00,12126.40
2026-04-09T21:30:00+00:00,12126.40
2026-04-09T21:30:00+00:00,12126.40
2026-04-09T21:30:00+00:00,12126.40
2026-04-09T21:45:00+00:00,12126.40
2026-04-09T21:45:00+00:00,12126.40
2026-04-09T21:45:00+00:00,12126.40
2026-04-09T22:00:00+00:00,12126.40
2026-04-09T22:00:00+00:00,12126.40
2026-04-09T22:00:00+00:00,12126.40
2026-04-09T22:15:00+00:00,12126.40
2026-04-09T22:15:00+00:00,12126.40
2026-04-09T22:15:00+00:00,12126.40
2026-04-09T22:30:00+00:00,12126.40
2026-04-09T22:30:00+00:00,12126.40
2026-04-09T22:30:00+00:00,12126.40
2026-04-09T22:45:00+00:00,12126.40
2026-04-09T22:45:00+00:00,12126.40
2026-04-09T22:45:00+00:00,12126.40
2026-04-09T23:00:00+00:00,12126.40
2026-04-09T23:00:00+00:00,12126.40
2026-04-09T23:00:00+00:00,12126.40
2026-04-09T23:15:00+00:00,12126.40
2026-04-09T23:15:00+00:00,12126.40
2026-04-09T23:15:00+00:00,12126.40
2026-04-09T23:30:00+00:00,12126.40
2026-04-09T23:30:00+00:00,12126.40
2026-04-09T23:30:00+00:00,12126.40
2026-04-09T23:45:00+00:00,12126.40
2026-04-09T23:45:00+00:00,12126.40
2026-04-09T23:45:00+00:00,12126.40
2026-04-10T00:00:00+00:00,12126.40
2026-04-10T00:00:00+00:00,12126.40
2026-04-10T00:00:00+00:00,12126.40
2026-04-10T00:15:00+00:00,12126.40
2026-04-10T00:15:00+00:00,12126.40
2026-04-10T00:15:00+00:00,12126.40
2026-04-10T00:30:00+00:00,12126.40
2026-04-10T00:30:00+00:00,12126.40
2026-04-10T00:30:00+00:00,12126.40
2026-04-10T00:45:00+00:00,12126.40
2026-04-10T00:45:00+00:00,12126.40
2026-04-10T00:45:00+00:00,12126.40
2026-04-10T01:00:00+00:00,12126.40
2026-04-10T01:00:00+00:00,12126.40
2026-04-10T01:00:00+00:00,12126.40
2026-04-10T01:15:00+00:00,12126.40
2026-04-10T01:15:00+00:00,12126.40
2026-04-10T01:15:00+00:00,12126.40
2026-04-10T01:30:00+00:00,12126.40
2026-04-10T01:30:00+00:00,12126.40
2026-04-10T01:30:00+00:00,12126.40
2026-04-10T01:45:00+00:00,12126.40
2026-04-10T01:45:00+00:00,12126.40
2026-04-10T01:45:00+00:00,12126.40
2026-04-10T02:00:00+00:00,12126.40
2026-04-10T02:00:00+00:00,12126.40
2026-04-10T02:00:00+00:00,12126.40
2026-04-10T02:15:00+00:00,12126.40
2026-04-10T02:15:00+00:00,12126.40
2026-04-10T02:15:00+00:00,12126.40
2026-04-10T02:30:00+00:00,12126.40
2026-04-10T02:30:00+00:00,12126.40
2026-04-10T02:30:00+00:00,12126.40
2026-04-10T02:45:00+00:00,12126.40
2026-04-10T02:45:00+00:00,12126.40
2026-04-10T02:45:00+00:00,12126.40
2026-04-10T03:00:00+00:00,12061.95
2026-04-10T03:00:00+00:00,12061.95
2026-04-10T03:00:00+00:00,12061.95
2026-04-10T03:15:00+00:00,12045.64
2026-04-10T03:15:00+00:00,12045.64
2026-04-10T03:15:00+00:00,12045.64
2026-04-10T03:30:00+00:00,12082.68
2026-04-10T03:30:00+00:00,12082.68
2026-04-10T03:30:00+00:00,12082.68
2026-04-10T03:45:00+00:00,12066.37
2026-04-10T03:45:00+00:00,12066.37
2026-04-10T03:45:00+00:00,12066.37
2026-04-10T04:00:00+00:00,12067.08
2026-04-10T04:00:00+00:00,12067.08
2026-04-10T04:00:00+00:00,12067.08
2026-04-10T04:15:00+00:00,12064.70
2026-04-10T04:15:00+00:00,12064.70
2026-04-10T04:15:00+00:00,12064.70
2026-04-10T04:30:00+00:00,12074.90
2026-04-10T04:30:00+00:00,12074.90
2026-04-10T04:30:00+00:00,12074.90
2026-04-10T04:45:00+00:00,12151.69
2026-04-10T04:45:00+00:00,12151.69
2026-04-10T04:45:00+00:00,12151.69
2026-04-10T05:00:00+00:00,12124.54
2026-04-10T05:00:00+00:00,12124.54
2026-04-10T05:00:00+00:00,12124.54
2026-04-10T05:15:00+00:00,12186.05
2026-04-10T05:15:00+00:00,12186.05
2026-04-10T05:15:00+00:00,12186.05
2026-04-10T05:30:00+00:00,12161.92
2026-04-10T05:30:00+00:00,12161.92
2026-04-10T05:30:00+00:00,12161.92
2026-04-10T05:45:00+00:00,12151.05
2026-04-10T05:45:00+00:00,12151.05
2026-04-10T05:45:00+00:00,12151.05
2026-04-10T06:00:00+00:00,12152.94
2026-04-10T06:00:00+00:00,12152.94
2026-04-10T06:00:00+00:00,12152.94
2026-04-10T06:15:00+00:00,12138.49
2026-04-10T06:15:00+00:00,12138.49
2026-04-10T06:15:00+00:00,12138.49
2026-04-10T06:30:00+00:00,12138.49
2026-04-10T06:30:00+00:00,12138.49
2026-04-10T06:30:00+00:00,12138.49
2026-04-10T06:45:00+00:00,12138.49
2026-04-10T06:45:00+00:00,12138.49
2026-04-10T06:45:00+00:00,12138.49
2026-04-10T07:00:00+00:00,12138.49
2026-04-10T07:00:00+00:00,12138.49
2026-04-10T07:00:00+00:00,12138.49
2026-04-10T07:15:00+00:00,12138.49
2026-04-10T07:15:00+00:00,12138.49
2026-04-10T07:15:00+00:00,12138.49
2026-04-10T07:30:00+00:00,12138.49
2026-04-10T07:30:00+00:00,12138.49
2026-04-10T07:30:00+00:00,12138.49
2026-04-10T07:45:00+00:00,12138.49
2026-04-10T07:45:00+00:00,12138.49
2026-04-10T07:45:00+00:00,12138.49
2026-04-10T08:00:00+00:00,12138.49
2026-04-10T08:00:00+00:00,12138.49
2026-04-10T08:00:00+00:00,12138.49
2026-04-10T08:15:00+00:00,12138.49
2026-04-10T08:15:00+00:00,12138.49
2026-04-10T08:15:00+00:00,12138.49
2026-04-10T08:30:00+00:00,12138.49
2026-04-10T08:30:00+00:00,12138.49
2026-04-10T08:30:00+00:00,12138.49
2026-04-10T08:45:00+00:00,12138.49
2026-04-10T08:45:00+00:00,12138.49
2026-04-10T08:45:00+00:00,12138.49
2026-04-10T09:00:00+00:00,12138.49
2026-04-10T09:00:00+00:00,12138.49
2026-04-10T09:00:00+00:00,12138.49
2026-04-10T09:15:00+00:00,12138.49
2026-04-10T09:15:00+00:00,12138.49
2026-04-10T09:15:00+00:00,12138.49
2026-04-10T09:30:00+00:00,12138.49
2026-04-10T09:30:00+00:00,12138.49
2026-04-10T09:30:00+00:00,12138.49
2026-04-10T09:45:00+00:00,12138.49
2026-04-10T09:45:00+00:00,12138.49
2026-04-10T09:45:00+00:00,12138.49
2026-04-10T10:00:00+00:00,12138.49
2026-04-10T10:00:00+00:00,12138.49
2026-04-10T10:00:00+00:00,12138.49
2026-04-10T10:15:00+00:00,12138.49
2026-04-10T10:15:00+00:00,12138.49
2026-04-10T10:15:00+00:00,12138.49
2026-04-10T10:30:00+00:00,12138.49
2026-04-10T10:30:00+00:00,12138.49
2026-04-10T10:30:00+00:00,12138.49
2026-04-10T10:45:00+00:00,12138.49
2026-04-10T10:45:00+00:00,12138.49
2026-04-10T10:45:00+00:00,12138.49
2026-04-10T11:00:00+00:00,12138.49
2026-04-10T11:00:00+00:00,12138.49
2026-04-10T11:00:00+00:00,12138.49
2026-04-10T11:15:00+00:00,12138.49
2026-04-10T11:15:00+00:00,12138.49
2026-04-10T11:15:00+00:00,12138.49
2026-04-10T11:30:00+00:00,12138.49
2026-04-10T11:30:00+00:00,12138.49
2026-04-10T11:30:00+00:00,12138.49
2026-04-10T11:45:00+00:00,12138.49
2026-04-10T11:45:00+00:00,12138.49
2026-04-10T11:45:00+00:00,12138.49
2026-04-10T12:00:00+00:00,12138.49
2026-04-10T12:00:00+00:00,12138.49
2026-04-10T12:00:00+00:00,12138.49
2026-04-10T12:15:00+00:00,12138.49
2026-04-10T12:15:00+00:00,12138.49
2026-04-10T12:15:00+00:00,12138.49
2026-04-10T12:30:00+00:00,12138.49
2026-04-10T12:30:00+00:00,12138.49
2026-04-10T12:30:00+00:00,12138.49
2026-04-10T12:45:00+00:00,12138.49
2026-04-10T12:45:00+00:00,12138.49
2026-04-10T12:45:00+00:00,12138.49
2026-04-10T13:00:00+00:00,12138.49
2026-04-10T13:00:00+00:00,12138.49
2026-04-10T13:00:00+00:00,12138.49
2026-04-10T13:15:00+00:00,12138.49
2026-04-10T13:15:00+00:00,12138.49
2026-04-10T13:15:00+00:00,12138.49
2026-04-10T13:30:00+00:00,12138.49
2026-04-10T13:30:00+00:00,12138.49
2026-04-10T13:30:00+00:00,12138.49
2026-04-10T13:45:00+00:00,12138.49
2026-04-10T13:45:00+00:00,12138.49
2026-04-10T13:45:00+00:00,12138.49
2026-04-10T14:00:00+00:00,12138.49
2026-04-10T14:00:00+00:00,12138.49
2026-04-10T14:00:00+00:00,12138.49
2026-04-10T14:15:00+00:00,12138.49
2026-04-10T14:15:00+00:00,12138.49
2026-04-10T14:15:00+00:00,12138.49
2026-04-10T14:30:00+00:00,12138.49
2026-04-10T14:30:00+00:00,12138.49
2026-04-10T14:30:00+00:00,12138.49
2026-04-10T14:45:00+00:00,12138.49
2026-04-10T14:45:00+00:00,12138.49
2026-04-10T14:45:00+00:00,12138.49
2026-04-10T15:00:00+00:00,12138.49
2026-04-10T15:00:00+00:00,12138.49
2026-04-10T15:00:00+00:00,12138.49
2026-04-10T15:15:00+00:00,12138.49
2026-04-10T15:15:00+00:00,12138.49
2026-04-10T15:15:00+00:00,12138.49
2026-04-10T15:30:00+00:00,12138.49
2026-04-10T15:30:00+00:00,12138.49
2026-04-10T15:30:00+00:00,12138.49
2026-04-10T15:45:00+00:00,12138.49
2026-04-10T15:45:00+00:00,12138.49
2026-04-10T15:45:00+00:00,12138.49
2026-04-10T16:00:00+00:00,12138.49
2026-04-10T16:00:00+00:00,12138.49
2026-04-10T16:00:00+00:00,12138.49
2026-04-10T16:15:00+00:00,12138.49
2026-04-10T16:15:00+00:00,12138.49
2026-04-10T16:15:00+00:00,12138.49
2026-04-10T16:30:00+00:00,12138.49
2026-04-10T16:30:00+00:00,12138.49
2026-04-10T16:30:00+00:00,12138.49
2026-04-10T16:45:00+00:00,12138.49
2026-04-10T16:45:00+00:00,12138.49
2026-04-10T16:45:00+00:00,12138.49
2026-04-10T17:00:00+00:00,12138.49
2026-04-10T17:00:00+00:00,12138.49
2026-04-10T17:00:00+00:00,12138.49
2026-04-10T17:15:00+00:00,12138.49
2026-04-10T17:15:00+00:00,12138.49
2026-04-10T17:15:00+00:00,12138.49
2026-04-10T17:30:00+00:00,12138.49
2026-04-10T17:30:00+00:00,12138.49
2026-04-10T17:30:00+00:00,12138.49
2026-04-10T17:45:00+00:00,12138.49
2026-04-10T17:45:00+00:00,12138.49
2026-04-10T17:45:00+00:00,12138.49
2026-04-10T18:00:00+00:00,12138.49
2026-04-10T18:00:00+00:00,12138.49
2026-04-10T18:00:00+00:00,12138.49
2026-04-10T18:15:00+00:00,12138.49
2026-04-10T18:15:00+00:00,12138.49
2026-04-10T18:15:00+00:00,12138.49
2026-04-10T18:30:00+00:00,12138.49
2026-04-10T18:30:00+00:00,12138.49
2026-04-10T18:30:00+00:00,12138.49
2026-04-10T18:45:00+00:00,12138.49
2026-04-10T18:45:00+00:00,12138.49
2026-04-10T18:45:00+00:00,12138.49
2026-04-10T19:00:00+00:00,12138.49
2026-04-10T19:00:00+00:00,12138.49
2026-04-10T19:00:00+00:00,12138.49
2026-04-10T19:15:00+00:00,12138.49
2026-04-10T19:15:00+00:00,12138.49
2026-04-10T19:15:00+00:00,12138.49
2026-04-10T19:30:00+00:00,12138.49
2026-04-10T19:30:00+00:00,12138.49
2026-04-10T19:30:00+00:00,12138.49
2026-04-10T19:45:00+00:00,12138.49
2026-04-10T19:45:00+00:00,12138.49
2026-04-10T19:45:00+00:00,12138.49
2026-04-10T20:00:00+00:00,12138.49
2026-04-10T20:00:00+00:00,12138.49
2026-04-10T20:00:00+00:00,12138.49
2026-04-10T20:15:00+00:00,12138.49
2026-04-10T20:15:00+00:00,12138.49
2026-04-10T20:15:00+00:00,12138.49
2026-04-10T20:30:00+00:00,12138.49
2026-04-10T20:30:00+00:00,12138.49
2026-04-10T20:30:00+00:00,12138.49
2026-04-10T20:45:00+00:00,12138.49
2026-04-10T20:45:00+00:00,12138.49
2026-04-10T20:45:00+00:00,12138.49
2026-04-10T21:00:00+00:00,12138.49
2026-04-10T21:00:00+00:00,12138.49
2026-04-10T21:00:00+00:00,12138.49
2026-04-10T21:15:00+00:00,12138.49
2026-04-10T21:15:00+00:00,12138.49
2026-04-10T21:15:00+00:00,12138.49
2026-04-10T21:30:00+00:00,12138.49
2026-04-10T21:30:00+00:00,12138.49
2026-04-10T21:30:00+00:00,12138.49
2026-04-10T21:45:00+00:00,12138.49
2026-04-10T21:45:00+00:00,12138.49
2026-04-10T21:45:00+00:00,12138.49
2026-04-10T22:00:00+00:00,12138.49
2026-04-10T22:00:00+00:00,12138.49
2026-04-10T22:00:00+00:00,12138.49
2026-04-10T22:15:00+00:00,12138.49
2026-04-10T22:15:00+00:00,12138.49
2026-04-10T22:15:00+00:00,12138.49
2026-04-10T22:30:00+00:00,12138.49
2026-04-10T22:30:00+00:00,12138.49
2026-04-10T22:30:00+00:00,12138.49
2026-04-10T22:45:00+00:00,12138.49
2026-04-10T22:45:00+00:00,12138.49
2026-04-10T22:45:00+00:00,12138.49
2026-04-10T23:00:00+00:00,12138.49
2026-04-10T23:00:00+00:00,12138.49
2026-04-10T23:00:00+00:00,12138.49
2026-04-10T23:15:00+00:00,12138.49
2026-04-10T23:15:00+00:00,12138.49
2026-04-10T23:15:00+00:00,12138.49
2026-04-10T23:30:00+00:00,12138.49
2026-04-10T23:30:00+00:00,12138.49
2026-04-10T23:30:00+00:00,12138.49
2026-04-10T23:45:00+00:00,12138.49
2026-04-10T23:45:00+00:00,12138.49
2026-04-10T23:45:00+00:00,12138.49
2026-04-11T00:00:00+00:00,12138.49
2026-04-11T00:00:00+00:00,12138.49
2026-04-11T00:00:00+00:00,12138.49
2026-04-11T00:15:00+00:00,12138.49
2026-04-11T00:15:00+00:00,12138.49
2026-04-11T00:15:00+00:00,12138.49
2026-04-11T00:30:00+00:00,12138.49
2026-04-11T00:30:00+00:00,12138.49
2026-04-11T00:30:00+00:00,12138.49
2026-04-11T00:45:00+00:00,12138.49
2026-04-11T00:45:00+00:00,12138.49
2026-04-11T00:45:00+00:00,12138.49
2026-04-11T01:00:00+00:00,12138.49
2026-04-11T01:00:00+00:00,12138.49
2026-04-11T01:00:00+00:00,12138.49
2026-04-11T01:15:00+00:00,12138.49
2026-04-11T01:15:00+00:00,12138.49
2026-04-11T01:15:00+00:00,12138.49
2026-04-11T01:30:00+00:00,12138.49
2026-04-11T01:30:00+00:00,12138.49
2026-04-11T01:30:00+00:00,12138.49
2026-04-11T01:45:00+00:00,12138.49
2026-04-11T01:45:00+00:00,12138.49
2026-04-11T01:45:00+00:00,12138.49
2026-04-11T02:00:00+00:00,12138.49
2026-04-11T02:00:00+00:00,12138.49
2026-04-11T02:00:00+00:00,12138.49
2026-04-11T02:15:00+00:00,12138.49
2026-04-11T02:15:00+00:00,12138.49
2026-04-11T02:15:00+00:00,12138.49
2026-04-11T02:30:00+00:00,12138.49
2026-04-11T02:30:00+00:00,12138.49
2026-04-11T02:30:00+00:00,12138.49
2026-04-11T02:45:00+00:00,12138.49
2026-04-11T02:45:00+00:00,12138.49
2026-04-11T02:45:00+00:00,12138.49
2026-04-11T03:00:00+00:00,12138.49
2026-04-11T03:00:00+00:00,12138.49
2026-04-11T03:00:00+00:00,12138.49
2026-04-11T03:15:00+00:00,12138.49
2026-04-11T03:15:00+00:00,12138.49
2026-04-11T03:15:00+00:00,12138.49
2026-04-11T03:30:00+00:00,12138.49
2026-04-11T03:30:00+00:00,12138.49
2026-04-11T03:30:00+00:00,12138.49
2026-04-11T03:45:00+00:00,12138.49
2026-04-11T03:45:00+00:00,12138.49
2026-04-11T03:45:00+00:00,12138.49
2026-04-11T04:00:00+00:00,12138.49
2026-04-11T04:00:00+00:00,12138.49
2026-04-11T04:00:00+00:00,12138.49
2026-04-11T04:15:00+00:00,12138.49
2026-04-11T04:15:00+00:00,12138.49
2026-04-11T04:15:00+00:00,12138.49
2026-04-11T04:30:00+00:00,12138.49
2026-04-11T04:30:00+00:00,12138.49
2026-04-11T04:30:00+00:00,12138.49
2026-04-11T04:45:00+00:00,12138.49
2026-04-11T04:45:00+00:00,12138.49
2026-04-11T04:45:00+00:00,12138.49
2026-04-11T05:00:00+00:00,12138.49
2026-04-11T05:00:00+00:00,12138.49
2026-04-11T05:00:00+00:00,12030.59
2026-04-11T05:15:00+00:00,12030.59
2026-04-11T05:15:00+00:00,12030.59
2026-04-11T05:15:00+00:00,12051.16
2026-04-11T05:30:00+00:00,12051.16
2026-04-11T05:30:00+00:00,12051.16
2026-04-11T05:30:00+00:00,12043.96
2026-04-11T05:45:00+00:00,12043.96
2026-04-11T05:45:00+00:00,12043.96
2026-04-11T05:45:00+00:00,11998.38
2026-04-11T06:00:00+00:00,11998.24
2026-04-11T06:00:00+00:00,11998.24
2026-04-11T06:00:00+00:00,11961.57
2026-04-11T06:15:00+00:00,11961.57
2026-04-11T06:15:00+00:00,11961.57
2026-04-11T06:15:00+00:00,11960.89
2026-04-11T06:30:00+00:00,11960.89
2026-04-11T06:30:00+00:00,11960.89
2026-04-11T06:30:00+00:00,11985.91
2026-04-11T06:45:00+00:00,11985.91
2026-04-11T06:45:00+00:00,11985.91
2026-04-11T06:45:00+00:00,12013.32
2026-04-11T07:00:00+00:00,12013.36
2026-04-11T07:00:00+00:00,12013.36
2026-04-11T07:00:00+00:00,12015.08
2026-04-11T07:15:00+00:00,12015.08
2026-04-11T07:15:00+00:00,12015.08
2026-04-11T07:15:00+00:00,12057.57
2026-04-11T07:30:00+00:00,12057.57
2026-04-11T07:30:00+00:00,12057.57
2026-04-11T07:30:00+00:00,12044.21
2026-04-11T07:45:00+00:00,12044.21
2026-04-11T07:45:00+00:00,12044.21
2026-04-11T07:45:00+00:00,12055.52
2026-04-11T08:00:00+00:00,12055.55
2026-04-11T08:00:00+00:00,12055.55
2026-04-11T08:00:00+00:00,12074.57
2026-04-11T08:15:00+00:00,12074.57
2026-04-11T08:15:00+00:00,12074.57
2026-04-11T08:15:00+00:00,12073.55
2026-04-11T08:30:00+00:00,12073.55
2026-04-11T08:30:00+00:00,12073.55
2026-04-11T08:30:00+00:00,12075.22
2026-04-11T08:45:00+00:00,12075.22
2026-04-11T08:45:00+00:00,12075.22
2026-04-11T08:45:00+00:00,12071.02
2026-04-11T09:00:00+00:00,12071.04
2026-04-11T09:00:00+00:00,12071.04
2026-04-11T09:00:00+00:00,12071.34
2026-04-11T09:15:00+00:00,12071.34
2026-04-11T09:15:00+00:00,12071.34
2026-04-11T09:15:00+00:00,12073.62
2026-04-11T09:30:00+00:00,12073.62
2026-04-11T09:30:00+00:00,12073.62
2026-04-11T09:30:00+00:00,12072.73
2026-04-11T09:45:00+00:00,12072.73
2026-04-11T09:45:00+00:00,12072.73
2026-04-11T09:45:00+00:00,12072.81
2026-04-11T10:00:00+00:00,12072.81
2026-04-11T10:00:00+00:00,12072.81
2026-04-11T10:00:00+00:00,12072.49
2026-04-11T10:15:00+00:00,12072.49
2026-04-11T10:15:00+00:00,12072.49
2026-04-11T10:15:00+00:00,12072.49
2026-04-11T10:30:00+00:00,12072.49
2026-04-11T10:30:00+00:00,12072.49
2026-04-11T10:30:00+00:00,12072.49
2026-04-11T10:45:00+00:00,12072.49
2026-04-11T10:45:00+00:00,12072.49
2026-04-11T10:45:00+00:00,12072.49
2026-04-11T11:00:00+00:00,12072.49
2026-04-11T11:00:00+00:00,12072.49
2026-04-11T11:00:00+00:00,12072.49
2026-04-11T11:15:00+00:00,12072.49
2026-04-11T11:15:00+00:00,12072.49
2026-04-11T11:15:00+00:00,12072.49
2026-04-11T11:30:00+00:00,12072.49
2026-04-11T11:30:00+00:00,12072.49
2026-04-11T11:30:00+00:00,12072.49
2026-04-11T11:45:00+00:00,12072.49
2026-04-11T11:45:00+00:00,12072.49
2026-04-11T11:45:00+00:00,12072.49
2026-04-11T12:00:00+00:00,12072.49
2026-04-11T12:00:00+00:00,12072.49
2026-04-11T12:00:00+00:00,12072.49
2026-04-11T12:15:00+00:00,12072.49
2026-04-11T12:15:00+00:00,12072.49
2026-04-11T12:15:00+00:00,12072.49
2026-04-11T12:30:00+00:00,12072.49
2026-04-11T12:30:00+00:00,12072.49
2026-04-11T12:30:00+00:00,12072.49
2026-04-11T12:45:00+00:00,12072.49
2026-04-11T12:45:00+00:00,12072.49
2026-04-11T12:45:00+00:00,12072.49
2026-04-11T13:00:00+00:00,12072.49
2026-04-11T13:00:00+00:00,12072.49
2026-04-11T13:00:00+00:00,12072.49
2026-04-11T13:15:00+00:00,12072.49
2026-04-11T13:15:00+00:00,12072.49
2026-04-11T13:15:00+00:00,12072.49
2026-04-11T13:30:00+00:00,12072.49
2026-04-11T13:30:00+00:00,12072.49
2026-04-11T13:30:00+00:00,12072.49
2026-04-11T13:45:00+00:00,12072.49
2026-04-11T13:45:00+00:00,12072.49
2026-04-11T13:45:00+00:00,12072.49
2026-04-11T14:00:00+00:00,12072.49
2026-04-11T14:00:00+00:00,12072.49
2026-04-11T14:00:00+00:00,12072.49
2026-04-11T14:15:00+00:00,12072.49
2026-04-11T14:15:00+00:00,12072.49
2026-04-11T14:15:00+00:00,12072.49
2026-04-11T14:30:00+00:00,12072.49
2026-04-11T14:30:00+00:00,12072.49
2026-04-11T14:30:00+00:00,12072.49
2026-04-11T14:45:00+00:00,12072.49
2026-04-11T14:45:00+00:00,12072.49
2026-04-11T14:45:00+00:00,12072.49
2026-04-11T15:00:00+00:00,12072.49
2026-04-11T15:00:00+00:00,12072.49
2026-04-11T15:00:00+00:00,12072.49
2026-04-11T15:15:00+00:00,12072.49
2026-04-11T15:15:00+00:00,12072.49
2026-04-11T15:15:00+00:00,12072.49
2026-04-11T15:30:00+00:00,12072.49
2026-04-11T15:30:00+00:00,12072.49
2026-04-11T15:30:00+00:00,12072.49
2026-04-11T15:45:00+00:00,12072.49
2026-04-11T15:45:00+00:00,12072.49
2026-04-11T15:45:00+00:00,12072.49
2026-04-11T16:00:00+00:00,12072.49
2026-04-11T16:00:00+00:00,12072.49
2026-04-11T16:00:00+00:00,12072.49
2026-04-11T16:15:00+00:00,12072.49
2026-04-11T16:15:00+00:00,12072.49
2026-04-11T16:15:00+00:00,12072.49
2026-04-11T16:30:00+00:00,12072.49
2026-04-11T16:30:00+00:00,12072.49
2026-04-11T16:30:00+00:00,12072.49
2026-04-11T16:45:00+00:00,12072.49
2026-04-11T16:45:00+00:00,12072.49
2026-04-11T16:45:00+00:00,12072.49
2026-04-11T17:00:00+00:00,12072.49
2026-04-11T17:00:00+00:00,12072.49
2026-04-11T17:00:00+00:00,12072.49
2026-04-11T17:15:00+00:00,12072.49
2026-04-11T17:15:00+00:00,12072.49
2026-04-11T17:15:00+00:00,12072.49
2026-04-11T17:30:00+00:00,12072.49
2026-04-11T17:30:00+00:00,12072.49
2026-04-11T17:30:00+00:00,12072.49
2026-04-11T17:45:00+00:00,12072.49
2026-04-11T17:45:00+00:00,12072.49
2026-04-11T17:45:00+00:00,12072.49
2026-04-11T18:00:00+00:00,12072.49
2026-04-11T18:00:00+00:00,12072.49
2026-04-11T18:00:00+00:00,12072.49
2026-04-11T18:15:00+00:00,12072.49
2026-04-11T18:15:00+00:00,12072.49
2026-04-11T18:15:00+00:00,12072.49
2026-04-11T18:30:00+00:00,12072.49
2026-04-11T18:30:00+00:00,12072.49
2026-04-11T18:30:00+00:00,12072.49
2026-04-11T18:45:00+00:00,12072.49
2026-04-11T18:45:00+00:00,12072.49
2026-04-11T18:45:00+00:00,12072.49
2026-04-11T19:00:00+00:00,12072.49
2026-04-11T19:00:00+00:00,12072.49
2026-04-11T19:00:00+00:00,12072.49
2026-04-11T19:15:00+00:00,12072.49
2026-04-11T19:15:00+00:00,12072.49
2026-04-11T19:15:00+00:00,12072.49
2026-04-11T19:30:00+00:00,12072.49
2026-04-11T19:30:00+00:00,12072.49
2026-04-11T19:30:00+00:00,12072.49
2026-04-11T19:45:00+00:00,12072.49
2026-04-11T19:45:00+00:00,12072.49
2026-04-11T19:45:00+00:00,12072.49
2026-04-11T20:00:00+00:00,12072.49
2026-04-11T20:00:00+00:00,12072.49
2026-04-11T20:00:00+00:00,12072.49
2026-04-11T20:15:00+00:00,12072.49
2026-04-11T20:15:00+00:00,12072.49
2026-04-11T20:15:00+00:00,12072.49
2026-04-11T20:30:00+00:00,12072.49
2026-04-11T20:30:00+00:00,12072.49
2026-04-11T20:30:00+00:00,12072.49
2026-04-11T20:45:00+00:00,12072.49
2026-04-11T20:45:00+00:00,12072.49
2026-04-11T20:45:00+00:00,12072.49
2026-04-11T21:00:00+00:00,12072.49
2026-04-11T21:00:00+00:00,12072.49
2026-04-11T21:00:00+00:00,12072.49
2026-04-11T21:15:00+00:00,12072.49
2026-04-11T21:15:00+00:00,12072.49
2026-04-11T21:15:00+00:00,12072.49
2026-04-11T21:30:00+00:00,12072.49
2026-04-11T21:30:00+00:00,12072.49
2026-04-11T21:30:00+00:00,12072.49
2026-04-11T21:45:00+00:00,12072.49
2026-04-11T21:45:00+00:00,12072.49
2026-04-11T21:45:00+00:00,12072.49
2026-04-11T22:00:00+00:00,12072.49
2026-04-11T22:00:00+00:00,12072.49
2026-04-11T22:00:00+00:00,12072.49
2026-04-11T22:15:00+00:00,12072.49
2026-04-11T22:15:00+00:00,12072.49
2026-04-11T22:15:00+00:00,12072.49
2026-04-11T22:30:00+00:00,12072.49
2026-04-11T22:30:00+00:00,12072.49
2026-04-11T22:30:00+00:00,12072.49
2026-04-11T22:45:00+00:00,12072.49
2026-04-11T22:45:00+00:00,12072.49
2026-04-11T22:45:00+00:00,12072.49
2026-04-11T23:00:00+00:00,12072.49
2026-04-11T23:00:00+00:00,12072.49
2026-04-11T23:00:00+00:00,12072.49
2026-04-11T23:15:00+00:00,12072.49
2026-04-11T23:15:00+00:00,12072.49
2026-04-11T23:15:00+00:00,12072.49
2026-04-11T23:30:00+00:00,12072.49
2026-04-11T23:30:00+00:00,12072.49
2026-04-11T23:30:00+00:00,12072.49
2026-04-11T23:45:00+00:00,12072.49
2026-04-11T23:45:00+00:00,12072.49
2026-04-11T23:45:00+00:00,12072.49
2026-04-12T00:00:00+00:00,12072.49
2026-04-12T00:00:00+00:00,12072.49
2026-04-12T00:00:00+00:00,12072.49
2026-04-12T00:15:00+00:00,12072.49
2026-04-12T00:15:00+00:00,12072.49
2026-04-12T00:15:00+00:00,12072.49
2026-04-12T00:30:00+00:00,12072.49
2026-04-12T00:30:00+00:00,12072.49
2026-04-12T00:30:00+00:00,12072.49
2026-04-12T00:45:00+00:00,12072.49
2026-04-12T00:45:00+00:00,12072.49
2026-04-12T00:45:00+00:00,12072.49
2026-04-12T01:00:00+00:00,12072.49
2026-04-12T01:00:00+00:00,12072.49
2026-04-12T01:00:00+00:00,12072.49
2026-04-12T01:15:00+00:00,12072.49
2026-04-12T01:15:00+00:00,12072.49
2026-04-12T01:15:00+00:00,12072.49
2026-04-12T01:30:00+00:00,12072.49
2026-04-12T01:30:00+00:00,12072.49
2026-04-12T01:30:00+00:00,12072.49
2026-04-12T01:45:00+00:00,12072.49
2026-04-12T01:45:00+00:00,12072.49
2026-04-12T01:45:00+00:00,12072.49
2026-04-12T02:00:00+00:00,12072.49
2026-04-12T02:00:00+00:00,12072.49
2026-04-12T02:00:00+00:00,12072.49
2026-04-12T02:15:00+00:00,12072.49
2026-04-12T02:15:00+00:00,12072.49
2026-04-12T02:15:00+00:00,12072.49
2026-04-12T02:30:00+00:00,12072.49
2026-04-12T02:30:00+00:00,12072.49
2026-04-12T02:30:00+00:00,12072.49
2026-04-12T02:45:00+00:00,12072.49
2026-04-12T02:45:00+00:00,12072.49
2026-04-12T02:45:00+00:00,12072.49
2026-04-12T03:00:00+00:00,12072.49
2026-04-12T03:00:00+00:00,12072.49
2026-04-12T03:00:00+00:00,12072.49
2026-04-12T03:15:00+00:00,12072.49
2026-04-12T03:15:00+00:00,12072.49
2026-04-12T03:15:00+00:00,12072.49
2026-04-12T03:30:00+00:00,12072.49
2026-04-12T03:30:00+00:00,12072.49
2026-04-12T03:30:00+00:00,12072.49
2026-04-12T03:45:00+00:00,12072.49
2026-04-12T03:45:00+00:00,12072.49
2026-04-12T03:45:00+00:00,12072.49
2026-04-12T04:00:00+00:00,12072.49
2026-04-12T04:00:00+00:00,12072.49
2026-04-12T04:00:00+00:00,12072.49
2026-04-12T04:15:00+00:00,12072.49
2026-04-12T04:15:00+00:00,12072.49
2026-04-12T04:15:00+00:00,12072.49
2026-04-12T04:30:00+00:00,12072.49
2026-04-12T04:30:00+00:00,12072.49
2026-04-12T04:30:00+00:00,12072.49
2026-04-12T04:45:00+00:00,12072.49
2026-04-12T04:45:00+00:00,12072.49
2026-04-12T04:45:00+00:00,12072.49
2026-04-12T05:00:00+00:00,12072.49
2026-04-12T05:00:00+00:00,12072.49
2026-04-12T05:00:00+00:00,12072.49
2026-04-12T05:15:00+00:00,12072.49
2026-04-12T05:15:00+00:00,12072.49
2026-04-12T05:15:00+00:00,12072.49
2026-04-12T05:30:00+00:00,12072.49
2026-04-12T05:30:00+00:00,12072.49
2026-04-12T05:30:00+00:00,12072.49
2026-04-12T05:45:00+00:00,12072.49
2026-04-12T05:45:00+00:00,12072.49
2026-04-12T05:45:00+00:00,12072.49
2026-04-12T06:00:00+00:00,12072.49
2026-04-12T06:00:00+00:00,12072.49
2026-04-12T06:00:00+00:00,12072.49
2026-04-12T06:15:00+00:00,12072.49
2026-04-12T06:15:00+00:00,12072.49
2026-04-12T06:15:00+00:00,12072.49
2026-04-12T06:30:00+00:00,12072.49
2026-04-12T06:30:00+00:00,12072.49
2026-04-12T06:30:00+00:00,12072.49
2026-04-12T06:45:00+00:00,12072.49
2026-04-12T06:45:00+00:00,12072.49
2026-04-12T06:45:00+00:00,12072.49
2026-04-12T07:00:00+00:00,12072.49
2026-04-12T07:00:00+00:00,12072.49
2026-04-12T07:00:00+00:00,12072.49
2026-04-12T07:15:00+00:00,12072.49
2026-04-12T07:15:00+00:00,12072.49
2026-04-12T07:15:00+00:00,12072.49
2026-04-12T07:30:00+00:00,12072.49
2026-04-12T07:30:00+00:00,12072.49
2026-04-12T07:30:00+00:00,12072.49
2026-04-12T07:45:00+00:00,12072.49
2026-04-12T07:45:00+00:00,12072.49
2026-04-12T07:45:00+00:00,12072.49
2026-04-12T08:00:00+00:00,12072.49
2026-04-12T08:00:00+00:00,12072.49
2026-04-12T08:00:00+00:00,12072.49
2026-04-12T08:15:00+00:00,12072.49
2026-04-12T08:15:00+00:00,12072.49
2026-04-12T08:15:00+00:00,12072.49
2026-04-12T08:30:00+00:00,12072.49
2026-04-12T08:30:00+00:00,12072.49
2026-04-12T08:30:00+00:00,12072.49
2026-04-12T08:45:00+00:00,12072.49
2026-04-12T08:45:00+00:00,12072.49
2026-04-12T08:45:00+00:00,12072.49
2026-04-12T09:00:00+00:00,12072.49
2026-04-12T09:00:00+00:00,12072.49
2026-04-12T09:00:00+00:00,12072.49
2026-04-12T09:15:00+00:00,12072.49
2026-04-12T09:15:00+00:00,12072.49
2026-04-12T09:15:00+00:00,12072.49
2026-04-12T09:30:00+00:00,12072.49
2026-04-12T09:30:00+00:00,12072.49
2026-04-12T09:30:00+00:00,12072.49
2026-04-12T09:45:00+00:00,12072.49
2026-04-12T09:45:00+00:00,12072.49
2026-04-12T09:45:00+00:00,12072.49
2026-04-12T10:00:00+00:00,12072.49
2026-04-12T10:00:00+00:00,12072.49
2026-04-12T10:00:00+00:00,12072.49
2026-04-12T10:15:00+00:00,12072.49
2026-04-12T10:15:00+00:00,12072.49
2026-04-12T10:15:00+00:00,12072.49
2026-04-12T10:30:00+00:00,12072.49
2026-04-12T10:30:00+00:00,12072.49
2026-04-12T10:30:00+00:00,12072.49
2026-04-12T10:45:00+00:00,12072.49
2026-04-12T10:45:00+00:00,12072.49
2026-04-12T10:45:00+00:00,12072.49
2026-04-12T11:00:00+00:00,12072.49
2026-04-12T11:00:00+00:00,12072.49
2026-04-12T11:00:00+00:00,12072.49
2026-04-12T11:15:00+00:00,12072.49
2026-04-12T11:15:00+00:00,12072.49
2026-04-12T11:15:00+00:00,12072.49
2026-04-12T11:30:00+00:00,12072.49
2026-04-12T11:30:00+00:00,12072.49
2026-04-12T11:30:00+00:00,12072.49
2026-04-12T11:45:00+00:00,12072.49
2026-04-12T11:45:00+00:00,12072.49
2026-04-12T11:45:00+00:00,12072.49
2026-04-12T12:00:00+00:00,12072.49
2026-04-12T12:00:00+00:00,12072.49
2026-04-12T12:00:00+00:00,12072.49
2026-04-12T12:15:00+00:00,12072.49
2026-04-12T12:15:00+00:00,12072.49
2026-04-12T12:15:00+00:00,12072.49
2026-04-12T12:30:00+00:00,12072.49
2026-04-12T12:30:00+00:00,12072.49
2026-04-12T12:30:00+00:00,12072.49
2026-04-12T12:45:00+00:00,12072.49
2026-04-12T12:45:00+00:00,12072.49
2026-04-12T12:45:00+00:00,12072.49
2026-04-12T13:00:00+00:00,12072.49
2026-04-12T13:00:00+00:00,12072.49
2026-04-12T13:00:00+00:00,12072.49
2026-04-12T13:15:00+00:00,12072.49
2026-04-12T13:15:00+00:00,12072.49
2026-04-12T13:15:00+00:00,12072.49
2026-04-12T13:30:00+00:00,12072.49
2026-04-12T13:30:00+00:00,12072.49
2026-04-12T13:30:00+00:00,12072.49
2026-04-12T13:45:00+00:00,12072.49
2026-04-12T13:45:00+00:00,12072.49
2026-04-12T13:45:00+00:00,12072.49
2026-04-12T14:00:00+00:00,12072.49
2026-04-12T14:00:00+00:00,12072.49
2026-04-12T14:00:00+00:00,12072.49
2026-04-12T14:15:00+00:00,12072.49
2026-04-12T14:15:00+00:00,12072.49
2026-04-12T14:15:00+00:00,12072.49
2026-04-12T14:30:00+00:00,12072.49
2026-04-12T14:30:00+00:00,12072.49
2026-04-12T14:30:00+00:00,12072.49
2026-04-12T14:45:00+00:00,12072.49
2026-04-12T14:45:00+00:00,12072.49
2026-04-12T14:45:00+00:00,12072.49
2026-04-12T15:00:00+00:00,12072.49
2026-04-12T15:00:00+00:00,12072.49
2026-04-12T15:00:00+00:00,12072.49
2026-04-12T15:15:00+00:00,12072.49
2026-04-12T15:15:00+00:00,12072.49
2026-04-12T15:15:00+00:00,12072.49
2026-04-12T15:30:00+00:00,12072.49
2026-04-12T15:30:00+00:00,12072.49
2026-04-12T15:30:00+00:00,12072.49
2026-04-12T15:45:00+00:00,12072.49
2026-04-12T15:45:00+00:00,12072.49
2026-04-12T15:45:00+00:00,12072.49
2026-04-12T16:00:00+00:00,12072.49
2026-04-12T16:00:00+00:00,12072.49
2026-04-12T16:00:00+00:00,12072.49
2026-04-12T16:15:00+00:00,12072.49
2026-04-12T16:15:00+00:00,12072.49
2026-04-12T16:15:00+00:00,12072.49
2026-04-12T16:30:00+00:00,12072.49
2026-04-12T16:30:00+00:00,12072.49
2026-04-12T16:30:00+00:00,12072.49
2026-04-12T16:45:00+00:00,12072.49
2026-04-12T16:45:00+00:00,12072.49
2026-04-12T16:45:00+00:00,12072.49
2026-04-12T17:00:00+00:00,12072.49
2026-04-12T17:00:00+00:00,12072.49
2026-04-12T17:00:00+00:00,12072.49
2026-04-12T17:15:00+00:00,12072.49
2026-04-12T17:15:00+00:00,12072.49
2026-04-12T17:15:00+00:00,12072.49
2026-04-12T17:30:00+00:00,12072.49
2026-04-12T17:30:00+00:00,12072.49
2026-04-12T17:30:00+00:00,12072.49
2026-04-12T17:45:00+00:00,12072.49
2026-04-12T17:45:00+00:00,12072.49
2026-04-12T17:45:00+00:00,12072.49
2026-04-12T18:00:00+00:00,12072.49
2026-04-12T18:00:00+00:00,12072.49
2026-04-12T18:00:00+00:00,12072.49
2026-04-12T18:15:00+00:00,12072.49
2026-04-12T18:15:00+00:00,12072.49
2026-04-12T18:15:00+00:00,12072.49
2026-04-12T18:30:00+00:00,12072.49
2026-04-12T18:30:00+00:00,12072.49
2026-04-12T18:30:00+00:00,12072.49
2026-04-12T18:45:00+00:00,12072.49
2026-04-12T18:45:00+00:00,12072.49
2026-04-12T18:45:00+00:00,12072.49
2026-04-12T19:00:00+00:00,12072.49
2026-04-12T19:00:00+00:00,12072.49
2026-04-12T19:00:00+00:00,12072.49
2026-04-12T19:15:00+00:00,12072.49
2026-04-12T19:15:00+00:00,12072.49
2026-04-12T19:15:00+00:00,12072.49
2026-04-12T19:30:00+00:00,12072.49
2026-04-12T19:30:00+00:00,12072.49
2026-04-12T19:30:00+00:00,12072.49
2026-04-12T19:45:00+00:00,12072.49
2026-04-12T19:45:00+00:00,12072.49
2026-04-12T19:45:00+00:00,12072.49
2026-04-12T20:00:00+00:00,12072.49
2026-04-12T20:00:00+00:00,12072.49
2026-04-12T20:00:00+00:00,12072.49
2026-04-12T20:15:00+00:00,12072.49
2026-04-12T20:15:00+00:00,12072.49
2026-04-12T20:15:00+00:00,12072.49
2026-04-12T20:30:00+00:00,12072.49
2026-04-12T20:30:00+00:00,12072.49
2026-04-12T20:30:00+00:00,12072.49
2026-04-12T20:45:00+00:00,12072.49
2026-04-12T20:45:00+00:00,12072.49
2026-04-12T20:45:00+00:00,12072.49
2026-04-12T21:00:00+00:00,12072.49
2026-04-12T21:00:00+00:00,12072.49
2026-04-12T21:00:00+00:00,12072.49
2026-04-12T21:15:00+00:00,12072.49
2026-04-12T21:15:00+00:00,12072.49
2026-04-12T21:15:00+00:00,12072.49
2026-04-12T21:30:00+00:00,12072.49
2026-04-12T21:30:00+00:00,12072.49
2026-04-12T21:30:00+00:00,12072.49
2026-04-12T21:45:00+00:00,12072.49
2026-04-12T21:45:00+00:00,12072.49
2026-04-12T21:45:00+00:00,12072.49
2026-04-12T22:00:00+00:00,12072.49
2026-04-12T22:00:00+00:00,12072.49
2026-04-12T22:00:00+00:00,12072.49
2026-04-12T22:15:00+00:00,12072.49
2026-04-12T22:15:00+00:00,12072.49
2026-04-12T22:15:00+00:00,12072.49
2026-04-12T22:30:00+00:00,12072.49
2026-04-12T22:30:00+00:00,12072.49
2026-04-12T22:30:00+00:00,12072.49
2026-04-12T22:45:00+00:00,12072.49
2026-04-12T22:45:00+00:00,12072.49
2026-04-12T22:45:00+00:00,12072.49
2026-04-12T23:00:00+00:00,12072.49
2026-04-12T23:00:00+00:00,12072.49
2026-04-12T23:00:00+00:00,12072.49
2026-04-12T23:15:00+00:00,12072.49
2026-04-12T23:15:00+00:00,12072.49
2026-04-12T23:15:00+00:00,12072.49
2026-04-12T23:30:00+00:00,12072.49
2026-04-12T23:30:00+00:00,12072.49
2026-04-12T23:30:00+00:00,12072.49
2026-04-12T23:45:00+00:00,12072.49
2026-04-12T23:45:00+00:00,12072.49
2026-04-12T23:45:00+00:00,12072.49
2026-04-13T00:00:00+00:00,12072.49
2026-04-13T00:00:00+00:00,12072.49
2026-04-13T00:00:00+00:00,12072.49
2026-04-13T00:15:00+00:00,12072.49
2026-04-13T00:15:00+00:00,12072.49
2026-04-13T00:15:00+00:00,12072.49
2026-04-13T00:30:00+00:00,12072.49
2026-04-13T00:30:00+00:00,12072.49
2026-04-13T00:30:00+00:00,12072.49
2026-04-13T00:45:00+00:00,12072.49
2026-04-13T00:45:00+00:00,12072.49
2026-04-13T00:45:00+00:00,12072.49
2026-04-13T01:00:00+00:00,12072.49
2026-04-13T01:00:00+00:00,12072.49
2026-04-13T01:00:00+00:00,12072.49
2026-04-13T01:15:00+00:00,12072.49
2026-04-13T01:15:00+00:00,12072.49
2026-04-13T01:15:00+00:00,12072.49
2026-04-13T01:30:00+00:00,12072.49
2026-04-13T01:30:00+00:00,12072.49
2026-04-13T01:30:00+00:00,12072.49
2026-04-13T01:45:00+00:00,12072.49
2026-04-13T01:45:00+00:00,12072.49
2026-04-13T01:45:00+00:00,12072.49
2026-04-13T02:00:00+00:00,12072.49
2026-04-13T02:00:00+00:00,12072.49
2026-04-13T02:00:00+00:00,12072.49
2026-04-13T02:15:00+00:00,12072.49
2026-04-13T02:15:00+00:00,12072.49
2026-04-13T02:15:00+00:00,12072.49
2026-04-13T02:30:00+00:00,12072.49
2026-04-13T02:30:00+00:00,12072.49
2026-04-13T02:30:00+00:00,12072.49
2026-04-13T02:45:00+00:00,12072.49
2026-04-13T02:45:00+00:00,12072.49
2026-04-13T02:45:00+00:00,12072.49
2026-04-13T03:00:00+00:00,12072.49
2026-04-13T03:00:00+00:00,12072.49
2026-04-13T03:00:00+00:00,12072.49
2026-04-13T03:15:00+00:00,12072.49
2026-04-13T03:15:00+00:00,12072.49
2026-04-13T03:15:00+00:00,12072.49
2026-04-13T03:30:00+00:00,12072.49
2026-04-13T03:30:00+00:00,12072.49
2026-04-13T03:30:00+00:00,12072.49
2026-04-13T03:45:00+00:00,12072.49
2026-04-13T03:45:00+00:00,12072.49
2026-04-13T03:45:00+00:00,12072.49
2026-04-13T04:00:00+00:00,12072.49
2026-04-13T04:00:00+00:00,12072.49
2026-04-13T04:00:00+00:00,12072.49
2026-04-13T04:15:00+00:00,12072.49
2026-04-13T04:15:00+00:00,12072.49
2026-04-13T04:15:00+00:00,12072.49
2026-04-13T04:30:00+00:00,12072.49
2026-04-13T04:30:00+00:00,12072.49
2026-04-13T04:30:00+00:00,12072.49
2026-04-13T04:45:00+00:00,12072.49
2026-04-13T04:45:00+00:00,12072.49
2026-04-13T04:45:00+00:00,12072.49
2026-04-13T05:00:00+00:00,12072.49
2026-04-13T05:00:00+00:00,12072.49
2026-04-13T05:00:00+00:00,12072.49
2026-04-13T05:15:00+00:00,12072.49
2026-04-13T05:15:00+00:00,12072.49
2026-04-13T05:15:00+00:00,12072.49
2026-04-13T05:30:00+00:00,12072.49
2026-04-13T05:30:00+00:00,12072.49
2026-04-13T05:30:00+00:00,12072.49
2026-04-13T05:45:00+00:00,12072.49
2026-04-13T05:45:00+00:00,12072.49
2026-04-13T05:45:00+00:00,12072.49
2026-04-13T06:00:00+00:00,12072.49
2026-04-13T06:00:00+00:00,12072.49
2026-04-13T06:00:00+00:00,12072.49
2026-04-13T06:15:00+00:00,12072.49
2026-04-13T06:15:00+00:00,12072.49
2026-04-13T06:15:00+00:00,12072.49
2026-04-13T06:30:00+00:00,12072.49
2026-04-13T06:30:00+00:00,12072.49
2026-04-13T06:30:00+00:00,12072.49
2026-04-13T06:45:00+00:00,12072.49
2026-04-13T06:45:00+00:00,12072.49
2026-04-13T06:45:00+00:00,12072.49
2026-04-13T07:00:00+00:00,12072.49
2026-04-13T07:00:00+00:00,12072.49
2026-04-13T07:00:00+00:00,12072.49
2026-04-13T07:15:00+00:00,12072.49
2026-04-13T07:15:00+00:00,12072.49
2026-04-13T07:15:00+00:00,12072.49
2026-04-13T07:30:00+00:00,12072.49
2026-04-13T07:30:00+00:00,12072.49
2026-04-13T07:30:00+00:00,12072.49
2026-04-13T07:45:00+00:00,12072.49
2026-04-13T07:45:00+00:00,12072.49
2026-04-13T07:45:00+00:00,12072.49
2026-04-13T08:00:00+00:00,12072.49
2026-04-13T08:00:00+00:00,12072.49
2026-04-13T08:00:00+00:00,12072.49
2026-04-13T08:15:00+00:00,12072.49
2026-04-13T08:15:00+00:00,12072.49
2026-04-13T08:15:00+00:00,12072.49
2026-04-13T08:30:00+00:00,12072.49
2026-04-13T08:30:00+00:00,12072.49
2026-04-13T08:30:00+00:00,12072.49
2026-04-13T08:45:00+00:00,12072.49
2026-04-13T08:45:00+00:00,12072.49
2026-04-13T08:45:00+00:00,12072.49
2026-04-13T09:00:00+00:00,12072.49
2026-04-13T09:00:00+00:00,12072.49
2026-04-13T09:00:00+00:00,12072.49
2026-04-13T09:15:00+00:00,12072.49
2026-04-13T09:15:00+00:00,12072.49
2026-04-13T09:15:00+00:00,12072.49
2026-04-13T09:30:00+00:00,12072.49
2026-04-13T09:30:00+00:00,12072.49
2026-04-13T09:30:00+00:00,12072.49
2026-04-13T09:45:00+00:00,12072.49
2026-04-13T09:45:00+00:00,12072.49
2026-04-13T09:45:00+00:00,12072.49
2026-04-13T10:00:00+00:00,12072.49
2026-04-13T10:00:00+00:00,12072.49
2026-04-13T10:00:00+00:00,12072.49
2026-04-13T10:15:00+00:00,12072.49
2026-04-13T10:15:00+00:00,12072.49
2026-04-13T10:15:00+00:00,12072.49
2026-04-13T10:30:00+00:00,12072.49
2026-04-13T10:30:00+00:00,12072.49
2026-04-13T10:30:00+00:00,12072.49
2026-04-13T10:45:00+00:00,12072.49
2026-04-13T10:45:00+00:00,12072.49
2026-04-13T10:45:00+00:00,12072.49
2026-04-13T11:00:00+00:00,12072.49
2026-04-13T11:00:00+00:00,12072.49
2026-04-13T11:00:00+00:00,12072.49
2026-04-13T11:15:00+00:00,12072.49
2026-04-13T11:15:00+00:00,12072.49
2026-04-13T11:15:00+00:00,12072.49
2026-04-13T11:30:00+00:00,12072.49
2026-04-13T11:30:00+00:00,12072.49
2026-04-13T11:30:00+00:00,12072.49
2026-04-13T11:45:00+00:00,12072.49
2026-04-13T11:45:00+00:00,12072.49
2026-04-13T11:45:00+00:00,12072.49
2026-04-13T12:00:00+00:00,12072.49
2026-04-13T12:00:00+00:00,12072.49
2026-04-13T12:00:00+00:00,12072.49
2026-04-13T12:15:00+00:00,12072.49
2026-04-13T12:15:00+00:00,12072.49
2026-04-13T12:15:00+00:00,12072.49
2026-04-13T12:30:00+00:00,12072.49
2026-04-13T12:30:00+00:00,12072.49
2026-04-13T12:30:00+00:00,12072.49
2026-04-13T12:45:00+00:00,12072.49
2026-04-13T12:45:00+00:00,12072.49
2026-04-13T12:45:00+00:00,12072.49
2026-04-13T13:00:00+00:00,12072.49
2026-04-13T13:00:00+00:00,12072.49
2026-04-13T13:00:00+00:00,12072.49
2026-04-13T13:15:00+00:00,12072.49
2026-04-13T13:15:00+00:00,12072.49
2026-04-13T13:15:00+00:00,12072.49
2026-04-13T13:30:00+00:00,12072.49
2026-04-13T13:30:00+00:00,12072.49
2026-04-13T13:30:00+00:00,12072.49
2026-04-13T13:45:00+00:00,12072.49
2026-04-13T13:45:00+00:00,12072.49
2026-04-13T13:45:00+00:00,12072.49
2026-04-13T14:00:00+00:00,12072.49
2026-04-13T14:00:00+00:00,12072.49
2026-04-13T14:00:00+00:00,12072.49
2026-04-13T14:15:00+00:00,12072.49
2026-04-13T14:15:00+00:00,12072.49
2026-04-13T14:15:00+00:00,12072.49
2026-04-13T14:30:00+00:00,12072.49
2026-04-13T14:30:00+00:00,12072.49
2026-04-13T14:30:00+00:00,12072.49
2026-04-13T14:45:00+00:00,12072.49
2026-04-13T14:45:00+00:00,12072.49
2026-04-13T14:45:00+00:00,12072.49
2026-04-13T15:00:00+00:00,12072.49
2026-04-13T15:00:00+00:00,12072.49
2026-04-13T15:00:00+00:00,12072.49
2026-04-13T15:15:00+00:00,12072.49
2026-04-13T15:15:00+00:00,12072.49
2026-04-13T15:15:00+00:00,12072.49
2026-04-13T15:30:00+00:00,12072.49
2026-04-13T15:30:00+00:00,12072.49
2026-04-13T15:30:00+00:00,12072.49
2026-04-13T15:45:00+00:00,12072.49
2026-04-13T15:45:00+00:00,12072.49
2026-04-13T15:45:00+00:00,12072.49
2026-04-13T16:00:00+00:00,12072.49
2026-04-13T16:00:00+00:00,12072.49
2026-04-13T16:00:00+00:00,12072.49
2026-04-13T16:15:00+00:00,12072.49
2026-04-13T16:15:00+00:00,12072.49
2026-04-13T16:15:00+00:00,12072.49
2026-04-13T16:30:00+00:00,12072.49
2026-04-13T16:30:00+00:00,12072.49
2026-04-13T16:30:00+00:00,12072.49
2026-04-13T16:45:00+00:00,12072.49
2026-04-13T16:45:00+00:00,12072.49
2026-04-13T16:45:00+00:00,12072.49
2026-04-13T17:00:00+00:00,12072.49
2026-04-13T17:00:00+00:00,12072.49
2026-04-13T17:00:00+00:00,12072.49
2026-04-13T17:15:00+00:00,12072.49
2026-04-13T17:15:00+00:00,12072.49
2026-04-13T17:15:00+00:00,12072.49
2026-04-13T17:30:00+00:00,12072.49
2026-04-13T17:30:00+00:00,12072.49
2026-04-13T17:30:00+00:00,12072.49
2026-04-13T17:45:00+00:00,12072.49
2026-04-13T17:45:00+00:00,12072.49
2026-04-13T17:45:00+00:00,12072.49
2026-04-13T18:00:00+00:00,12072.49
2026-04-13T18:00:00+00:00,12072.49
2026-04-13T18:00:00+00:00,12072.49
2026-04-13T18:15:00+00:00,12072.49
2026-04-13T18:15:00+00:00,12072.49
2026-04-13T18:15:00+00:00,12072.49
2026-04-13T18:30:00+00:00,12072.49
2026-04-13T18:30:00+00:00,12072.49
2026-04-13T18:30:00+00:00,12072.49
2026-04-13T18:45:00+00:00,12072.49
2026-04-13T18:45:00+00:00,12072.49
2026-04-13T18:45:00+00:00,12072.49
2026-04-13T19:00:00+00:00,12072.49
2026-04-13T19:00:00+00:00,12072.49
2026-04-13T19:00:00+00:00,12072.49
2026-04-13T19:15:00+00:00,12072.49
2026-04-13T19:15:00+00:00,12072.49
2026-04-13T19:15:00+00:00,12072.49
2026-04-13T19:30:00+00:00,12072.49
2026-04-13T19:30:00+00:00,12072.49
2026-04-13T19:30:00+00:00,12072.49
2026-04-13T19:45:00+00:00,12072.49
2026-04-13T19:45:00+00:00,12072.49
2026-04-13T19:45:00+00:00,12072.49
2026-04-13T20:00:00+00:00,12072.49
2026-04-13T20:00:00+00:00,12072.49
2026-04-13T20:00:00+00:00,12072.49
2026-04-13T20:15:00+00:00,12072.49
2026-04-13T20:15:00+00:00,12072.49
2026-04-13T20:15:00+00:00,12072.49
2026-04-13T20:30:00+00:00,12072.49
2026-04-13T20:30:00+00:00,12072.49
2026-04-13T20:30:00+00:00,12072.49
2026-04-13T20:45:00+00:00,12072.49
2026-04-13T20:45:00+00:00,12072.49
2026-04-13T20:45:00+00:00,12072.49
2026-04-13T21:00:00+00:00,12072.49
2026-04-13T21:00:00+00:00,12072.49
2026-04-13T21:00:00+00:00,12072.49
2026-04-13T21:15:00+00:00,12072.49
2026-04-13T21:15:00+00:00,12072.49
2026-04-13T21:15:00+00:00,12072.49
2026-04-13T21:30:00+00:00,12072.49
2026-04-13T21:30:00+00:00,12072.49
2026-04-13T21:30:00+00:00,12072.49
2026-04-13T21:45:00+00:00,12072.49
2026-04-13T21:45:00+00:00,12072.49
2026-04-13T21:45:00+00:00,12072.49
2026-04-13T22:00:00+00:00,12072.49
2026-04-13T22:00:00+00:00,12072.49
2026-04-13T22:00:00+00:00,12072.49
2026-04-13T22:15:00+00:00,12072.49
2026-04-13T22:15:00+00:00,12072.49
2026-04-13T22:15:00+00:00,12072.49
2026-04-13T22:30:00+00:00,12072.49
2026-04-13T22:30:00+00:00,12072.49
2026-04-13T22:30:00+00:00,12072.49
2026-04-13T22:45:00+00:00,12072.49
2026-04-13T22:45:00+00:00,12072.49
2026-04-13T22:45:00+00:00,12072.49
2026-04-13T23:00:00+00:00,12072.49
2026-04-13T23:00:00+00:00,12072.49
2026-04-13T23:00:00+00:00,12072.49
2026-04-13T23:15:00+00:00,12072.49
2026-04-13T23:15:00+00:00,12072.49
2026-04-13T23:15:00+00:00,12072.49
2026-04-13T23:30:00+00:00,12072.49
2026-04-13T23:30:00+00:00,12072.49
2026-04-13T23:30:00+00:00,12072.49
2026-04-13T23:45:00+00:00,12072.49
2026-04-13T23:45:00+00:00,12072.49
2026-04-13T23:45:00+00:00,12072.49
2026-04-14T00:00:00+00:00,12072.49
2026-04-14T00:00:00+00:00,12072.49
2026-04-14T00:00:00+00:00,12072.49
2026-04-14T00:15:00+00:00,12072.49
2026-04-14T00:15:00+00:00,12072.49
2026-04-14T00:15:00+00:00,12072.49
2026-04-14T00:30:00+00:00,12072.49
2026-04-14T00:30:00+00:00,12072.49
2026-04-14T00:30:00+00:00,12072.49
2026-04-14T00:45:00+00:00,12072.49
2026-04-14T00:45:00+00:00,12072.49
2026-04-14T00:45:00+00:00,12072.49
2026-04-14T01:00:00+00:00,12072.49
2026-04-14T01:00:00+00:00,12072.49
2026-04-14T01:00:00+00:00,12072.49
2026-04-14T01:15:00+00:00,12072.49
2026-04-14T01:15:00+00:00,12072.49
2026-04-14T01:15:00+00:00,12072.49
2026-04-14T01:30:00+00:00,12072.49
2026-04-14T01:30:00+00:00,12072.49
2026-04-14T01:30:00+00:00,12072.49
2026-04-14T01:45:00+00:00,12072.49
2026-04-14T01:45:00+00:00,12072.49
2026-04-14T01:45:00+00:00,12072.49
2026-04-14T02:00:00+00:00,12072.49
2026-04-14T02:00:00+00:00,12072.49
2026-04-14T02:00:00+00:00,12072.49
2026-04-14T02:15:00+00:00,12072.49
2026-04-14T02:15:00+00:00,12072.49
2026-04-14T02:15:00+00:00,12072.49
2026-04-14T02:30:00+00:00,12072.49
2026-04-14T02:30:00+00:00,12072.49
2026-04-14T02:30:00+00:00,12072.49
2026-04-14T02:45:00+00:00,12072.49
2026-04-14T02:45:00+00:00,12072.49
2026-04-14T02:45:00+00:00,12072.49
2026-04-14T03:00:00+00:00,12072.49
2026-04-14T03:00:00+00:00,12072.49
2026-04-14T03:00:00+00:00,12072.49
2026-04-14T03:15:00+00:00,12072.49
2026-04-14T03:15:00+00:00,12072.49
2026-04-14T03:15:00+00:00,12072.49
2026-04-14T03:30:00+00:00,12072.49
2026-04-14T03:30:00+00:00,12072.49
2026-04-14T03:30:00+00:00,12072.49
2026-04-14T03:45:00+00:00,12072.49
2026-04-14T03:45:00+00:00,12072.49
2026-04-14T03:45:00+00:00,12072.49
2026-04-14T04:00:00+00:00,12072.49
2026-04-14T04:00:00+00:00,12072.49
2026-04-14T04:00:00+00:00,12072.49
2026-04-14T04:15:00+00:00,12072.49
2026-04-14T04:15:00+00:00,12072.49
2026-04-14T04:15:00+00:00,12072.49
2026-04-14T04:30:00+00:00,12072.49
2026-04-14T04:30:00+00:00,12072.49
2026-04-14T04:30:00+00:00,12072.49
2026-04-14T04:45:00+00:00,12072.49
2026-04-14T04:45:00+00:00,12072.49
2026-04-14T04:45:00+00:00,12072.49
2026-04-14T05:00:00+00:00,12072.49
2026-04-14T05:00:00+00:00,12072.49
2026-04-14T05:00:00+00:00,12072.49
2026-04-14T05:15:00+00:00,12072.49
2026-04-14T05:15:00+00:00,12072.49
2026-04-14T05:15:00+00:00,12072.49
2026-04-14T05:30:00+00:00,12072.49
2026-04-14T05:30:00+00:00,12072.49
2026-04-14T05:30:00+00:00,12072.49
2026-04-14T05:45:00+00:00,12072.49
2026-04-14T05:45:00+00:00,12072.49
2026-04-14T05:45:00+00:00,12072.49
2026-04-14T06:00:00+00:00,12072.49
2026-04-14T06:00:00+00:00,12072.49
2026-04-14T06:00:00+00:00,12072.49
2026-04-14T06:15:00+00:00,12072.49
2026-04-14T06:15:00+00:00,12072.49
2026-04-14T06:15:00+00:00,12072.49
2026-04-14T06:30:00+00:00,12072.49
2026-04-14T06:30:00+00:00,12072.49
2026-04-14T06:30:00+00:00,12072.49
2026-04-14T06:45:00+00:00,12072.49
2026-04-14T06:45:00+00:00,12072.49
2026-04-14T06:45:00+00:00,12072.49
2026-04-14T07:00:00+00:00,12072.49
2026-04-14T07:00:00+00:00,12072.49
2026-04-14T07:00:00+00:00,12072.49
2026-04-14T07:15:00+00:00,12072.49
2026-04-14T07:15:00+00:00,12072.49
2026-04-14T07:15:00+00:00,12072.49
2026-04-14T07:30:00+00:00,12072.49
2026-04-14T07:30:00+00:00,12072.49
2026-04-14T07:30:00+00:00,12072.49
2026-04-14T07:45:00+00:00,12072.49
2026-04-14T07:45:00+00:00,12072.49
2026-04-14T07:45:00+00:00,12072.49
2026-04-14T08:00:00+00:00,12072.49
2026-04-14T08:00:00+00:00,12072.49
2026-04-14T08:00:00+00:00,12072.49
2026-04-14T08:15:00+00:00,12072.49
2026-04-14T08:15:00+00:00,12072.49
2026-04-14T08:15:00+00:00,12072.49
2026-04-14T08:30:00+00:00,12072.49
2026-04-14T08:30:00+00:00,12072.49
2026-04-14T08:30:00+00:00,12072.49
2026-04-14T08:45:00+00:00,12072.49
2026-04-14T08:45:00+00:00,12072.49
2026-04-14T08:45:00+00:00,12072.49
2026-04-14T09:00:00+00:00,12072.49
2026-04-14T09:00:00+00:00,12072.49
2026-04-14T09:00:00+00:00,12072.49
2026-04-14T09:15:00+00:00,12072.49
2026-04-14T09:15:00+00:00,12072.49
2026-04-14T09:15:00+00:00,12072.49
2026-04-14T09:30:00+00:00,12072.49
2026-04-14T09:30:00+00:00,12072.49
2026-04-14T09:30:00+00:00,12072.49
2026-04-14T09:45:00+00:00,12072.49
2026-04-14T09:45:00+00:00,12072.49
2026-04-14T09:45:00+00:00,12072.49
2026-04-14T10:00:00+00:00,12072.49
2026-04-14T10:00:00+00:00,12072.49
2026-04-14T10:00:00+00:00,12072.49
2026-04-14T10:15:00+00:00,12072.49
2026-04-14T10:15:00+00:00,12072.49
2026-04-14T10:15:00+00:00,12072.49
2026-04-14T10:30:00+00:00,12072.49
2026-04-14T10:30:00+00:00,12072.49
2026-04-14T10:30:00+00:00,12072.49
2026-04-14T10:45:00+00:00,12072.49
2026-04-14T10:45:00+00:00,12072.49
2026-04-14T10:45:00+00:00,12072.49
2026-04-14T11:00:00+00:00,12072.49
2026-04-14T11:00:00+00:00,12072.49
2026-04-14T11:00:00+00:00,12072.49
2026-04-14T11:15:00+00:00,12072.49
2026-04-14T11:15:00+00:00,12072.49
2026-04-14T11:15:00+00:00,12072.49
2026-04-14T11:30:00+00:00,12072.49
2026-04-14T11:30:00+00:00,12072.49
2026-04-14T11:30:00+00:00,12072.49
2026-04-14T11:45:00+00:00,12072.49
2026-04-14T11:45:00+00:00,12072.49
2026-04-14T11:45:00+00:00,12072.49
2026-04-14T12:00:00+00:00,12072.49
2026-04-14T12:00:00+00:00,12072.49
2026-04-14T12:00:00+00:00,12072.49
2026-04-14T12:15:00+00:00,12072.49
2026-04-14T12:15:00+00:00,12072.49
2026-04-14T12:15:00+00:00,12072.49
2026-04-14T12:30:00+00:00,12072.49
2026-04-14T12:30:00+00:00,12072.49
2026-04-14T12:30:00+00:00,12072.49
2026-04-14T12:45:00+00:00,12072.49
2026-04-14T12:45:00+00:00,12072.49
2026-04-14T12:45:00+00:00,12072.49
2026-04-14T13:00:00+00:00,12072.49
2026-04-14T13:00:00+00:00,12072.49
2026-04-14T13:00:00+00:00,12072.49
2026-04-14T13:15:00+00:00,12072.49
2026-04-14T13:15:00+00:00,12072.49
2026-04-14T13:15:00+00:00,12072.49
2026-04-14T13:30:00+00:00,12072.49
2026-04-14T13:30:00+00:00,12072.49
2026-04-14T13:30:00+00:00,12072.49
2026-04-14T13:45:00+00:00,12072.49
2026-04-14T13:45:00+00:00,12072.49
2026-04-14T13:45:00+00:00,12072.49
2026-04-14T14:00:00+00:00,12072.49
2026-04-14T14:00:00+00:00,12072.49
2026-04-14T14:00:00+00:00,12072.49
2026-04-14T14:15:00+00:00,12072.49
2026-04-14T14:15:00+00:00,12072.49
2026-04-14T14:15:00+00:00,12072.49
2026-04-14T14:30:00+00:00,12072.49
2026-04-14T14:30:00+00:00,12072.49
2026-04-14T14:30:00+00:00,12072.49
2026-04-14T14:45:00+00:00,12072.49
2026-04-14T14:45:00+00:00,12072.49
2026-04-14T14:45:00+00:00,12072.49
2026-04-14T15:00:00+00:00,12072.49
2026-04-14T15:00:00+00:00,12072.49
2026-04-14T15:00:00+00:00,12072.49
2026-04-14T15:15:00+00:00,12072.49
2026-04-14T15:15:00+00:00,12072.49
2026-04-14T15:15:00+00:00,12072.49
2026-04-14T15:30:00+00:00,12072.49
2026-04-14T15:30:00+00:00,12072.49
2026-04-14T15:30:00+00:00,12072.49
2026-04-14T15:45:00+00:00,12072.49
2026-04-14T15:45:00+00:00,12072.49
2026-04-14T15:45:00+00:00,12072.49
2026-04-14T16:00:00+00:00,12072.49
2026-04-14T16:00:00+00:00,12072.49
2026-04-14T16:00:00+00:00,12072.49
2026-04-14T16:15:00+00:00,12072.49
2026-04-14T16:15:00+00:00,12072.49
2026-04-14T16:15:00+00:00,12072.49
2026-04-14T16:30:00+00:00,12072.49
2026-04-14T16:30:00+00:00,12072.49
2026-04-14T16:30:00+00:00,12072.49
2026-04-14T16:45:00+00:00,12072.49
2026-04-14T16:45:00+00:00,12072.49
2026-04-14T16:45:00+00:00,12072.49
2026-04-14T17:00:00+00:00,12072.49
2026-04-14T17:00:00+00:00,12072.49
2026-04-14T17:00:00+00:00,12072.49
2026-04-14T17:15:00+00:00,12072.49
2026-04-14T17:15:00+00:00,12072.49
2026-04-14T17:15:00+00:00,12072.49
2026-04-14T17:30:00+00:00,12072.49
2026-04-14T17:30:00+00:00,12072.49
2026-04-14T17:30:00+00:00,12072.49
2026-04-14T17:45:00+00:00,12072.49
2026-04-14T17:45:00+00:00,12072.49
2026-04-14T17:45:00+00:00,12072.49
2026-04-14T18:00:00+00:00,12072.49
2026-04-14T18:00:00+00:00,12072.49
2026-04-14T18:00:00+00:00,12072.49
2026-04-14T18:15:00+00:00,12072.49
2026-04-14T18:15:00+00:00,12072.49
2026-04-14T18:15:00+00:00,12072.49
2026-04-14T18:30:00+00:00,12072.49
2026-04-14T18:30:00+00:00,12072.49
2026-04-14T18:30:00+00:00,12072.49
2026-04-14T18:45:00+00:00,12072.49
2026-04-14T18:45:00+00:00,12072.49
2026-04-14T18:45:00+00:00,12072.49
2026-04-14T19:00:00+00:00,12072.49
2026-04-14T19:00:00+00:00,12072.49
2026-04-14T19:00:00+00:00,12072.49
2026-04-14T19:15:00+00:00,12072.49
2026-04-14T19:15:00+00:00,12072.49
2026-04-14T19:15:00+00:00,12072.49
2026-04-14T19:30:00+00:00,12072.49
2026-04-14T19:30:00+00:00,12072.49
2026-04-14T19:30:00+00:00,12072.49
2026-04-14T19:45:00+00:00,12072.49
2026-04-14T19:45:00+00:00,12072.49
2026-04-14T19:45:00+00:00,12072.49
2026-04-14T20:00:00+00:00,12072.49
2026-04-14T20:00:00+00:00,12072.49
2026-04-14T20:00:00+00:00,12072.49
2026-04-14T20:15:00+00:00,12072.49
2026-04-14T20:15:00+00:00,12072.49
2026-04-14T20:15:00+00:00,12072.49
2026-04-14T20:30:00+00:00,12072.49
2026-04-14T20:30:00+00:00,12072.49
2026-04-14T20:30:00+00:00,12072.49
2026-04-14T20:45:00+00:00,12072.49
2026-04-14T20:45:00+00:00,12072.49
2026-04-14T20:45:00+00:00,12072.49
2026-04-14T21:00:00+00:00,12072.49
2026-04-14T21:00:00+00:00,12072.49
2026-04-14T21:00:00+00:00,12072.49
2026-04-14T21:15:00+00:00,12072.49
2026-04-14T21:15:00+00:00,12072.49
2026-04-14T21:15:00+00:00,12072.49
2026-04-14T21:30:00+00:00,12072.49
2026-04-14T21:30:00+00:00,12072.49
2026-04-14T21:30:00+00:00,12072.49
2026-04-14T21:45:00+00:00,12072.49
2026-04-14T21:45:00+00:00,12072.49
2026-04-14T21:45:00+00:00,12072.49
2026-04-14T22:00:00+00:00,12072.49
2026-04-14T22:00:00+00:00,12072.49
2026-04-14T22:00:00+00:00,12072.49
2026-04-14T22:15:00+00:00,12072.49
2026-04-14T22:15:00+00:00,12072.49
2026-04-14T22:15:00+00:00,12072.49
2026-04-14T22:30:00+00:00,12072.49
2026-04-14T22:30:00+00:00,12072.49
2026-04-14T22:30:00+00:00,12072.49
2026-04-14T22:45:00+00:00,12072.49
2026-04-14T22:45:00+00:00,12072.49
2026-04-14T22:45:00+00:00,12072.49
2026-04-14T23:00:00+00:00,12072.49
2026-04-14T23:00:00+00:00,12072.49
2026-04-14T23:00:00+00:00,12072.49
2026-04-14T23:15:00+00:00,12072.49
2026-04-14T23:15:00+00:00,12072.49
2026-04-14T23:15:00+00:00,12072.49
2026-04-14T23:30:00+00:00,12072.49
2026-04-14T23:30:00+00:00,12072.49
2026-04-14T23:30:00+00:00,12072.49
2026-04-14T23:45:00+00:00,12072.49
2026-04-14T23:45:00+00:00,12072.49
2026-04-14T23:45:00+00:00,12072.49
2026-04-15T00:00:00+00:00,12072.49
2026-04-15T00:00:00+00:00,12072.49
2026-04-15T00:00:00+00:00,12072.49
2026-04-15T00:15:00+00:00,12072.49
2026-04-15T00:15:00+00:00,12072.49
2026-04-15T00:15:00+00:00,12072.49
2026-04-15T00:30:00+00:00,12072.49
2026-04-15T00:30:00+00:00,12072.49
2026-04-15T00:30:00+00:00,12072.49
2026-04-15T00:45:00+00:00,12072.49
2026-04-15T00:45:00+00:00,12072.49
2026-04-15T00:45:00+00:00,12072.49
2026-04-15T01:00:00+00:00,12072.49
2026-04-15T01:00:00+00:00,12072.49
2026-04-15T01:00:00+00:00,12072.49
2026-04-15T01:15:00+00:00,12072.49
2026-04-15T01:15:00+00:00,12072.49
2026-04-15T01:15:00+00:00,12072.49
2026-04-15T01:30:00+00:00,12072.49
2026-04-15T01:30:00+00:00,12072.49
2026-04-15T01:30:00+00:00,12072.49
2026-04-15T01:45:00+00:00,12072.49
2026-04-15T01:45:00+00:00,12072.49
2026-04-15T01:45:00+00:00,12072.49
2026-04-15T02:00:00+00:00,12072.49
2026-04-15T02:00:00+00:00,12072.49
2026-04-15T02:00:00+00:00,12072.49
2026-04-15T02:15:00+00:00,12072.49
2026-04-15T02:15:00+00:00,12072.49
2026-04-15T02:15:00+00:00,12072.49
2026-04-15T02:30:00+00:00,12072.49
2026-04-15T02:30:00+00:00,12072.49
2026-04-15T02:30:00+00:00,12072.49
2026-04-15T02:45:00+00:00,12072.49
2026-04-15T02:45:00+00:00,12072.49
2026-04-15T02:45:00+00:00,12072.49
2026-04-15T03:00:00+00:00,12072.49
2026-04-15T03:00:00+00:00,12072.49
2026-04-15T03:00:00+00:00,12072.49
2026-04-15T03:15:00+00:00,12072.49
2026-04-15T03:15:00+00:00,12072.49
2026-04-15T03:15:00+00:00,12072.49
2026-04-15T03:30:00+00:00,12072.49
2026-04-15T03:30:00+00:00,12072.49
2026-04-15T03:30:00+00:00,12072.49
2026-04-15T03:45:00+00:00,12072.49
2026-04-15T03:45:00+00:00,12072.49
2026-04-15T03:45:00+00:00,12072.49
2026-04-15T04:00:00+00:00,12072.49
2026-04-15T04:00:00+00:00,12072.49
2026-04-15T04:00:00+00:00,12072.49
2026-04-15T04:15:00+00:00,12072.49
2026-04-15T04:15:00+00:00,12072.49
2026-04-15T04:15:00+00:00,12072.49
2026-04-15T04:30:00+00:00,12072.49
2026-04-15T04:30:00+00:00,12072.49
2026-04-15T04:30:00+00:00,12072.49
2026-04-15T04:45:00+00:00,12072.49
2026-04-15T04:45:00+00:00,12072.49
2026-04-15T04:45:00+00:00,12072.49
2026-04-15T05:00:00+00:00,12072.49
2026-04-15T05:00:00+00:00,12072.49
2026-04-15T05:00:00+00:00,12072.49
2026-04-15T05:15:00+00:00,12072.49
2026-04-15T05:15:00+00:00,12072.49
2026-04-15T05:15:00+00:00,12072.49
2026-04-15T05:30:00+00:00,12072.49
2026-04-15T05:30:00+00:00,12072.49
2026-04-15T05:30:00+00:00,12072.49
2026-04-15T05:45:00+00:00,12072.49
2026-04-15T05:45:00+00:00,12072.49
2026-04-15T05:45:00+00:00,12072.49
2026-04-15T06:00:00+00:00,12072.49
2026-04-15T06:00:00+00:00,12072.49
2026-04-15T06:00:00+00:00,12072.49
2026-04-15T06:15:00+00:00,12072.49
2026-04-15T06:15:00+00:00,12072.49
2026-04-15T06:15:00+00:00,12072.49
2026-04-15T06:30:00+00:00,12072.49
2026-04-15T06:30:00+00:00,12072.49
2026-04-15T06:30:00+00:00,12072.49
2026-04-15T06:45:00+00:00,12072.49
2026-04-15T06:45:00+00:00,12072.49
2026-04-15T06:45:00+00:00,12072.49
2026-04-15T07:00:00+00:00,12072.49
2026-04-15T07:00:00+00:00,12072.49
2026-04-15T07:00:00+00:00,12072.49
2026-04-15T07:15:00+00:00,12072.49
2026-04-15T07:15:00+00:00,12072.49
2026-04-15T07:15:00+00:00,12072.49
2026-04-15T07:30:00+00:00,12072.49
2026-04-15T07:30:00+00:00,12072.49
2026-04-15T07:30:00+00:00,12072.49
2026-04-15T07:45:00+00:00,12072.49
2026-04-15T07:45:00+00:00,12072.49
2026-04-15T07:45:00+00:00,12072.49
2026-04-15T08:00:00+00:00,12072.49
2026-04-15T08:00:00+00:00,12072.49
2026-04-15T08:00:00+00:00,12072.49
2026-04-15T08:15:00+00:00,12072.49
2026-04-15T08:15:00+00:00,12072.49
2026-04-15T08:15:00+00:00,12072.49
2026-04-15T08:30:00+00:00,12072.49
2026-04-15T08:30:00+00:00,12072.49
2026-04-15T08:30:00+00:00,12072.49
2026-04-15T08:45:00+00:00,12072.49
2026-04-15T08:45:00+00:00,12072.49
2026-04-15T08:45:00+00:00,12072.49
2026-04-15T09:00:00+00:00,12072.49
2026-04-15T09:00:00+00:00,12072.49
2026-04-15T09:00:00+00:00,12072.49
2026-04-15T09:15:00+00:00,12072.49
2026-04-15T09:15:00+00:00,12072.49
2026-04-15T09:15:00+00:00,12072.49
2026-04-15T09:30:00+00:00,12072.49
2026-04-15T09:30:00+00:00,12072.49
2026-04-15T09:30:00+00:00,12072.49
2026-04-15T09:45:00+00:00,12072.49
2026-04-15T09:45:00+00:00,12072.49
2026-04-15T09:45:00+00:00,12072.49
2026-04-15T10:00:00+00:00,12072.49
2026-04-15T10:00:00+00:00,12072.49
2026-04-15T10:00:00+00:00,12072.49
2026-04-15T10:15:00+00:00,12072.49
2026-04-15T10:15:00+00:00,12072.49
2026-04-15T10:15:00+00:00,12072.49
2026-04-15T10:30:00+00:00,12072.49
2026-04-15T10:30:00+00:00,12072.49
2026-04-15T10:30:00+00:00,12072.49
2026-04-15T10:45:00+00:00,12072.49
2026-04-15T10:45:00+00:00,12072.49
2026-04-15T10:45:00+00:00,12072.49
2026-04-15T11:00:00+00:00,12072.49
2026-04-15T11:00:00+00:00,12072.49
2026-04-15T11:00:00+00:00,12072.49
2026-04-15T11:15:00+00:00,12072.49
2026-04-15T11:15:00+00:00,12072.49
2026-04-15T11:15:00+00:00,12072.49
2026-04-15T11:30:00+00:00,12072.49
2026-04-15T11:30:00+00:00,12072.49
2026-04-15T11:30:00+00:00,12072.49
2026-04-15T11:45:00+00:00,12072.49
2026-04-15T11:45:00+00:00,12072.49
2026-04-15T11:45:00+00:00,12072.49
2026-04-15T12:00:00+00:00,12072.49
2026-04-15T12:00:00+00:00,12072.49
2026-04-15T12:00:00+00:00,12072.49
2026-04-15T12:15:00+00:00,12072.49
2026-04-15T12:15:00+00:00,12072.49
2026-04-15T12:15:00+00:00,12072.49
2026-04-15T12:30:00+00:00,12072.49
2026-04-15T12:30:00+00:00,12072.49
2026-04-15T12:30:00+00:00,12072.49
2026-04-15T12:45:00+00:00,12072.49
2026-04-15T12:45:00+00:00,12072.49
2026-04-15T12:45:00+00:00,12072.49
2026-04-15T13:00:00+00:00,12072.49
2026-04-15T13:00:00+00:00,12072.49
2026-04-15T13:00:00+00:00,12072.49
2026-04-15T13:15:00+00:00,12072.49
2026-04-15T13:15:00+00:00,12072.49
2026-04-15T13:15:00+00:00,12072.49
2026-04-15T13:30:00+00:00,12072.49
2026-04-15T13:30:00+00:00,12072.49
2026-04-15T13:30:00+00:00,12072.49
2026-04-15T13:45:00+00:00,12072.49
2026-04-15T13:45:00+00:00,12072.49
2026-04-15T13:45:00+00:00,12072.49
2026-04-15T14:00:00+00:00,12072.49
2026-04-15T14:00:00+00:00,12072.49
2026-04-15T14:00:00+00:00,12072.49
2026-04-15T14:15:00+00:00,12072.49
2026-04-15T14:15:00+00:00,12072.49
2026-04-15T14:15:00+00:00,12072.49
2026-04-15T14:30:00+00:00,12072.49
2026-04-15T14:30:00+00:00,12072.49
2026-04-15T14:30:00+00:00,12072.49
2026-04-15T14:45:00+00:00,12072.49
2026-04-15T14:45:00+00:00,12072.49
2026-04-15T14:45:00+00:00,12072.49
2026-04-15T15:00:00+00:00,12072.49
2026-04-15T15:00:00+00:00,12072.49
2026-04-15T15:00:00+00:00,12072.49
2026-04-15T15:15:00+00:00,12072.49
2026-04-15T15:15:00+00:00,12072.49
2026-04-15T15:15:00+00:00,12072.49
2026-04-15T15:30:00+00:00,12072.49
2026-04-15T15:30:00+00:00,12072.49
2026-04-15T15:30:00+00:00,12072.49
2026-04-15T15:45:00+00:00,12072.49
2026-04-15T15:45:00+00:00,12072.49
2026-04-15T15:45:00+00:00,12072.49
2026-04-15T16:00:00+00:00,12072.49
2026-04-15T16:00:00+00:00,12072.49
2026-04-15T16:00:00+00:00,12072.49
2026-04-15T16:15:00+00:00,12072.49
2026-04-15T16:15:00+00:00,12072.49
2026-04-15T16:15:00+00:00,12072.49
2026-04-15T16:30:00+00:00,12072.49
2026-04-15T16:30:00+00:00,12072.49
2026-04-15T16:30:00+00:00,12072.49
2026-04-15T16:45:00+00:00,12072.49
2026-04-15T16:45:00+00:00,12072.49
2026-04-15T16:45:00+00:00,12072.49
2026-04-15T17:00:00+00:00,12072.49
2026-04-15T17:00:00+00:00,12072.49
2026-04-15T17:00:00+00:00,12072.49
2026-04-15T17:15:00+00:00,12072.49
2026-04-15T17:15:00+00:00,12072.49
2026-04-15T17:15:00+00:00,12072.49
2026-04-15T17:30:00+00:00,12072.49
2026-04-15T17:30:00+00:00,12072.49
2026-04-15T17:30:00+00:00,12072.49
2026-04-15T17:45:00+00:00,12072.49
2026-04-15T17:45:00+00:00,12072.49
2026-04-15T17:45:00+00:00,12072.49
2026-04-15T18:00:00+00:00,12072.49
2026-04-15T18:00:00+00:00,12072.49
2026-04-15T18:00:00+00:00,12072.49
2026-04-15T18:15:00+00:00,12072.49
2026-04-15T18:15:00+00:00,12072.49
2026-04-15T18:15:00+00:00,12072.49
2026-04-15T18:30:00+00:00,12072.49
2026-04-15T18:30:00+00:00,12072.49
2026-04-15T18:30:00+00:00,12072.49
2026-04-15T18:45:00+00:00,12072.49
2026-04-15T18:45:00+00:00,12072.49
2026-04-15T18:45:00+00:00,12072.49
2026-04-15T19:00:00+00:00,12072.49
2026-04-15T19:00:00+00:00,12072.49
2026-04-15T19:00:00+00:00,12072.49
2026-04-15T19:15:00+00:00,12072.49
2026-04-15T19:15:00+00:00,12072.49
2026-04-15T19:15:00+00:00,12072.49
2026-04-15T19:30:00+00:00,12072.49
2026-04-15T19:30:00+00:00,12072.49
2026-04-15T19:30:00+00:00,12072.49
2026-04-15T19:45:00+00:00,12072.49
2026-04-15T19:45:00+00:00,12072.49
2026-04-15T19:45:00+00:00,12072.49
2026-04-15T20:00:00+00:00,12072.49
2026-04-15T20:00:00+00:00,12072.49
2026-04-15T20:00:00+00:00,12072.49
2026-04-15T20:15:00+00:00,12072.49
2026-04-15T20:15:00+00:00,12072.49
2026-04-15T20:15:00+00:00,12072.49
2026-04-15T20:30:00+00:00,12072.49
2026-04-15T20:30:00+00:00,12072.49
2026-04-15T20:30:00+00:00,12072.49
2026-04-15T20:45:00+00:00,12072.49
2026-04-15T20:45:00+00:00,12072.49
2026-04-15T20:45:00+00:00,12072.49
2026-04-15T21:00:00+00:00,12072.49
2026-04-15T21:00:00+00:00,12072.49
2026-04-15T21:00:00+00:00,12072.49
2026-04-15T21:15:00+00:00,12072.49
2026-04-15T21:15:00+00:00,12072.49
2026-04-15T21:15:00+00:00,12072.49
2026-04-15T21:30:00+00:00,12072.49
2026-04-15T21:30:00+00:00,12072.49
2026-04-15T21:30:00+00:00,12072.49
2026-04-15T21:45:00+00:00,12072.49
2026-04-15T21:45:00+00:00,12072.49
2026-04-15T21:45:00+00:00,12072.49
2026-04-15T22:00:00+00:00,12072.49
2026-04-15T22:00:00+00:00,12072.49
2026-04-15T22:00:00+00:00,12072.49
2026-04-15T22:15:00+00:00,12072.49
2026-04-15T22:15:00+00:00,12072.49
2026-04-15T22:15:00+00:00,12072.49
2026-04-15T22:30:00+00:00,12072.49
2026-04-15T22:30:00+00:00,12072.49
2026-04-15T22:30:00+00:00,12072.49
2026-04-15T22:45:00+00:00,12072.49
2026-04-15T22:45:00+00:00,12072.49
2026-04-15T22:45:00+00:00,12072.49
2026-04-15T23:00:00+00:00,12072.49
2026-04-15T23:00:00+00:00,12072.49
2026-04-15T23:00:00+00:00,12072.49
2026-04-15T23:15:00+00:00,12072.49
2026-04-15T23:15:00+00:00,12072.49
2026-04-15T23:15:00+00:00,12072.49
2026-04-15T23:30:00+00:00,12072.49
2026-04-15T23:30:00+00:00,12072.49
2026-04-15T23:30:00+00:00,12072.49
2026-04-15T23:45:00+00:00,12072.49
2026-04-15T23:45:00+00:00,12072.49
2026-04-15T23:45:00+00:00,12072.49
2026-04-16T00:00:00+00:00,12072.49
2026-04-16T00:00:00+00:00,12072.49
2026-04-16T00:00:00+00:00,12072.49
2026-04-16T00:15:00+00:00,12072.49
2026-04-16T00:15:00+00:00,12072.49
2026-04-16T00:15:00+00:00,12072.49
2026-04-16T00:30:00+00:00,12072.49
2026-04-16T00:30:00+00:00,12072.49
2026-04-16T00:30:00+00:00,12072.49
2026-04-16T00:45:00+00:00,12072.49
2026-04-16T00:45:00+00:00,12072.49
2026-04-16T00:45:00+00:00,12072.49
2026-04-16T01:00:00+00:00,12072.49
2026-04-16T01:00:00+00:00,12072.49
2026-04-16T01:00:00+00:00,12072.49
2026-04-16T01:15:00+00:00,12072.49
2026-04-16T01:15:00+00:00,12072.49
2026-04-16T01:15:00+00:00,12072.49
2026-04-16T01:30:00+00:00,12072.49
2026-04-16T01:30:00+00:00,12072.49
2026-04-16T01:30:00+00:00,12072.49
2026-04-16T01:45:00+00:00,12072.49
2026-04-16T01:45:00+00:00,12072.49
2026-04-16T01:45:00+00:00,12072.49
2026-04-16T02:00:00+00:00,12072.49
2026-04-16T02:00:00+00:00,12072.49
2026-04-16T02:00:00+00:00,12072.49
2026-04-16T02:15:00+00:00,12072.49
2026-04-16T02:15:00+00:00,12072.49
2026-04-16T02:15:00+00:00,12072.49
2026-04-16T02:30:00+00:00,12072.49
2026-04-16T02:30:00+00:00,12072.49
2026-04-16T02:30:00+00:00,12072.49
2026-04-16T02:45:00+00:00,12072.49
2026-04-16T02:45:00+00:00,12072.49
2026-04-16T02:45:00+00:00,12072.49
2026-04-16T03:00:00+00:00,12072.49
2026-04-16T03:00:00+00:00,12072.49
2026-04-16T03:00:00+00:00,12072.49
2026-04-16T03:15:00+00:00,12072.49
2026-04-16T03:15:00+00:00,12072.49
2026-04-16T03:15:00+00:00,12072.49
2026-04-16T03:30:00+00:00,12072.49
2026-04-16T03:30:00+00:00,12072.49
2026-04-16T03:30:00+00:00,12072.49
2026-04-16T03:45:00+00:00,12072.49
2026-04-16T03:45:00+00:00,12072.49
2026-04-16T03:45:00+00:00,12072.49
2026-04-16T04:00:00+00:00,12072.49
2026-04-16T04:00:00+00:00,12072.49
2026-04-16T04:00:00+00:00,12072.49
2026-04-16T04:15:00+00:00,12072.49
2026-04-16T04:15:00+00:00,12072.49
2026-04-16T04:15:00+00:00,12072.49
2026-04-16T04:30:00+00:00,12072.49
2026-04-16T04:30:00+00:00,12072.49
2026-04-16T04:30:00+00:00,12072.49
2026-04-16T04:45:00+00:00,12072.49
2026-04-16T04:45:00+00:00,12072.49
2026-04-16T04:45:00+00:00,12072.49
2026-04-16T05:00:00+00:00,12072.49
2026-04-16T05:00:00+00:00,12072.49
2026-04-16T05:00:00+00:00,12072.49
2026-04-16T05:15:00+00:00,12072.49
2026-04-16T05:15:00+00:00,12072.49
2026-04-16T05:15:00+00:00,12072.49
2026-04-16T05:30:00+00:00,12072.49
2026-04-16T05:30:00+00:00,12072.49
2026-04-16T05:30:00+00:00,12072.49
2026-04-16T05:45:00+00:00,12072.49
2026-04-16T05:45:00+00:00,12072.49
2026-04-16T05:45:00+00:00,12072.49
2026-04-16T06:00:00+00:00,12072.49
2026-04-16T06:00:00+00:00,12072.49
2026-04-16T06:00:00+00:00,12072.49
2026-04-16T06:15:00+00:00,12072.49
2026-04-16T06:15:00+00:00,12072.49
2026-04-16T06:15:00+00:00,12072.49
2026-04-16T06:30:00+00:00,12072.49
2026-04-16T06:30:00+00:00,12072.49
2026-04-16T06:30:00+00:00,12072.49
2026-04-16T06:45:00+00:00,12072.49
2026-04-16T06:45:00+00:00,12072.49
2026-04-16T06:45:00+00:00,12072.49
2026-04-16T07:00:00+00:00,12072.49
2026-04-16T07:00:00+00:00,12072.49
2026-04-16T07:00:00+00:00,12072.49
2026-04-16T07:15:00+00:00,12072.49
2026-04-16T07:15:00+00:00,12072.49
2026-04-16T07:15:00+00:00,12072.49
2026-04-16T07:30:00+00:00,12072.49
2026-04-16T07:30:00+00:00,12072.49
2026-04-16T07:30:00+00:00,12072.49
2026-04-16T07:45:00+00:00,12072.49
2026-04-16T07:45:00+00:00,12072.49
2026-04-16T07:45:00+00:00,12072.49
2026-04-16T08:00:00+00:00,12072.49
2026-04-16T08:00:00+00:00,12072.49
2026-04-16T08:00:00+00:00,12072.49
2026-04-16T08:15:00+00:00,12072.49
2026-04-16T08:15:00+00:00,12072.49
2026-04-16T08:15:00+00:00,12072.49
2026-04-16T08:30:00+00:00,12072.49
2026-04-16T08:30:00+00:00,12072.49
2026-04-16T08:30:00+00:00,12072.49
2026-04-16T08:45:00+00:00,12072.49
2026-04-16T08:45:00+00:00,12072.49
2026-04-16T08:45:00+00:00,12072.49
2026-04-16T09:00:00+00:00,12072.49
2026-04-16T09:00:00+00:00,12072.49
2026-04-16T09:00:00+00:00,12072.49
2026-04-16T09:15:00+00:00,12072.49
2026-04-16T09:15:00+00:00,12072.49
2026-04-16T09:15:00+00:00,12072.49
2026-04-16T09:30:00+00:00,12072.49
2026-04-16T09:30:00+00:00,12072.49
2026-04-16T09:30:00+00:00,12072.49
2026-04-16T09:45:00+00:00,12072.49
2026-04-16T09:45:00+00:00,12072.49
2026-04-16T09:45:00+00:00,12072.49
2026-04-16T10:00:00+00:00,12072.49
2026-04-16T10:00:00+00:00,12072.49
2026-04-16T10:00:00+00:00,12072.49
2026-04-16T10:15:00+00:00,12072.49
2026-04-16T10:15:00+00:00,12072.49
2026-04-16T10:15:00+00:00,12072.49
2026-04-16T10:30:00+00:00,12072.49
2026-04-16T10:30:00+00:00,12072.49
2026-04-16T10:30:00+00:00,12072.49
2026-04-16T10:45:00+00:00,12072.49
2026-04-16T10:45:00+00:00,12072.49
2026-04-16T10:45:00+00:00,12072.49
2026-04-16T11:00:00+00:00,12072.49
2026-04-16T11:00:00+00:00,12072.49
2026-04-16T11:00:00+00:00,12072.49
2026-04-16T11:15:00+00:00,12072.49
2026-04-16T11:15:00+00:00,12072.49
2026-04-16T11:15:00+00:00,12072.49
2026-04-16T11:30:00+00:00,12072.49
2026-04-16T11:30:00+00:00,12072.49
2026-04-16T11:30:00+00:00,12072.49
2026-04-16T11:45:00+00:00,12072.49
2026-04-16T11:45:00+00:00,12072.49
2026-04-16T11:45:00+00:00,12072.49
2026-04-16T12:00:00+00:00,12072.49
2026-04-16T12:00:00+00:00,12072.49
2026-04-16T12:00:00+00:00,12072.49
2026-04-16T12:15:00+00:00,12072.49
2026-04-16T12:15:00+00:00,12072.49
2026-04-16T12:15:00+00:00,12072.49
2026-04-16T12:30:00+00:00,12072.49
2026-04-16T12:30:00+00:00,12072.49
2026-04-16T12:30:00+00:00,12072.49
2026-04-16T12:45:00+00:00,12072.49
2026-04-16T12:45:00+00:00,12072.49
2026-04-16T12:45:00+00:00,12072.49
2026-04-16T13:00:00+00:00,12072.49
2026-04-16T13:00:00+00:00,12072.49
2026-04-16T13:00:00+00:00,12072.49
2026-04-16T13:15:00+00:00,12072.49
2026-04-16T13:15:00+00:00,12072.49
2026-04-16T13:15:00+00:00,12072.49
2026-04-16T13:30:00+00:00,12072.49
2026-04-16T13:30:00+00:00,12072.49
2026-04-16T13:30:00+00:00,12072.49
2026-04-16T13:45:00+00:00,12072.49
2026-04-16T13:45:00+00:00,12072.49
2026-04-16T13:45:00+00:00,12072.49
2026-04-16T14:00:00+00:00,12072.49
2026-04-16T14:00:00+00:00,12072.49
2026-04-16T14:00:00+00:00,12072.49
2026-04-16T14:15:00+00:00,12072.49
2026-04-16T14:15:00+00:00,12072.49
2026-04-16T14:15:00+00:00,12072.49
2026-04-16T14:30:00+00:00,12072.49
2026-04-16T14:30:00+00:00,12072.49
2026-04-16T14:30:00+00:00,12072.49
2026-04-16T14:45:00+00:00,12072.49
2026-04-16T14:45:00+00:00,12072.49
2026-04-16T14:45:00+00:00,12072.49
2026-04-16T15:00:00+00:00,12072.49
2026-04-16T15:00:00+00:00,12072.49
2026-04-16T15:00:00+00:00,12072.49
2026-04-16T15:15:00+00:00,12072.49
2026-04-16T15:15:00+00:00,12072.49
2026-04-16T15:15:00+00:00,12072.49
2026-04-16T15:30:00+00:00,12072.49
2026-04-16T15:30:00+00:00,12072.49
2026-04-16T15:30:00+00:00,12072.49
2026-04-16T15:45:00+00:00,12072.49
2026-04-16T15:45:00+00:00,12072.49
2026-04-16T15:45:00+00:00,12072.49
2026-04-16T16:00:00+00:00,12072.49
2026-04-16T16:00:00+00:00,12072.49
2026-04-16T16:00:00+00:00,12072.49
2026-04-16T16:15:00+00:00,12072.49
2026-04-16T16:15:00+00:00,12072.49
2026-04-16T16:15:00+00:00,12072.49
2026-04-16T16:30:00+00:00,12072.49
2026-04-16T16:30:00+00:00,12072.49
2026-04-16T16:30:00+00:00,12072.49
2026-04-16T16:45:00+00:00,12072.49
2026-04-16T16:45:00+00:00,12072.49
2026-04-16T16:45:00+00:00,12072.49
2026-04-16T17:00:00+00:00,12072.49
2026-04-16T17:00:00+00:00,12072.49
2026-04-16T17:00:00+00:00,12072.49
2026-04-16T17:15:00+00:00,12072.49
2026-04-16T17:15:00+00:00,12072.49
2026-04-16T17:15:00+00:00,12072.49
2026-04-16T17:30:00+00:00,12072.49
2026-04-16T17:30:00+00:00,12072.49
2026-04-16T17:30:00+00:00,12072.49
2026-04-16T17:45:00+00:00,12072.49
2026-04-16T17:45:00+00:00,12072.49
2026-04-16T17:45:00+00:00,12072.49
2026-04-16T18:00:00+00:00,12072.49
2026-04-16T18:00:00+00:00,12072.49
2026-04-16T18:00:00+00:00,12072.49
2026-04-16T18:15:00+00:00,12072.49
2026-04-16T18:15:00+00:00,12072.49
2026-04-16T18:15:00+00:00,12072.49
2026-04-16T18:30:00+00:00,12072.49
2026-04-16T18:30:00+00:00,12072.49
2026-04-16T18:30:00+00:00,12072.49
2026-04-16T18:45:00+00:00,12072.49
2026-04-16T18:45:00+00:00,12072.49
2026-04-16T18:45:00+00:00,12072.49
2026-04-16T19:00:00+00:00,12072.49
2026-04-16T19:00:00+00:00,12072.49
2026-04-16T19:00:00+00:00,12072.49
2026-04-16T19:15:00+00:00,12072.49
2026-04-16T19:15:00+00:00,12072.49
2026-04-16T19:15:00+00:00,12072.49
2026-04-16T19:30:00+00:00,12072.49
2026-04-16T19:30:00+00:00,12072.49
2026-04-16T19:30:00+00:00,12072.49
2026-04-16T19:45:00+00:00,12072.49
2026-04-16T19:45:00+00:00,12072.49
2026-04-16T19:45:00+00:00,12072.49
2026-04-16T20:00:00+00:00,12072.49
2026-04-16T20:00:00+00:00,12072.49
2026-04-16T20:00:00+00:00,12072.49
2026-04-16T20:15:00+00:00,12072.49
2026-04-16T20:15:00+00:00,12072.49
2026-04-16T20:15:00+00:00,12072.49
2026-04-16T20:30:00+00:00,12072.49
2026-04-16T20:30:00+00:00,12072.49
2026-04-16T20:30:00+00:00,12072.49
2026-04-16T20:45:00+00:00,12072.49
2026-04-16T20:45:00+00:00,12072.49
2026-04-16T20:45:00+00:00,12072.49
2026-04-16T21:00:00+00:00,12072.49
2026-04-16T21:00:00+00:00,12072.49
2026-04-16T21:00:00+00:00,12072.49
2026-04-16T21:15:00+00:00,12072.49
2026-04-16T21:15:00+00:00,12072.49
2026-04-16T21:15:00+00:00,12072.49
2026-04-16T21:30:00+00:00,12072.49
2026-04-16T21:30:00+00:00,12072.49
2026-04-16T21:30:00+00:00,12072.49
2026-04-16T21:45:00+00:00,12072.49
2026-04-16T21:45:00+00:00,12072.49
2026-04-16T21:45:00+00:00,12072.49
2026-04-16T22:00:00+00:00,12072.49
2026-04-16T22:00:00+00:00,12072.49
2026-04-16T22:00:00+00:00,12072.49
2026-04-16T22:15:00+00:00,12072.49
2026-04-16T22:15:00+00:00,12072.49
2026-04-16T22:15:00+00:00,12072.49
2026-04-16T22:30:00+00:00,12072.49
2026-04-16T22:30:00+00:00,12072.49
2026-04-16T22:30:00+00:00,12072.49
2026-04-16T22:45:00+00:00,12072.49
2026-04-16T22:45:00+00:00,12072.49
2026-04-16T22:45:00+00:00,12072.49
2026-04-16T23:00:00+00:00,12072.49
2026-04-16T23:00:00+00:00,12072.49
2026-04-16T23:00:00+00:00,12072.49
2026-04-16T23:15:00+00:00,12072.49
2026-04-16T23:15:00+00:00,12072.49
2026-04-16T23:15:00+00:00,12072.49
2026-04-16T23:30:00+00:00,12072.49
2026-04-16T23:30:00+00:00,12072.49
2026-04-16T23:30:00+00:00,12072.49
2026-04-16T23:45:00+00:00,12072.49
2026-04-16T23:45:00+00:00,12072.49
2026-04-16T23:45:00+00:00,12072.49
2026-04-17T00:00:00+00:00,12072.49
2026-04-17T00:00:00+00:00,12072.49
2026-04-17T00:00:00+00:00,12072.49
2026-04-17T00:15:00+00:00,12072.49
2026-04-17T00:15:00+00:00,12072.49
2026-04-17T00:15:00+00:00,12072.49
2026-04-17T00:30:00+00:00,12072.49
2026-04-17T00:30:00+00:00,12072.49
2026-04-17T00:30:00+00:00,12072.49
2026-04-17T00:45:00+00:00,12072.49
2026-04-17T00:45:00+00:00,12072.49
2026-04-17T00:45:00+00:00,12072.49
2026-04-17T01:00:00+00:00,12072.49
2026-04-17T01:00:00+00:00,12072.49
2026-04-17T01:00:00+00:00,12072.49
2026-04-17T01:15:00+00:00,12072.49
2026-04-17T01:15:00+00:00,12072.49
2026-04-17T01:15:00+00:00,12072.49
2026-04-17T01:30:00+00:00,12072.49
2026-04-17T01:30:00+00:00,12072.49
2026-04-17T01:30:00+00:00,12072.49
2026-04-17T01:45:00+00:00,12072.49
2026-04-17T01:45:00+00:00,12072.49
2026-04-17T01:45:00+00:00,12072.49
2026-04-17T02:00:00+00:00,12072.49
2026-04-17T02:00:00+00:00,12072.49
2026-04-17T02:00:00+00:00,12072.49
2026-04-17T02:15:00+00:00,12072.49
2026-04-17T02:15:00+00:00,12072.49
2026-04-17T02:15:00+00:00,12072.49
2026-04-17T02:30:00+00:00,12072.49
2026-04-17T02:30:00+00:00,12072.49
2026-04-17T02:30:00+00:00,12072.49
2026-04-17T02:45:00+00:00,12072.49
2026-04-17T02:45:00+00:00,12072.49
2026-04-17T02:45:00+00:00,12072.49
2026-04-17T03:00:00+00:00,12072.49
2026-04-17T03:00:00+00:00,12072.49
2026-04-17T03:00:00+00:00,12072.49
2026-04-17T03:15:00+00:00,12072.49
2026-04-17T03:15:00+00:00,12072.49
2026-04-17T03:15:00+00:00,12072.49
2026-04-17T03:30:00+00:00,12072.49
2026-04-17T03:30:00+00:00,12072.49
2026-04-17T03:30:00+00:00,12072.49
2026-04-17T03:45:00+00:00,12072.49
2026-04-17T03:45:00+00:00,12072.49
2026-04-17T03:45:00+00:00,12072.49
2026-04-17T04:00:00+00:00,12072.49
2026-04-17T04:00:00+00:00,12072.49
2026-04-17T04:00:00+00:00,12072.49
2026-04-17T04:15:00+00:00,12072.49
2026-04-17T04:15:00+00:00,12072.49
2026-04-17T04:15:00+00:00,12072.49
2026-04-17T04:30:00+00:00,12072.49
2026-04-17T04:30:00+00:00,12072.49
2026-04-17T04:30:00+00:00,12072.49
2026-04-17T04:45:00+00:00,12072.49
2026-04-17T04:45:00+00:00,12072.49
2026-04-17T04:45:00+00:00,12072.49
2026-04-17T05:00:00+00:00,12072.49
2026-04-17T05:00:00+00:00,12072.49
2026-04-17T05:00:00+00:00,12072.49
2026-04-17T05:15:00+00:00,12072.49
2026-04-17T05:15:00+00:00,12072.49
2026-04-17T05:15:00+00:00,12072.49
2026-04-17T05:30:00+00:00,12072.49
2026-04-17T05:30:00+00:00,12072.49
2026-04-17T05:30:00+00:00,12072.49
2026-04-17T05:45:00+00:00,12072.49
2026-04-17T05:45:00+00:00,12072.49
2026-04-17T05:45:00+00:00,12072.49
2026-04-17T06:00:00+00:00,12072.49
2026-04-17T06:00:00+00:00,12072.49
2026-04-17T06:00:00+00:00,12072.49
2026-04-17T06:15:00+00:00,12072.49
2026-04-17T06:15:00+00:00,12072.49
2026-04-17T06:15:00+00:00,12072.49
2026-04-17T06:30:00+00:00,12072.49
2026-04-17T06:30:00+00:00,12072.49
2026-04-17T06:30:00+00:00,12072.49
2026-04-17T06:45:00+00:00,12072.49
2026-04-17T06:45:00+00:00,12072.49
2026-04-17T06:45:00+00:00,12072.49
2026-04-17T07:00:00+00:00,12072.49
2026-04-17T07:00:00+00:00,12072.49
2026-04-17T07:00:00+00:00,12072.49
2026-04-17T07:15:00+00:00,12072.49
2026-04-17T07:15:00+00:00,12072.49
2026-04-17T07:15:00+00:00,12072.49
2026-04-17T07:30:00+00:00,12072.49
2026-04-17T07:30:00+00:00,12072.49
2026-04-17T07:30:00+00:00,12072.49
2026-04-17T07:45:00+00:00,12072.49
2026-04-17T07:45:00+00:00,12072.49
2026-04-17T07:45:00+00:00,12072.49
2026-04-17T08:00:00+00:00,12072.49
2026-04-17T08:00:00+00:00,12072.49
2026-04-17T08:00:00+00:00,12072.49
2026-04-17T08:15:00+00:00,12072.49
2026-04-17T08:15:00+00:00,12072.49
2026-04-17T08:15:00+00:00,12072.49
2026-04-17T08:30:00+00:00,12072.49
2026-04-17T08:30:00+00:00,12072.49
2026-04-17T08:30:00+00:00,12072.49
2026-04-17T08:45:00+00:00,12072.49
2026-04-17T08:45:00+00:00,12072.49
2026-04-17T08:45:00+00:00,12072.49
2026-04-17T09:00:00+00:00,12072.49
2026-04-17T09:00:00+00:00,12072.49
2026-04-17T09:00:00+00:00,12072.49
2026-04-17T09:15:00+00:00,12072.49
2026-04-17T09:15:00+00:00,12072.49
2026-04-17T09:15:00+00:00,12072.49
2026-04-17T09:30:00+00:00,12072.49
2026-04-17T09:30:00+00:00,12072.49
2026-04-17T09:30:00+00:00,12072.49
2026-04-17T09:45:00+00:00,12072.49
2026-04-17T09:45:00+00:00,12072.49
2026-04-17T09:45:00+00:00,12072.49
2026-04-17T10:00:00+00:00,12072.49
2026-04-17T10:00:00+00:00,12072.49
2026-04-17T10:00:00+00:00,12072.49
2026-04-17T10:15:00+00:00,12072.49
2026-04-17T10:15:00+00:00,12072.49
2026-04-17T10:15:00+00:00,12072.49
2026-04-17T10:30:00+00:00,12072.49
2026-04-17T10:30:00+00:00,12072.49
2026-04-17T10:30:00+00:00,12072.49
2026-04-17T10:45:00+00:00,12072.49
2026-04-17T10:45:00+00:00,12072.49
2026-04-17T10:45:00+00:00,12072.49
2026-04-17T11:00:00+00:00,12072.49
2026-04-17T11:00:00+00:00,12072.49
2026-04-17T11:00:00+00:00,12072.49
2026-04-17T11:15:00+00:00,12072.49
2026-04-17T11:15:00+00:00,12072.49
2026-04-17T11:15:00+00:00,12072.49
2026-04-17T11:30:00+00:00,12072.49
2026-04-17T11:30:00+00:00,12072.49
2026-04-17T11:30:00+00:00,12072.49
2026-04-17T11:45:00+00:00,12072.49
2026-04-17T11:45:00+00:00,12072.49
2026-04-17T11:45:00+00:00,12072.49
2026-04-17T12:00:00+00:00,12072.49
2026-04-17T12:00:00+00:00,12072.49
2026-04-17T12:00:00+00:00,12072.49
2026-04-17T12:15:00+00:00,12072.49
2026-04-17T12:15:00+00:00,12072.49
2026-04-17T12:15:00+00:00,12072.49
2026-04-17T12:30:00+00:00,12072.49
2026-04-17T12:30:00+00:00,12072.49
2026-04-17T12:30:00+00:00,12072.49
2026-04-17T12:45:00+00:00,12072.49
2026-04-17T12:45:00+00:00,12072.49
2026-04-17T12:45:00+00:00,12072.49
2026-04-17T13:00:00+00:00,12072.49
2026-04-17T13:00:00+00:00,12072.49
2026-04-17T13:00:00+00:00,12072.49
2026-04-17T13:15:00+00:00,12072.49
2026-04-17T13:15:00+00:00,12072.49
2026-04-17T13:15:00+00:00,12072.49
2026-04-17T13:30:00+00:00,12072.49
2026-04-17T13:30:00+00:00,12072.49
2026-04-17T13:30:00+00:00,12072.49
2026-04-17T13:45:00+00:00,12072.49
2026-04-17T13:45:00+00:00,12072.49
2026-04-17T13:45:00+00:00,12072.49
2026-04-17T14:00:00+00:00,12072.49
2026-04-17T14:00:00+00:00,12072.49
2026-04-17T14:00:00+00:00,12072.49
2026-04-17T14:15:00+00:00,12072.49
2026-04-17T14:15:00+00:00,12072.49
2026-04-17T14:15:00+00:00,12072.49
2026-04-17T14:30:00+00:00,12072.49
2026-04-17T14:30:00+00:00,12072.49
2026-04-17T14:30:00+00:00,12072.49
2026-04-17T14:45:00+00:00,12072.49
2026-04-17T14:45:00+00:00,12072.49
2026-04-17T14:45:00+00:00,12072.49
2026-04-17T15:00:00+00:00,12072.49
2026-04-17T15:00:00+00:00,12072.49
2026-04-17T15:00:00+00:00,12072.49
2026-04-17T15:15:00+00:00,12072.49
2026-04-17T15:15:00+00:00,12072.49
2026-04-17T15:15:00+00:00,12072.49
2026-04-17T15:30:00+00:00,12072.49
2026-04-17T15:30:00+00:00,12072.49
2026-04-17T15:30:00+00:00,12072.49
2026-04-17T15:45:00+00:00,12072.49
2026-04-17T15:45:00+00:00,12072.49
2026-04-17T15:45:00+00:00,12072.49
2026-04-17T16:00:00+00:00,12072.49
2026-04-17T16:00:00+00:00,12072.49
2026-04-17T16:00:00+00:00,12072.49
2026-04-17T16:15:00+00:00,12072.49
2026-04-17T16:15:00+00:00,12072.49
2026-04-17T16:15:00+00:00,12072.49
2026-04-17T16:30:00+00:00,12072.49
2026-04-17T16:30:00+00:00,12072.49
2026-04-17T16:30:00+00:00,12072.49
2026-04-17T16:45:00+00:00,12072.49
2026-04-17T16:45:00+00:00,12072.49
2026-04-17T16:45:00+00:00,12072.49
2026-04-17T17:00:00+00:00,12072.49
2026-04-17T17:00:00+00:00,12072.49
2026-04-17T17:00:00+00:00,12072.49
2026-04-17T17:15:00+00:00,12072.49
2026-04-17T17:15:00+00:00,12072.49
2026-04-17T17:15:00+00:00,12072.49
2026-04-17T17:30:00+00:00,12072.49
2026-04-17T17:30:00+00:00,12072.49
2026-04-17T17:30:00+00:00,12072.49
2026-04-17T17:45:00+00:00,12072.49
2026-04-17T17:45:00+00:00,12072.49
2026-04-17T17:45:00+00:00,12072.49
2026-04-17T18:00:00+00:00,12072.49
2026-04-17T18:00:00+00:00,12072.49
2026-04-17T18:00:00+00:00,12072.49
2026-04-17T18:15:00+00:00,12072.49
2026-04-17T18:15:00+00:00,12072.49
2026-04-17T18:15:00+00:00,12072.49
2026-04-17T18:30:00+00:00,12072.49
2026-04-17T18:30:00+00:00,12072.49
2026-04-17T18:30:00+00:00,12072.49
2026-04-17T18:45:00+00:00,12072.49
2026-04-17T18:45:00+00:00,12072.49
2026-04-17T18:45:00+00:00,12072.49
2026-04-17T19:00:00+00:00,12072.49
2026-04-17T19:00:00+00:00,12072.49
2026-04-17T19:00:00+00:00,12072.49
2026-04-17T19:15:00+00:00,12072.49
2026-04-17T19:15:00+00:00,12072.49
2026-04-17T19:15:00+00:00,12072.49
2026-04-17T19:30:00+00:00,12072.49
2026-04-17T19:30:00+00:00,12072.49
2026-04-17T19:30:00+00:00,12072.49
2026-04-17T19:45:00+00:00,12072.49
2026-04-17T19:45:00+00:00,12072.49
2026-04-17T19:45:00+00:00,12072.49
2026-04-17T20:00:00+00:00,12072.49
2026-04-17T20:00:00+00:00,12072.49
2026-04-17T20:00:00+00:00,12072.49
2026-04-17T20:15:00+00:00,12072.49
2026-04-17T20:15:00+00:00,12072.49
2026-04-17T20:15:00+00:00,12072.49
2026-04-17T20:30:00+00:00,12072.49
2026-04-17T20:30:00+00:00,12072.49
2026-04-17T20:30:00+00:00,12072.49
2026-04-17T20:45:00+00:00,12072.49
2026-04-17T20:45:00+00:00,12072.49
2026-04-17T20:45:00+00:00,12072.49
2026-04-17T21:00:00+00:00,12072.49
2026-04-17T21:00:00+00:00,12072.49
2026-04-17T21:00:00+00:00,12072.49
2026-04-17T21:15:00+00:00,12072.49
2026-04-17T21:15:00+00:00,12072.49
2026-04-17T21:15:00+00:00,12072.49
2026-04-17T21:30:00+00:00,12072.49
2026-04-17T21:30:00+00:00,12072.49
2026-04-17T21:30:00+00:00,12072.49
2026-04-17T21:45:00+00:00,12072.49
2026-04-17T21:45:00+00:00,12072.49
2026-04-17T21:45:00+00:00,12072.49
2026-04-17T22:00:00+00:00,12072.49
2026-04-17T22:00:00+00:00,12072.49
2026-04-17T22:00:00+00:00,12072.49
2026-04-17T22:15:00+00:00,12072.49
2026-04-17T22:15:00+00:00,12072.49
2026-04-17T22:15:00+00:00,12072.49
2026-04-17T22:30:00+00:00,12072.49
2026-04-17T22:30:00+00:00,12072.49
2026-04-17T22:30:00+00:00,12072.49
2026-04-17T22:45:00+00:00,12072.49
2026-04-17T22:45:00+00:00,12072.49
2026-04-17T22:45:00+00:00,12072.49
2026-04-17T23:00:00+00:00,12072.49
2026-04-17T23:00:00+00:00,12072.49
2026-04-17T23:00:00+00:00,12072.49
2026-04-17T23:15:00+00:00,12072.49
2026-04-17T23:15:00+00:00,12072.49
2026-04-17T23:15:00+00:00,12072.49
2026-04-17T23:30:00+00:00,12072.49
2026-04-17T23:30:00+00:00,12072.49
2026-04-17T23:30:00+00:00,12072.49
2026-04-17T23:45:00+00:00,12072.49
2026-04-17T23:45:00+00:00,12072.49
2026-04-17T23:45:00+00:00,12072.49
2026-04-18T00:00:00+00:00,12072.49
2026-04-18T00:00:00+00:00,12072.49
2026-04-18T00:00:00+00:00,12072.49
2026-04-18T00:15:00+00:00,12072.49
2026-04-18T00:15:00+00:00,12072.49
2026-04-18T00:15:00+00:00,12072.49
2026-04-18T00:30:00+00:00,12072.49
2026-04-18T00:30:00+00:00,12072.49
2026-04-18T00:30:00+00:00,12072.49
2026-04-18T00:45:00+00:00,12072.49
2026-04-18T00:45:00+00:00,12072.49
2026-04-18T00:45:00+00:00,12072.49
2026-04-18T01:00:00+00:00,12072.49
2026-04-18T01:00:00+00:00,12072.49
2026-04-18T01:00:00+00:00,12072.49
2026-04-18T01:15:00+00:00,12072.49
2026-04-18T01:15:00+00:00,12072.49
2026-04-18T01:15:00+00:00,12072.49
2026-04-18T01:30:00+00:00,12072.49
2026-04-18T01:30:00+00:00,12072.49
2026-04-18T01:30:00+00:00,12072.49
2026-04-18T01:45:00+00:00,12072.49
2026-04-18T01:45:00+00:00,12072.49
2026-04-18T01:45:00+00:00,12072.49
2026-04-18T02:00:00+00:00,12072.49
2026-04-18T02:00:00+00:00,12072.49
2026-04-18T02:00:00+00:00,12072.49
2026-04-18T02:15:00+00:00,12072.49
2026-04-18T02:15:00+00:00,12072.49
2026-04-18T02:15:00+00:00,12072.49
2026-04-18T02:30:00+00:00,12072.49
2026-04-18T02:30:00+00:00,12072.49
2026-04-18T02:30:00+00:00,12072.49
2026-04-18T02:45:00+00:00,12072.49
2026-04-18T02:45:00+00:00,12072.49
2026-04-18T02:45:00+00:00,12072.49
2026-04-18T03:00:00+00:00,12072.49
2026-04-18T03:00:00+00:00,12072.49
2026-04-18T03:00:00+00:00,12072.49
2026-04-18T03:15:00+00:00,12072.49
2026-04-18T03:15:00+00:00,12072.49
2026-04-18T03:15:00+00:00,12072.49
2026-04-18T03:30:00+00:00,12072.49
2026-04-18T03:30:00+00:00,12072.49
2026-04-18T03:30:00+00:00,12072.49
2026-04-18T03:45:00+00:00,12072.49
2026-04-18T03:45:00+00:00,12072.49
2026-04-18T03:45:00+00:00,12072.49
2026-04-18T04:00:00+00:00,12072.49
2026-04-18T04:00:00+00:00,12072.49
2026-04-18T04:00:00+00:00,12072.49
2026-04-18T04:15:00+00:00,12072.49
2026-04-18T04:15:00+00:00,12072.49
2026-04-18T04:15:00+00:00,12072.49
2026-04-18T04:30:00+00:00,12072.49
2026-04-18T04:30:00+00:00,12072.49
2026-04-18T04:30:00+00:00,12072.49
2026-04-18T04:45:00+00:00,12072.49
2026-04-18T04:45:00+00:00,12072.49
2026-04-18T04:45:00+00:00,12072.49
2026-04-18T05:00:00+00:00,12072.49
2026-04-18T05:00:00+00:00,12072.49
2026-04-18T05:00:00+00:00,12072.49
2026-04-18T05:15:00+00:00,12072.49
2026-04-18T05:15:00+00:00,12072.49
2026-04-18T05:15:00+00:00,12072.49
2026-04-18T05:30:00+00:00,12072.49
2026-04-18T05:30:00+00:00,12072.49
2026-04-18T05:30:00+00:00,12072.49
2026-04-18T05:45:00+00:00,12072.49
2026-04-18T05:45:00+00:00,12072.49
2026-04-18T05:45:00+00:00,12072.49
2026-04-18T06:00:00+00:00,12072.49
2026-04-18T06:00:00+00:00,12072.49
2026-04-18T06:00:00+00:00,12072.49
2026-04-18T06:15:00+00:00,12072.49
2026-04-18T06:15:00+00:00,12072.49
2026-04-18T06:15:00+00:00,12072.49
2026-04-18T06:30:00+00:00,12072.49
2026-04-18T06:30:00+00:00,12072.49
2026-04-18T06:30:00+00:00,12072.49
2026-04-18T06:45:00+00:00,12072.49
2026-04-18T06:45:00+00:00,12072.49
2026-04-18T06:45:00+00:00,12072.49
2026-04-18T07:00:00+00:00,12072.49
2026-04-18T07:00:00+00:00,12072.49
2026-04-18T07:00:00+00:00,12072.49
2026-04-18T07:15:00+00:00,12072.49
2026-04-18T07:15:00+00:00,12072.49
2026-04-18T07:15:00+00:00,12072.49
2026-04-18T07:30:00+00:00,12072.49
2026-04-18T07:30:00+00:00,12072.49
2026-04-18T07:30:00+00:00,12072.49
2026-04-18T07:45:00+00:00,12072.49
2026-04-18T07:45:00+00:00,12072.49
2026-04-18T07:45:00+00:00,12072.49
2026-04-18T08:00:00+00:00,12072.49
2026-04-18T08:00:00+00:00,12072.49
2026-04-18T08:00:00+00:00,12072.49
2026-04-18T08:15:00+00:00,12072.49
2026-04-18T08:15:00+00:00,12072.49
2026-04-18T08:15:00+00:00,12072.49
2026-04-18T08:30:00+00:00,12072.49
2026-04-18T08:30:00+00:00,12072.49
2026-04-18T08:30:00+00:00,12072.49
2026-04-18T08:45:00+00:00,12072.49
2026-04-18T08:45:00+00:00,12072.49
2026-04-18T08:45:00+00:00,12072.49
2026-04-18T09:00:00+00:00,12072.49
2026-04-18T09:00:00+00:00,12072.49
2026-04-18T09:00:00+00:00,12072.49
2026-04-18T09:15:00+00:00,12072.49
2026-04-18T09:15:00+00:00,12072.49
2026-04-18T09:15:00+00:00,12072.49
2026-04-18T09:30:00+00:00,12072.49
2026-04-18T09:30:00+00:00,12072.49
2026-04-18T09:30:00+00:00,12072.49
2026-04-18T09:45:00+00:00,12072.49
2026-04-18T09:45:00+00:00,12072.49
2026-04-18T09:45:00+00:00,12072.49
2026-04-18T10:00:00+00:00,12072.49
2026-04-18T10:00:00+00:00,12072.49
2026-04-18T10:00:00+00:00,12072.49
2026-04-18T10:15:00+00:00,12072.49
2026-04-18T10:15:00+00:00,12072.49
2026-04-18T10:15:00+00:00,12072.49
2026-04-18T10:30:00+00:00,12072.49
2026-04-18T10:30:00+00:00,12072.49
2026-04-18T10:30:00+00:00,12072.49
2026-04-18T10:45:00+00:00,12072.49
2026-04-18T10:45:00+00:00,12072.49
2026-04-18T10:45:00+00:00,12072.49
2026-04-18T11:00:00+00:00,12072.49
2026-04-18T11:00:00+00:00,12072.49
2026-04-18T11:00:00+00:00,12072.49
2026-04-18T11:15:00+00:00,12072.49
2026-04-18T11:15:00+00:00,12072.49
2026-04-18T11:15:00+00:00,12072.49
2026-04-18T11:30:00+00:00,12072.49
2026-04-18T11:30:00+00:00,12072.49
2026-04-18T11:30:00+00:00,12072.49
2026-04-18T11:45:00+00:00,12072.49
2026-04-18T11:45:00+00:00,12072.49
2026-04-18T11:45:00+00:00,12072.49
2026-04-18T12:00:00+00:00,12072.49
2026-04-18T12:00:00+00:00,12072.49
2026-04-18T12:00:00+00:00,12072.49
2026-04-18T12:15:00+00:00,12072.49
2026-04-18T12:15:00+00:00,12072.49
2026-04-18T12:15:00+00:00,12072.49
2026-04-18T12:30:00+00:00,12072.49
2026-04-18T12:30:00+00:00,12072.49
2026-04-18T12:30:00+00:00,12072.49
2026-04-18T12:45:00+00:00,12072.49
2026-04-18T12:45:00+00:00,12072.49
2026-04-18T12:45:00+00:00,12072.49
2026-04-18T13:00:00+00:00,12072.49
2026-04-18T13:00:00+00:00,12072.49
2026-04-18T13:00:00+00:00,12072.49
2026-04-18T13:15:00+00:00,12072.49
2026-04-18T13:15:00+00:00,12072.49
2026-04-18T13:15:00+00:00,12072.49
2026-04-18T13:30:00+00:00,12072.49
2026-04-18T13:30:00+00:00,12072.49
2026-04-18T13:30:00+00:00,12072.49
2026-04-18T13:45:00+00:00,12072.49
2026-04-18T13:45:00+00:00,12072.49
2026-04-18T13:45:00+00:00,12072.49
2026-04-18T14:00:00+00:00,12072.49
2026-04-18T14:00:00+00:00,12072.49
2026-04-18T14:00:00+00:00,12072.49
2026-04-18T14:15:00+00:00,12072.49
2026-04-18T14:15:00+00:00,12072.49
2026-04-18T14:15:00+00:00,12072.49
2026-04-18T14:30:00+00:00,12072.49
2026-04-18T14:30:00+00:00,12072.49
2026-04-18T14:30:00+00:00,12072.49
2026-04-18T14:45:00+00:00,12072.49
2026-04-18T14:45:00+00:00,12072.49
2026-04-18T14:45:00+00:00,12072.49
2026-04-18T15:00:00+00:00,12072.49
2026-04-18T15:00:00+00:00,12072.49
2026-04-18T15:00:00+00:00,12072.49
2026-04-18T15:15:00+00:00,12072.49
2026-04-18T15:15:00+00:00,12072.49
2026-04-18T15:15:00+00:00,12072.49
2026-04-18T15:30:00+00:00,12072.49
2026-04-18T15:30:00+00:00,12072.49
2026-04-18T15:30:00+00:00,12072.49
2026-04-18T15:45:00+00:00,12072.49
2026-04-18T15:45:00+00:00,12072.49
2026-04-18T15:45:00+00:00,12072.49
2026-04-18T16:00:00+00:00,12072.49
2026-04-18T16:00:00+00:00,12072.49
2026-04-18T16:00:00+00:00,12072.49
2026-04-18T16:15:00+00:00,12072.49
2026-04-18T16:15:00+00:00,12072.49
2026-04-18T16:15:00+00:00,12072.49
2026-04-18T16:30:00+00:00,12072.49
2026-04-18T16:30:00+00:00,12072.49
2026-04-18T16:30:00+00:00,12072.49
2026-04-18T16:45:00+00:00,12072.49
2026-04-18T16:45:00+00:00,12072.49
2026-04-18T16:45:00+00:00,12072.49
2026-04-18T17:00:00+00:00,12072.49
2026-04-18T17:00:00+00:00,12072.49
2026-04-18T17:00:00+00:00,12072.49
2026-04-18T17:15:00+00:00,12072.49
2026-04-18T17:15:00+00:00,12072.49
2026-04-18T17:15:00+00:00,12072.49
2026-04-18T17:30:00+00:00,12072.49
2026-04-18T17:30:00+00:00,12072.49
2026-04-18T17:30:00+00:00,12072.49
2026-04-18T17:45:00+00:00,12072.49
2026-04-18T17:45:00+00:00,12072.49
2026-04-18T17:45:00+00:00,12072.49
2026-04-18T18:00:00+00:00,12072.49
2026-04-18T18:00:00+00:00,12072.49
2026-04-18T18:00:00+00:00,12072.49
2026-04-18T18:15:00+00:00,12072.49
2026-04-18T18:15:00+00:00,12072.49
2026-04-18T18:15:00+00:00,12072.49
2026-04-18T18:30:00+00:00,12072.49
2026-04-18T18:30:00+00:00,12072.49
2026-04-18T18:30:00+00:00,12072.49
2026-04-18T18:45:00+00:00,12072.49
2026-04-18T18:45:00+00:00,12072.49
2026-04-18T18:45:00+00:00,12072.49
2026-04-18T19:00:00+00:00,12072.49
2026-04-18T19:00:00+00:00,12072.49
2026-04-18T19:00:00+00:00,12072.49
2026-04-18T19:15:00+00:00,12072.49
2026-04-18T19:15:00+00:00,12072.49
2026-04-18T19:15:00+00:00,12072.49
2026-04-18T19:30:00+00:00,12072.49
2026-04-18T19:30:00+00:00,12072.49
2026-04-18T19:30:00+00:00,12072.49
2026-04-18T19:45:00+00:00,12072.49
2026-04-18T19:45:00+00:00,12072.49
2026-04-18T19:45:00+00:00,12072.49
2026-04-18T20:00:00+00:00,12072.49
2026-04-18T20:00:00+00:00,12072.49
2026-04-18T20:00:00+00:00,12072.49
2026-04-18T20:15:00+00:00,12072.49
2026-04-18T20:15:00+00:00,12072.49
2026-04-18T20:15:00+00:00,12072.49
2026-04-18T20:30:00+00:00,12072.49
2026-04-18T20:30:00+00:00,12072.49
2026-04-18T20:30:00+00:00,12072.49
2026-04-18T20:45:00+00:00,12072.49
2026-04-18T20:45:00+00:00,12072.49
2026-04-18T20:45:00+00:00,12072.49
2026-04-18T21:00:00+00:00,12072.49
2026-04-18T21:00:00+00:00,12072.49
2026-04-18T21:00:00+00:00,12072.49
2026-04-18T21:15:00+00:00,12072.49
2026-04-18T21:15:00+00:00,12072.49
2026-04-18T21:15:00+00:00,12072.49
2026-04-18T21:30:00+00:00,12072.49
2026-04-18T21:30:00+00:00,12072.49
2026-04-18T21:30:00+00:00,12072.49
2026-04-18T21:45:00+00:00,12072.49
2026-04-18T21:45:00+00:00,12072.49
2026-04-18T21:45:00+00:00,12072.49
2026-04-18T22:00:00+00:00,12072.49
2026-04-18T22:00:00+00:00,12072.49
2026-04-18T22:00:00+00:00,12072.49
2026-04-18T22:15:00+00:00,12072.49
2026-04-18T22:15:00+00:00,12072.49
2026-04-18T22:15:00+00:00,12072.49
2026-04-18T22:30:00+00:00,12072.49
2026-04-18T22:30:00+00:00,12072.49
2026-04-18T22:30:00+00:00,12072.49
2026-04-18T22:45:00+00:00,12072.49
2026-04-18T22:45:00+00:00,12072.49
2026-04-18T22:45:00+00:00,12072.49
2026-04-18T23:00:00+00:00,12072.49
2026-04-18T23:00:00+00:00,12072.49
2026-04-18T23:00:00+00:00,12072.49
2026-04-18T23:15:00+00:00,12072.49
2026-04-18T23:15:00+00:00,12072.49
2026-04-18T23:15:00+00:00,12072.49
2026-04-18T23:30:00+00:00,12072.49
2026-04-18T23:30:00+00:00,12072.49
2026-04-18T23:30:00+00:00,12072.49
2026-04-18T23:45:00+00:00,12072.49
2026-04-18T23:45:00+00:00,12072.49
2026-04-18T23:45:00+00:00,12072.49
2026-04-19T00:00:00+00:00,12072.49
2026-04-19T00:00:00+00:00,12072.49
2026-04-19T00:00:00+00:00,12072.49
2026-04-19T00:15:00+00:00,12072.49
2026-04-19T00:15:00+00:00,12072.49
2026-04-19T00:15:00+00:00,12072.49
2026-04-19T00:30:00+00:00,12072.49
2026-04-19T00:30:00+00:00,12072.49
2026-04-19T00:30:00+00:00,12072.49
2026-04-19T00:45:00+00:00,12072.49
2026-04-19T00:45:00+00:00,12072.49
2026-04-19T00:45:00+00:00,12072.49
2026-04-19T01:00:00+00:00,12072.49
2026-04-19T01:00:00+00:00,12072.49
2026-04-19T01:00:00+00:00,12072.49
2026-04-19T01:15:00+00:00,12072.49
2026-04-19T01:15:00+00:00,12072.49
2026-04-19T01:15:00+00:00,12072.49
2026-04-19T01:30:00+00:00,12072.49
2026-04-19T01:30:00+00:00,12072.49
2026-04-19T01:30:00+00:00,12072.49
2026-04-19T01:45:00+00:00,12072.49
2026-04-19T01:45:00+00:00,12072.49
2026-04-19T01:45:00+00:00,12072.49
2026-04-19T02:00:00+00:00,12072.49
2026-04-19T02:00:00+00:00,12072.49
2026-04-19T02:00:00+00:00,12072.49
2026-04-19T02:15:00+00:00,12072.49
2026-04-19T02:15:00+00:00,12072.49
2026-04-19T02:15:00+00:00,12072.49
2026-04-19T02:30:00+00:00,12072.49
2026-04-19T02:30:00+00:00,12072.49
2026-04-19T02:30:00+00:00,12072.49
2026-04-19T02:45:00+00:00,12072.49
2026-04-19T02:45:00+00:00,12072.49
2026-04-19T02:45:00+00:00,12072.49
2026-04-19T03:00:00+00:00,12072.49
2026-04-19T03:00:00+00:00,12072.49
2026-04-19T03:00:00+00:00,12072.49
2026-04-19T03:15:00+00:00,12072.49
2026-04-19T03:15:00+00:00,12072.49
2026-04-19T03:15:00+00:00,12072.49
2026-04-19T03:30:00+00:00,12072.49
2026-04-19T03:30:00+00:00,12072.49
2026-04-19T03:30:00+00:00,12072.49
2026-04-19T03:45:00+00:00,12072.49
2026-04-19T03:45:00+00:00,12072.49
2026-04-19T03:45:00+00:00,12072.49
2026-04-19T04:00:00+00:00,12072.49
2026-04-19T04:00:00+00:00,12072.49
2026-04-19T04:00:00+00:00,12072.49
2026-04-19T04:15:00+00:00,12072.49
2026-04-19T04:15:00+00:00,12072.49
2026-04-19T04:15:00+00:00,12072.49
2026-04-19T04:30:00+00:00,12072.49
2026-04-19T04:30:00+00:00,12072.49
2026-04-19T04:30:00+00:00,12072.49
2026-04-19T04:45:00+00:00,12072.49
2026-04-19T04:45:00+00:00,12072.49
2026-04-19T04:45:00+00:00,12072.49
2026-04-19T05:00:00+00:00,12072.49
2026-04-19T05:00:00+00:00,12072.49
2026-04-19T05:00:00+00:00,12072.49
2026-04-19T05:15:00+00:00,12072.49
2026-04-19T05:15:00+00:00,12072.49
2026-04-19T05:15:00+00:00,12072.49
2026-04-19T05:30:00+00:00,12072.49
2026-04-19T05:30:00+00:00,12072.49
2026-04-19T05:30:00+00:00,12072.49
2026-04-19T05:45:00+00:00,12072.49
2026-04-19T05:45:00+00:00,12072.49
2026-04-19T05:45:00+00:00,12072.49
2026-04-19T06:00:00+00:00,12072.49
2026-04-19T06:00:00+00:00,12072.49
2026-04-19T06:00:00+00:00,12072.49
2026-04-19T06:15:00+00:00,12072.49
2026-04-19T06:15:00+00:00,12072.49
2026-04-19T06:15:00+00:00,12072.49
2026-04-19T06:30:00+00:00,12072.49
2026-04-19T06:30:00+00:00,12072.49
2026-04-19T06:30:00+00:00,12072.49
2026-04-19T06:45:00+00:00,12072.49
2026-04-19T06:45:00+00:00,12072.49
2026-04-19T06:45:00+00:00,12072.49
2026-04-19T07:00:00+00:00,12072.49
2026-04-19T07:00:00+00:00,12072.49
2026-04-19T07:00:00+00:00,12072.49
2026-04-19T07:15:00+00:00,12072.49
2026-04-19T07:15:00+00:00,12072.49
2026-04-19T07:15:00+00:00,12072.49
2026-04-19T07:30:00+00:00,12072.49
2026-04-19T07:30:00+00:00,12072.49
2026-04-19T07:30:00+00:00,12072.49
2026-04-19T07:45:00+00:00,12072.49
2026-04-19T07:45:00+00:00,12072.49
2026-04-19T07:45:00+00:00,12072.49
2026-04-19T08:00:00+00:00,12072.49
2026-04-19T08:00:00+00:00,12072.49
2026-04-19T08:00:00+00:00,12072.49
2026-04-19T08:15:00+00:00,12072.49
2026-04-19T08:15:00+00:00,12072.49
2026-04-19T08:15:00+00:00,12072.49
2026-04-19T08:30:00+00:00,12072.49
2026-04-19T08:30:00+00:00,12072.49
2026-04-19T08:30:00+00:00,12072.49
2026-04-19T08:45:00+00:00,12072.49
2026-04-19T08:45:00+00:00,12072.49
2026-04-19T08:45:00+00:00,12072.49
2026-04-19T09:00:00+00:00,12072.49
2026-04-19T09:00:00+00:00,12072.49
2026-04-19T09:00:00+00:00,12072.49
2026-04-19T09:15:00+00:00,12072.49
2026-04-19T09:15:00+00:00,12072.49
2026-04-19T09:15:00+00:00,12072.49
2026-04-19T09:30:00+00:00,12072.49
2026-04-19T09:30:00+00:00,12072.49
2026-04-19T09:30:00+00:00,12072.49
2026-04-19T09:45:00+00:00,12072.49
2026-04-19T09:45:00+00:00,12072.49
2026-04-19T09:45:00+00:00,12072.49
2026-04-19T10:00:00+00:00,12072.49
2026-04-19T10:00:00+00:00,12072.49
2026-04-19T10:00:00+00:00,12072.49
2026-04-19T10:15:00+00:00,12072.49
2026-04-19T10:15:00+00:00,12072.49
2026-04-19T10:15:00+00:00,12072.49
2026-04-19T10:30:00+00:00,12072.49
2026-04-19T10:30:00+00:00,12072.49
2026-04-19T10:30:00+00:00,12072.49
2026-04-19T10:45:00+00:00,12072.49
2026-04-19T10:45:00+00:00,12072.49
2026-04-19T10:45:00+00:00,12072.49
2026-04-19T11:00:00+00:00,12072.49
2026-04-19T11:00:00+00:00,12072.49
2026-04-19T11:00:00+00:00,12072.49
2026-04-19T11:15:00+00:00,12072.49
2026-04-19T11:15:00+00:00,12072.49
2026-04-19T11:15:00+00:00,12072.49
2026-04-19T11:30:00+00:00,12072.49
2026-04-19T11:30:00+00:00,12072.49
2026-04-19T11:30:00+00:00,12072.49
2026-04-19T11:45:00+00:00,12072.49
2026-04-19T11:45:00+00:00,12072.49
2026-04-19T11:45:00+00:00,12072.49
2026-04-19T12:00:00+00:00,12072.49
2026-04-19T12:00:00+00:00,12072.49
2026-04-19T12:00:00+00:00,12072.49
2026-04-19T12:15:00+00:00,12072.49
2026-04-19T12:15:00+00:00,12072.49
2026-04-19T12:15:00+00:00,12072.49
2026-04-19T12:30:00+00:00,12072.49
2026-04-19T12:30:00+00:00,12072.49
2026-04-19T12:30:00+00:00,12072.49
2026-04-19T12:45:00+00:00,12072.49
2026-04-19T12:45:00+00:00,12072.49
2026-04-19T12:45:00+00:00,12072.49
2026-04-19T13:00:00+00:00,12072.49
2026-04-19T13:00:00+00:00,12072.49
2026-04-19T13:00:00+00:00,12072.49
2026-04-19T13:15:00+00:00,12072.49
2026-04-19T13:15:00+00:00,12072.49
2026-04-19T13:15:00+00:00,12072.49
2026-04-19T13:30:00+00:00,12072.49
2026-04-19T13:30:00+00:00,12072.49
2026-04-19T13:30:00+00:00,12072.49
2026-04-19T13:45:00+00:00,12072.49
2026-04-19T13:45:00+00:00,12072.49
2026-04-19T13:45:00+00:00,12072.49
2026-04-19T14:00:00+00:00,12072.49
2026-04-19T14:00:00+00:00,12072.49
2026-04-19T14:00:00+00:00,12072.49
2026-04-19T14:15:00+00:00,12072.49
2026-04-19T14:15:00+00:00,12072.49
2026-04-19T14:15:00+00:00,12072.49
2026-04-19T14:30:00+00:00,12072.49
2026-04-19T14:30:00+00:00,12072.49
2026-04-19T14:30:00+00:00,12072.49
2026-04-19T14:45:00+00:00,12072.49
2026-04-19T14:45:00+00:00,12072.49
2026-04-19T14:45:00+00:00,12072.49
2026-04-19T15:00:00+00:00,12072.49
2026-04-19T15:00:00+00:00,12072.49
2026-04-19T15:00:00+00:00,12072.49
2026-04-19T15:15:00+00:00,12072.49
2026-04-19T15:15:00+00:00,12072.49
2026-04-19T15:15:00+00:00,12072.49
2026-04-19T15:30:00+00:00,12072.49
2026-04-19T15:30:00+00:00,12072.49
2026-04-19T15:30:00+00:00,12072.49
2026-04-19T15:45:00+00:00,12072.49
2026-04-19T15:45:00+00:00,12072.49
2026-04-19T15:45:00+00:00,12072.49
2026-04-19T16:00:00+00:00,12072.49
2026-04-19T16:00:00+00:00,12072.49
2026-04-19T16:00:00+00:00,12072.49
2026-04-19T16:15:00+00:00,12072.49
2026-04-19T16:15:00+00:00,12072.49
2026-04-19T16:15:00+00:00,12072.49
2026-04-19T16:30:00+00:00,12072.49
2026-04-19T16:30:00+00:00,12072.49
2026-04-19T16:30:00+00:00,12072.49
2026-04-19T16:45:00+00:00,12072.49
2026-04-19T16:45:00+00:00,12072.49
2026-04-19T16:45:00+00:00,12072.49
2026-04-19T17:00:00+00:00,12072.49
2026-04-19T17:00:00+00:00,12072.49
2026-04-19T17:00:00+00:00,12072.49
2026-04-19T17:15:00+00:00,12072.49
2026-04-19T17:15:00+00:00,12072.49
2026-04-19T17:15:00+00:00,12072.49
2026-04-19T17:30:00+00:00,12072.49
2026-04-19T17:30:00+00:00,12072.49
2026-04-19T17:30:00+00:00,12072.49
2026-04-19T17:45:00+00:00,12072.49
2026-04-19T17:45:00+00:00,12072.49
2026-04-19T17:45:00+00:00,12072.49
2026-04-19T18:00:00+00:00,12072.49
2026-04-19T18:00:00+00:00,12072.49
2026-04-19T18:00:00+00:00,12072.49
2026-04-19T18:15:00+00:00,12072.49
2026-04-19T18:15:00+00:00,12072.49
2026-04-19T18:15:00+00:00,12072.49
2026-04-19T18:30:00+00:00,12072.49
2026-04-19T18:30:00+00:00,12072.49
2026-04-19T18:30:00+00:00,12072.49
2026-04-19T18:45:00+00:00,12072.49
2026-04-19T18:45:00+00:00,12072.49
2026-04-19T18:45:00+00:00,12072.49
2026-04-19T19:00:00+00:00,12072.49
2026-04-19T19:00:00+00:00,12072.49
2026-04-19T19:00:00+00:00,12072.49
2026-04-19T19:15:00+00:00,12072.49
2026-04-19T19:15:00+00:00,12072.49
2026-04-19T19:15:00+00:00,12072.49
2026-04-19T19:30:00+00:00,12072.49
2026-04-19T19:30:00+00:00,12072.49
2026-04-19T19:30:00+00:00,12072.49
2026-04-19T19:45:00+00:00,12072.49
2026-04-19T19:45:00+00:00,12072.49
2026-04-19T19:45:00+00:00,12072.49
2026-04-19T20:00:00+00:00,12072.49
2026-04-19T20:00:00+00:00,12072.49
2026-04-19T20:00:00+00:00,12072.49
2026-04-19T20:15:00+00:00,12072.49
2026-04-19T20:15:00+00:00,12072.49
2026-04-19T20:15:00+00:00,12072.49
2026-04-19T20:30:00+00:00,12072.49
2026-04-19T20:30:00+00:00,12072.49
2026-04-19T20:30:00+00:00,12072.49
2026-04-19T20:45:00+00:00,12072.49
2026-04-19T20:45:00+00:00,12072.49
2026-04-19T20:45:00+00:00,12072.49
2026-04-19T21:00:00+00:00,12072.49
2026-04-19T21:00:00+00:00,12072.49
2026-04-19T21:00:00+00:00,12072.49
2026-04-19T21:15:00+00:00,12072.49
2026-04-19T21:15:00+00:00,12072.49
2026-04-19T21:15:00+00:00,12072.49
2026-04-19T21:30:00+00:00,12072.49
2026-04-19T21:30:00+00:00,12072.49
2026-04-19T21:30:00+00:00,12072.49
2026-04-19T21:45:00+00:00,12072.49
2026-04-19T21:45:00+00:00,12072.49
2026-04-19T21:45:00+00:00,12072.49
2026-04-19T22:00:00+00:00,12072.49
2026-04-19T22:00:00+00:00,12072.49
2026-04-19T22:00:00+00:00,12072.49
2026-04-19T22:15:00+00:00,12072.49
2026-04-19T22:15:00+00:00,12072.49
2026-04-19T22:15:00+00:00,12072.49
2026-04-19T22:30:00+00:00,12072.49
2026-04-19T22:30:00+00:00,12072.49
2026-04-19T22:30:00+00:00,12072.49
2026-04-19T22:45:00+00:00,12072.49
2026-04-19T22:45:00+00:00,12072.49
2026-04-19T22:45:00+00:00,12072.49
2026-04-19T23:00:00+00:00,12072.49
2026-04-19T23:00:00+00:00,12072.49
2026-04-19T23:00:00+00:00,12072.49
2026-04-19T23:15:00+00:00,12072.49
2026-04-19T23:15:00+00:00,12072.49
2026-04-19T23:15:00+00:00,12072.49
2026-04-19T23:30:00+00:00,12072.49
2026-04-19T23:30:00+00:00,12072.49
2026-04-19T23:30:00+00:00,12072.49
2026-04-19T23:45:00+00:00,12072.49
2026-04-19T23:45:00+00:00,12072.49
2026-04-19T23:45:00+00:00,12072.49
2026-04-20T00:00:00+00:00,12072.49
2026-04-20T00:00:00+00:00,12072.49
2026-04-20T00:00:00+00:00,12072.49
2026-04-20T00:15:00+00:00,12072.49
2026-04-20T00:15:00+00:00,12072.49
2026-04-20T00:15:00+00:00,12072.49
2026-04-20T00:30:00+00:00,12072.49
2026-04-20T00:30:00+00:00,12072.49
2026-04-20T00:30:00+00:00,12072.49
2026-04-20T00:45:00+00:00,12072.49
2026-04-20T00:45:00+00:00,12072.49
2026-04-20T00:45:00+00:00,12072.49
2026-04-20T01:00:00+00:00,12072.49
2026-04-20T01:00:00+00:00,12072.49
2026-04-20T01:00:00+00:00,12072.49
2026-04-20T01:15:00+00:00,12072.49
2026-04-20T01:15:00+00:00,12072.49
2026-04-20T01:15:00+00:00,12072.49
2026-04-20T01:30:00+00:00,12072.49
2026-04-20T01:30:00+00:00,12072.49
2026-04-20T01:30:00+00:00,12072.49
2026-04-20T01:45:00+00:00,12072.49
2026-04-20T01:45:00+00:00,12072.49
2026-04-20T01:45:00+00:00,12072.49
2026-04-20T02:00:00+00:00,12072.49
2026-04-20T02:00:00+00:00,12072.49
2026-04-20T02:00:00+00:00,12072.49
2026-04-20T02:15:00+00:00,12072.49
2026-04-20T02:15:00+00:00,12072.49
2026-04-20T02:15:00+00:00,12072.49
2026-04-20T02:30:00+00:00,12072.49
2026-04-20T02:30:00+00:00,12072.49
2026-04-20T02:30:00+00:00,12072.49
2026-04-20T02:45:00+00:00,12072.49
2026-04-20T02:45:00+00:00,12072.49
2026-04-20T02:45:00+00:00,12072.49
2026-04-20T03:00:00+00:00,12072.49
2026-04-20T03:00:00+00:00,12072.49
2026-04-20T03:00:00+00:00,12072.49
2026-04-20T03:15:00+00:00,12072.49
2026-04-20T03:15:00+00:00,12072.49
2026-04-20T03:15:00+00:00,12072.49
2026-04-20T03:30:00+00:00,12072.49
2026-04-20T03:30:00+00:00,12072.49
2026-04-20T03:30:00+00:00,12072.49
2026-04-20T03:45:00+00:00,12072.49
2026-04-20T03:45:00+00:00,12072.49
2026-04-20T03:45:00+00:00,12072.49
2026-04-20T04:00:00+00:00,12072.49
2026-04-20T04:00:00+00:00,12072.49
2026-04-20T04:00:00+00:00,12072.49
2026-04-20T04:15:00+00:00,12072.49
2026-04-20T04:15:00+00:00,12072.49
2026-04-20T04:15:00+00:00,12072.49
2026-04-20T04:30:00+00:00,12072.49
2026-04-20T04:30:00+00:00,12072.49
2026-04-20T04:30:00+00:00,12072.49
2026-04-20T04:45:00+00:00,12072.49
2026-04-20T04:45:00+00:00,12072.49
2026-04-20T04:45:00+00:00,12072.49
2026-04-20T05:00:00+00:00,12072.49
2026-04-20T05:00:00+00:00,12072.49
2026-04-20T05:00:00+00:00,12072.49
2026-04-20T05:15:00+00:00,12072.49
2026-04-20T05:15:00+00:00,12072.49
2026-04-20T05:15:00+00:00,12072.49
2026-04-20T05:30:00+00:00,12072.49
2026-04-20T05:30:00+00:00,12072.49
2026-04-20T05:30:00+00:00,12072.49
2026-04-20T05:45:00+00:00,12072.49
2026-04-20T05:45:00+00:00,12072.49
2026-04-20T05:45:00+00:00,12072.49
2026-04-20T06:00:00+00:00,12072.49
2026-04-20T06:00:00+00:00,12072.49
2026-04-20T06:00:00+00:00,12072.49
2026-04-20T06:15:00+00:00,12072.49
2026-04-20T06:15:00+00:00,12072.49
2026-04-20T06:15:00+00:00,12072.49
2026-04-20T06:30:00+00:00,12072.49
2026-04-20T06:30:00+00:00,12072.49
2026-04-20T06:30:00+00:00,12072.49
2026-04-20T06:45:00+00:00,12072.49
2026-04-20T06:45:00+00:00,12072.49
2026-04-20T06:45:00+00:00,12072.49
2026-04-20T07:00:00+00:00,12072.49
2026-04-20T07:00:00+00:00,12072.49
2026-04-20T07:00:00+00:00,12072.49
2026-04-20T07:15:00+00:00,12072.49
2026-04-20T07:15:00+00:00,12072.49
2026-04-20T07:15:00+00:00,12072.49
2026-04-20T07:30:00+00:00,12072.49
2026-04-20T07:30:00+00:00,12072.49
2026-04-20T07:30:00+00:00,12072.49
2026-04-20T07:45:00+00:00,12072.49
2026-04-20T07:45:00+00:00,12072.49
2026-04-20T07:45:00+00:00,12072.49
2026-04-20T08:00:00+00:00,12072.49
2026-04-20T08:00:00+00:00,12072.49
2026-04-20T08:00:00+00:00,12072.49
2026-04-20T08:15:00+00:00,12072.49
2026-04-20T08:15:00+00:00,12072.49
2026-04-20T08:15:00+00:00,12072.49
2026-04-20T08:30:00+00:00,12072.49
2026-04-20T08:30:00+00:00,12072.49
2026-04-20T08:30:00+00:00,12072.49
2026-04-20T08:45:00+00:00,12072.49
2026-04-20T08:45:00+00:00,12072.49
2026-04-20T08:45:00+00:00,12072.49
2026-04-20T09:00:00+00:00,12072.49
2026-04-20T09:00:00+00:00,12072.49
2026-04-20T09:00:00+00:00,12072.49
2026-04-20T09:15:00+00:00,12072.49
2026-04-20T09:15:00+00:00,12072.49
2026-04-20T09:15:00+00:00,12072.49
2026-04-20T09:30:00+00:00,12072.49
2026-04-20T09:30:00+00:00,12072.49
2026-04-20T09:30:00+00:00,12072.49
2026-04-20T09:45:00+00:00,12072.49
2026-04-20T09:45:00+00:00,12072.49
2026-04-20T09:45:00+00:00,12072.49
2026-04-20T10:00:00+00:00,12072.49
2026-04-20T10:00:00+00:00,12072.49
2026-04-20T10:00:00+00:00,12072.49
2026-04-20T10:15:00+00:00,12072.49
2026-04-20T10:15:00+00:00,12072.49
2026-04-20T10:15:00+00:00,12072.49
2026-04-20T10:30:00+00:00,12072.49
2026-04-20T10:30:00+00:00,12072.49
2026-04-20T10:30:00+00:00,12072.49
2026-04-20T10:45:00+00:00,12072.49
2026-04-20T10:45:00+00:00,12072.49
2026-04-20T10:45:00+00:00,12072.49
2026-04-20T11:00:00+00:00,12072.49
2026-04-20T11:00:00+00:00,12072.49
2026-04-20T11:00:00+00:00,12072.49
2026-04-20T11:15:00+00:00,12072.49
2026-04-20T11:15:00+00:00,12072.49
2026-04-20T11:15:00+00:00,12072.49
2026-04-20T11:30:00+00:00,12072.49
2026-04-20T11:30:00+00:00,12072.49
2026-04-20T11:30:00+00:00,12072.49
2026-04-20T11:45:00+00:00,12072.49
2026-04-20T11:45:00+00:00,12072.49
2026-04-20T11:45:00+00:00,12072.49
2026-04-20T12:00:00+00:00,12072.49
2026-04-20T12:00:00+00:00,12072.49
2026-04-20T12:00:00+00:00,12072.49
2026-04-20T12:15:00+00:00,12072.49
2026-04-20T12:15:00+00:00,12072.49
2026-04-20T12:15:00+00:00,12072.49
2026-04-20T12:30:00+00:00,12072.49
2026-04-20T12:30:00+00:00,12072.49
2026-04-20T12:30:00+00:00,12072.49
2026-04-20T12:45:00+00:00,12072.49
2026-04-20T12:45:00+00:00,12072.49
2026-04-20T12:45:00+00:00,12072.49
2026-04-20T13:00:00+00:00,12072.49
2026-04-20T13:00:00+00:00,12072.49
2026-04-20T13:00:00+00:00,12072.49
2026-04-20T13:15:00+00:00,12072.49
2026-04-20T13:15:00+00:00,12072.49
2026-04-20T13:15:00+00:00,12072.49
2026-04-20T13:30:00+00:00,12072.49
2026-04-20T13:30:00+00:00,12072.49
2026-04-20T13:30:00+00:00,12072.49
2026-04-20T13:45:00+00:00,12072.49
2026-04-20T13:45:00+00:00,12072.49
2026-04-20T13:45:00+00:00,12072.49
2026-04-20T14:00:00+00:00,12072.49
2026-04-20T14:00:00+00:00,12072.49
2026-04-20T14:00:00+00:00,12072.49
2026-04-20T14:15:00+00:00,12072.49
2026-04-20T14:15:00+00:00,12072.49
2026-04-20T14:15:00+00:00,12072.49
2026-04-20T14:30:00+00:00,12072.49
2026-04-20T14:30:00+00:00,12072.49
2026-04-20T14:30:00+00:00,12072.49
2026-04-20T14:45:00+00:00,12072.49
2026-04-20T14:45:00+00:00,12072.49
2026-04-20T14:45:00+00:00,12072.49
2026-04-20T15:00:00+00:00,12072.49
2026-04-20T15:00:00+00:00,12072.49
2026-04-20T15:00:00+00:00,12072.49
2026-04-20T15:15:00+00:00,12072.49
2026-04-20T15:15:00+00:00,12072.49
2026-04-20T15:15:00+00:00,12072.49
2026-04-20T15:30:00+00:00,12072.49
2026-04-20T15:30:00+00:00,12072.49
2026-04-20T15:30:00+00:00,12072.49
2026-04-20T15:45:00+00:00,12072.49
2026-04-20T15:45:00+00:00,12072.49
2026-04-20T15:45:00+00:00,12072.49
2026-04-20T16:00:00+00:00,12072.49
2026-04-20T16:00:00+00:00,12072.49
2026-04-20T16:00:00+00:00,12072.49
2026-04-20T16:15:00+00:00,12072.49
2026-04-20T16:15:00+00:00,12072.49
2026-04-20T16:15:00+00:00,12072.49
2026-04-20T16:30:00+00:00,12072.49
2026-04-20T16:30:00+00:00,12072.49
2026-04-20T16:30:00+00:00,12072.49
2026-04-20T16:45:00+00:00,12072.49
2026-04-20T16:45:00+00:00,12072.49
2026-04-20T16:45:00+00:00,12072.49
2026-04-20T17:00:00+00:00,12072.49
2026-04-20T17:00:00+00:00,12072.49
2026-04-20T17:00:00+00:00,12072.49
2026-04-20T17:15:00+00:00,12072.49
2026-04-20T17:15:00+00:00,12072.49
2026-04-20T17:15:00+00:00,12072.49
2026-04-20T17:30:00+00:00,12072.49
2026-04-20T17:30:00+00:00,12072.49
2026-04-20T17:30:00+00:00,12072.49
2026-04-20T17:45:00+00:00,12072.49
2026-04-20T17:45:00+00:00,12072.49
2026-04-20T17:45:00+00:00,12072.49
2026-04-20T18:00:00+00:00,12072.49
2026-04-20T18:00:00+00:00,12072.49
2026-04-20T18:00:00+00:00,12072.49
2026-04-20T18:15:00+00:00,12072.49
2026-04-20T18:15:00+00:00,12072.49
2026-04-20T18:15:00+00:00,12072.49
2026-04-20T18:30:00+00:00,12072.49
2026-04-20T18:30:00+00:00,12072.49
2026-04-20T18:30:00+00:00,12072.49
2026-04-20T18:45:00+00:00,12072.49
2026-04-20T18:45:00+00:00,12072.49
2026-04-20T18:45:00+00:00,12072.49
2026-04-20T19:00:00+00:00,12072.49
2026-04-20T19:00:00+00:00,12072.49
2026-04-20T19:00:00+00:00,12072.49
2026-04-20T19:15:00+00:00,12072.49
2026-04-20T19:15:00+00:00,12072.49
2026-04-20T19:15:00+00:00,12072.49
2026-04-20T19:30:00+00:00,12072.49
2026-04-20T19:30:00+00:00,12072.49
2026-04-20T19:30:00+00:00,12072.49
2026-04-20T19:45:00+00:00,12072.49
2026-04-20T19:45:00+00:00,12072.49
2026-04-20T19:45:00+00:00,12072.49
2026-04-20T20:00:00+00:00,12072.49
2026-04-20T20:00:00+00:00,12072.49
2026-04-20T20:00:00+00:00,12072.49
2026-04-20T20:15:00+00:00,12072.49
2026-04-20T20:15:00+00:00,12072.49
2026-04-20T20:15:00+00:00,12072.49
2026-04-20T20:30:00+00:00,12072.49
2026-04-20T20:30:00+00:00,12072.49
2026-04-20T20:30:00+00:00,12072.49
2026-04-20T20:45:00+00:00,12072.49
2026-04-20T20:45:00+00:00,12072.49
2026-04-20T20:45:00+00:00,12072.49
2026-04-20T21:00:00+00:00,12072.49
2026-04-20T21:00:00+00:00,12072.49
2026-04-20T21:00:00+00:00,12072.49
2026-04-20T21:15:00+00:00,12072.49
2026-04-20T21:15:00+00:00,12072.49
2026-04-20T21:15:00+00:00,12072.49
2026-04-20T21:30:00+00:00,12072.49
2026-04-20T21:30:00+00:00,12072.49
2026-04-20T21:30:00+00:00,12072.49
2026-04-20T21:45:00+00:00,12072.49
2026-04-20T21:45:00+00:00,12072.49
2026-04-20T21:45:00+00:00,12072.49
2026-04-20T22:00:00+00:00,12072.49
2026-04-20T22:00:00+00:00,12072.49
2026-04-20T22:00:00+00:00,12072.49
2026-04-20T22:15:00+00:00,12072.49
2026-04-20T22:15:00+00:00,12072.49
2026-04-20T22:15:00+00:00,12072.49
2026-04-20T22:30:00+00:00,12072.49
2026-04-20T22:30:00+00:00,12072.49
2026-04-20T22:30:00+00:00,12072.49
2026-04-20T22:45:00+00:00,12072.49
2026-04-20T22:45:00+00:00,12072.49
2026-04-20T22:45:00+00:00,12072.49
2026-04-20T23:00:00+00:00,12072.49
2026-04-20T23:00:00+00:00,12072.49
2026-04-20T23:00:00+00:00,12072.49
2026-04-20T23:15:00+00:00,12072.49
2026-04-20T23:15:00+00:00,12072.49
2026-04-20T23:15:00+00:00,12072.49
2026-04-20T23:30:00+00:00,12072.49
2026-04-20T23:30:00+00:00,12072.49
2026-04-20T23:30:00+00:00,12072.49
2026-04-20T23:45:00+00:00,12072.49
2026-04-20T23:45:00+00:00,12072.49
2026-04-20T23:45:00+00:00,12072.49
2026-04-21T00:00:00+00:00,12072.49
2026-04-21T00:00:00+00:00,12072.49
2026-04-21T00:00:00+00:00,12072.49
2026-04-21T00:15:00+00:00,12072.49
2026-04-21T00:15:00+00:00,12072.49
2026-04-21T00:15:00+00:00,12072.49
2026-04-21T00:30:00+00:00,12072.49
2026-04-21T00:30:00+00:00,12072.49
2026-04-21T00:30:00+00:00,12072.49
2026-04-21T00:45:00+00:00,12072.49
2026-04-21T00:45:00+00:00,12072.49
2026-04-21T00:45:00+00:00,12072.49
2026-04-21T01:00:00+00:00,12072.49
2026-04-21T01:00:00+00:00,12072.49
2026-04-21T01:00:00+00:00,12072.49
2026-04-21T01:15:00+00:00,12072.49
2026-04-21T01:15:00+00:00,12072.49
2026-04-21T01:15:00+00:00,12072.49
2026-04-21T01:30:00+00:00,12072.49
2026-04-21T01:30:00+00:00,12072.49
2026-04-21T01:30:00+00:00,12072.49
2026-04-21T01:45:00+00:00,12072.49
2026-04-21T01:45:00+00:00,12072.49
2026-04-21T01:45:00+00:00,12072.49
2026-04-21T02:00:00+00:00,12072.49
2026-04-21T02:00:00+00:00,12072.49
2026-04-21T02:00:00+00:00,12072.49
2026-04-21T02:15:00+00:00,12072.49
2026-04-21T02:15:00+00:00,12072.49
2026-04-21T02:15:00+00:00,12072.49
2026-04-21T02:30:00+00:00,12072.49
2026-04-21T02:30:00+00:00,12072.49
2026-04-21T02:30:00+00:00,12072.49
2026-04-21T02:45:00+00:00,12072.49
2026-04-21T02:45:00+00:00,12072.49
2026-04-21T02:45:00+00:00,12072.49
2026-04-21T03:00:00+00:00,12046.59
2026-04-21T03:00:00+00:00,12046.59
2026-04-21T03:00:00+00:00,12046.59
2026-04-21T03:15:00+00:00,12060.47
2026-04-21T03:15:00+00:00,12060.47
2026-04-21T03:15:00+00:00,12060.47
2026-04-21T03:30:00+00:00,12044.78
2026-04-21T03:30:00+00:00,12044.78
2026-04-21T03:30:00+00:00,12044.78
2026-04-21T03:45:00+00:00,12077.16
2026-04-21T03:45:00+00:00,12077.16
2026-04-21T03:45:00+00:00,12077.16
2026-04-21T04:00:00+00:00,12060.29
2026-04-21T04:00:00+00:00,12060.29
2026-04-21T04:00:00+00:00,12060.29
2026-04-21T04:15:00+00:00,12064.11
2026-04-21T04:15:00+00:00,12064.11
2026-04-21T04:15:00+00:00,12064.11
2026-04-21T04:30:00+00:00,12080.60
2026-04-21T04:30:00+00:00,12080.60
2026-04-21T04:30:00+00:00,12080.60
2026-04-21T04:45:00+00:00,12097.29
2026-04-21T04:45:00+00:00,12097.29
2026-04-21T04:45:00+00:00,12097.29
2026-04-21T05:00:00+00:00,12116.15
2026-04-21T05:00:00+00:00,12116.15
2026-04-21T05:00:00+00:00,12116.15
2026-04-21T05:15:00+00:00,12116.15
2026-04-21T05:15:00+00:00,12116.15
2026-04-21T05:15:00+00:00,12116.15
2026-04-21T05:30:00+00:00,12104.89
2026-04-21T05:30:00+00:00,12104.89
2026-04-21T05:30:00+00:00,12104.89
2026-04-21T05:45:00+00:00,12097.25
2026-04-21T05:45:00+00:00,12097.25
2026-04-21T05:45:00+00:00,12097.25
2026-04-21T06:00:00+00:00,12092.32
2026-04-21T06:00:00+00:00,12092.32
2026-04-21T06:00:00+00:00,12092.32
2026-04-21T06:15:00+00:00,12087.09
2026-04-21T06:15:00+00:00,12087.09
2026-04-21T06:15:00+00:00,12087.09
2026-04-21T06:30:00+00:00,12136.96
2026-04-21T06:30:00+00:00,12136.96
2026-04-21T06:30:00+00:00,12136.96
2026-04-21T06:45:00+00:00,12131.74
2026-04-21T06:45:00+00:00,12131.74
2026-04-21T06:45:00+00:00,12131.74
2026-04-21T07:00:00+00:00,12128.34
2026-04-21T07:00:00+00:00,12128.34
2026-04-21T07:00:00+00:00,12128.34
2026-04-21T07:15:00+00:00,12173.59
2026-04-21T07:15:00+00:00,12173.59
2026-04-21T07:15:00+00:00,12173.59
2026-04-21T07:30:00+00:00,12176.61
2026-04-21T07:30:00+00:00,12176.61
2026-04-21T07:30:00+00:00,12176.61
2026-04-21T07:45:00+00:00,12155.09
2026-04-21T07:45:00+00:00,12155.09
2026-04-21T07:45:00+00:00,12155.09
2026-04-21T08:00:00+00:00,12164.36
2026-04-21T08:00:00+00:00,12164.36
2026-04-21T08:00:00+00:00,12164.36
2026-04-21T08:15:00+00:00,12208.60
2026-04-21T08:15:00+00:00,12208.60
2026-04-21T08:15:00+00:00,12208.60
2026-04-21T08:30:00+00:00,12228.71
2026-04-21T08:30:00+00:00,12228.71
2026-04-21T08:30:00+00:00,12228.71
2026-04-21T08:45:00+00:00,12237.21
2026-04-21T08:45:00+00:00,12237.21
2026-04-21T08:45:00+00:00,12237.21
2026-04-21T09:00:00+00:00,12231.86
2026-04-21T09:00:00+00:00,12231.86
2026-04-21T09:00:00+00:00,12231.86
2026-04-21T09:15:00+00:00,12209.32
2026-04-21T09:15:00+00:00,12209.32
2026-04-21T09:15:00+00:00,12209.32
2026-04-21T09:30:00+00:00,12209.32
2026-04-21T09:30:00+00:00,12209.32
2026-04-21T09:30:00+00:00,12209.32
2026-04-21T09:45:00+00:00,12209.32
2026-04-21T09:45:00+00:00,12209.32
2026-04-21T09:45:00+00:00,12209.32
2026-04-21T10:00:00+00:00,12209.32
2026-04-21T10:00:00+00:00,12209.32
2026-04-21T10:00:00+00:00,12209.32
2026-04-21T10:15:00+00:00,12209.32
2026-04-21T10:15:00+00:00,12209.32
2026-04-21T10:15:00+00:00,12209.32
2026-04-21T10:30:00+00:00,12209.32
2026-04-21T10:30:00+00:00,12209.32
2026-04-21T10:30:00+00:00,12209.32
2026-04-21T10:45:00+00:00,12209.32
2026-04-21T10:45:00+00:00,12209.32
2026-04-21T10:45:00+00:00,12209.32
2026-04-21T11:00:00+00:00,12209.32
2026-04-21T11:00:00+00:00,12209.32
2026-04-21T11:00:00+00:00,12209.32
2026-04-21T11:15:00+00:00,12209.32
2026-04-21T11:15:00+00:00,12209.32
2026-04-21T11:15:00+00:00,12209.32
2026-04-21T11:30:00+00:00,12209.32
2026-04-21T11:30:00+00:00,12209.32
2026-04-21T11:30:00+00:00,12209.32
2026-04-21T11:45:00+00:00,12209.32
2026-04-21T11:45:00+00:00,12209.32
2026-04-21T11:45:00+00:00,12209.32
2026-04-21T12:00:00+00:00,12209.32
2026-04-21T12:00:00+00:00,12209.32
2026-04-21T12:00:00+00:00,12209.32
2026-04-21T12:15:00+00:00,12209.32
2026-04-21T12:15:00+00:00,12209.32
2026-04-21T12:15:00+00:00,12209.32
2026-04-21T12:30:00+00:00,12209.32
2026-04-21T12:30:00+00:00,12209.32
2026-04-21T12:30:00+00:00,12209.32
2026-04-21T12:45:00+00:00,12209.32
2026-04-21T12:45:00+00:00,12209.32
2026-04-21T12:45:00+00:00,12209.32
2026-04-21T13:00:00+00:00,12209.32
2026-04-21T13:00:00+00:00,12209.32
2026-04-21T13:00:00+00:00,12209.32
2026-04-21T13:15:00+00:00,12209.32
2026-04-21T13:15:00+00:00,12209.32
2026-04-21T13:15:00+00:00,12209.32
2026-04-21T13:30:00+00:00,12209.32
2026-04-21T13:30:00+00:00,12209.32
2026-04-21T13:30:00+00:00,12209.32
2026-04-21T13:45:00+00:00,12209.32
2026-04-21T13:45:00+00:00,12209.32
2026-04-21T13:45:00+00:00,12209.32
2026-04-21T14:00:00+00:00,12209.32
2026-04-21T14:00:00+00:00,12209.32
2026-04-21T14:00:00+00:00,12209.32
2026-04-21T14:15:00+00:00,12209.32
2026-04-21T14:15:00+00:00,12209.32
2026-04-21T14:15:00+00:00,12209.32
2026-04-21T14:30:00+00:00,12209.32
2026-04-21T14:30:00+00:00,12209.32
2026-04-21T14:30:00+00:00,12209.32
2026-04-21T14:45:00+00:00,12209.32
2026-04-21T14:45:00+00:00,12209.32
2026-04-21T14:45:00+00:00,12209.32
2026-04-21T15:00:00+00:00,12209.32
2026-04-21T15:00:00+00:00,12209.32
2026-04-21T15:00:00+00:00,12209.32
2026-04-21T15:15:00+00:00,12209.32
2026-04-21T15:15:00+00:00,12209.32
2026-04-21T15:15:00+00:00,12209.32
2026-04-21T15:30:00+00:00,12209.32
2026-04-21T15:30:00+00:00,12209.32
2026-04-21T15:30:00+00:00,12209.32
2026-04-21T15:45:00+00:00,12209.32
2026-04-21T15:45:00+00:00,12209.32
2026-04-21T15:45:00+00:00,12209.32
2026-04-21T16:00:00+00:00,12209.32
2026-04-21T16:00:00+00:00,12209.32
2026-04-21T16:00:00+00:00,12209.32
2026-04-21T16:15:00+00:00,12209.32
2026-04-21T16:15:00+00:00,12209.32
2026-04-21T16:15:00+00:00,12209.32
2026-04-21T16:30:00+00:00,12209.32
2026-04-21T16:30:00+00:00,12209.32
2026-04-21T16:30:00+00:00,12209.32
2026-04-21T16:45:00+00:00,12209.32
2026-04-21T16:45:00+00:00,12209.32
2026-04-21T16:45:00+00:00,12209.32
2026-04-21T17:00:00+00:00,12209.32
2026-04-21T17:00:00+00:00,12209.32
2026-04-21T17:00:00+00:00,12209.32
2026-04-21T17:15:00+00:00,12209.32
2026-04-21T17:15:00+00:00,12209.32
2026-04-21T17:15:00+00:00,12209.32
2026-04-21T17:30:00+00:00,12209.32
2026-04-21T17:30:00+00:00,12209.32
2026-04-21T17:30:00+00:00,12209.32
2026-04-21T17:45:00+00:00,12209.32
2026-04-21T17:45:00+00:00,12209.32
2026-04-21T17:45:00+00:00,12209.32
2026-04-21T18:00:00+00:00,12209.32
2026-04-21T18:00:00+00:00,12209.32
2026-04-21T18:00:00+00:00,12209.32
2026-04-21T18:15:00+00:00,12209.32
2026-04-21T18:15:00+00:00,12209.32
2026-04-21T18:15:00+00:00,12209.32
2026-04-21T18:30:00+00:00,12209.32
2026-04-21T18:30:00+00:00,12209.32
2026-04-21T18:30:00+00:00,12209.32
2026-04-21T18:45:00+00:00,12209.32
2026-04-21T18:45:00+00:00,12209.32
2026-04-21T18:45:00+00:00,12209.32
2026-04-21T19:00:00+00:00,12209.32
2026-04-21T19:00:00+00:00,12209.32
2026-04-21T19:00:00+00:00,12209.32
2026-04-21T19:15:00+00:00,12209.32
2026-04-21T19:15:00+00:00,12209.32
2026-04-21T19:15:00+00:00,12209.32
2026-04-21T19:30:00+00:00,12209.32
2026-04-21T19:30:00+00:00,12209.32
2026-04-21T19:30:00+00:00,12209.32
2026-04-21T19:45:00+00:00,12209.32
2026-04-21T19:45:00+00:00,12209.32
2026-04-21T19:45:00+00:00,12209.32
2026-04-21T20:00:00+00:00,12209.32
2026-04-21T20:00:00+00:00,12209.32
2026-04-21T20:00:00+00:00,12209.32
2026-04-21T20:15:00+00:00,12209.32
2026-04-21T20:15:00+00:00,12209.32
2026-04-21T20:15:00+00:00,12209.32
2026-04-21T20:30:00+00:00,12209.32
2026-04-21T20:30:00+00:00,12209.32
2026-04-21T20:30:00+00:00,12209.32
2026-04-21T20:45:00+00:00,12209.32
2026-04-21T20:45:00+00:00,12209.32
2026-04-21T20:45:00+00:00,12209.32
2026-04-21T21:00:00+00:00,12209.32
2026-04-21T21:00:00+00:00,12209.32
2026-04-21T21:00:00+00:00,12209.32
2026-04-21T21:15:00+00:00,12209.32
2026-04-21T21:15:00+00:00,12209.32
2026-04-21T21:15:00+00:00,12209.32
2026-04-21T21:30:00+00:00,12209.32
2026-04-21T21:30:00+00:00,12209.32
2026-04-21T21:30:00+00:00,12209.32
2026-04-21T21:45:00+00:00,12209.32
2026-04-21T21:45:00+00:00,12209.32
2026-04-21T21:45:00+00:00,12209.32
2026-04-21T22:00:00+00:00,12209.32
2026-04-21T22:00:00+00:00,12209.32
2026-04-21T22:00:00+00:00,12209.32
2026-04-21T22:15:00+00:00,12209.32
2026-04-21T22:15:00+00:00,12209.32
2026-04-21T22:15:00+00:00,12209.32
2026-04-21T22:30:00+00:00,12209.32
2026-04-21T22:30:00+00:00,12209.32
2026-04-21T22:30:00+00:00,12209.32
2026-04-21T22:45:00+00:00,12209.32
2026-04-21T22:45:00+00:00,12209.32
2026-04-21T22:45:00+00:00,12209.32
2026-04-21T23:00:00+00:00,12209.32
2026-04-21T23:00:00+00:00,12209.32
2026-04-21T23:00:00+00:00,12209.32
2026-04-21T23:15:00+00:00,12209.32
2026-04-21T23:15:00+00:00,12209.32
2026-04-21T23:15:00+00:00,12209.32
2026-04-21T23:30:00+00:00,12209.32
2026-04-21T23:30:00+00:00,12209.32
2026-04-21T23:30:00+00:00,12209.32
2026-04-21T23:45:00+00:00,12209.32
2026-04-21T23:45:00+00:00,12209.32
2026-04-21T23:45:00+00:00,12209.32
2026-04-22T00:00:00+00:00,12209.32
2026-04-22T00:00:00+00:00,12209.32
2026-04-22T00:00:00+00:00,12209.32
2026-04-22T00:15:00+00:00,12209.32
2026-04-22T00:15:00+00:00,12209.32
2026-04-22T00:15:00+00:00,12209.32
2026-04-22T00:30:00+00:00,12209.32
2026-04-22T00:30:00+00:00,12209.32
2026-04-22T00:30:00+00:00,12209.32
2026-04-22T00:45:00+00:00,12209.32
2026-04-22T00:45:00+00:00,12209.32
2026-04-22T00:45:00+00:00,12209.32
2026-04-22T01:00:00+00:00,12209.32
2026-04-22T01:00:00+00:00,12209.32
2026-04-22T01:00:00+00:00,12209.32
2026-04-22T01:15:00+00:00,12209.32
2026-04-22T01:15:00+00:00,12209.32
2026-04-22T01:15:00+00:00,12209.32
2026-04-22T01:30:00+00:00,12209.32
2026-04-22T01:30:00+00:00,12209.32
2026-04-22T01:30:00+00:00,12209.32
2026-04-22T01:45:00+00:00,12209.32
2026-04-22T01:45:00+00:00,12209.32
2026-04-22T01:45:00+00:00,12209.32
2026-04-22T02:00:00+00:00,12209.32
2026-04-22T02:00:00+00:00,12209.32
2026-04-22T02:00:00+00:00,12209.32
2026-04-22T02:15:00+00:00,12209.32
2026-04-22T02:15:00+00:00,12209.32
2026-04-22T02:15:00+00:00,12209.32
2026-04-22T02:30:00+00:00,12209.32
2026-04-22T02:30:00+00:00,12209.32
2026-04-22T02:30:00+00:00,12209.32
2026-04-22T02:45:00+00:00,12209.32
2026-04-22T02:45:00+00:00,12209.32
2026-04-22T02:45:00+00:00,12209.32
2026-04-22T03:00:00+00:00,12209.32
2026-04-22T03:00:00+00:00,12209.32
2026-04-22T03:00:00+00:00,12209.32
2026-04-22T03:15:00+00:00,12209.32
2026-04-22T03:15:00+00:00,12209.32
2026-04-22T03:15:00+00:00,12209.32
2026-04-22T03:30:00+00:00,12209.32
2026-04-22T03:30:00+00:00,12209.32
2026-04-22T03:30:00+00:00,12209.32
2026-04-22T03:45:00+00:00,12209.32
2026-04-22T03:45:00+00:00,12209.32
2026-04-22T03:45:00+00:00,12209.32
2026-04-22T04:00:00+00:00,12209.32
2026-04-22T04:00:00+00:00,12209.32
2026-04-22T04:00:00+00:00,12209.32
2026-04-22T04:15:00+00:00,12209.32
2026-04-22T04:15:00+00:00,12209.32
2026-04-22T04:15:00+00:00,12209.32
2026-04-22T04:30:00+00:00,12209.32
2026-04-22T04:30:00+00:00,12209.32
2026-04-22T04:30:00+00:00,12209.32
2026-04-22T04:45:00+00:00,12209.32
2026-04-22T04:45:00+00:00,12209.32
2026-04-22T04:45:00+00:00,12209.32
2026-04-22T05:00:00+00:00,12209.32
2026-04-22T05:00:00+00:00,12209.32
2026-04-22T05:00:00+00:00,12209.32
2026-04-22T05:15:00+00:00,12209.32
2026-04-22T05:15:00+00:00,12209.32
2026-04-22T05:15:00+00:00,12209.32
2026-04-22T05:30:00+00:00,12209.32
2026-04-22T05:30:00+00:00,12209.32
2026-04-22T05:30:00+00:00,12209.32
2026-04-22T05:45:00+00:00,12209.32
2026-04-22T05:45:00+00:00,12209.32
2026-04-22T05:45:00+00:00,12209.32
2026-04-22T06:00:00+00:00,12209.32
2026-04-22T06:00:00+00:00,12209.32
2026-04-22T06:00:00+00:00,12209.32
2026-04-22T06:15:00+00:00,12209.32
2026-04-22T06:15:00+00:00,12209.32
2026-04-22T06:15:00+00:00,12209.32
2026-04-22T06:30:00+00:00,12209.32
2026-04-22T06:30:00+00:00,12209.32
2026-04-22T06:30:00+00:00,12209.32
2026-04-22T06:45:00+00:00,12209.32
2026-04-22T06:45:00+00:00,12209.32
2026-04-22T06:45:00+00:00,12209.32
2026-04-22T07:00:00+00:00,12209.32
2026-04-22T07:00:00+00:00,12209.32
2026-04-22T07:00:00+00:00,12209.32
2026-04-22T07:15:00+00:00,12209.32
2026-04-22T07:15:00+00:00,12209.32
2026-04-22T07:15:00+00:00,12209.32
2026-04-22T07:30:00+00:00,12209.32
2026-04-22T07:30:00+00:00,12209.32
2026-04-22T07:30:00+00:00,12209.32
2026-04-22T07:45:00+00:00,12209.32
2026-04-22T07:45:00+00:00,12209.32
2026-04-22T07:45:00+00:00,12209.32
2026-04-22T08:00:00+00:00,12209.32
2026-04-22T08:00:00+00:00,12209.32
2026-04-22T08:00:00+00:00,12209.32
2026-04-22T08:15:00+00:00,12209.32
2026-04-22T08:15:00+00:00,12209.32
2026-04-22T08:15:00+00:00,12209.32
2026-04-22T08:30:00+00:00,12209.32
2026-04-22T08:30:00+00:00,12209.32
2026-04-22T08:30:00+00:00,12209.32
2026-04-22T08:45:00+00:00,12209.32
2026-04-22T08:45:00+00:00,12209.32
2026-04-22T08:45:00+00:00,12209.32
2026-04-22T09:00:00+00:00,12209.32
2026-04-22T09:00:00+00:00,12209.32
2026-04-22T09:00:00+00:00,12209.32
2026-04-22T09:15:00+00:00,12209.32
2026-04-22T09:15:00+00:00,12209.32
2026-04-22T09:15:00+00:00,12209.32
2026-04-22T09:30:00+00:00,12209.32
2026-04-22T09:30:00+00:00,12209.32
2026-04-22T09:30:00+00:00,12209.32
2026-04-22T09:45:00+00:00,12209.32
2026-04-22T09:45:00+00:00,12209.32
2026-04-22T09:45:00+00:00,12209.32
2026-04-22T10:00:00+00:00,12209.32
2026-04-22T10:00:00+00:00,12209.32
2026-04-22T10:00:00+00:00,12209.32
2026-04-22T10:15:00+00:00,12209.32
2026-04-22T10:15:00+00:00,12209.32
2026-04-22T10:15:00+00:00,12209.32
2026-04-22T10:30:00+00:00,12209.32
2026-04-22T10:30:00+00:00,12209.32
2026-04-22T10:30:00+00:00,12209.32
2026-04-22T10:45:00+00:00,12209.32
2026-04-22T10:45:00+00:00,12209.32
2026-04-22T10:45:00+00:00,12209.32
2026-04-22T11:00:00+00:00,12209.32
2026-04-22T11:00:00+00:00,12209.32
2026-04-22T11:00:00+00:00,12209.32
2026-04-22T11:15:00+00:00,12209.32
2026-04-22T11:15:00+00:00,12209.32
2026-04-22T11:15:00+00:00,12209.32
2026-04-22T11:30:00+00:00,12209.32
2026-04-22T11:30:00+00:00,12209.32
2026-04-22T11:30:00+00:00,12209.32
2026-04-22T11:45:00+00:00,12209.32
2026-04-22T11:45:00+00:00,12209.32
2026-04-22T11:45:00+00:00,12209.32
2026-04-22T12:00:00+00:00,12209.32
2026-04-22T12:00:00+00:00,12209.32
2026-04-22T12:00:00+00:00,12209.32
2026-04-22T12:15:00+00:00,12209.32
2026-04-22T12:15:00+00:00,12209.32
2026-04-22T12:15:00+00:00,12209.32
2026-04-22T12:30:00+00:00,12209.32
2026-04-22T12:30:00+00:00,12209.32
2026-04-22T12:30:00+00:00,12209.32
2026-04-22T12:45:00+00:00,12209.32
2026-04-22T12:45:00+00:00,12209.32
2026-04-22T12:45:00+00:00,12209.32
2026-04-22T13:00:00+00:00,12209.32
2026-04-22T13:00:00+00:00,12209.32
2026-04-22T13:00:00+00:00,12209.32
2026-04-22T13:15:00+00:00,12209.32
2026-04-22T13:15:00+00:00,12209.32
2026-04-22T13:15:00+00:00,12209.32
2026-04-22T13:30:00+00:00,12209.32
2026-04-22T13:30:00+00:00,12209.32
2026-04-22T13:30:00+00:00,12209.32
2026-04-22T13:45:00+00:00,12209.32
2026-04-22T13:45:00+00:00,12209.32
2026-04-22T13:45:00+00:00,12209.32
2026-04-22T14:00:00+00:00,12209.32
2026-04-22T14:00:00+00:00,12209.32
2026-04-22T14:00:00+00:00,12209.32
2026-04-22T14:15:00+00:00,12209.32
2026-04-22T14:15:00+00:00,12209.32
2026-04-22T14:15:00+00:00,12209.32
2026-04-22T14:30:00+00:00,12209.32
2026-04-22T14:30:00+00:00,12209.32
2026-04-22T14:30:00+00:00,12209.32
2026-04-22T14:45:00+00:00,12209.32
2026-04-22T14:45:00+00:00,12209.32
2026-04-22T14:45:00+00:00,12209.32
2026-04-22T15:00:00+00:00,12209.32
2026-04-22T15:00:00+00:00,12209.32
2026-04-22T15:00:00+00:00,12209.32
2026-04-22T15:15:00+00:00,12209.32
2026-04-22T15:15:00+00:00,12209.32
2026-04-22T15:15:00+00:00,12209.32
2026-04-22T15:30:00+00:00,12209.32
2026-04-22T15:30:00+00:00,12209.32
2026-04-22T15:30:00+00:00,12209.32
2026-04-22T15:45:00+00:00,12209.32
2026-04-22T15:45:00+00:00,12209.32
2026-04-22T15:45:00+00:00,12209.32
2026-04-22T16:00:00+00:00,12209.32
2026-04-22T16:00:00+00:00,12209.32
2026-04-22T16:00:00+00:00,12209.32
2026-04-22T16:15:00+00:00,12209.32
2026-04-22T16:15:00+00:00,12209.32
2026-04-22T16:15:00+00:00,12209.32
2026-04-22T16:30:00+00:00,12209.32
2026-04-22T16:30:00+00:00,12209.32
2026-04-22T16:30:00+00:00,12209.32
2026-04-22T16:45:00+00:00,12209.32
2026-04-22T16:45:00+00:00,12209.32
2026-04-22T16:45:00+00:00,12209.32
2026-04-22T17:00:00+00:00,12209.32
2026-04-22T17:00:00+00:00,12209.32
2026-04-22T17:00:00+00:00,12209.32
2026-04-22T17:15:00+00:00,12209.32
2026-04-22T17:15:00+00:00,12209.32
2026-04-22T17:15:00+00:00,12209.32
2026-04-22T17:30:00+00:00,12209.32
2026-04-22T17:30:00+00:00,12209.32
2026-04-22T17:30:00+00:00,12209.32
2026-04-22T17:45:00+00:00,12209.32
2026-04-22T17:45:00+00:00,12209.32
2026-04-22T17:45:00+00:00,12209.32
2026-04-22T18:00:00+00:00,12209.32
2026-04-22T18:00:00+00:00,12209.32
2026-04-22T18:00:00+00:00,12209.32
2026-04-22T18:15:00+00:00,12209.32
2026-04-22T18:15:00+00:00,12209.32
2026-04-22T18:15:00+00:00,12209.32
2026-04-22T18:30:00+00:00,12209.32
2026-04-22T18:30:00+00:00,12209.32
2026-04-22T18:30:00+00:00,12209.32
2026-04-22T18:45:00+00:00,12209.32
2026-04-22T18:45:00+00:00,12209.32
2026-04-22T18:45:00+00:00,12209.32
2026-04-22T19:00:00+00:00,12209.32
2026-04-22T19:00:00+00:00,12209.32
2026-04-22T19:00:00+00:00,12209.32
2026-04-22T19:15:00+00:00,12209.32
2026-04-22T19:15:00+00:00,12209.32
2026-04-22T19:15:00+00:00,12209.32
2026-04-22T19:30:00+00:00,12209.32
2026-04-22T19:30:00+00:00,12209.32
2026-04-22T19:30:00+00:00,12209.32
2026-04-22T19:45:00+00:00,12209.32
2026-04-22T19:45:00+00:00,12209.32
2026-04-22T19:45:00+00:00,12209.32
2026-04-22T20:00:00+00:00,12209.32
2026-04-22T20:00:00+00:00,12209.32
2026-04-22T20:00:00+00:00,12209.32
2026-04-22T20:15:00+00:00,12209.32
2026-04-22T20:15:00+00:00,12209.32
2026-04-22T20:15:00+00:00,12209.32
2026-04-22T20:30:00+00:00,12209.32
2026-04-22T20:30:00+00:00,12209.32
2026-04-22T20:30:00+00:00,12209.32
2026-04-22T20:45:00+00:00,12209.32
2026-04-22T20:45:00+00:00,12209.32
2026-04-22T20:45:00+00:00,12209.32
2026-04-22T21:00:00+00:00,12220.78
2026-04-22T21:00:00+00:00,12220.78
2026-04-22T21:00:00+00:00,12220.78
2026-04-22T21:15:00+00:00,12219.36
2026-04-22T21:15:00+00:00,12219.36
2026-04-22T21:15:00+00:00,12219.36
2026-04-22T21:30:00+00:00,12254.74
2026-04-22T21:30:00+00:00,12254.74
2026-04-22T21:30:00+00:00,12254.74
2026-04-22T21:45:00+00:00,12257.59
2026-04-22T21:45:00+00:00,12257.59
2026-04-22T21:45:00+00:00,12257.59
2026-04-22T22:00:00+00:00,12257.93
2026-04-22T22:00:00+00:00,12257.93
2026-04-22T22:00:00+00:00,12257.93
2026-04-22T22:15:00+00:00,12211.77
2026-04-22T22:15:00+00:00,12211.77
2026-04-22T22:15:00+00:00,12211.77
2026-04-22T22:30:00+00:00,12204.65
2026-04-22T22:30:00+00:00,12204.65
2026-04-22T22:30:00+00:00,12204.65
2026-04-22T22:45:00+00:00,12225.19
2026-04-22T22:45:00+00:00,12225.19
2026-04-22T22:45:00+00:00,12225.19
2026-04-22T23:00:00+00:00,12216.16
2026-04-22T23:00:00+00:00,12216.16
2026-04-22T23:00:00+00:00,12216.16
2026-04-22T23:15:00+00:00,12170.61
2026-04-22T23:15:00+00:00,12170.61
2026-04-22T23:15:00+00:00,12170.61
2026-04-22T23:30:00+00:00,12170.81
2026-04-22T23:30:00+00:00,12170.81
2026-04-22T23:30:00+00:00,12170.81
2026-04-22T23:45:00+00:00,12170.81
2026-04-22T23:45:00+00:00,12170.81
2026-04-22T23:45:00+00:00,12170.81
2026-04-23T00:00:00+00:00,12170.81
2026-04-23T00:00:00+00:00,12170.81
2026-04-23T00:00:00+00:00,12170.81
2026-04-23T00:15:00+00:00,12170.81
2026-04-23T00:15:00+00:00,12170.81
2026-04-23T00:15:00+00:00,12170.81
2026-04-23T00:30:00+00:00,12170.81
2026-04-23T00:30:00+00:00,12170.81
2026-04-23T00:30:00+00:00,12170.81
2026-04-23T00:45:00+00:00,12170.81
2026-04-23T00:45:00+00:00,12170.81
2026-04-23T00:45:00+00:00,12170.81
2026-04-23T01:00:00+00:00,12170.81
2026-04-23T01:00:00+00:00,12170.81
2026-04-23T01:00:00+00:00,12170.81
2026-04-23T01:15:00+00:00,12170.81
2026-04-23T01:15:00+00:00,12170.81
2026-04-23T01:15:00+00:00,12170.81
2026-04-23T01:30:00+00:00,12170.81
2026-04-23T01:30:00+00:00,12170.81
2026-04-23T01:30:00+00:00,12170.81
2026-04-23T01:45:00+00:00,12170.81
2026-04-23T01:45:00+00:00,12170.81
2026-04-23T01:45:00+00:00,12170.81
2026-04-23T02:00:00+00:00,12170.81
2026-04-23T02:00:00+00:00,12170.81
2026-04-23T02:00:00+00:00,12170.81
2026-04-23T02:15:00+00:00,12170.81
2026-04-23T02:15:00+00:00,12170.81
2026-04-23T02:15:00+00:00,12170.81
2026-04-23T02:30:00+00:00,12170.81
2026-04-23T02:30:00+00:00,12170.81
2026-04-23T02:30:00+00:00,12170.81
2026-04-23T02:45:00+00:00,12170.81
2026-04-23T02:45:00+00:00,12170.81
2026-04-23T02:45:00+00:00,12170.81
2026-04-23T03:00:00+00:00,12170.81
2026-04-23T03:00:00+00:00,12170.81
2026-04-23T03:00:00+00:00,12170.81
2026-04-23T03:15:00+00:00,12170.81
2026-04-23T03:15:00+00:00,12170.81
2026-04-23T03:15:00+00:00,12170.81
2026-04-23T03:30:00+00:00,12170.81
2026-04-23T03:30:00+00:00,12170.81
2026-04-23T03:30:00+00:00,12170.81
2026-04-23T03:45:00+00:00,12170.81
2026-04-23T03:45:00+00:00,12170.81
2026-04-23T03:45:00+00:00,12170.81
2026-04-23T04:00:00+00:00,12170.81
2026-04-23T04:00:00+00:00,12170.81
2026-04-23T04:00:00+00:00,12170.81
2026-04-23T04:15:00+00:00,12170.81
2026-04-23T04:15:00+00:00,12170.81
2026-04-23T04:15:00+00:00,12170.81
2026-04-23T04:30:00+00:00,12170.81
2026-04-23T04:30:00+00:00,12170.81
2026-04-23T04:30:00+00:00,12170.81
2026-04-23T04:45:00+00:00,12170.81
2026-04-23T04:45:00+00:00,12170.81
2026-04-23T04:45:00+00:00,12170.81
2026-04-23T05:00:00+00:00,12170.81
2026-04-23T05:00:00+00:00,12170.81
2026-04-23T05:00:00+00:00,12170.81
2026-04-23T05:15:00+00:00,12170.81
2026-04-23T05:15:00+00:00,12170.81
2026-04-23T05:15:00+00:00,12170.81
2026-04-23T05:30:00+00:00,12170.81
2026-04-23T05:30:00+00:00,12170.81
2026-04-23T05:30:00+00:00,12170.81
2026-04-23T05:45:00+00:00,12170.81
2026-04-23T05:45:00+00:00,12170.81
2026-04-23T05:45:00+00:00,12170.81
2026-04-23T06:00:00+00:00,12170.81
2026-04-23T06:00:00+00:00,12170.81
2026-04-23T06:00:00+00:00,12170.81
2026-04-23T06:15:00+00:00,12170.81
2026-04-23T06:15:00+00:00,12170.81
2026-04-23T06:15:00+00:00,12170.81
2026-04-23T06:30:00+00:00,12170.81
2026-04-23T06:30:00+00:00,12170.81
2026-04-23T06:30:00+00:00,12170.81
2026-04-23T06:45:00+00:00,12170.81
2026-04-23T06:45:00+00:00,12170.81
2026-04-23T06:45:00+00:00,12170.81
2026-04-23T07:00:00+00:00,12170.81
2026-04-23T07:00:00+00:00,12170.81
2026-04-23T07:00:00+00:00,12170.81
2026-04-23T07:15:00+00:00,12170.81
2026-04-23T07:15:00+00:00,12170.81
2026-04-23T07:15:00+00:00,12170.81
2026-04-23T07:30:00+00:00,12170.81
2026-04-23T07:30:00+00:00,12170.81
2026-04-23T07:30:00+00:00,12170.81
2026-04-23T07:45:00+00:00,12170.81
2026-04-23T07:45:00+00:00,12170.81
2026-04-23T07:45:00+00:00,12170.81
2026-04-23T08:00:00+00:00,12170.81
2026-04-23T08:00:00+00:00,12170.81
2026-04-23T08:00:00+00:00,12170.81
2026-04-23T08:15:00+00:00,12170.81
2026-04-23T08:15:00+00:00,12170.81
2026-04-23T08:15:00+00:00,12170.81
2026-04-23T08:30:00+00:00,12170.81
2026-04-23T08:30:00+00:00,12170.81
2026-04-23T08:30:00+00:00,12170.81
2026-04-23T08:45:00+00:00,12170.81
2026-04-23T08:45:00+00:00,12170.81
2026-04-23T08:45:00+00:00,12170.81
2026-04-23T09:00:00+00:00,12170.81
2026-04-23T09:00:00+00:00,12170.81
2026-04-23T09:00:00+00:00,12170.81
2026-04-23T09:15:00+00:00,12170.81
2026-04-23T09:15:00+00:00,12170.81
2026-04-23T09:15:00+00:00,12170.81
2026-04-23T09:30:00+00:00,12170.81
2026-04-23T09:30:00+00:00,12170.81
2026-04-23T09:30:00+00:00,12170.81
2026-04-23T09:45:00+00:00,12170.81
2026-04-23T09:45:00+00:00,12170.81
2026-04-23T09:45:00+00:00,12170.81
2026-04-23T10:00:00+00:00,12170.81
2026-04-23T10:00:00+00:00,12170.81
2026-04-23T10:00:00+00:00,12170.81
2026-04-23T10:15:00+00:00,12170.81
2026-04-23T10:15:00+00:00,12170.81
2026-04-23T10:15:00+00:00,12170.81
2026-04-23T10:30:00+00:00,12170.81
2026-04-23T10:30:00+00:00,12170.81
2026-04-23T10:30:00+00:00,12170.81
2026-04-23T10:45:00+00:00,12170.81
2026-04-23T10:45:00+00:00,12170.81
2026-04-23T10:45:00+00:00,12170.81
2026-04-23T11:00:00+00:00,12170.81
2026-04-23T11:00:00+00:00,12170.81
2026-04-23T11:00:00+00:00,12170.81
2026-04-23T11:15:00+00:00,12170.81
2026-04-23T11:15:00+00:00,12170.81
2026-04-23T11:15:00+00:00,12170.81
2026-04-23T11:30:00+00:00,12170.81
2026-04-23T11:30:00+00:00,12170.81
2026-04-23T11:30:00+00:00,12170.81
2026-04-23T11:45:00+00:00,12170.81
2026-04-23T11:45:00+00:00,12170.81
2026-04-23T11:45:00+00:00,12170.81
2026-04-23T12:00:00+00:00,12170.81
2026-04-23T12:00:00+00:00,12170.81
2026-04-23T12:00:00+00:00,12170.81
2026-04-23T12:15:00+00:00,12170.81
2026-04-23T12:15:00+00:00,12170.81
2026-04-23T12:15:00+00:00,12170.81
2026-04-23T12:30:00+00:00,12170.81
2026-04-23T12:30:00+00:00,12170.81
2026-04-23T12:30:00+00:00,12170.81
2026-04-23T12:45:00+00:00,12170.81
2026-04-23T12:45:00+00:00,12170.81
2026-04-23T12:45:00+00:00,12170.81
2026-04-23T13:00:00+00:00,12170.81
2026-04-23T13:00:00+00:00,12170.81
2026-04-23T13:00:00+00:00,12170.81
2026-04-23T13:15:00+00:00,12170.81
2026-04-23T13:15:00+00:00,12170.81
2026-04-23T13:15:00+00:00,12170.81
2026-04-23T13:30:00+00:00,12170.81
2026-04-23T13:30:00+00:00,12170.81
2026-04-23T13:30:00+00:00,12170.81
2026-04-23T13:45:00+00:00,12170.81
2026-04-23T13:45:00+00:00,12170.81
2026-04-23T13:45:00+00:00,12170.81
2026-04-23T14:00:00+00:00,12170.81
2026-04-23T14:00:00+00:00,12170.81
2026-04-23T14:00:00+00:00,12170.81
2026-04-23T14:15:00+00:00,12170.81
2026-04-23T14:15:00+00:00,12170.81
2026-04-23T14:15:00+00:00,12170.81
2026-04-23T14:30:00+00:00,12170.81
2026-04-23T14:30:00+00:00,12170.81
2026-04-23T14:30:00+00:00,12170.81
2026-04-23T14:45:00+00:00,12170.81
2026-04-23T14:45:00+00:00,12170.81
2026-04-23T14:45:00+00:00,12170.81
2026-04-23T15:00:00+00:00,12170.81
2026-04-23T15:00:00+00:00,12170.81
2026-04-23T15:00:00+00:00,12170.81
2026-04-23T15:15:00+00:00,12170.81
2026-04-23T15:15:00+00:00,12170.81
2026-04-23T15:15:00+00:00,12170.81
2026-04-23T15:30:00+00:00,12170.81
2026-04-23T15:30:00+00:00,12170.81
2026-04-23T15:30:00+00:00,12170.81
2026-04-23T15:45:00+00:00,12170.81
2026-04-23T15:45:00+00:00,12170.81
2026-04-23T15:45:00+00:00,12170.81
2026-04-23T16:00:00+00:00,12170.81
2026-04-23T16:00:00+00:00,12170.81
2026-04-23T16:00:00+00:00,12170.81
2026-04-23T16:15:00+00:00,12170.81
2026-04-23T16:15:00+00:00,12170.81
2026-04-23T16:15:00+00:00,12170.81
2026-04-23T16:30:00+00:00,12170.81
2026-04-23T16:30:00+00:00,12170.81
2026-04-23T16:30:00+00:00,12170.81
2026-04-23T16:45:00+00:00,12170.81
2026-04-23T16:45:00+00:00,12170.81
2026-04-23T16:45:00+00:00,12170.81
2026-04-23T17:00:00+00:00,12170.81
2026-04-23T17:00:00+00:00,12170.81
2026-04-23T17:00:00+00:00,12170.81
2026-04-23T17:15:00+00:00,12170.81
2026-04-23T17:15:00+00:00,12170.81
2026-04-23T17:15:00+00:00,12170.81
2026-04-23T17:30:00+00:00,12170.81
2026-04-23T17:30:00+00:00,12170.81
2026-04-23T17:30:00+00:00,12170.81
2026-04-23T17:45:00+00:00,12170.81
2026-04-23T17:45:00+00:00,12170.81
2026-04-23T17:45:00+00:00,12170.81
2026-04-23T18:00:00+00:00,12170.81
2026-04-23T18:00:00+00:00,12170.81
2026-04-23T18:00:00+00:00,12170.81
2026-04-23T18:15:00+00:00,12170.81
2026-04-23T18:15:00+00:00,12170.81
2026-04-23T18:15:00+00:00,12170.81
2026-04-23T18:30:00+00:00,12170.81
2026-04-23T18:30:00+00:00,12170.81
2026-04-23T18:30:00+00:00,12170.81
2026-04-23T18:45:00+00:00,12170.81
2026-04-23T18:45:00+00:00,12170.81
2026-04-23T18:45:00+00:00,12170.81
2026-04-23T19:00:00+00:00,12170.81
2026-04-23T19:00:00+00:00,12170.81
2026-04-23T19:00:00+00:00,12170.81
2026-04-23T19:15:00+00:00,12170.81
2026-04-23T19:15:00+00:00,12170.81
2026-04-23T19:15:00+00:00,12170.81
2026-04-23T19:30:00+00:00,12170.81
2026-04-23T19:30:00+00:00,12170.81
2026-04-23T19:30:00+00:00,12170.81
2026-04-23T19:45:00+00:00,12170.81
2026-04-23T19:45:00+00:00,12170.81
2026-04-23T19:45:00+00:00,12170.81
2026-04-23T20:00:00+00:00,12170.81
2026-04-23T20:00:00+00:00,12170.81
2026-04-23T20:00:00+00:00,12170.81
2026-04-23T20:15:00+00:00,12170.81
2026-04-23T20:15:00+00:00,12170.81
2026-04-23T20:15:00+00:00,12170.81
2026-04-23T20:30:00+00:00,12170.81
2026-04-23T20:30:00+00:00,12170.81
2026-04-23T20:30:00+00:00,12170.81
2026-04-23T20:45:00+00:00,12170.81
2026-04-23T20:45:00+00:00,12170.81
2026-04-23T20:45:00+00:00,12170.81
2026-04-23T21:00:00+00:00,12170.81
2026-04-23T21:00:00+00:00,12170.81
2026-04-23T21:00:00+00:00,12170.81
2026-04-23T21:15:00+00:00,12170.81
2026-04-23T21:15:00+00:00,12170.81
2026-04-23T21:15:00+00:00,12170.81
2026-04-23T21:30:00+00:00,12170.81
2026-04-23T21:30:00+00:00,12170.81
2026-04-23T21:30:00+00:00,12170.81
2026-04-23T21:45:00+00:00,12170.81
2026-04-23T21:45:00+00:00,12170.81
2026-04-23T21:45:00+00:00,12170.81
2026-04-23T22:00:00+00:00,12170.81
2026-04-23T22:00:00+00:00,12170.81
2026-04-23T22:00:00+00:00,12170.81
2026-04-23T22:15:00+00:00,12170.81
2026-04-23T22:15:00+00:00,12170.81
2026-04-23T22:15:00+00:00,12170.81
2026-04-23T22:30:00+00:00,12170.81
2026-04-23T22:30:00+00:00,12170.81
2026-04-23T22:30:00+00:00,12170.81
2026-04-23T22:45:00+00:00,12170.81
2026-04-23T22:45:00+00:00,12170.81
2026-04-23T22:45:00+00:00,12170.81
2026-04-23T23:00:00+00:00,12170.81
2026-04-23T23:00:00+00:00,12170.81
2026-04-23T23:00:00+00:00,12170.81
2026-04-23T23:15:00+00:00,12170.81
2026-04-23T23:15:00+00:00,12170.81
2026-04-23T23:15:00+00:00,12170.81
2026-04-23T23:30:00+00:00,12170.81
2026-04-23T23:30:00+00:00,12170.81
2026-04-23T23:30:00+00:00,12170.81
2026-04-23T23:45:00+00:00,12170.81
2026-04-23T23:45:00+00:00,12170.81
2026-04-23T23:45:00+00:00,12170.81
2026-04-24T00:00:00+00:00,12170.81
2026-04-24T00:00:00+00:00,12170.81
2026-04-24T00:00:00+00:00,12170.81
2026-04-24T00:15:00+00:00,12170.81
2026-04-24T00:15:00+00:00,12170.81
2026-04-24T00:15:00+00:00,12170.81
2026-04-24T00:30:00+00:00,12170.81
2026-04-24T00:30:00+00:00,12170.81
2026-04-24T00:30:00+00:00,12170.81
2026-04-24T00:45:00+00:00,12170.81
2026-04-24T00:45:00+00:00,12170.81
2026-04-24T00:45:00+00:00,12170.81
2026-04-24T01:00:00+00:00,12170.81
2026-04-24T01:00:00+00:00,12170.81
2026-04-24T01:00:00+00:00,12170.81
2026-04-24T01:15:00+00:00,12170.81
2026-04-24T01:15:00+00:00,12170.81
2026-04-24T01:15:00+00:00,12170.81
2026-04-24T01:30:00+00:00,12170.81
2026-04-24T01:30:00+00:00,12170.81
2026-04-24T01:30:00+00:00,12170.81
2026-04-24T01:45:00+00:00,12170.81
2026-04-24T01:45:00+00:00,12170.81
2026-04-24T01:45:00+00:00,12170.81
2026-04-24T02:00:00+00:00,12170.81
2026-04-24T02:00:00+00:00,12170.81
2026-04-24T02:00:00+00:00,12170.81
2026-04-24T02:15:00+00:00,12170.81
2026-04-24T02:15:00+00:00,12170.81
2026-04-24T02:15:00+00:00,12170.81
2026-04-24T02:30:00+00:00,12170.81
2026-04-24T02:30:00+00:00,12170.81
2026-04-24T02:30:00+00:00,12170.81
2026-04-24T02:45:00+00:00,12170.81
2026-04-24T02:45:00+00:00,12170.81
2026-04-24T02:45:00+00:00,12170.81
2026-04-24T03:00:00+00:00,12170.81
2026-04-24T03:00:00+00:00,12170.81
2026-04-24T03:00:00+00:00,12170.81
2026-04-24T03:15:00+00:00,12170.81
2026-04-24T03:15:00+00:00,12170.81
2026-04-24T03:15:00+00:00,12170.81
2026-04-24T03:30:00+00:00,12170.81
2026-04-24T03:30:00+00:00,12170.81
2026-04-24T03:30:00+00:00,12170.81
2026-04-24T03:45:00+00:00,12170.81
2026-04-24T03:45:00+00:00,12170.81
2026-04-24T03:45:00+00:00,12170.81
2026-04-24T04:00:00+00:00,12170.81
2026-04-24T04:00:00+00:00,12156.47
2026-04-24T04:00:00+00:00,12156.47
2026-04-24T04:15:00+00:00,12156.47
2026-04-24T04:15:00+00:00,12132.03
2026-04-24T04:15:00+00:00,12132.03
2026-04-24T04:30:00+00:00,12132.03
2026-04-24T04:30:00+00:00,12129.76
2026-04-24T04:30:00+00:00,12129.76
2026-04-24T04:45:00+00:00,12129.76
2026-04-24T04:45:00+00:00,12139.99
2026-04-24T04:45:00+00:00,12139.99
2026-04-24T05:00:00+00:00,12140.19
2026-04-24T05:00:00+00:00,12120.86
2026-04-24T05:00:00+00:00,12120.86
2026-04-24T05:15:00+00:00,12120.86
2026-04-24T05:15:00+00:00,12131.66
2026-04-24T05:15:00+00:00,12131.66
2026-04-24T05:30:00+00:00,12131.66
2026-04-24T05:30:00+00:00,12157.81
2026-04-24T05:30:00+00:00,12157.81
2026-04-24T05:45:00+00:00,12157.81
2026-04-24T05:45:00+00:00,12189.06
2026-04-24T05:45:00+00:00,12189.06
2026-04-24T06:00:00+00:00,12189.13
2026-04-24T06:00:00+00:00,12191.41
2026-04-24T06:00:00+00:00,12191.41
2026-04-24T06:15:00+00:00,12191.41
2026-04-24T06:15:00+00:00,12180.04
2026-04-24T06:15:00+00:00,12180.04
2026-04-24T06:30:00+00:00,12180.04
2026-04-24T06:30:00+00:00,12161.29
2026-04-24T06:30:00+00:00,12161.29
2026-04-24T06:45:00+00:00,12161.29
2026-04-24T06:45:00+00:00,12155.60
2026-04-24T06:45:00+00:00,12155.60
2026-04-24T07:00:00+00:00,12155.67
2026-04-24T07:00:00+00:00,12169.03
2026-04-24T07:00:00+00:00,12169.03
2026-04-24T07:15:00+00:00,12169.03
2026-04-24T07:15:00+00:00,12170.02
2026-04-24T07:15:00+00:00,12170.02
2026-04-24T07:30:00+00:00,12170.02
2026-04-24T07:30:00+00:00,12169.24
2026-04-24T07:30:00+00:00,12169.24
2026-04-24T07:45:00+00:00,12169.24
2026-04-24T07:45:00+00:00,12168.74
2026-04-24T07:45:00+00:00,12168.74
2026-04-24T08:00:00+00:00,12168.74
2026-04-24T08:00:00+00:00,12168.64
2026-04-24T08:00:00+00:00,12168.64
2026-04-24T08:15:00+00:00,12168.64
2026-04-24T08:15:00+00:00,12169.16
2026-04-24T08:15:00+00:00,12169.16
2026-04-24T08:30:00+00:00,12169.16
2026-04-24T08:30:00+00:00,12168.88
2026-04-24T08:30:00+00:00,12168.88
2026-04-24T08:45:00+00:00,12168.88
2026-04-24T08:45:00+00:00,12168.98
2026-04-24T08:45:00+00:00,12168.98
2026-04-24T09:00:00+00:00,12168.98
2026-04-24T09:00:00+00:00,12168.67
2026-04-24T09:00:00+00:00,12168.67
2026-04-24T09:15:00+00:00,12168.67
2026-04-24T09:15:00+00:00,12168.67
2026-04-24T09:15:00+00:00,12168.67
2026-04-24T09:30:00+00:00,12168.67
2026-04-24T09:30:00+00:00,12168.67
2026-04-24T09:30:00+00:00,12168.67
2026-04-24T09:45:00+00:00,12168.67
2026-04-24T09:45:00+00:00,12168.67
2026-04-24T09:45:00+00:00,12168.67
2026-04-24T10:00:00+00:00,12168.67
2026-04-24T10:00:00+00:00,12168.67
2026-04-24T10:00:00+00:00,12168.67
2026-04-24T10:15:00+00:00,12168.67
2026-04-24T10:15:00+00:00,12168.67
2026-04-24T10:15:00+00:00,12168.67
2026-04-24T10:30:00+00:00,12168.67
2026-04-24T10:30:00+00:00,12168.67
2026-04-24T10:30:00+00:00,12168.67
2026-04-24T10:45:00+00:00,12168.67
2026-04-24T10:45:00+00:00,12168.67
2026-04-24T10:45:00+00:00,12168.67
2026-04-24T11:00:00+00:00,12168.67
2026-04-24T11:00:00+00:00,12168.67
2026-04-24T11:00:00+00:00,12168.67
2026-04-24T11:15:00+00:00,12168.67
2026-04-24T11:15:00+00:00,12168.67
2026-04-24T11:15:00+00:00,12168.67
2026-04-24T11:30:00+00:00,12168.67
2026-04-24T11:30:00+00:00,12168.67
2026-04-24T11:30:00+00:00,12168.67
2026-04-24T11:45:00+00:00,12168.67
2026-04-24T11:45:00+00:00,12168.67
2026-04-24T11:45:00+00:00,12168.67
2026-04-24T12:00:00+00:00,12168.67
2026-04-24T12:00:00+00:00,12168.67
2026-04-24T12:00:00+00:00,12168.67
2026-04-24T12:15:00+00:00,12168.67
2026-04-24T12:15:00+00:00,12168.67
2026-04-24T12:15:00+00:00,12168.67
2026-04-24T12:30:00+00:00,12168.67
2026-04-24T12:30:00+00:00,12168.67
2026-04-24T12:30:00+00:00,12168.67
2026-04-24T12:45:00+00:00,12168.67
2026-04-24T12:45:00+00:00,12168.67
2026-04-24T12:45:00+00:00,12168.67
2026-04-24T13:00:00+00:00,12168.67
2026-04-24T13:00:00+00:00,12168.67
2026-04-24T13:00:00+00:00,12168.67
2026-04-24T13:15:00+00:00,12168.67
2026-04-24T13:15:00+00:00,12168.67
2026-04-24T13:15:00+00:00,12168.67
2026-04-24T13:30:00+00:00,12168.67
2026-04-24T13:30:00+00:00,12168.67
2026-04-24T13:30:00+00:00,12168.67
2026-04-24T13:45:00+00:00,12168.67
2026-04-24T13:45:00+00:00,12168.67
2026-04-24T13:45:00+00:00,12168.67
2026-04-24T14:00:00+00:00,12168.67
2026-04-24T14:00:00+00:00,12168.67
2026-04-24T14:00:00+00:00,12168.67
2026-04-24T14:15:00+00:00,12168.67
2026-04-24T14:15:00+00:00,12168.67
2026-04-24T14:15:00+00:00,12168.67
2026-04-24T14:30:00+00:00,12168.67
2026-04-24T14:30:00+00:00,12168.67
2026-04-24T14:30:00+00:00,12168.67
2026-04-24T14:45:00+00:00,12168.67
2026-04-24T14:45:00+00:00,12168.67
2026-04-24T14:45:00+00:00,12168.67
2026-04-24T15:00:00+00:00,12168.67
2026-04-24T15:00:00+00:00,12168.67
2026-04-24T15:00:00+00:00,12168.67
2026-04-24T15:15:00+00:00,12168.67
2026-04-24T15:15:00+00:00,12168.67
2026-04-24T15:15:00+00:00,12168.67
2026-04-24T15:30:00+00:00,12168.67
2026-04-24T15:30:00+00:00,12168.67
2026-04-24T15:30:00+00:00,12168.67
2026-04-24T15:45:00+00:00,12168.67
2026-04-24T15:45:00+00:00,12168.67
2026-04-24T15:45:00+00:00,12168.67
2026-04-24T16:00:00+00:00,12168.67
2026-04-24T16:00:00+00:00,12168.67
2026-04-24T16:00:00+00:00,12168.67
2026-04-24T16:15:00+00:00,12168.67
2026-04-24T16:15:00+00:00,12168.67
2026-04-24T16:15:00+00:00,12168.67
2026-04-24T16:30:00+00:00,12168.67
2026-04-24T16:30:00+00:00,12168.67
2026-04-24T16:30:00+00:00,12168.67
2026-04-24T16:45:00+00:00,12168.67
2026-04-24T16:45:00+00:00,12168.67
2026-04-24T16:45:00+00:00,12168.67
2026-04-24T17:00:00+00:00,12168.67
2026-04-24T17:00:00+00:00,12168.67
2026-04-24T17:00:00+00:00,12168.67
2026-04-24T17:15:00+00:00,12168.67
2026-04-24T17:15:00+00:00,12168.67
2026-04-24T17:15:00+00:00,12168.67
2026-04-24T17:30:00+00:00,12168.67
2026-04-24T17:30:00+00:00,12168.67
2026-04-24T17:30:00+00:00,12168.67
2026-04-24T17:45:00+00:00,12168.67
2026-04-24T17:45:00+00:00,12168.67
2026-04-24T17:45:00+00:00,12168.67
2026-04-24T18:00:00+00:00,12168.67
2026-04-24T18:00:00+00:00,12168.67
2026-04-24T18:00:00+00:00,12168.67
2026-04-24T18:15:00+00:00,12168.67
2026-04-24T18:15:00+00:00,12168.67
2026-04-24T18:15:00+00:00,12168.67
2026-04-24T18:30:00+00:00,12168.67
2026-04-24T18:30:00+00:00,12168.67
2026-04-24T18:30:00+00:00,12168.67
2026-04-24T18:45:00+00:00,12168.67
2026-04-24T18:45:00+00:00,12168.67
2026-04-24T18:45:00+00:00,12168.67
2026-04-24T19:00:00+00:00,12168.67
2026-04-24T19:00:00+00:00,12168.67
2026-04-24T19:00:00+00:00,12168.67
2026-04-24T19:15:00+00:00,12168.67
2026-04-24T19:15:00+00:00,12168.67
2026-04-24T19:15:00+00:00,12168.67
2026-04-24T19:30:00+00:00,12168.67
2026-04-24T19:30:00+00:00,12168.67
2026-04-24T19:30:00+00:00,12168.67
2026-04-24T19:45:00+00:00,12168.67
2026-04-24T19:45:00+00:00,12168.67
2026-04-24T19:45:00+00:00,12168.67
2026-04-24T20:00:00+00:00,12168.67
2026-04-24T20:00:00+00:00,12168.67
2026-04-24T20:00:00+00:00,12168.67
2026-04-24T20:15:00+00:00,12168.67
2026-04-24T20:15:00+00:00,12168.67
2026-04-24T20:15:00+00:00,12168.67
2026-04-24T20:30:00+00:00,12168.67
2026-04-24T20:30:00+00:00,12168.67
2026-04-24T20:30:00+00:00,12168.67
2026-04-24T20:45:00+00:00,12168.67
2026-04-24T20:45:00+00:00,12168.67
2026-04-24T20:45:00+00:00,12168.67
2026-04-24T21:00:00+00:00,12168.67
2026-04-24T21:00:00+00:00,12168.67
2026-04-24T21:00:00+00:00,12168.67
2026-04-24T21:15:00+00:00,12168.67
2026-04-24T21:15:00+00:00,12168.67
2026-04-24T21:15:00+00:00,12168.67
2026-04-24T21:30:00+00:00,12168.67
2026-04-24T21:30:00+00:00,12168.67
2026-04-24T21:30:00+00:00,12168.67
2026-04-24T21:45:00+00:00,12168.67
2026-04-24T21:45:00+00:00,12168.67
2026-04-24T21:45:00+00:00,12168.67
2026-04-24T22:00:00+00:00,12168.67
2026-04-24T22:00:00+00:00,12168.67
2026-04-24T22:00:00+00:00,12168.67
2026-04-24T22:15:00+00:00,12168.67
2026-04-24T22:15:00+00:00,12168.67
2026-04-24T22:15:00+00:00,12168.67
2026-04-24T22:30:00+00:00,12168.67
2026-04-24T22:30:00+00:00,12168.67
2026-04-24T22:30:00+00:00,12168.67
2026-04-24T22:45:00+00:00,12168.67
2026-04-24T22:45:00+00:00,12168.67
2026-04-24T22:45:00+00:00,12168.67
2026-04-24T23:00:00+00:00,12168.67
2026-04-24T23:00:00+00:00,12168.67
2026-04-24T23:00:00+00:00,12168.67
2026-04-24T23:15:00+00:00,12168.67
2026-04-24T23:15:00+00:00,12168.67
2026-04-24T23:15:00+00:00,12168.67
2026-04-24T23:30:00+00:00,12168.67
2026-04-24T23:30:00+00:00,12168.67
2026-04-24T23:30:00+00:00,12168.67
2026-04-24T23:45:00+00:00,12168.67
2026-04-24T23:45:00+00:00,12168.67
2026-04-24T23:45:00+00:00,12168.67
2026-04-25T00:00:00+00:00,12168.67
2026-04-25T00:00:00+00:00,12168.67
2026-04-25T00:00:00+00:00,12168.67
2026-04-25T00:15:00+00:00,12168.67
2026-04-25T00:15:00+00:00,12168.67
2026-04-25T00:15:00+00:00,12168.67
2026-04-25T00:30:00+00:00,12168.67
2026-04-25T00:30:00+00:00,12168.67
2026-04-25T00:30:00+00:00,12168.67
2026-04-25T00:45:00+00:00,12168.67
2026-04-25T00:45:00+00:00,12168.67
2026-04-25T00:45:00+00:00,12168.67
2026-04-25T01:00:00+00:00,12168.67
2026-04-25T01:00:00+00:00,12168.67
2026-04-25T01:00:00+00:00,12168.67
2026-04-25T01:15:00+00:00,12168.67
2026-04-25T01:15:00+00:00,12168.67
2026-04-25T01:15:00+00:00,12168.67
2026-04-25T01:30:00+00:00,12168.67
2026-04-25T01:30:00+00:00,12168.67
2026-04-25T01:30:00+00:00,12168.67
2026-04-25T01:45:00+00:00,12168.67
2026-04-25T01:45:00+00:00,12168.67
2026-04-25T01:45:00+00:00,12168.67
2026-04-25T02:00:00+00:00,12168.67
2026-04-25T02:00:00+00:00,12168.67
2026-04-25T02:00:00+00:00,12168.67
2026-04-25T02:15:00+00:00,12168.67
2026-04-25T02:15:00+00:00,12168.67
2026-04-25T02:15:00+00:00,12168.67
2026-04-25T02:30:00+00:00,12168.67
2026-04-25T02:30:00+00:00,12168.67
2026-04-25T02:30:00+00:00,12168.67
2026-04-25T02:45:00+00:00,12168.67
2026-04-25T02:45:00+00:00,12168.67
2026-04-25T02:45:00+00:00,12168.67
2026-04-25T03:00:00+00:00,12168.67
2026-04-25T03:00:00+00:00,12168.67
2026-04-25T03:00:00+00:00,12168.67
2026-04-25T03:15:00+00:00,12168.67
2026-04-25T03:15:00+00:00,12168.67
2026-04-25T03:15:00+00:00,12168.67
2026-04-25T03:30:00+00:00,12168.67
2026-04-25T03:30:00+00:00,12168.67
2026-04-25T03:30:00+00:00,12168.67
2026-04-25T03:45:00+00:00,12168.67
2026-04-25T03:45:00+00:00,12168.67
2026-04-25T03:45:00+00:00,12168.67
2026-04-25T04:00:00+00:00,12168.67
2026-04-25T04:00:00+00:00,12168.67
2026-04-25T04:00:00+00:00,12168.67
2026-04-25T04:15:00+00:00,12168.67
2026-04-25T04:15:00+00:00,12168.67
2026-04-25T04:15:00+00:00,12168.67
2026-04-25T04:30:00+00:00,12168.67
2026-04-25T04:30:00+00:00,12168.67
2026-04-25T04:30:00+00:00,12168.67
2026-04-25T04:45:00+00:00,12168.67
2026-04-25T04:45:00+00:00,12168.67
2026-04-25T04:45:00+00:00,12168.67
2026-04-25T05:00:00+00:00,12168.67
2026-04-25T05:00:00+00:00,12168.67
2026-04-25T05:00:00+00:00,12168.67
2026-04-25T05:15:00+00:00,12168.67
2026-04-25T05:15:00+00:00,12168.67
2026-04-25T05:15:00+00:00,12168.67
2026-04-25T05:30:00+00:00,12168.67
2026-04-25T05:30:00+00:00,12168.67
2026-04-25T05:30:00+00:00,12168.67
2026-04-25T05:45:00+00:00,12168.67
2026-04-25T05:45:00+00:00,12168.67
2026-04-25T05:45:00+00:00,12168.67
2026-04-25T06:00:00+00:00,12168.67
2026-04-25T06:00:00+00:00,12168.67
2026-04-25T06:00:00+00:00,12168.67
2026-04-25T06:15:00+00:00,12168.67
2026-04-25T06:15:00+00:00,12168.67
2026-04-25T06:15:00+00:00,12168.67
2026-04-25T06:30:00+00:00,12168.67
2026-04-25T06:30:00+00:00,12168.67
2026-04-25T06:30:00+00:00,12168.67
2026-04-25T06:45:00+00:00,12168.67
2026-04-25T06:45:00+00:00,12168.67
2026-04-25T06:45:00+00:00,12168.67
2026-04-25T07:00:00+00:00,12168.67
2026-04-25T07:00:00+00:00,12168.67
2026-04-25T07:00:00+00:00,12168.67
2026-04-25T07:15:00+00:00,12168.67
2026-04-25T07:15:00+00:00,12168.67
2026-04-25T07:15:00+00:00,12168.67
2026-04-25T07:30:00+00:00,12168.67
2026-04-25T07:30:00+00:00,12168.67
2026-04-25T07:30:00+00:00,12168.67
2026-04-25T07:45:00+00:00,12168.67
2026-04-25T07:45:00+00:00,12168.67
2026-04-25T07:45:00+00:00,12168.67
2026-04-25T08:00:00+00:00,12168.67
2026-04-25T08:00:00+00:00,12168.67
2026-04-25T08:00:00+00:00,12168.67
2026-04-25T08:15:00+00:00,12168.67
2026-04-25T08:15:00+00:00,12168.67
2026-04-25T08:15:00+00:00,12168.67
2026-04-25T08:30:00+00:00,12168.67
2026-04-25T08:30:00+00:00,12168.67
2026-04-25T08:30:00+00:00,12168.67
2026-04-25T08:45:00+00:00,12168.67
2026-04-25T08:45:00+00:00,12168.67
2026-04-25T08:45:00+00:00,12168.67
2026-04-25T09:00:00+00:00,12168.67
2026-04-25T09:00:00+00:00,12168.67
2026-04-25T09:00:00+00:00,12168.67
2026-04-25T09:15:00+00:00,12168.67
2026-04-25T09:15:00+00:00,12168.67
2026-04-25T09:15:00+00:00,12168.67
2026-04-25T09:30:00+00:00,12168.67
2026-04-25T09:30:00+00:00,12168.67
2026-04-25T09:30:00+00:00,12168.67
2026-04-25T09:45:00+00:00,12168.67
2026-04-25T09:45:00+00:00,12168.67
2026-04-25T09:45:00+00:00,12168.67
2026-04-25T10:00:00+00:00,12168.67
2026-04-25T10:00:00+00:00,12168.67
2026-04-25T10:00:00+00:00,12168.67
2026-04-25T10:15:00+00:00,12168.67
2026-04-25T10:15:00+00:00,12168.67
2026-04-25T10:15:00+00:00,12168.67
2026-04-25T10:30:00+00:00,12168.67
2026-04-25T10:30:00+00:00,12168.67
2026-04-25T10:30:00+00:00,12168.67
2026-04-25T10:45:00+00:00,12168.67
2026-04-25T10:45:00+00:00,12168.67
2026-04-25T10:45:00+00:00,12168.67
2026-04-25T11:00:00+00:00,12168.67
2026-04-25T11:00:00+00:00,12168.67
2026-04-25T11:00:00+00:00,12168.67
2026-04-25T11:15:00+00:00,12168.67
2026-04-25T11:15:00+00:00,12168.67
2026-04-25T11:15:00+00:00,12168.67
2026-04-25T11:30:00+00:00,12168.67
2026-04-25T11:30:00+00:00,12168.67
2026-04-25T11:30:00+00:00,12168.67
2026-04-25T11:45:00+00:00,12168.67
2026-04-25T11:45:00+00:00,12168.67
2026-04-25T11:45:00+00:00,12168.67
2026-04-25T12:00:00+00:00,12168.67
2026-04-25T12:00:00+00:00,12168.67
2026-04-25T12:00:00+00:00,12168.67
2026-04-25T12:15:00+00:00,12168.67
2026-04-25T12:15:00+00:00,12168.67
2026-04-25T12:15:00+00:00,12168.67
2026-04-25T12:30:00+00:00,12168.67
2026-04-25T12:30:00+00:00,12168.67
2026-04-25T12:30:00+00:00,12168.67
2026-04-25T12:45:00+00:00,12168.67
2026-04-25T12:45:00+00:00,12168.67
2026-04-25T12:45:00+00:00,12168.67
2026-04-25T13:00:00+00:00,12168.67
2026-04-25T13:00:00+00:00,12168.67
2026-04-25T13:00:00+00:00,12168.67
2026-04-25T13:15:00+00:00,12168.67
2026-04-25T13:15:00+00:00,12168.67
2026-04-25T13:15:00+00:00,12168.67
2026-04-25T13:30:00+00:00,12168.67
2026-04-25T13:30:00+00:00,12168.67
2026-04-25T13:30:00+00:00,12168.67
2026-04-25T13:45:00+00:00,12168.67
2026-04-25T13:45:00+00:00,12168.67
2026-04-25T13:45:00+00:00,12168.67
2026-04-25T14:00:00+00:00,12168.67
2026-04-25T14:00:00+00:00,12168.67
2026-04-25T14:00:00+00:00,12168.67
2026-04-25T14:15:00+00:00,12168.67
2026-04-25T14:15:00+00:00,12168.67
2026-04-25T14:15:00+00:00,12168.67
2026-04-25T14:30:00+00:00,12168.67
2026-04-25T14:30:00+00:00,12168.67
2026-04-25T14:30:00+00:00,12168.67
2026-04-25T14:45:00+00:00,12168.67
2026-04-25T14:45:00+00:00,12168.67
2026-04-25T14:45:00+00:00,12168.67
2026-04-25T15:00:00+00:00,12168.67
2026-04-25T15:00:00+00:00,12168.67
2026-04-25T15:00:00+00:00,12168.67
2026-04-25T15:15:00+00:00,12168.67
2026-04-25T15:15:00+00:00,12168.67
2026-04-25T15:15:00+00:00,12168.67
2026-04-25T15:30:00+00:00,12168.67
2026-04-25T15:30:00+00:00,12168.67
2026-04-25T15:30:00+00:00,12168.67
2026-04-25T15:45:00+00:00,12168.67
2026-04-25T15:45:00+00:00,12168.67
2026-04-25T15:45:00+00:00,12168.67
2026-04-25T16:00:00+00:00,12168.67
2026-04-25T16:00:00+00:00,12168.67
2026-04-25T16:00:00+00:00,12168.67
2026-04-25T16:15:00+00:00,12168.67
2026-04-25T16:15:00+00:00,12168.67
2026-04-25T16:15:00+00:00,12168.67
2026-04-25T16:30:00+00:00,12168.67
2026-04-25T16:30:00+00:00,12168.67
2026-04-25T16:30:00+00:00,12168.67
2026-04-25T16:45:00+00:00,12168.67
2026-04-25T16:45:00+00:00,12168.67
2026-04-25T16:45:00+00:00,12168.67
2026-04-25T17:00:00+00:00,12168.67
2026-04-25T17:00:00+00:00,12168.67
2026-04-25T17:00:00+00:00,12168.67
2026-04-25T17:15:00+00:00,12168.67
2026-04-25T17:15:00+00:00,12168.67
2026-04-25T17:15:00+00:00,12168.67
2026-04-25T17:30:00+00:00,12168.67
2026-04-25T17:30:00+00:00,12168.67
2026-04-25T17:30:00+00:00,12168.67
2026-04-25T17:45:00+00:00,12168.67
2026-04-25T17:45:00+00:00,12168.67
2026-04-25T17:45:00+00:00,12168.67
2026-04-25T18:00:00+00:00,12168.67
2026-04-25T18:00:00+00:00,12168.67
2026-04-25T18:00:00+00:00,12168.67
2026-04-25T18:15:00+00:00,12168.67
2026-04-25T18:15:00+00:00,12168.67
2026-04-25T18:15:00+00:00,12168.67
2026-04-25T18:30:00+00:00,12168.67
2026-04-25T18:30:00+00:00,12168.67
2026-04-25T18:30:00+00:00,12168.67
2026-04-25T18:45:00+00:00,12168.67
2026-04-25T18:45:00+00:00,12168.67
2026-04-25T18:45:00+00:00,12168.67
2026-04-25T19:00:00+00:00,12168.67
2026-04-25T19:00:00+00:00,12168.67
2026-04-25T19:00:00+00:00,12168.67
2026-04-25T19:15:00+00:00,12168.67
2026-04-25T19:15:00+00:00,12168.67
2026-04-25T19:15:00+00:00,12168.67
2026-04-25T19:30:00+00:00,12168.67
2026-04-25T19:30:00+00:00,12168.67
2026-04-25T19:30:00+00:00,12168.67
2026-04-25T19:45:00+00:00,12168.67
2026-04-25T19:45:00+00:00,12168.67
2026-04-25T19:45:00+00:00,12168.67
2026-04-25T20:00:00+00:00,12168.67
2026-04-25T20:00:00+00:00,12168.67
2026-04-25T20:00:00+00:00,12168.67
2026-04-25T20:15:00+00:00,12168.67
2026-04-25T20:15:00+00:00,12168.67
2026-04-25T20:15:00+00:00,12168.67
2026-04-25T20:30:00+00:00,12168.67
2026-04-25T20:30:00+00:00,12168.67
2026-04-25T20:30:00+00:00,12168.67
2026-04-25T20:45:00+00:00,12168.67
2026-04-25T20:45:00+00:00,12168.67
2026-04-25T20:45:00+00:00,12168.67
2026-04-25T21:00:00+00:00,12168.67
2026-04-25T21:00:00+00:00,12168.67
2026-04-25T21:00:00+00:00,12168.67
2026-04-25T21:15:00+00:00,12168.67
2026-04-25T21:15:00+00:00,12168.67
2026-04-25T21:15:00+00:00,12168.67
2026-04-25T21:30:00+00:00,12168.67
2026-04-25T21:30:00+00:00,12168.67
2026-04-25T21:30:00+00:00,12168.67
2026-04-25T21:45:00+00:00,12168.67
2026-04-25T21:45:00+00:00,12168.67
2026-04-25T21:45:00+00:00,12168.67
2026-04-25T22:00:00+00:00,12168.67
2026-04-25T22:00:00+00:00,12168.67
2026-04-25T22:00:00+00:00,12168.67
2026-04-25T22:15:00+00:00,12168.67
2026-04-25T22:15:00+00:00,12168.67
2026-04-25T22:15:00+00:00,12168.67
2026-04-25T22:30:00+00:00,12168.67
2026-04-25T22:30:00+00:00,12168.67
2026-04-25T22:30:00+00:00,12168.67
2026-04-25T22:45:00+00:00,12168.67
2026-04-25T22:45:00+00:00,12168.67
2026-04-25T22:45:00+00:00,12168.67
2026-04-25T23:00:00+00:00,12168.67
2026-04-25T23:00:00+00:00,12168.67
2026-04-25T23:00:00+00:00,12168.67
2026-04-25T23:15:00+00:00,12168.67
2026-04-25T23:15:00+00:00,12168.67
2026-04-25T23:15:00+00:00,12168.67
2026-04-25T23:30:00+00:00,12168.67
2026-04-25T23:30:00+00:00,12168.67
2026-04-25T23:30:00+00:00,12168.67
2026-04-25T23:45:00+00:00,12168.67
2026-04-25T23:45:00+00:00,12168.67
2026-04-25T23:45:00+00:00,12168.67
2026-04-26T00:00:00+00:00,12168.67
2026-04-26T00:00:00+00:00,12168.67
2026-04-26T00:00:00+00:00,12168.67
2026-04-26T00:15:00+00:00,12168.67
2026-04-26T00:15:00+00:00,12168.67
2026-04-26T00:15:00+00:00,12168.67
2026-04-26T00:30:00+00:00,12168.67
2026-04-26T00:30:00+00:00,12168.67
2026-04-26T00:30:00+00:00,12168.67
2026-04-26T00:45:00+00:00,12168.67
2026-04-26T00:45:00+00:00,12168.67
2026-04-26T00:45:00+00:00,12168.67
2026-04-26T01:00:00+00:00,12168.67
2026-04-26T01:00:00+00:00,12168.67
2026-04-26T01:00:00+00:00,12168.67
2026-04-26T01:15:00+00:00,12168.67
2026-04-26T01:15:00+00:00,12168.67
2026-04-26T01:15:00+00:00,12168.67
2026-04-26T01:30:00+00:00,12168.67
2026-04-26T01:30:00+00:00,12168.67
2026-04-26T01:30:00+00:00,12168.67
2026-04-26T01:45:00+00:00,12168.67
2026-04-26T01:45:00+00:00,12168.67
2026-04-26T01:45:00+00:00,12168.67
2026-04-26T02:00:00+00:00,12168.67
2026-04-26T02:00:00+00:00,12168.67
2026-04-26T02:00:00+00:00,12168.67
2026-04-26T02:15:00+00:00,12168.67
2026-04-26T02:15:00+00:00,12168.67
2026-04-26T02:15:00+00:00,12168.67
2026-04-26T02:30:00+00:00,12168.67
2026-04-26T02:30:00+00:00,12168.67
2026-04-26T02:30:00+00:00,12168.67
2026-04-26T02:45:00+00:00,12168.67
2026-04-26T02:45:00+00:00,12168.67
2026-04-26T02:45:00+00:00,12168.67
2026-04-26T03:00:00+00:00,12168.67
2026-04-26T03:00:00+00:00,12168.67
2026-04-26T03:00:00+00:00,12168.67
2026-04-26T03:15:00+00:00,12168.67
2026-04-26T03:15:00+00:00,12168.67
2026-04-26T03:15:00+00:00,12168.67
2026-04-26T03:30:00+00:00,12168.67
2026-04-26T03:30:00+00:00,12168.67
2026-04-26T03:30:00+00:00,12168.67
2026-04-26T03:45:00+00:00,12168.67
2026-04-26T03:45:00+00:00,12168.67
2026-04-26T03:45:00+00:00,12168.67
2026-04-26T04:00:00+00:00,12168.67
2026-04-26T04:00:00+00:00,12168.67
2026-04-26T04:00:00+00:00,12168.67
2026-04-26T04:15:00+00:00,12168.67
2026-04-26T04:15:00+00:00,12168.67
2026-04-26T04:15:00+00:00,12168.67
2026-04-26T04:30:00+00:00,12168.67
2026-04-26T04:30:00+00:00,12168.67
2026-04-26T04:30:00+00:00,12168.67
2026-04-26T04:45:00+00:00,12168.67
2026-04-26T04:45:00+00:00,12168.67
2026-04-26T04:45:00+00:00,12168.67
2026-04-26T05:00:00+00:00,12168.67
2026-04-26T05:00:00+00:00,12168.67
2026-04-26T05:00:00+00:00,12168.67
2026-04-26T05:15:00+00:00,12168.67
2026-04-26T05:15:00+00:00,12168.67
2026-04-26T05:15:00+00:00,12168.67
2026-04-26T05:30:00+00:00,12168.67
2026-04-26T05:30:00+00:00,12168.67
2026-04-26T05:30:00+00:00,12168.67
2026-04-26T05:45:00+00:00,12168.67
2026-04-26T05:45:00+00:00,12168.67
2026-04-26T05:45:00+00:00,12168.67
2026-04-26T06:00:00+00:00,12168.67
2026-04-26T06:00:00+00:00,12168.67
2026-04-26T06:00:00+00:00,12168.67
2026-04-26T06:15:00+00:00,12168.67
2026-04-26T06:15:00+00:00,12168.67
2026-04-26T06:15:00+00:00,12168.67
2026-04-26T06:30:00+00:00,12168.67
2026-04-26T06:30:00+00:00,12168.67
2026-04-26T06:30:00+00:00,12168.67
2026-04-26T06:45:00+00:00,12168.67
2026-04-26T06:45:00+00:00,12168.67
2026-04-26T06:45:00+00:00,12168.67
2026-04-26T07:00:00+00:00,12168.67
2026-04-26T07:00:00+00:00,12168.67
2026-04-26T07:00:00+00:00,12168.67
2026-04-26T07:15:00+00:00,12168.67
2026-04-26T07:15:00+00:00,12168.67
2026-04-26T07:15:00+00:00,12168.67
2026-04-26T07:30:00+00:00,12168.67
2026-04-26T07:30:00+00:00,12168.67
2026-04-26T07:30:00+00:00,12168.67
2026-04-26T07:45:00+00:00,12168.67
2026-04-26T07:45:00+00:00,12168.67
2026-04-26T07:45:00+00:00,12168.67
2026-04-26T08:00:00+00:00,12168.67
2026-04-26T08:00:00+00:00,12168.67
2026-04-26T08:00:00+00:00,12168.67
2026-04-26T08:15:00+00:00,12168.67
2026-04-26T08:15:00+00:00,12168.67
2026-04-26T08:15:00+00:00,12168.67
2026-04-26T08:30:00+00:00,12168.67
2026-04-26T08:30:00+00:00,12168.67
2026-04-26T08:30:00+00:00,12168.67
2026-04-26T08:45:00+00:00,12168.67
2026-04-26T08:45:00+00:00,12168.67
2026-04-26T08:45:00+00:00,12168.67
2026-04-26T09:00:00+00:00,12168.67
2026-04-26T09:00:00+00:00,12168.67
2026-04-26T09:00:00+00:00,12168.67
2026-04-26T09:15:00+00:00,12168.67
2026-04-26T09:15:00+00:00,12168.67
2026-04-26T09:15:00+00:00,12168.67
2026-04-26T09:30:00+00:00,12168.67
2026-04-26T09:30:00+00:00,12168.67
2026-04-26T09:30:00+00:00,12168.67
2026-04-26T09:45:00+00:00,12168.67
2026-04-26T09:45:00+00:00,12168.67
2026-04-26T09:45:00+00:00,12168.67
2026-04-26T10:00:00+00:00,12168.67
2026-04-26T10:00:00+00:00,12168.67
2026-04-26T10:00:00+00:00,12168.67
2026-04-26T10:15:00+00:00,12168.67
2026-04-26T10:15:00+00:00,12168.67
2026-04-26T10:15:00+00:00,12168.67
2026-04-26T10:30:00+00:00,12168.67
2026-04-26T10:30:00+00:00,12168.67
2026-04-26T10:30:00+00:00,12168.67
2026-04-26T10:45:00+00:00,12168.67
2026-04-26T10:45:00+00:00,12168.67
2026-04-26T10:45:00+00:00,12168.67
2026-04-26T11:00:00+00:00,12168.67
2026-04-26T11:00:00+00:00,12168.67
2026-04-26T11:00:00+00:00,12168.67
2026-04-26T11:15:00+00:00,12168.67
2026-04-26T11:15:00+00:00,12168.67
2026-04-26T11:15:00+00:00,12168.67
2026-04-26T11:30:00+00:00,12168.67
2026-04-26T11:30:00+00:00,12168.67
2026-04-26T11:30:00+00:00,12168.67
2026-04-26T11:45:00+00:00,12168.67
2026-04-26T11:45:00+00:00,12168.67
2026-04-26T11:45:00+00:00,12168.67
2026-04-26T12:00:00+00:00,12168.67
2026-04-26T12:00:00+00:00,12168.67
2026-04-26T12:00:00+00:00,12168.67
2026-04-26T12:15:00+00:00,12168.67
2026-04-26T12:15:00+00:00,12168.67
2026-04-26T12:15:00+00:00,12168.67
2026-04-26T12:30:00+00:00,12168.67
2026-04-26T12:30:00+00:00,12168.67
2026-04-26T12:30:00+00:00,12168.67
2026-04-26T12:45:00+00:00,12168.67
2026-04-26T12:45:00+00:00,12168.67
2026-04-26T12:45:00+00:00,12168.67
2026-04-26T13:00:00+00:00,12168.67
2026-04-26T13:00:00+00:00,12168.67
2026-04-26T13:00:00+00:00,12168.67
2026-04-26T13:15:00+00:00,12168.67
2026-04-26T13:15:00+00:00,12168.67
2026-04-26T13:15:00+00:00,12168.67
2026-04-26T13:30:00+00:00,12168.67
2026-04-26T13:30:00+00:00,12168.67
2026-04-26T13:30:00+00:00,12168.67
2026-04-26T13:45:00+00:00,12168.67
2026-04-26T13:45:00+00:00,12168.67
2026-04-26T13:45:00+00:00,12168.67
2026-04-26T14:00:00+00:00,12168.67
2026-04-26T14:00:00+00:00,12168.67
2026-04-26T14:00:00+00:00,12168.67
2026-04-26T14:15:00+00:00,12168.67
2026-04-26T14:15:00+00:00,12168.67
2026-04-26T14:15:00+00:00,12168.67
2026-04-26T14:30:00+00:00,12168.67
2026-04-26T14:30:00+00:00,12168.67
2026-04-26T14:30:00+00:00,12168.67
2026-04-26T14:45:00+00:00,12168.67
2026-04-26T14:45:00+00:00,12168.67
2026-04-26T14:45:00+00:00,12168.67
2026-04-26T15:00:00+00:00,12168.67
2026-04-26T15:00:00+00:00,12168.67
2026-04-26T15:00:00+00:00,12168.67
2026-04-26T15:15:00+00:00,12168.67
2026-04-26T15:15:00+00:00,12168.67
2026-04-26T15:15:00+00:00,12168.67
2026-04-26T15:30:00+00:00,12168.67
2026-04-26T15:30:00+00:00,12168.67
2026-04-26T15:30:00+00:00,12168.67
2026-04-26T15:45:00+00:00,12168.67
2026-04-26T15:45:00+00:00,12168.67
2026-04-26T15:45:00+00:00,12168.67
2026-04-26T16:00:00+00:00,12168.67
2026-04-26T16:00:00+00:00,12168.67
2026-04-26T16:00:00+00:00,12168.67
2026-04-26T16:15:00+00:00,12168.67
2026-04-26T16:15:00+00:00,12168.67
2026-04-26T16:15:00+00:00,12168.67
2026-04-26T16:30:00+00:00,12168.67
2026-04-26T16:30:00+00:00,12168.67
2026-04-26T16:30:00+00:00,12168.67
2026-04-26T16:45:00+00:00,12168.67
2026-04-26T16:45:00+00:00,12168.67
2026-04-26T16:45:00+00:00,12168.67
2026-04-26T17:00:00+00:00,12168.67
2026-04-26T17:00:00+00:00,12168.67
2026-04-26T17:00:00+00:00,12168.67
2026-04-26T17:15:00+00:00,12168.67
2026-04-26T17:15:00+00:00,12168.67
2026-04-26T17:15:00+00:00,12168.67
2026-04-26T17:30:00+00:00,12168.67
2026-04-26T17:30:00+00:00,12168.67
2026-04-26T17:30:00+00:00,12168.67
2026-04-26T17:45:00+00:00,12168.67
2026-04-26T17:45:00+00:00,12168.67
2026-04-26T17:45:00+00:00,12168.67
2026-04-26T18:00:00+00:00,12168.67
2026-04-26T18:00:00+00:00,12168.67
2026-04-26T18:00:00+00:00,12168.67
2026-04-26T18:15:00+00:00,12168.67
2026-04-26T18:15:00+00:00,12168.67
2026-04-26T18:15:00+00:00,12168.67
2026-04-26T18:30:00+00:00,12168.67
2026-04-26T18:30:00+00:00,12168.67
2026-04-26T18:30:00+00:00,12168.67
2026-04-26T18:45:00+00:00,12168.67
2026-04-26T18:45:00+00:00,12168.67
2026-04-26T18:45:00+00:00,12168.67
2026-04-26T19:00:00+00:00,12168.67
2026-04-26T19:00:00+00:00,12168.67
2026-04-26T19:00:00+00:00,12168.67
2026-04-26T19:15:00+00:00,12168.67
2026-04-26T19:15:00+00:00,12168.67
2026-04-26T19:15:00+00:00,12168.67
2026-04-26T19:30:00+00:00,12168.67
2026-04-26T19:30:00+00:00,12168.67
2026-04-26T19:30:00+00:00,12168.67
2026-04-26T19:45:00+00:00,12168.67
2026-04-26T19:45:00+00:00,12168.67
2026-04-26T19:45:00+00:00,12168.67
2026-04-26T20:00:00+00:00,12168.67
2026-04-26T20:00:00+00:00,12168.67
2026-04-26T20:00:00+00:00,12168.67
2026-04-26T20:15:00+00:00,12168.67
2026-04-26T20:15:00+00:00,12168.67
2026-04-26T20:15:00+00:00,12168.67
2026-04-26T20:30:00+00:00,12168.67
2026-04-26T20:30:00+00:00,12168.67
2026-04-26T20:30:00+00:00,12168.67
2026-04-26T20:45:00+00:00,12168.67
2026-04-26T20:45:00+00:00,12168.67
2026-04-26T20:45:00+00:00,12168.67
2026-04-26T21:00:00+00:00,12168.67
2026-04-26T21:00:00+00:00,12168.67
2026-04-26T21:00:00+00:00,12168.67
2026-04-26T21:15:00+00:00,12168.67
2026-04-26T21:15:00+00:00,12168.67
2026-04-26T21:15:00+00:00,12168.67
2026-04-26T21:30:00+00:00,12168.67
2026-04-26T21:30:00+00:00,12168.67
2026-04-26T21:30:00+00:00,12168.67
2026-04-26T21:45:00+00:00,12168.67
2026-04-26T21:45:00+00:00,12168.67
2026-04-26T21:45:00+00:00,12168.67
2026-04-26T22:00:00+00:00,12168.67
2026-04-26T22:00:00+00:00,12168.67
2026-04-26T22:00:00+00:00,12168.67
2026-04-26T22:15:00+00:00,12168.67
2026-04-26T22:15:00+00:00,12168.67
2026-04-26T22:15:00+00:00,12168.67
2026-04-26T22:30:00+00:00,12168.67
2026-04-26T22:30:00+00:00,12168.67
2026-04-26T22:30:00+00:00,12168.67
2026-04-26T22:45:00+00:00,12168.67
2026-04-26T22:45:00+00:00,12168.67
2026-04-26T22:45:00+00:00,12168.67
2026-04-26T23:00:00+00:00,12168.67
2026-04-26T23:00:00+00:00,12168.67
2026-04-26T23:00:00+00:00,12168.67
2026-04-26T23:15:00+00:00,12168.67
2026-04-26T23:15:00+00:00,12168.67
2026-04-26T23:15:00+00:00,12168.67
2026-04-26T23:30:00+00:00,12168.67
2026-04-26T23:30:00+00:00,12168.67
2026-04-26T23:30:00+00:00,12168.67
2026-04-26T23:45:00+00:00,12168.67
2026-04-26T23:45:00+00:00,12168.67
2026-04-26T23:45:00+00:00,12168.67
2026-04-27T00:00:00+00:00,12168.67
2026-04-27T00:00:00+00:00,12168.67
2026-04-27T00:00:00+00:00,12168.67
2026-04-27T00:15:00+00:00,12168.67
2026-04-27T00:15:00+00:00,12168.67
2026-04-27T00:15:00+00:00,12168.67
2026-04-27T00:30:00+00:00,12168.67
2026-04-27T00:30:00+00:00,12168.67
2026-04-27T00:30:00+00:00,12168.67
2026-04-27T00:45:00+00:00,12168.67
2026-04-27T00:45:00+00:00,12168.67
2026-04-27T00:45:00+00:00,12168.67
2026-04-27T01:00:00+00:00,12168.67
2026-04-27T01:00:00+00:00,12168.67
2026-04-27T01:00:00+00:00,12168.67
2026-04-27T01:15:00+00:00,12168.67
2026-04-27T01:15:00+00:00,12168.67
2026-04-27T01:15:00+00:00,12168.67
2026-04-27T01:30:00+00:00,12168.67
2026-04-27T01:30:00+00:00,12168.67
2026-04-27T01:30:00+00:00,12168.67
2026-04-27T01:45:00+00:00,12168.67
2026-04-27T01:45:00+00:00,12168.67
2026-04-27T01:45:00+00:00,12168.67
2026-04-27T02:00:00+00:00,12168.67
2026-04-27T02:00:00+00:00,12168.67
2026-04-27T02:00:00+00:00,12168.67
2026-04-27T02:15:00+00:00,12168.67
2026-04-27T02:15:00+00:00,12168.67
2026-04-27T02:15:00+00:00,12168.67
2026-04-27T02:30:00+00:00,12168.67
2026-04-27T02:30:00+00:00,12168.67
2026-04-27T02:30:00+00:00,12168.67
2026-04-27T02:45:00+00:00,12168.67
2026-04-27T02:45:00+00:00,12168.67
2026-04-27T02:45:00+00:00,12168.67
2026-04-27T03:00:00+00:00,12168.67
2026-04-27T03:00:00+00:00,12168.67
2026-04-27T03:00:00+00:00,12168.67
2026-04-27T03:15:00+00:00,12168.67
2026-04-27T03:15:00+00:00,12168.67
2026-04-27T03:15:00+00:00,12168.67
2026-04-27T03:30:00+00:00,12168.67
2026-04-27T03:30:00+00:00,12168.67
2026-04-27T03:30:00+00:00,12168.67
2026-04-27T03:45:00+00:00,12168.67
2026-04-27T03:45:00+00:00,12168.67
2026-04-27T03:45:00+00:00,12168.67
2026-04-27T04:00:00+00:00,12168.67
2026-04-27T04:00:00+00:00,12168.67
2026-04-27T04:00:00+00:00,12168.67
2026-04-27T04:15:00+00:00,12168.67
2026-04-27T04:15:00+00:00,12168.67
2026-04-27T04:15:00+00:00,12168.67
2026-04-27T04:30:00+00:00,12168.67
2026-04-27T04:30:00+00:00,12168.67
2026-04-27T04:30:00+00:00,12168.67
2026-04-27T04:45:00+00:00,12168.67
2026-04-27T04:45:00+00:00,12168.67
2026-04-27T04:45:00+00:00,12168.67
2026-04-27T05:00:00+00:00,12168.67
2026-04-27T05:00:00+00:00,12168.67
2026-04-27T05:00:00+00:00,12168.67
2026-04-27T05:15:00+00:00,12168.67
2026-04-27T05:15:00+00:00,12168.67
2026-04-27T05:15:00+00:00,12168.67
2026-04-27T05:30:00+00:00,12168.67
2026-04-27T05:30:00+00:00,12168.67
2026-04-27T05:30:00+00:00,12168.67
2026-04-27T05:45:00+00:00,12168.67
2026-04-27T05:45:00+00:00,12168.67
2026-04-27T05:45:00+00:00,12168.67
2026-04-27T06:00:00+00:00,12168.67
2026-04-27T06:00:00+00:00,12168.67
2026-04-27T06:00:00+00:00,12168.67
2026-04-27T06:15:00+00:00,12168.67
2026-04-27T06:15:00+00:00,12168.67
2026-04-27T06:15:00+00:00,12168.67
2026-04-27T06:30:00+00:00,12168.67
2026-04-27T06:30:00+00:00,12168.67
2026-04-27T06:30:00+00:00,12168.67
2026-04-27T06:45:00+00:00,12168.67
2026-04-27T06:45:00+00:00,12168.67
2026-04-27T06:45:00+00:00,12168.67
2026-04-27T07:00:00+00:00,12168.67
2026-04-27T07:00:00+00:00,12168.67
2026-04-27T07:00:00+00:00,12168.67
2026-04-27T07:15:00+00:00,12168.67
2026-04-27T07:15:00+00:00,12168.67
2026-04-27T07:15:00+00:00,12168.67
2026-04-27T07:30:00+00:00,12168.67
2026-04-27T07:30:00+00:00,12168.67
2026-04-27T07:30:00+00:00,12168.67
2026-04-27T07:45:00+00:00,12168.67
2026-04-27T07:45:00+00:00,12168.67
2026-04-27T07:45:00+00:00,12168.67
2026-04-27T08:00:00+00:00,12168.67
2026-04-27T08:00:00+00:00,12168.67
2026-04-27T08:00:00+00:00,12168.67
2026-04-27T08:15:00+00:00,12168.67
2026-04-27T08:15:00+00:00,12168.67
2026-04-27T08:15:00+00:00,12168.67
2026-04-27T08:30:00+00:00,12168.67
2026-04-27T08:30:00+00:00,12168.67
2026-04-27T08:30:00+00:00,12168.67
2026-04-27T08:45:00+00:00,12168.67
2026-04-27T08:45:00+00:00,12168.67
2026-04-27T08:45:00+00:00,12168.67
2026-04-27T09:00:00+00:00,12168.67
2026-04-27T09:00:00+00:00,12168.67
2026-04-27T09:00:00+00:00,12168.67
2026-04-27T09:15:00+00:00,12168.67
2026-04-27T09:15:00+00:00,12168.67
2026-04-27T09:15:00+00:00,12168.67
2026-04-27T09:30:00+00:00,12168.67
2026-04-27T09:30:00+00:00,12168.67
2026-04-27T09:30:00+00:00,12168.67
2026-04-27T09:45:00+00:00,12168.67
2026-04-27T09:45:00+00:00,12168.67
2026-04-27T09:45:00+00:00,12168.67
2026-04-27T10:00:00+00:00,12168.67
2026-04-27T10:00:00+00:00,12168.67
2026-04-27T10:00:00+00:00,12168.67
2026-04-27T10:15:00+00:00,12168.67
2026-04-27T10:15:00+00:00,12168.67
2026-04-27T10:15:00+00:00,12168.67
2026-04-27T10:30:00+00:00,12168.67
2026-04-27T10:30:00+00:00,12168.67
2026-04-27T10:30:00+00:00,12168.67
2026-04-27T10:45:00+00:00,12168.67
2026-04-27T10:45:00+00:00,12168.67
2026-04-27T10:45:00+00:00,12168.67
2026-04-27T11:00:00+00:00,12168.67
2026-04-27T11:00:00+00:00,12168.67
2026-04-27T11:00:00+00:00,12168.67
2026-04-27T11:15:00+00:00,12168.67
2026-04-27T11:15:00+00:00,12168.67
2026-04-27T11:15:00+00:00,12168.67
2026-04-27T11:30:00+00:00,12168.67
2026-04-27T11:30:00+00:00,12168.67
2026-04-27T11:30:00+00:00,12168.67
2026-04-27T11:45:00+00:00,12168.67
2026-04-27T11:45:00+00:00,12168.67
2026-04-27T11:45:00+00:00,12168.67
2026-04-27T12:00:00+00:00,12168.67
2026-04-27T12:00:00+00:00,12168.67
2026-04-27T12:00:00+00:00,12168.67
2026-04-27T12:15:00+00:00,12168.67
2026-04-27T12:15:00+00:00,12168.67
2026-04-27T12:15:00+00:00,12168.67
2026-04-27T12:30:00+00:00,12168.67
2026-04-27T12:30:00+00:00,12168.67
2026-04-27T12:30:00+00:00,12168.67
2026-04-27T12:45:00+00:00,12168.67
2026-04-27T12:45:00+00:00,12168.67
2026-04-27T12:45:00+00:00,12168.67
2026-04-27T13:00:00+00:00,12168.67
2026-04-27T13:00:00+00:00,12168.67
2026-04-27T13:00:00+00:00,12168.67
2026-04-27T13:15:00+00:00,12168.67
2026-04-27T13:15:00+00:00,12168.67
2026-04-27T13:15:00+00:00,12168.67
2026-04-27T13:30:00+00:00,12168.67
2026-04-27T13:30:00+00:00,12168.67
2026-04-27T13:30:00+00:00,12168.67
2026-04-27T13:45:00+00:00,12168.67
2026-04-27T13:45:00+00:00,12168.67
2026-04-27T13:45:00+00:00,12168.67
2026-04-27T14:00:00+00:00,12168.67
2026-04-27T14:00:00+00:00,12168.67
2026-04-27T14:00:00+00:00,12168.67
2026-04-27T14:15:00+00:00,12168.67
2026-04-27T14:15:00+00:00,12168.67
2026-04-27T14:15:00+00:00,12168.67
2026-04-27T14:30:00+00:00,12168.67
2026-04-27T14:30:00+00:00,12168.67
2026-04-27T14:30:00+00:00,12168.67
2026-04-27T14:45:00+00:00,12168.67
2026-04-27T14:45:00+00:00,12168.67
2026-04-27T14:45:00+00:00,12168.67
2026-04-27T15:00:00+00:00,12168.67
2026-04-27T15:00:00+00:00,12168.67
2026-04-27T15:00:00+00:00,12168.67
2026-04-27T15:15:00+00:00,12168.67
2026-04-27T15:15:00+00:00,12168.67
2026-04-27T15:15:00+00:00,12168.67
2026-04-27T15:30:00+00:00,12168.67
2026-04-27T15:30:00+00:00,12168.67
2026-04-27T15:30:00+00:00,12168.67
2026-04-27T15:45:00+00:00,12168.67
2026-04-27T15:45:00+00:00,12168.67
2026-04-27T15:45:00+00:00,12168.67
2026-04-27T16:00:00+00:00,12168.67
2026-04-27T16:00:00+00:00,12168.67
2026-04-27T16:00:00+00:00,12168.67
2026-04-27T16:15:00+00:00,12168.67
2026-04-27T16:15:00+00:00,12168.67
2026-04-27T16:15:00+00:00,12168.67
2026-04-27T16:30:00+00:00,12168.67
2026-04-27T16:30:00+00:00,12168.67
2026-04-27T16:30:00+00:00,12168.67
2026-04-27T16:45:00+00:00,12168.67
2026-04-27T16:45:00+00:00,12168.67
2026-04-27T16:45:00+00:00,12168.67
2026-04-27T17:00:00+00:00,12168.67
2026-04-27T17:00:00+00:00,12168.67
2026-04-27T17:00:00+00:00,12168.67
2026-04-27T17:15:00+00:00,12168.67
2026-04-27T17:15:00+00:00,12168.67
2026-04-27T17:15:00+00:00,12168.67
2026-04-27T17:30:00+00:00,12168.67
2026-04-27T17:30:00+00:00,12168.67
2026-04-27T17:30:00+00:00,12168.67
2026-04-27T17:45:00+00:00,12168.67
2026-04-27T17:45:00+00:00,12168.67
2026-04-27T17:45:00+00:00,12168.67
2026-04-27T18:00:00+00:00,12168.67
2026-04-27T18:00:00+00:00,12168.67
2026-04-27T18:00:00+00:00,12168.67
2026-04-27T18:15:00+00:00,12168.67
2026-04-27T18:15:00+00:00,12168.67
2026-04-27T18:15:00+00:00,12168.67
2026-04-27T18:30:00+00:00,12168.67
2026-04-27T18:30:00+00:00,12168.67
2026-04-27T18:30:00+00:00,12168.67
2026-04-27T18:45:00+00:00,12168.67
2026-04-27T18:45:00+00:00,12168.67
2026-04-27T18:45:00+00:00,12168.67
2026-04-27T19:00:00+00:00,12168.67
2026-04-27T19:00:00+00:00,12168.67
2026-04-27T19:00:00+00:00,12168.67
2026-04-27T19:15:00+00:00,12168.67
2026-04-27T19:15:00+00:00,12168.67
2026-04-27T19:15:00+00:00,12168.67
2026-04-27T19:30:00+00:00,12168.67
2026-04-27T19:30:00+00:00,12168.67
2026-04-27T19:30:00+00:00,12168.67
2026-04-27T19:45:00+00:00,12168.67
2026-04-27T19:45:00+00:00,12168.67
2026-04-27T19:45:00+00:00,12168.67
2026-04-27T20:00:00+00:00,12168.67
2026-04-27T20:00:00+00:00,12168.67
2026-04-27T20:00:00+00:00,12168.67
2026-04-27T20:15:00+00:00,12168.67
2026-04-27T20:15:00+00:00,12168.67
2026-04-27T20:15:00+00:00,12168.67
2026-04-27T20:30:00+00:00,12168.67
2026-04-27T20:30:00+00:00,12168.67
2026-04-27T20:30:00+00:00,12168.67
2026-04-27T20:45:00+00:00,12168.67
2026-04-27T20:45:00+00:00,12168.67
2026-04-27T20:45:00+00:00,12168.67
2026-04-27T21:00:00+00:00,12168.67
2026-04-27T21:00:00+00:00,12168.67
2026-04-27T21:00:00+00:00,12168.67
2026-04-27T21:15:00+00:00,12168.67
2026-04-27T21:15:00+00:00,12168.67
2026-04-27T21:15:00+00:00,12168.67
2026-04-27T21:30:00+00:00,12168.67
2026-04-27T21:30:00+00:00,12168.67
2026-04-27T21:30:00+00:00,12168.67
2026-04-27T21:45:00+00:00,12168.67
2026-04-27T21:45:00+00:00,12168.67
2026-04-27T21:45:00+00:00,12168.67
2026-04-27T22:00:00+00:00,12168.67
2026-04-27T22:00:00+00:00,12168.67
2026-04-27T22:00:00+00:00,12168.67
2026-04-27T22:15:00+00:00,12168.67
2026-04-27T22:15:00+00:00,12168.67
2026-04-27T22:15:00+00:00,12168.67
2026-04-27T22:30:00+00:00,12168.67
2026-04-27T22:30:00+00:00,12168.67
2026-04-27T22:30:00+00:00,12168.67
2026-04-27T22:45:00+00:00,12168.67
2026-04-27T22:45:00+00:00,12168.67
2026-04-27T22:45:00+00:00,12168.67
2026-04-27T23:00:00+00:00,12168.67
2026-04-27T23:00:00+00:00,12168.67
2026-04-27T23:00:00+00:00,12168.67
2026-04-27T23:15:00+00:00,12168.67
2026-04-27T23:15:00+00:00,12168.67
2026-04-27T23:15:00+00:00,12168.67
2026-04-27T23:30:00+00:00,12168.67
2026-04-27T23:30:00+00:00,12168.67
2026-04-27T23:30:00+00:00,12168.67
2026-04-27T23:45:00+00:00,12168.67
2026-04-27T23:45:00+00:00,12168.67
2026-04-27T23:45:00+00:00,12168.67
2026-04-28T00:00:00+00:00,12168.67
2026-04-28T00:00:00+00:00,12168.67
2026-04-28T00:00:00+00:00,12168.67
2026-04-28T00:15:00+00:00,12168.67
2026-04-28T00:15:00+00:00,12168.67
2026-04-28T00:15:00+00:00,12168.67
2026-04-28T00:30:00+00:00,12168.67
2026-04-28T00:30:00+00:00,12168.67
2026-04-28T00:30:00+00:00,12168.67
2026-04-28T00:45:00+00:00,12168.67
2026-04-28T00:45:00+00:00,12168.67
2026-04-28T00:45:00+00:00,12168.67
2026-04-28T01:00:00+00:00,12168.67
2026-04-28T01:00:00+00:00,12168.67
2026-04-28T01:00:00+00:00,12168.67
2026-04-28T01:15:00+00:00,12168.67
2026-04-28T01:15:00+00:00,12168.67
2026-04-28T01:15:00+00:00,12168.67
2026-04-28T01:30:00+00:00,12168.67
2026-04-28T01:30:00+00:00,12168.67
2026-04-28T01:30:00+00:00,12168.67
2026-04-28T01:45:00+00:00,12168.67
2026-04-28T01:45:00+00:00,12168.67
2026-04-28T01:45:00+00:00,12168.67
2026-04-28T02:00:00+00:00,12168.67
2026-04-28T02:00:00+00:00,12168.67
2026-04-28T02:00:00+00:00,12168.67
2026-04-28T02:15:00+00:00,12168.67
2026-04-28T02:15:00+00:00,12168.67
2026-04-28T02:15:00+00:00,12168.67
2026-04-28T02:30:00+00:00,12168.67
2026-04-28T02:30:00+00:00,12168.67
2026-04-28T02:30:00+00:00,12168.67
2026-04-28T02:45:00+00:00,12168.67
2026-04-28T02:45:00+00:00,12168.67
2026-04-28T02:45:00+00:00,12168.67
2026-04-28T03:00:00+00:00,12168.67
2026-04-28T03:00:00+00:00,12168.67
2026-04-28T03:00:00+00:00,12168.67
2026-04-28T03:15:00+00:00,12168.67
2026-04-28T03:15:00+00:00,12168.67
2026-04-28T03:15:00+00:00,12168.67
2026-04-28T03:30:00+00:00,12168.67
2026-04-28T03:30:00+00:00,12168.67
2026-04-28T03:30:00+00:00,12168.67
2026-04-28T03:45:00+00:00,12168.67
2026-04-28T03:45:00+00:00,12168.67
2026-04-28T03:45:00+00:00,12168.67
2026-04-28T04:00:00+00:00,12168.67
2026-04-28T04:00:00+00:00,12168.67
2026-04-28T04:00:00+00:00,12168.67
2026-04-28T04:15:00+00:00,12168.67
2026-04-28T04:15:00+00:00,12168.67
2026-04-28T04:15:00+00:00,12168.67
2026-04-28T04:30:00+00:00,12168.67
2026-04-28T04:30:00+00:00,12168.67
2026-04-28T04:30:00+00:00,12168.67
2026-04-28T04:45:00+00:00,12168.67
2026-04-28T04:45:00+00:00,12168.67
2026-04-28T04:45:00+00:00,12168.67
2026-04-28T05:00:00+00:00,12168.67
2026-04-28T05:00:00+00:00,12168.67
2026-04-28T05:00:00+00:00,12168.67
2026-04-28T05:15:00+00:00,12168.67
2026-04-28T05:15:00+00:00,12168.67
2026-04-28T05:15:00+00:00,12168.67
2026-04-28T05:30:00+00:00,12168.67
2026-04-28T05:30:00+00:00,12168.67
2026-04-28T05:30:00+00:00,12168.67
2026-04-28T05:45:00+00:00,12168.67
2026-04-28T05:45:00+00:00,12168.67
2026-04-28T05:45:00+00:00,12168.67
2026-04-28T06:00:00+00:00,12168.67
2026-04-28T06:00:00+00:00,12168.67
2026-04-28T06:00:00+00:00,12168.67
2026-04-28T06:15:00+00:00,12168.67
2026-04-28T06:15:00+00:00,12168.67
2026-04-28T06:15:00+00:00,12168.67
2026-04-28T06:30:00+00:00,12168.67
2026-04-28T06:30:00+00:00,12168.67
2026-04-28T06:30:00+00:00,12168.67
2026-04-28T06:45:00+00:00,12168.67
2026-04-28T06:45:00+00:00,12168.67
2026-04-28T06:45:00+00:00,12168.67
2026-04-28T07:00:00+00:00,12168.67
2026-04-28T07:00:00+00:00,12168.67
2026-04-28T07:00:00+00:00,12168.67
2026-04-28T07:15:00+00:00,12168.67
2026-04-28T07:15:00+00:00,12168.67
2026-04-28T07:15:00+00:00,12168.67
2026-04-28T07:30:00+00:00,12168.67
2026-04-28T07:30:00+00:00,12168.67
2026-04-28T07:30:00+00:00,12168.67
2026-04-28T07:45:00+00:00,12168.67
2026-04-28T07:45:00+00:00,12168.67
2026-04-28T07:45:00+00:00,12168.67
2026-04-28T08:00:00+00:00,12168.67
2026-04-28T08:00:00+00:00,12168.67
2026-04-28T08:00:00+00:00,12168.67
2026-04-28T08:15:00+00:00,12168.67
2026-04-28T08:15:00+00:00,12168.67
2026-04-28T08:15:00+00:00,12168.67
2026-04-28T08:30:00+00:00,12168.67
2026-04-28T08:30:00+00:00,12168.67
2026-04-28T08:30:00+00:00,12168.67
2026-04-28T08:45:00+00:00,12168.67
2026-04-28T08:45:00+00:00,12168.67
2026-04-28T08:45:00+00:00,12168.67
2026-04-28T09:00:00+00:00,12168.67
2026-04-28T09:00:00+00:00,12168.67
2026-04-28T09:00:00+00:00,12168.67
2026-04-28T09:15:00+00:00,12168.67
2026-04-28T09:15:00+00:00,12168.67
2026-04-28T09:15:00+00:00,12168.67
2026-04-28T09:30:00+00:00,12168.67
2026-04-28T09:30:00+00:00,12168.67
2026-04-28T09:30:00+00:00,12168.67
2026-04-28T09:45:00+00:00,12168.67
2026-04-28T09:45:00+00:00,12168.67
2026-04-28T09:45:00+00:00,12168.67
2026-04-28T10:00:00+00:00,12168.67
2026-04-28T10:00:00+00:00,12168.67
2026-04-28T10:00:00+00:00,12168.67
2026-04-28T10:15:00+00:00,12168.67
2026-04-28T10:15:00+00:00,12168.67
2026-04-28T10:15:00+00:00,12168.67
2026-04-28T10:30:00+00:00,12168.67
2026-04-28T10:30:00+00:00,12168.67
2026-04-28T10:30:00+00:00,12168.67
2026-04-28T10:45:00+00:00,12168.67
2026-04-28T10:45:00+00:00,12168.67
2026-04-28T10:45:00+00:00,12168.67
2026-04-28T11:00:00+00:00,12168.67
2026-04-28T11:00:00+00:00,12168.67
2026-04-28T11:00:00+00:00,12168.67
2026-04-28T11:15:00+00:00,12168.67
2026-04-28T11:15:00+00:00,12168.67
2026-04-28T11:15:00+00:00,12168.67
2026-04-28T11:30:00+00:00,12168.67
2026-04-28T11:30:00+00:00,12168.67
2026-04-28T11:30:00+00:00,12168.67
2026-04-28T11:45:00+00:00,12168.67
2026-04-28T11:45:00+00:00,12168.67
2026-04-28T11:45:00+00:00,12168.67
2026-04-28T12:00:00+00:00,12168.67
2026-04-28T12:00:00+00:00,12168.67
2026-04-28T12:00:00+00:00,12168.67
2026-04-28T12:15:00+00:00,12168.67
2026-04-28T12:15:00+00:00,12168.67
2026-04-28T12:15:00+00:00,12168.67
2026-04-28T12:30:00+00:00,12168.67
2026-04-28T12:30:00+00:00,12168.67
2026-04-28T12:30:00+00:00,12168.67
2026-04-28T12:45:00+00:00,12168.67
2026-04-28T12:45:00+00:00,12168.67
2026-04-28T12:45:00+00:00,12168.67
2026-04-28T13:00:00+00:00,12168.67
2026-04-28T13:00:00+00:00,12168.67
2026-04-28T13:00:00+00:00,12168.67
2026-04-28T13:15:00+00:00,12168.67
2026-04-28T13:15:00+00:00,12168.67
2026-04-28T13:15:00+00:00,12168.67
2026-04-28T13:30:00+00:00,12168.67
2026-04-28T13:30:00+00:00,12168.67
2026-04-28T13:30:00+00:00,12168.67
2026-04-28T13:45:00+00:00,12168.67
2026-04-28T13:45:00+00:00,12168.67
2026-04-28T13:45:00+00:00,12168.67
2026-04-28T14:00:00+00:00,12168.67
2026-04-28T14:00:00+00:00,12168.67
2026-04-28T14:00:00+00:00,12168.67
2026-04-28T14:15:00+00:00,12168.67
2026-04-28T14:15:00+00:00,12168.67
2026-04-28T14:15:00+00:00,12168.67
2026-04-28T14:30:00+00:00,12168.67
2026-04-28T14:30:00+00:00,12168.67
2026-04-28T14:30:00+00:00,12168.67
2026-04-28T14:45:00+00:00,12168.67
2026-04-28T14:45:00+00:00,12168.67
2026-04-28T14:45:00+00:00,12168.67
2026-04-28T15:00:00+00:00,12168.67
2026-04-28T15:00:00+00:00,12168.67
2026-04-28T15:00:00+00:00,12168.67
2026-04-28T15:15:00+00:00,12168.67
2026-04-28T15:15:00+00:00,12168.67
2026-04-28T15:15:00+00:00,12168.67
2026-04-28T15:30:00+00:00,12168.67
2026-04-28T15:30:00+00:00,12168.67
2026-04-28T15:30:00+00:00,12168.67
2026-04-28T15:45:00+00:00,12168.67
2026-04-28T15:45:00+00:00,12168.67
2026-04-28T15:45:00+00:00,12168.67
2026-04-28T16:00:00+00:00,12168.67
2026-04-28T16:00:00+00:00,12168.67
2026-04-28T16:00:00+00:00,12168.67
2026-04-28T16:15:00+00:00,12168.67
2026-04-28T16:15:00+00:00,12168.67
2026-04-28T16:15:00+00:00,12168.67
2026-04-28T16:30:00+00:00,12168.67
2026-04-28T16:30:00+00:00,12168.67
2026-04-28T16:30:00+00:00,12168.67
2026-04-28T16:45:00+00:00,12168.67
2026-04-28T16:45:00+00:00,12168.67
2026-04-28T16:45:00+00:00,12168.67
2026-04-28T17:00:00+00:00,12168.67
2026-04-28T17:00:00+00:00,12168.67
2026-04-28T17:00:00+00:00,12168.67
2026-04-28T17:15:00+00:00,12168.67
2026-04-28T17:15:00+00:00,12168.67
2026-04-28T17:15:00+00:00,12168.67
2026-04-28T17:30:00+00:00,12168.67
2026-04-28T17:30:00+00:00,12168.67
2026-04-28T17:30:00+00:00,12168.67
2026-04-28T17:45:00+00:00,12168.67
2026-04-28T17:45:00+00:00,12168.67
2026-04-28T17:45:00+00:00,12168.67
2026-04-28T18:00:00+00:00,12168.67
2026-04-28T18:00:00+00:00,12168.67
2026-04-28T18:00:00+00:00,12168.67
2026-04-28T18:15:00+00:00,12168.67
2026-04-28T18:15:00+00:00,12168.67
2026-04-28T18:15:00+00:00,12168.67
2026-04-28T18:30:00+00:00,12168.67
2026-04-28T18:30:00+00:00,12168.67
2026-04-28T18:30:00+00:00,12168.67
2026-04-28T18:45:00+00:00,12168.67
2026-04-28T18:45:00+00:00,12168.67
2026-04-28T18:45:00+00:00,12168.67
2026-04-28T19:00:00+00:00,12168.67
2026-04-28T19:00:00+00:00,12168.67
2026-04-28T19:00:00+00:00,12168.67
2026-04-28T19:15:00+00:00,12168.67
2026-04-28T19:15:00+00:00,12168.67
2026-04-28T19:15:00+00:00,12168.67
2026-04-28T19:30:00+00:00,12168.67
2026-04-28T19:30:00+00:00,12168.67
2026-04-28T19:30:00+00:00,12168.67
2026-04-28T19:45:00+00:00,12168.67
2026-04-28T19:45:00+00:00,12168.67
2026-04-28T19:45:00+00:00,12168.67
2026-04-28T20:00:00+00:00,12168.67
2026-04-28T20:00:00+00:00,12168.67
2026-04-28T20:00:00+00:00,12168.67
2026-04-28T20:15:00+00:00,12168.67
2026-04-28T20:15:00+00:00,12168.67
2026-04-28T20:15:00+00:00,12168.67
2026-04-28T20:30:00+00:00,12168.67
2026-04-28T20:30:00+00:00,12168.67
2026-04-28T20:30:00+00:00,12168.67
2026-04-28T20:45:00+00:00,12168.67
2026-04-28T20:45:00+00:00,12168.67
2026-04-28T20:45:00+00:00,12168.67
2026-04-28T21:00:00+00:00,12168.67
2026-04-28T21:00:00+00:00,12168.67
2026-04-28T21:00:00+00:00,12168.67
2026-04-28T21:15:00+00:00,12168.67
2026-04-28T21:15:00+00:00,12168.67
2026-04-28T21:15:00+00:00,12168.67
2026-04-28T21:30:00+00:00,12168.67
2026-04-28T21:30:00+00:00,12168.67
2026-04-28T21:30:00+00:00,12168.67
2026-04-28T21:45:00+00:00,12168.67
2026-04-28T21:45:00+00:00,12168.67
2026-04-28T21:45:00+00:00,12168.67
2026-04-28T22:00:00+00:00,12168.67
2026-04-28T22:00:00+00:00,12168.67
2026-04-28T22:00:00+00:00,12168.67
2026-04-28T22:15:00+00:00,12168.67
2026-04-28T22:15:00+00:00,12168.67
2026-04-28T22:15:00+00:00,12168.67
2026-04-28T22:30:00+00:00,12168.67
2026-04-28T22:30:00+00:00,12168.67
2026-04-28T22:30:00+00:00,12168.67
2026-04-28T22:45:00+00:00,12168.67
2026-04-28T22:45:00+00:00,12168.67
2026-04-28T22:45:00+00:00,12168.67
2026-04-28T23:00:00+00:00,12168.67
2026-04-28T23:00:00+00:00,12168.67
2026-04-28T23:00:00+00:00,12168.67
2026-04-28T23:15:00+00:00,12168.67
2026-04-28T23:15:00+00:00,12168.67
2026-04-28T23:15:00+00:00,12168.67
2026-04-28T23:30:00+00:00,12168.67
2026-04-28T23:30:00+00:00,12168.67
2026-04-28T23:30:00+00:00,12168.67
2026-04-28T23:45:00+00:00,12168.67
2026-04-28T23:45:00+00:00,12168.67
2026-04-28T23:45:00+00:00,12168.67
2026-04-29T00:00:00+00:00,12168.67
2026-04-29T00:00:00+00:00,12168.67
2026-04-29T00:00:00+00:00,12168.67
2026-04-29T00:15:00+00:00,12168.67
2026-04-29T00:15:00+00:00,12168.67
2026-04-29T00:15:00+00:00,12168.67
2026-04-29T00:30:00+00:00,12168.67
2026-04-29T00:30:00+00:00,12168.67
2026-04-29T00:30:00+00:00,12168.67
2026-04-29T00:45:00+00:00,12168.67
2026-04-29T00:45:00+00:00,12168.67
2026-04-29T00:45:00+00:00,12168.67
2026-04-29T01:00:00+00:00,12168.67
2026-04-29T01:00:00+00:00,12168.67
2026-04-29T01:00:00+00:00,12168.67
2026-04-29T01:15:00+00:00,12168.67
2026-04-29T01:15:00+00:00,12168.67
2026-04-29T01:15:00+00:00,12168.67
2026-04-29T01:30:00+00:00,12168.67
2026-04-29T01:30:00+00:00,12168.67
2026-04-29T01:30:00+00:00,12168.67
2026-04-29T01:45:00+00:00,12168.67
2026-04-29T01:45:00+00:00,12168.67
2026-04-29T01:45:00+00:00,12168.67
2026-04-29T02:00:00+00:00,12168.67
2026-04-29T02:00:00+00:00,12168.67
2026-04-29T02:00:00+00:00,12168.67
2026-04-29T02:15:00+00:00,12168.67
2026-04-29T02:15:00+00:00,12168.67
2026-04-29T02:15:00+00:00,12168.67
2026-04-29T02:30:00+00:00,12168.67
2026-04-29T02:30:00+00:00,12168.67
2026-04-29T02:30:00+00:00,12168.67
2026-04-29T02:45:00+00:00,12168.67
2026-04-29T02:45:00+00:00,12168.67
2026-04-29T02:45:00+00:00,12168.67
2026-04-29T03:00:00+00:00,12168.67
2026-04-29T03:00:00+00:00,12168.67
2026-04-29T03:00:00+00:00,12168.67
2026-04-29T03:15:00+00:00,12168.67
2026-04-29T03:15:00+00:00,12168.67
2026-04-29T03:15:00+00:00,12168.67
2026-04-29T03:30:00+00:00,12168.67
2026-04-29T03:30:00+00:00,12168.67
2026-04-29T03:30:00+00:00,12168.67
2026-04-29T03:45:00+00:00,12168.67
2026-04-29T03:45:00+00:00,12168.67
2026-04-29T03:45:00+00:00,12168.67
2026-04-29T04:00:00+00:00,12168.67
2026-04-29T04:00:00+00:00,12168.67
2026-04-29T04:00:00+00:00,12168.67
2026-04-29T04:15:00+00:00,12168.67
2026-04-29T04:15:00+00:00,12168.67
2026-04-29T04:15:00+00:00,12168.67
2026-04-29T04:30:00+00:00,12168.67
2026-04-29T04:30:00+00:00,12168.67
2026-04-29T04:30:00+00:00,12168.67
2026-04-29T04:45:00+00:00,12168.67
2026-04-29T04:45:00+00:00,12168.67
2026-04-29T04:45:00+00:00,12168.67
2026-04-29T05:00:00+00:00,12168.67
2026-04-29T05:00:00+00:00,12168.67
2026-04-29T05:00:00+00:00,12168.67
2026-04-29T05:15:00+00:00,12168.67
2026-04-29T05:15:00+00:00,12168.67
2026-04-29T05:15:00+00:00,12168.67
2026-04-29T05:30:00+00:00,12168.67
2026-04-29T05:30:00+00:00,12168.67
2026-04-29T05:30:00+00:00,12168.67
2026-04-29T05:45:00+00:00,12168.67
2026-04-29T05:45:00+00:00,12168.67
2026-04-29T05:45:00+00:00,12168.67
2026-04-29T06:00:00+00:00,12168.67
2026-04-29T06:00:00+00:00,12168.67
2026-04-29T06:00:00+00:00,12168.67
2026-04-29T06:15:00+00:00,12168.67
2026-04-29T06:15:00+00:00,12168.67
2026-04-29T06:15:00+00:00,12168.67
2026-04-29T06:30:00+00:00,12168.67
2026-04-29T06:30:00+00:00,12168.67
2026-04-29T06:30:00+00:00,12168.67
2026-04-29T06:45:00+00:00,12168.67
2026-04-29T06:45:00+00:00,12168.67
2026-04-29T06:45:00+00:00,12168.67
2026-04-29T07:00:00+00:00,12168.67
2026-04-29T07:00:00+00:00,12168.67
2026-04-29T07:00:00+00:00,12168.67
2026-04-29T07:15:00+00:00,12168.67
2026-04-29T07:15:00+00:00,12168.67
2026-04-29T07:15:00+00:00,12168.67
2026-04-29T07:30:00+00:00,12168.67
2026-04-29T07:30:00+00:00,12168.67
2026-04-29T07:30:00+00:00,12168.67
2026-04-29T07:45:00+00:00,12168.67
2026-04-29T07:45:00+00:00,12168.67
2026-04-29T07:45:00+00:00,12168.67
2026-04-29T08:00:00+00:00,12168.67
2026-04-29T08:00:00+00:00,12168.67
2026-04-29T08:00:00+00:00,12168.67
2026-04-29T08:15:00+00:00,12168.67
2026-04-29T08:15:00+00:00,12168.67
2026-04-29T08:15:00+00:00,12168.67
2026-04-29T08:30:00+00:00,12168.67
2026-04-29T08:30:00+00:00,12168.67
2026-04-29T08:30:00+00:00,12168.67
2026-04-29T08:45:00+00:00,12168.67
2026-04-29T08:45:00+00:00,12168.67
2026-04-29T08:45:00+00:00,12168.67
2026-04-29T09:00:00+00:00,12168.67
2026-04-29T09:00:00+00:00,12168.67
2026-04-29T09:00:00+00:00,12168.67
2026-04-29T09:15:00+00:00,12168.67
2026-04-29T09:15:00+00:00,12168.67
2026-04-29T09:15:00+00:00,12168.67
2026-04-29T09:30:00+00:00,12168.67
2026-04-29T09:30:00+00:00,12168.67
2026-04-29T09:30:00+00:00,12168.67
2026-04-29T09:45:00+00:00,12168.67
2026-04-29T09:45:00+00:00,12168.67
2026-04-29T09:45:00+00:00,12168.67
2026-04-29T10:00:00+00:00,12168.67
2026-04-29T10:00:00+00:00,12168.67
2026-04-29T10:00:00+00:00,12168.67
2026-04-29T10:15:00+00:00,12168.67
2026-04-29T10:15:00+00:00,12168.67
2026-04-29T10:15:00+00:00,12168.67
2026-04-29T10:30:00+00:00,12168.67
2026-04-29T10:30:00+00:00,12168.67
2026-04-29T10:30:00+00:00,12168.67
2026-04-29T10:45:00+00:00,12168.67
2026-04-29T10:45:00+00:00,12168.67
2026-04-29T10:45:00+00:00,12168.67
2026-04-29T11:00:00+00:00,12168.67
2026-04-29T11:00:00+00:00,12168.67
2026-04-29T11:00:00+00:00,12168.67
2026-04-29T11:15:00+00:00,12168.67
2026-04-29T11:15:00+00:00,12168.67
2026-04-29T11:15:00+00:00,12168.67
2026-04-29T11:30:00+00:00,12168.67
2026-04-29T11:30:00+00:00,12168.67
2026-04-29T11:30:00+00:00,12168.67
2026-04-29T11:45:00+00:00,12168.67
2026-04-29T11:45:00+00:00,12168.67
2026-04-29T11:45:00+00:00,12168.67
2026-04-29T12:00:00+00:00,12168.67
2026-04-29T12:00:00+00:00,12168.67
2026-04-29T12:00:00+00:00,12168.67
2026-04-29T12:15:00+00:00,12168.67
2026-04-29T12:15:00+00:00,12168.67
2026-04-29T12:15:00+00:00,12168.67
2026-04-29T12:30:00+00:00,12168.67
2026-04-29T12:30:00+00:00,12168.67
2026-04-29T12:30:00+00:00,12168.67
2026-04-29T12:45:00+00:00,12168.67
2026-04-29T12:45:00+00:00,12168.67
2026-04-29T12:45:00+00:00,12168.67
2026-04-29T13:00:00+00:00,12168.67
2026-04-29T13:00:00+00:00,12168.67
2026-04-29T13:00:00+00:00,12168.67
2026-04-29T13:15:00+00:00,12168.67
2026-04-29T13:15:00+00:00,12168.67
2026-04-29T13:15:00+00:00,12168.67
2026-04-29T13:30:00+00:00,12168.67
2026-04-29T13:30:00+00:00,12168.67
2026-04-29T13:30:00+00:00,12168.67
2026-04-29T13:45:00+00:00,12168.67
2026-04-29T13:45:00+00:00,12168.67
2026-04-29T13:45:00+00:00,12168.67
2026-04-29T14:00:00+00:00,12168.67
2026-04-29T14:00:00+00:00,12168.67
2026-04-29T14:00:00+00:00,12168.67
2026-04-29T14:15:00+00:00,12168.67
2026-04-29T14:15:00+00:00,12168.67
2026-04-29T14:15:00+00:00,12168.67
2026-04-29T14:30:00+00:00,12168.67
2026-04-29T14:30:00+00:00,12168.67
2026-04-29T14:30:00+00:00,12168.67
2026-04-29T14:45:00+00:00,12168.67
2026-04-29T14:45:00+00:00,12168.67
2026-04-29T14:45:00+00:00,12168.67
2026-04-29T15:00:00+00:00,12168.67
2026-04-29T15:00:00+00:00,12168.67
2026-04-29T15:00:00+00:00,12168.67
2026-04-29T15:15:00+00:00,12168.67
2026-04-29T15:15:00+00:00,12168.67
2026-04-29T15:15:00+00:00,12168.67
2026-04-29T15:30:00+00:00,12168.67
2026-04-29T15:30:00+00:00,12168.67
2026-04-29T15:30:00+00:00,12168.67
2026-04-29T15:45:00+00:00,12168.67
2026-04-29T15:45:00+00:00,12168.67
2026-04-29T15:45:00+00:00,12168.67
2026-04-29T16:00:00+00:00,12168.67
2026-04-29T16:00:00+00:00,12168.67
2026-04-29T16:00:00+00:00,12168.67
2026-04-29T16:15:00+00:00,12168.67
2026-04-29T16:15:00+00:00,12168.67
2026-04-29T16:15:00+00:00,12168.67
2026-04-29T16:30:00+00:00,12168.67
2026-04-29T16:30:00+00:00,12168.67
2026-04-29T16:30:00+00:00,12168.67
2026-04-29T16:45:00+00:00,12168.67
2026-04-29T16:45:00+00:00,12168.67
2026-04-29T16:45:00+00:00,12168.67
2026-04-29T17:00:00+00:00,12168.67
2026-04-29T17:00:00+00:00,12168.67
2026-04-29T17:00:00+00:00,12168.67
2026-04-29T17:15:00+00:00,12168.67
2026-04-29T17:15:00+00:00,12168.67
2026-04-29T17:15:00+00:00,12168.67
2026-04-29T17:30:00+00:00,12168.67
2026-04-29T17:30:00+00:00,12168.67
2026-04-29T17:30:00+00:00,12168.67
2026-04-29T17:45:00+00:00,12168.67
2026-04-29T17:45:00+00:00,12168.67
2026-04-29T17:45:00+00:00,12168.67
2026-04-29T18:00:00+00:00,12168.67
2026-04-29T18:00:00+00:00,12168.67
2026-04-29T18:00:00+00:00,12168.67
2026-04-29T18:15:00+00:00,12168.67
2026-04-29T18:15:00+00:00,12168.67
2026-04-29T18:15:00+00:00,12168.67
2026-04-29T18:30:00+00:00,12168.67
2026-04-29T18:30:00+00:00,12168.67
2026-04-29T18:30:00+00:00,12168.67
2026-04-29T18:45:00+00:00,12168.67
2026-04-29T18:45:00+00:00,12168.67
2026-04-29T18:45:00+00:00,12168.67
2026-04-29T19:00:00+00:00,12168.67
2026-04-29T19:00:00+00:00,12168.67
2026-04-29T19:00:00+00:00,12168.67
2026-04-29T19:15:00+00:00,12168.67
2026-04-29T19:15:00+00:00,12168.67
2026-04-29T19:15:00+00:00,12168.67
2026-04-29T19:30:00+00:00,12168.67
2026-04-29T19:30:00+00:00,12168.67
2026-04-29T19:30:00+00:00,12168.67
2026-04-29T19:45:00+00:00,12168.67
2026-04-29T19:45:00+00:00,12168.67
2026-04-29T19:45:00+00:00,12168.67
2026-04-29T20:00:00+00:00,12168.67
2026-04-29T20:00:00+00:00,12168.67
2026-04-29T20:00:00+00:00,12168.67
2026-04-29T20:15:00+00:00,12168.67
2026-04-29T20:15:00+00:00,12168.67
2026-04-29T20:15:00+00:00,12168.67
2026-04-29T20:30:00+00:00,12168.67
2026-04-29T20:30:00+00:00,12168.67
2026-04-29T20:30:00+00:00,12168.67
2026-04-29T20:45:00+00:00,12168.67
2026-04-29T20:45:00+00:00,12168.67
2026-04-29T20:45:00+00:00,12168.67
2026-04-29T21:00:00+00:00,12168.67
2026-04-29T21:00:00+00:00,12168.67
2026-04-29T21:00:00+00:00,12168.67
2026-04-29T21:15:00+00:00,12168.67
2026-04-29T21:15:00+00:00,12168.67
2026-04-29T21:15:00+00:00,12168.67
2026-04-29T21:30:00+00:00,12168.67
2026-04-29T21:30:00+00:00,12168.67
2026-04-29T21:30:00+00:00,12168.67
2026-04-29T21:45:00+00:00,12168.67
2026-04-29T21:45:00+00:00,12168.67
2026-04-29T21:45:00+00:00,12168.67
2026-04-29T22:00:00+00:00,12168.67
2026-04-29T22:00:00+00:00,12168.67
2026-04-29T22:00:00+00:00,12168.67
2026-04-29T22:15:00+00:00,12168.67
2026-04-29T22:15:00+00:00,12168.67
2026-04-29T22:15:00+00:00,12168.67
2026-04-29T22:30:00+00:00,12168.67
2026-04-29T22:30:00+00:00,12168.67
2026-04-29T22:30:00+00:00,12168.67
2026-04-29T22:45:00+00:00,12168.67
2026-04-29T22:45:00+00:00,12168.67
2026-04-29T22:45:00+00:00,12168.67
2026-04-29T23:00:00+00:00,12168.67
2026-04-29T23:00:00+00:00,12168.67
2026-04-29T23:00:00+00:00,12168.67
2026-04-29T23:15:00+00:00,12168.67
2026-04-29T23:15:00+00:00,12168.67
2026-04-29T23:15:00+00:00,12168.67
2026-04-29T23:30:00+00:00,12168.67
2026-04-29T23:30:00+00:00,12168.67
2026-04-29T23:30:00+00:00,12168.67
2026-04-29T23:45:00+00:00,12168.67
2026-04-29T23:45:00+00:00,12168.67
2026-04-29T23:45:00+00:00,12168.67
2026-04-30T00:00:00+00:00,12168.67
2026-04-30T00:00:00+00:00,12168.67
2026-04-30T00:00:00+00:00,12168.67
2026-04-30T00:15:00+00:00,12168.67
2026-04-30T00:15:00+00:00,12168.67
2026-04-30T00:15:00+00:00,12168.67
2026-04-30T00:30:00+00:00,12168.67
2026-04-30T00:30:00+00:00,12168.67
2026-04-30T00:30:00+00:00,12168.67
2026-04-30T00:45:00+00:00,12168.67
2026-04-30T00:45:00+00:00,12168.67
2026-04-30T00:45:00+00:00,12168.67
2026-04-30T01:00:00+00:00,12168.67
2026-04-30T01:00:00+00:00,12173.75
2026-04-30T01:00:00+00:00,12173.75
2026-04-30T01:15:00+00:00,12173.75
2026-04-30T01:15:00+00:00,12108.07
2026-04-30T01:15:00+00:00,12108.07
2026-04-30T01:30:00+00:00,12108.07
2026-04-30T01:30:00+00:00,12133.77
2026-04-30T01:30:00+00:00,12133.77
2026-04-30T01:45:00+00:00,12133.77
2026-04-30T01:45:00+00:00,12171.85
2026-04-30T01:45:00+00:00,12171.85
2026-04-30T02:00:00+00:00,12171.90
2026-04-30T02:00:00+00:00,12159.53
2026-04-30T02:00:00+00:00,12159.53
2026-04-30T02:15:00+00:00,12159.53
2026-04-30T02:15:00+00:00,12231.88
2026-04-30T02:15:00+00:00,12231.88
2026-04-30T02:30:00+00:00,12231.88
2026-04-30T02:30:00+00:00,12432.74
2026-04-30T02:30:00+00:00,12432.74
2026-04-30T02:45:00+00:00,12432.74
2026-04-30T02:45:00+00:00,12398.47
2026-04-30T02:45:00+00:00,12398.47
2026-04-30T03:00:00+00:00,12398.35
2026-04-30T03:00:00+00:00,12385.03
2026-04-30T03:00:00+00:00,12385.03
2026-04-30T03:15:00+00:00,12385.03
2026-04-30T03:15:00+00:00,12350.75
2026-04-30T03:15:00+00:00,12350.75
2026-04-30T03:30:00+00:00,12350.75
2026-04-30T03:30:00+00:00,12313.63
2026-04-30T03:30:00+00:00,12313.63
2026-04-30T03:45:00+00:00,12313.63
2026-04-30T03:45:00+00:00,12323.15
2026-04-30T03:45:00+00:00,12323.15
2026-04-30T04:00:00+00:00,12322.91
2026-04-30T04:00:00+00:00,12345.75
2026-04-30T04:00:00+00:00,12345.75
2026-04-30T04:15:00+00:00,12345.75
2026-04-30T04:15:00+00:00,12386.69
2026-04-30T04:15:00+00:00,12386.69
2026-04-30T04:30:00+00:00,12386.69
2026-04-30T04:30:00+00:00,12471.41
2026-04-30T04:30:00+00:00,12471.41
2026-04-30T04:45:00+00:00,12471.41
2026-04-30T04:45:00+00:00,12456.18
2026-04-30T04:45:00+00:00,12456.18
2026-04-30T05:00:00+00:00,12456.01
2026-04-30T05:00:00+00:00,12412.22
2026-04-30T05:00:00+00:00,12412.22
2026-04-30T05:15:00+00:00,12412.22
2026-04-30T05:15:00+00:00,12480.76
2026-04-30T05:15:00+00:00,12480.76
2026-04-30T05:30:00+00:00,12480.76
2026-04-30T05:30:00+00:00,12373.15
2026-04-30T05:30:00+00:00,12373.15
2026-04-30T05:45:00+00:00,12373.15
2026-04-30T05:45:00+00:00,12373.15
2026-04-30T05:45:00+00:00,12373.15
2026-04-30T06:00:00+00:00,12373.15
2026-04-30T06:00:00+00:00,12373.15
2026-04-30T06:00:00+00:00,12373.15
2026-04-30T06:15:00+00:00,12373.15
2026-04-30T06:15:00+00:00,12373.15
2026-04-30T06:15:00+00:00,12373.15
2026-04-30T06:30:00+00:00,12373.15
2026-04-30T06:30:00+00:00,12373.15
2026-04-30T06:30:00+00:00,12373.15
2026-04-30T06:45:00+00:00,12373.15
2026-04-30T06:45:00+00:00,12373.15
2026-04-30T06:45:00+00:00,12373.15
2026-04-30T07:00:00+00:00,12373.15
2026-04-30T07:00:00+00:00,12373.15
2026-04-30T07:00:00+00:00,12373.15
2026-04-30T07:15:00+00:00,12373.15
2026-04-30T07:15:00+00:00,12373.15
2026-04-30T07:15:00+00:00,12373.15
2026-04-30T07:30:00+00:00,12373.15
2026-04-30T07:30:00+00:00,12373.15
2026-04-30T07:30:00+00:00,12373.15
2026-04-30T07:45:00+00:00,12373.15
2026-04-30T07:45:00+00:00,12373.15
2026-04-30T07:45:00+00:00,12373.15
2026-04-30T08:00:00+00:00,12373.15
2026-04-30T08:00:00+00:00,12373.15
2026-04-30T08:00:00+00:00,12373.15
2026-04-30T08:15:00+00:00,12373.15
2026-04-30T08:15:00+00:00,12373.15
2026-04-30T08:15:00+00:00,12373.15
2026-04-30T08:30:00+00:00,12373.15
2026-04-30T08:30:00+00:00,12373.15
2026-04-30T08:30:00+00:00,12373.15
2026-04-30T08:45:00+00:00,12373.15
2026-04-30T08:45:00+00:00,12373.15
2026-04-30T08:45:00+00:00,12373.15
2026-04-30T09:00:00+00:00,12373.15
2026-04-30T09:00:00+00:00,12373.15
2026-04-30T09:00:00+00:00,12373.15
2026-04-30T09:15:00+00:00,12373.15
2026-04-30T09:15:00+00:00,12373.15
2026-04-30T09:15:00+00:00,12373.15
2026-04-30T09:30:00+00:00,12373.15
2026-04-30T09:30:00+00:00,12373.15
2026-04-30T09:30:00+00:00,12373.15
2026-04-30T09:45:00+00:00,12373.15
2026-04-30T09:45:00+00:00,12373.15
2026-04-30T09:45:00+00:00,12373.15
2026-04-30T10:00:00+00:00,12373.15
2026-04-30T10:00:00+00:00,12373.15
2026-04-30T10:00:00+00:00,12373.15
2026-04-30T10:15:00+00:00,12373.15
2026-04-30T10:15:00+00:00,12373.15
2026-04-30T10:15:00+00:00,12373.15
2026-04-30T10:30:00+00:00,12373.15
2026-04-30T10:30:00+00:00,12373.15
2026-04-30T10:30:00+00:00,12373.15
2026-04-30T10:45:00+00:00,12373.15
2026-04-30T10:45:00+00:00,12373.15
2026-04-30T10:45:00+00:00,12373.15
2026-04-30T11:00:00+00:00,12373.15
2026-04-30T11:00:00+00:00,12373.15
2026-04-30T11:00:00+00:00,12373.15
2026-04-30T11:15:00+00:00,12373.15
2026-04-30T11:15:00+00:00,12373.15
2026-04-30T11:15:00+00:00,12373.15
2026-04-30T11:30:00+00:00,12373.15
2026-04-30T11:30:00+00:00,12373.15
2026-04-30T11:30:00+00:00,12373.15
2026-04-30T11:45:00+00:00,12373.15
2026-04-30T11:45:00+00:00,12373.15
2026-04-30T11:45:00+00:00,12373.15
2026-04-30T12:00:00+00:00,12373.15
2026-04-30T12:00:00+00:00,12303.26
2026-04-30T12:00:00+00:00,12303.26
2026-04-30T12:15:00+00:00,12303.26
2026-04-30T12:15:00+00:00,12219.31
2026-04-30T12:15:00+00:00,12219.31
2026-04-30T12:30:00+00:00,12219.31
2026-04-30T12:30:00+00:00,12253.88
2026-04-30T12:30:00+00:00,12253.88
2026-04-30T12:45:00+00:00,12253.88
2026-04-30T12:45:00+00:00,12242.77
2026-04-30T12:45:00+00:00,12242.77
2026-04-30T13:00:00+00:00,12242.61
2026-04-30T13:00:00+00:00,12263.60
2026-04-30T13:00:00+00:00,12263.60
2026-04-30T13:15:00+00:00,12263.60
2026-04-30T13:15:00+00:00,12322.86
2026-04-30T13:15:00+00:00,12322.86
2026-04-30T13:30:00+00:00,12322.86
2026-04-30T13:30:00+00:00,12167.31
2026-04-30T13:30:00+00:00,12167.31
2026-04-30T13:45:00+00:00,12167.31
2026-04-30T13:45:00+00:00,12257.43
2026-04-30T13:45:00+00:00,12257.43
2026-04-30T14:00:00+00:00,12257.52
2026-04-30T14:00:00+00:00,12292.08
2026-04-30T14:00:00+00:00,12292.08
2026-04-30T14:15:00+00:00,12292.08
2026-04-30T14:15:00+00:00,12326.65
2026-04-30T14:15:00+00:00,12326.65
2026-04-30T14:30:00+00:00,12326.65
2026-04-30T14:30:00+00:00,12326.65
2026-04-30T14:30:00+00:00,12326.65
2026-04-30T14:45:00+00:00,12326.65
2026-04-30T14:45:00+00:00,12326.65
2026-04-30T14:45:00+00:00,12326.65
2026-04-30T15:00:00+00:00,12326.65
2026-04-30T15:00:00+00:00,12326.65
2026-04-30T15:00:00+00:00,12326.65
2026-04-30T15:15:00+00:00,12326.65
2026-04-30T15:15:00+00:00,12326.65
2026-04-30T15:15:00+00:00,12326.65
2026-04-30T15:30:00+00:00,12326.65
2026-04-30T15:30:00+00:00,12326.65
2026-04-30T15:30:00+00:00,12326.65
2026-04-30T15:45:00+00:00,12326.65
2026-04-30T15:45:00+00:00,12326.65
2026-04-30T15:45:00+00:00,12326.65
2026-04-30T16:00:00+00:00,12326.65
2026-04-30T16:00:00+00:00,12326.65
2026-04-30T16:00:00+00:00,12326.65
2026-04-30T16:15:00+00:00,12326.65
2026-04-30T16:15:00+00:00,12326.65
2026-04-30T16:15:00+00:00,12326.65
2026-04-30T16:30:00+00:00,12326.65
2026-04-30T16:30:00+00:00,12326.65
2026-04-30T16:30:00+00:00,12326.65
2026-04-30T16:45:00+00:00,12326.65
2026-04-30T16:45:00+00:00,12326.65
2026-04-30T16:45:00+00:00,12326.65
2026-04-30T17:00:00+00:00,12326.65
2026-04-30T17:00:00+00:00,12326.65
2026-04-30T17:00:00+00:00,12326.65
2026-04-30T17:15:00+00:00,12326.65
2026-04-30T17:15:00+00:00,12326.65
2026-04-30T17:15:00+00:00,12326.65
2026-04-30T17:30:00+00:00,12326.65
2026-04-30T17:30:00+00:00,12326.65
2026-04-30T17:30:00+00:00,12326.65
2026-04-30T17:45:00+00:00,12326.65
2026-04-30T17:45:00+00:00,12326.65
2026-04-30T17:45:00+00:00,12326.65
2026-04-30T18:00:00+00:00,12326.65
2026-04-30T18:00:00+00:00,12326.65
2026-04-30T18:00:00+00:00,12326.65
2026-04-30T18:15:00+00:00,12326.65
2026-04-30T18:15:00+00:00,12326.65
2026-04-30T18:15:00+00:00,12326.65
2026-04-30T18:30:00+00:00,12326.65
2026-04-30T18:30:00+00:00,12326.65
2026-04-30T18:30:00+00:00,12326.65
2026-04-30T18:45:00+00:00,12326.65
2026-04-30T18:45:00+00:00,12326.65
2026-04-30T18:45:00+00:00,12326.65
2026-04-30T19:00:00+00:00,12326.65
2026-04-30T19:00:00+00:00,12326.65
2026-04-30T19:00:00+00:00,12326.65
2026-04-30T19:15:00+00:00,12326.65
2026-04-30T19:15:00+00:00,12326.65
2026-04-30T19:15:00+00:00,12326.65
2026-04-30T19:30:00+00:00,12326.65
2026-04-30T19:30:00+00:00,12326.65
2026-04-30T19:30:00+00:00,12326.65
2026-04-30T19:45:00+00:00,12326.65
2026-04-30T19:45:00+00:00,12326.65
2026-04-30T19:45:00+00:00,12326.65
2026-04-30T20:00:00+00:00,12326.65
2026-04-30T20:00:00+00:00,12326.65
2026-04-30T20:00:00+00:00,12326.65
2026-04-30T20:15:00+00:00,12326.65
2026-04-30T20:15:00+00:00,12326.65
2026-04-30T20:15:00+00:00,12326.65
2026-04-30T20:30:00+00:00,12326.65
2026-04-30T20:30:00+00:00,12326.65
2026-04-30T20:30:00+00:00,12326.65
2026-04-30T20:45:00+00:00,12326.65
2026-04-30T20:45:00+00:00,12326.65
2026-04-30T20:45:00+00:00,12326.65
2026-04-30T21:00:00+00:00,12326.65
2026-04-30T21:00:00+00:00,12326.65
2026-04-30T21:00:00+00:00,12326.65
2026-04-30T21:15:00+00:00,12326.65
2026-04-30T21:15:00+00:00,12326.65
2026-04-30T21:15:00+00:00,12326.65
2026-04-30T21:30:00+00:00,12326.65
2026-04-30T21:30:00+00:00,12326.65
2026-04-30T21:30:00+00:00,12326.65
2026-04-30T21:45:00+00:00,12326.65
2026-04-30T21:45:00+00:00,12326.65
2026-04-30T21:45:00+00:00,12326.65
2026-04-30T22:00:00+00:00,12326.65
2026-04-30T22:00:00+00:00,12326.65
2026-04-30T22:00:00+00:00,12326.65
2026-04-30T22:15:00+00:00,12326.65
2026-04-30T22:15:00+00:00,12326.65
2026-04-30T22:15:00+00:00,12326.65
2026-04-30T22:30:00+00:00,12326.65
2026-04-30T22:30:00+00:00,12326.65
2026-04-30T22:30:00+00:00,12326.65
2026-04-30T22:45:00+00:00,12326.65
2026-04-30T22:45:00+00:00,12326.65
2026-04-30T22:45:00+00:00,12326.65
2026-04-30T23:00:00+00:00,12326.65
2026-04-30T23:00:00+00:00,12326.65
2026-04-30T23:00:00+00:00,12326.65
2026-04-30T23:15:00+00:00,12326.65
2026-04-30T23:15:00+00:00,12326.65
2026-04-30T23:15:00+00:00,12326.65
2026-04-30T23:30:00+00:00,12326.65
2026-04-30T23:30:00+00:00,12326.65
2026-04-30T23:30:00+00:00,12326.65
2026-04-30T23:45:00+00:00,12326.65
2026-04-30T23:45:00+00:00,12326.65
2026-04-30T23:45:00+00:00,12326.65
2026-05-01T00:00:00+00:00,12326.65
2026-05-01T00:00:00+00:00,12326.65
2026-05-01T00:00:00+00:00,12326.65
2026-05-01T00:15:00+00:00,12326.65
2026-05-01T00:15:00+00:00,12326.65
2026-05-01T00:15:00+00:00,12326.65
2026-05-01T00:30:00+00:00,12326.65
2026-05-01T00:30:00+00:00,12326.65
2026-05-01T00:30:00+00:00,12326.65
2026-05-01T00:45:00+00:00,12326.65
2026-05-01T00:45:00+00:00,12326.65
2026-05-01T00:45:00+00:00,12326.65
2026-05-01T01:00:00+00:00,12326.65
2026-05-01T01:00:00+00:00,12326.65
2026-05-01T01:00:00+00:00,12326.65
2026-05-01T01:15:00+00:00,12326.65
2026-05-01T01:15:00+00:00,12326.65
2026-05-01T01:15:00+00:00,12326.65
2026-05-01T01:30:00+00:00,12326.65
2026-05-01T01:30:00+00:00,12326.65
2026-05-01T01:30:00+00:00,12326.65
2026-05-01T01:45:00+00:00,12326.65
2026-05-01T01:45:00+00:00,12326.65
2026-05-01T01:45:00+00:00,12326.65
2026-05-01T02:00:00+00:00,12326.65
2026-05-01T02:00:00+00:00,12326.65
2026-05-01T02:00:00+00:00,12326.65
2026-05-01T02:15:00+00:00,12326.65
2026-05-01T02:15:00+00:00,12326.65
2026-05-01T02:15:00+00:00,12326.65
2026-05-01T02:30:00+00:00,12326.65
2026-05-01T02:30:00+00:00,12326.65
2026-05-01T02:30:00+00:00,12326.65
2026-05-01T02:45:00+00:00,12326.65
2026-05-01T02:45:00+00:00,12326.65
2026-05-01T02:45:00+00:00,12326.65
2026-05-01T03:00:00+00:00,12326.65
2026-05-01T03:00:00+00:00,12326.65
2026-05-01T03:00:00+00:00,12326.65
2026-05-01T03:15:00+00:00,12326.65
2026-05-01T03:15:00+00:00,12326.65
2026-05-01T03:15:00+00:00,12326.65
2026-05-01T03:30:00+00:00,12326.65
2026-05-01T03:30:00+00:00,12326.65
2026-05-01T03:30:00+00:00,12326.65
2026-05-01T03:45:00+00:00,12326.65
2026-05-01T03:45:00+00:00,12326.65
2026-05-01T03:45:00+00:00,12326.65
2026-05-01T04:00:00+00:00,12326.65
2026-05-01T04:00:00+00:00,12326.65
2026-05-01T04:00:00+00:00,12326.65
2026-05-01T04:15:00+00:00,12326.65
2026-05-01T04:15:00+00:00,12326.65
2026-05-01T04:15:00+00:00,12326.65
2026-05-01T04:30:00+00:00,12326.65
2026-05-01T04:30:00+00:00,12326.65
2026-05-01T04:30:00+00:00,12326.65
2026-05-01T04:45:00+00:00,12326.65
2026-05-01T04:45:00+00:00,12326.65
2026-05-01T04:45:00+00:00,12326.65
2026-05-01T05:00:00+00:00,12326.65
2026-05-01T05:00:00+00:00,12326.65
2026-05-01T05:00:00+00:00,12326.65
2026-05-01T05:15:00+00:00,12326.65
2026-05-01T05:15:00+00:00,12326.65
2026-05-01T05:15:00+00:00,12326.65
2026-05-01T05:30:00+00:00,12326.65
2026-05-01T05:30:00+00:00,12326.65
2026-05-01T05:30:00+00:00,12326.65
2026-05-01T05:45:00+00:00,12326.65
2026-05-01T05:45:00+00:00,12326.65
2026-05-01T05:45:00+00:00,12326.65
2026-05-01T06:00:00+00:00,12326.65
2026-05-01T06:00:00+00:00,12326.65
2026-05-01T06:00:00+00:00,12326.65
2026-05-01T06:15:00+00:00,12326.65
2026-05-01T06:15:00+00:00,12326.65
2026-05-01T06:15:00+00:00,12326.65
2026-05-01T06:30:00+00:00,12326.65
2026-05-01T06:30:00+00:00,12326.65
2026-05-01T06:30:00+00:00,12326.65
2026-05-01T06:45:00+00:00,12326.65
2026-05-01T06:45:00+00:00,12326.65
2026-05-01T06:45:00+00:00,12326.65
2026-05-01T07:00:00+00:00,12326.65
2026-05-01T07:00:00+00:00,12326.65
2026-05-01T07:00:00+00:00,12326.65
2026-05-01T07:15:00+00:00,12326.65
2026-05-01T07:15:00+00:00,12326.65
2026-05-01T07:15:00+00:00,12326.65
2026-05-01T07:30:00+00:00,12326.65
2026-05-01T07:30:00+00:00,12326.65
2026-05-01T07:30:00+00:00,12326.65
2026-05-01T07:45:00+00:00,12326.65
2026-05-01T07:45:00+00:00,12326.65
2026-05-01T07:45:00+00:00,12326.65
2026-05-01T08:00:00+00:00,12326.65
2026-05-01T08:00:00+00:00,12326.65
2026-05-01T08:00:00+00:00,12326.65
2026-05-01T08:15:00+00:00,12326.65
2026-05-01T08:15:00+00:00,12326.65
2026-05-01T08:15:00+00:00,12326.65
2026-05-01T08:30:00+00:00,12326.65
2026-05-01T08:30:00+00:00,12326.65
2026-05-01T08:30:00+00:00,12326.65
2026-05-01T08:45:00+00:00,12326.65
2026-05-01T08:45:00+00:00,12326.65
2026-05-01T08:45:00+00:00,12326.65
2026-05-01T09:00:00+00:00,12326.65
2026-05-01T09:00:00+00:00,12326.65
2026-05-01T09:00:00+00:00,12326.65
2026-05-01T09:15:00+00:00,12326.65
2026-05-01T09:15:00+00:00,12326.65
2026-05-01T09:15:00+00:00,12326.65
2026-05-01T09:30:00+00:00,12326.65
2026-05-01T09:30:00+00:00,12326.65
2026-05-01T09:30:00+00:00,12326.65
2026-05-01T09:45:00+00:00,12326.65
2026-05-01T09:45:00+00:00,12326.65
2026-05-01T09:45:00+00:00,12326.65
2026-05-01T10:00:00+00:00,12326.65
2026-05-01T10:00:00+00:00,12326.65
2026-05-01T10:00:00+00:00,12326.65
2026-05-01T10:15:00+00:00,12326.65
2026-05-01T10:15:00+00:00,12326.65
2026-05-01T10:15:00+00:00,12326.65
2026-05-01T10:30:00+00:00,12326.65
2026-05-01T10:30:00+00:00,12326.65
2026-05-01T10:30:00+00:00,12326.65
2026-05-01T10:45:00+00:00,12326.65
2026-05-01T10:45:00+00:00,12326.65
2026-05-01T10:45:00+00:00,12326.65
2026-05-01T11:00:00+00:00,12326.65
2026-05-01T11:00:00+00:00,12326.65
2026-05-01T11:00:00+00:00,12326.65
2026-05-01T11:15:00+00:00,12326.65
2026-05-01T11:15:00+00:00,12326.65
2026-05-01T11:15:00+00:00,12326.65
2026-05-01T11:30:00+00:00,12326.65
2026-05-01T11:30:00+00:00,12326.65
2026-05-01T11:30:00+00:00,12326.65
2026-05-01T11:45:00+00:00,12326.65
2026-05-01T11:45:00+00:00,12326.65
2026-05-01T11:45:00+00:00,12326.65
2026-05-01T12:00:00+00:00,12326.65
2026-05-01T12:00:00+00:00,12326.65
2026-05-01T12:00:00+00:00,12326.65
2026-05-01T12:15:00+00:00,12326.65
2026-05-01T12:15:00+00:00,12326.65
2026-05-01T12:15:00+00:00,12326.65
2026-05-01T12:30:00+00:00,12326.65
2026-05-01T12:30:00+00:00,12326.65
2026-05-01T12:30:00+00:00,12326.65
2026-05-01T12:45:00+00:00,12326.65
2026-05-01T12:45:00+00:00,12326.65
2026-05-01T12:45:00+00:00,12326.65
2026-05-01T13:00:00+00:00,12326.65
2026-05-01T13:00:00+00:00,12326.65
2026-05-01T13:00:00+00:00,12326.65
2026-05-01T13:15:00+00:00,12326.65
2026-05-01T13:15:00+00:00,12326.65
2026-05-01T13:15:00+00:00,12326.65
2026-05-01T13:30:00+00:00,12326.65
2026-05-01T13:30:00+00:00,12326.65
2026-05-01T13:30:00+00:00,12326.65
2026-05-01T13:45:00+00:00,12326.65
2026-05-01T13:45:00+00:00,12326.65
2026-05-01T13:45:00+00:00,12326.65
2026-05-01T14:00:00+00:00,12326.65
2026-05-01T14:00:00+00:00,12326.65
2026-05-01T14:00:00+00:00,12326.65
2026-05-01T14:15:00+00:00,12326.65
2026-05-01T14:15:00+00:00,12326.65
2026-05-01T14:15:00+00:00,12326.65
2026-05-01T14:30:00+00:00,12326.65
2026-05-01T14:30:00+00:00,12326.65
2026-05-01T14:30:00+00:00,12326.65
2026-05-01T14:45:00+00:00,12326.65
2026-05-01T14:45:00+00:00,12326.65
2026-05-01T14:45:00+00:00,12326.65
2026-05-01T15:00:00+00:00,12326.65
2026-05-01T15:00:00+00:00,12326.65
2026-05-01T15:00:00+00:00,12326.65
2026-05-01T15:15:00+00:00,12326.65
2026-05-01T15:15:00+00:00,12326.65
2026-05-01T15:15:00+00:00,12326.65
2026-05-01T15:30:00+00:00,12326.65
2026-05-01T15:30:00+00:00,12326.65
2026-05-01T15:30:00+00:00,12326.65
2026-05-01T15:45:00+00:00,12326.65
2026-05-01T15:45:00+00:00,12326.65
2026-05-01T15:45:00+00:00,12326.65
2026-05-01T16:00:00+00:00,12326.65
2026-05-01T16:00:00+00:00,12326.65
2026-05-01T16:00:00+00:00,12326.65
2026-05-01T16:15:00+00:00,12326.65
2026-05-01T16:15:00+00:00,12326.65
2026-05-01T16:15:00+00:00,12326.65
2026-05-01T16:30:00+00:00,12326.65
2026-05-01T16:30:00+00:00,12326.65
2026-05-01T16:30:00+00:00,12326.65
2026-05-01T16:45:00+00:00,12326.65
2026-05-01T16:45:00+00:00,12326.65
2026-05-01T16:45:00+00:00,12326.65
2026-05-01T17:00:00+00:00,12326.65
2026-05-01T17:00:00+00:00,12326.65
2026-05-01T17:00:00+00:00,12326.65
2026-05-01T17:15:00+00:00,12326.65
2026-05-01T17:15:00+00:00,12326.65
2026-05-01T17:15:00+00:00,12326.65
2026-05-01T17:30:00+00:00,12326.65
2026-05-01T17:30:00+00:00,12326.65
2026-05-01T17:30:00+00:00,12326.65
2026-05-01T17:45:00+00:00,12326.65
2026-05-01T17:45:00+00:00,12326.65
2026-05-01T17:45:00+00:00,12326.65
2026-05-01T18:00:00+00:00,12326.65
2026-05-01T18:00:00+00:00,12326.65
2026-05-01T18:00:00+00:00,12326.65
2026-05-01T18:15:00+00:00,12326.65
2026-05-01T18:15:00+00:00,12326.65
2026-05-01T18:15:00+00:00,12326.65
2026-05-01T18:30:00+00:00,12326.65
2026-05-01T18:30:00+00:00,12326.65
2026-05-01T18:30:00+00:00,12326.65
2026-05-01T18:45:00+00:00,12326.65
2026-05-01T18:45:00+00:00,12326.65
2026-05-01T18:45:00+00:00,12326.65
2026-05-01T19:00:00+00:00,12326.65
2026-05-01T19:00:00+00:00,12326.65
2026-05-01T19:00:00+00:00,12326.65
2026-05-01T19:15:00+00:00,12326.65
2026-05-01T19:15:00+00:00,12326.65
2026-05-01T19:15:00+00:00,12326.65
2026-05-01T19:30:00+00:00,12326.65
2026-05-01T19:30:00+00:00,12326.65
2026-05-01T19:30:00+00:00,12326.65
2026-05-01T19:45:00+00:00,12326.65
2026-05-01T19:45:00+00:00,12326.65
2026-05-01T19:45:00+00:00,12326.65
2026-05-01T20:00:00+00:00,12326.65
2026-05-01T20:00:00+00:00,12326.65
2026-05-01T20:00:00+00:00,12326.65
2026-05-01T20:15:00+00:00,12326.65
2026-05-01T20:15:00+00:00,12326.65
2026-05-01T20:15:00+00:00,12326.65
2026-05-01T20:30:00+00:00,12326.65
2026-05-01T20:30:00+00:00,12326.65
2026-05-01T20:30:00+00:00,12326.65
2026-05-01T20:45:00+00:00,12326.65
2026-05-01T20:45:00+00:00,12326.65
2026-05-01T20:45:00+00:00,12326.65
2026-05-01T21:00:00+00:00,12326.65
2026-05-01T21:00:00+00:00,12326.65
2026-05-01T21:00:00+00:00,12326.65
2026-05-01T21:15:00+00:00,12326.65
2026-05-01T21:15:00+00:00,12326.65
2026-05-01T21:15:00+00:00,12326.65
2026-05-01T21:30:00+00:00,12326.65
2026-05-01T21:30:00+00:00,12326.65
2026-05-01T21:30:00+00:00,12326.65
2026-05-01T21:45:00+00:00,12326.65
2026-05-01T21:45:00+00:00,12326.65
2026-05-01T21:45:00+00:00,12326.65
2026-05-01T22:00:00+00:00,12326.65
2026-05-01T22:00:00+00:00,12326.65
2026-05-01T22:00:00+00:00,12326.65
2026-05-01T22:15:00+00:00,12326.65
2026-05-01T22:15:00+00:00,12326.65
2026-05-01T22:15:00+00:00,12326.65
2026-05-01T22:30:00+00:00,12326.65
2026-05-01T22:30:00+00:00,12326.65
2026-05-01T22:30:00+00:00,12326.65
2026-05-01T22:45:00+00:00,12326.65
2026-05-01T22:45:00+00:00,12326.65
2026-05-01T22:45:00+00:00,12326.65
2026-05-01T23:00:00+00:00,12326.65
2026-05-01T23:00:00+00:00,12326.65
2026-05-01T23:00:00+00:00,12326.65
2026-05-01T23:15:00+00:00,12326.65
2026-05-01T23:15:00+00:00,12326.65
2026-05-01T23:15:00+00:00,12326.65
2026-05-01T23:30:00+00:00,12326.65
2026-05-01T23:30:00+00:00,12326.65
2026-05-01T23:30:00+00:00,12326.65
2026-05-01T23:45:00+00:00,12326.65
2026-05-01T23:45:00+00:00,12326.65
2026-05-01T23:45:00+00:00,12326.65
2026-05-02T00:00:00+00:00,12326.65
2026-05-02T00:00:00+00:00,12326.65
2026-05-02T00:00:00+00:00,12326.65
2026-05-02T00:15:00+00:00,12326.65
2026-05-02T00:15:00+00:00,12326.65
2026-05-02T00:15:00+00:00,12326.65
2026-05-02T00:30:00+00:00,12326.65
2026-05-02T00:30:00+00:00,12326.65
2026-05-02T00:30:00+00:00,12326.65
2026-05-02T00:45:00+00:00,12326.65
2026-05-02T00:45:00+00:00,12326.65
2026-05-02T00:45:00+00:00,12326.65
2026-05-02T01:00:00+00:00,12326.65
2026-05-02T01:00:00+00:00,12326.65
2026-05-02T01:00:00+00:00,12326.65
2026-05-02T01:15:00+00:00,12326.65
2026-05-02T01:15:00+00:00,12326.65
2026-05-02T01:15:00+00:00,12326.65
2026-05-02T01:30:00+00:00,12326.65
2026-05-02T01:30:00+00:00,12326.65
2026-05-02T01:30:00+00:00,12326.65
2026-05-02T01:45:00+00:00,12326.65
2026-05-02T01:45:00+00:00,12326.65
2026-05-02T01:45:00+00:00,12326.65
2026-05-02T02:00:00+00:00,12326.65
2026-05-02T02:00:00+00:00,12326.65
2026-05-02T02:00:00+00:00,12326.65
2026-05-02T02:15:00+00:00,12326.65
2026-05-02T02:15:00+00:00,12326.65
2026-05-02T02:15:00+00:00,12326.65
2026-05-02T02:30:00+00:00,12326.65
2026-05-02T02:30:00+00:00,12326.65
2026-05-02T02:30:00+00:00,12326.65
2026-05-02T02:45:00+00:00,12326.65
2026-05-02T02:45:00+00:00,12326.65
2026-05-02T02:45:00+00:00,12326.65
2026-05-02T03:00:00+00:00,12326.65
2026-05-02T03:00:00+00:00,12326.65
2026-05-02T03:00:00+00:00,12326.65
2026-05-02T03:15:00+00:00,12326.65
2026-05-02T03:15:00+00:00,12326.65
2026-05-02T03:15:00+00:00,12326.65
2026-05-02T03:30:00+00:00,12326.65
2026-05-02T03:30:00+00:00,12326.65
2026-05-02T03:30:00+00:00,12326.65
2026-05-02T03:45:00+00:00,12326.65
2026-05-02T03:45:00+00:00,12326.65
2026-05-02T03:45:00+00:00,12326.65
2026-05-02T04:00:00+00:00,12326.65
2026-05-02T04:00:00+00:00,12326.65
2026-05-02T04:00:00+00:00,12326.65
2026-05-02T04:15:00+00:00,12326.65
2026-05-02T04:15:00+00:00,12326.65
2026-05-02T04:15:00+00:00,12326.65
2026-05-02T04:30:00+00:00,12326.65
2026-05-02T04:30:00+00:00,12326.65
2026-05-02T04:30:00+00:00,12326.65
2026-05-02T04:45:00+00:00,12326.65
2026-05-02T04:45:00+00:00,12326.65
2026-05-02T04:45:00+00:00,12326.65
2026-05-02T05:00:00+00:00,12326.65
2026-05-02T05:00:00+00:00,12326.65
2026-05-02T05:00:00+00:00,12326.65
2026-05-02T05:15:00+00:00,12326.65
2026-05-02T05:15:00+00:00,12326.65
2026-05-02T05:15:00+00:00,12326.65
2026-05-02T05:30:00+00:00,12326.65
2026-05-02T05:30:00+00:00,12326.65
2026-05-02T05:30:00+00:00,12326.65
2026-05-02T05:45:00+00:00,12326.65
2026-05-02T05:45:00+00:00,12326.65
2026-05-02T05:45:00+00:00,12326.65
2026-05-02T06:00:00+00:00,12326.65
2026-05-02T06:00:00+00:00,12326.65
2026-05-02T06:00:00+00:00,12326.65
2026-05-02T06:15:00+00:00,12326.65
2026-05-02T06:15:00+00:00,12326.65
2026-05-02T06:15:00+00:00,12326.65
2026-05-02T06:30:00+00:00,12326.65
2026-05-02T06:30:00+00:00,12326.65
2026-05-02T06:30:00+00:00,12326.65
2026-05-02T06:45:00+00:00,12326.65
2026-05-02T06:45:00+00:00,12326.65
2026-05-02T06:45:00+00:00,12326.65
2026-05-02T07:00:00+00:00,12326.65
2026-05-02T07:00:00+00:00,12326.65
2026-05-02T07:00:00+00:00,12326.65
2026-05-02T07:15:00+00:00,12326.65
2026-05-02T07:15:00+00:00,12326.65
2026-05-02T07:15:00+00:00,12326.65
2026-05-02T07:30:00+00:00,12326.65
2026-05-02T07:30:00+00:00,12326.65
2026-05-02T07:30:00+00:00,12326.65
2026-05-02T07:45:00+00:00,12326.65
2026-05-02T07:45:00+00:00,12326.65
2026-05-02T07:45:00+00:00,12326.65
2026-05-02T08:00:00+00:00,12326.65
2026-05-02T08:00:00+00:00,12326.65
2026-05-02T08:00:00+00:00,12326.65
2026-05-02T08:15:00+00:00,12326.65
2026-05-02T08:15:00+00:00,12326.65
2026-05-02T08:15:00+00:00,12326.65
2026-05-02T08:30:00+00:00,12326.65
2026-05-02T08:30:00+00:00,12326.65
2026-05-02T08:30:00+00:00,12326.65
2026-05-02T08:45:00+00:00,12326.65
2026-05-02T08:45:00+00:00,12326.65
2026-05-02T08:45:00+00:00,12326.65
2026-05-02T09:00:00+00:00,12326.65
2026-05-02T09:00:00+00:00,12326.65
2026-05-02T09:00:00+00:00,12326.65
2026-05-02T09:15:00+00:00,12326.65
2026-05-02T09:15:00+00:00,12326.65
2026-05-02T09:15:00+00:00,12326.65
2026-05-02T09:30:00+00:00,12326.65
2026-05-02T09:30:00+00:00,12326.65
2026-05-02T09:30:00+00:00,12326.65
2026-05-02T09:45:00+00:00,12326.65
2026-05-02T09:45:00+00:00,12326.65
2026-05-02T09:45:00+00:00,12326.65
2026-05-02T10:00:00+00:00,12326.65
2026-05-02T10:00:00+00:00,12326.65
2026-05-02T10:00:00+00:00,12326.65
2026-05-02T10:15:00+00:00,12326.65
2026-05-02T10:15:00+00:00,12326.65
2026-05-02T10:15:00+00:00,12326.65
2026-05-02T10:30:00+00:00,12326.65
2026-05-02T10:30:00+00:00,12326.65
2026-05-02T10:30:00+00:00,12326.65
2026-05-02T10:45:00+00:00,12326.65
2026-05-02T10:45:00+00:00,12326.65
2026-05-02T10:45:00+00:00,12326.65
2026-05-02T11:00:00+00:00,12326.65
2026-05-02T11:00:00+00:00,12326.65
2026-05-02T11:00:00+00:00,12326.65
2026-05-02T11:15:00+00:00,12326.65
2026-05-02T11:15:00+00:00,12326.65
2026-05-02T11:15:00+00:00,12326.65
2026-05-02T11:30:00+00:00,12326.65
2026-05-02T11:30:00+00:00,12326.65
2026-05-02T11:30:00+00:00,12326.65
2026-05-02T11:45:00+00:00,12326.65
2026-05-02T11:45:00+00:00,12326.65
2026-05-02T11:45:00+00:00,12326.65
2026-05-02T12:00:00+00:00,12326.65
2026-05-02T12:00:00+00:00,12326.65
2026-05-02T12:00:00+00:00,12326.65
2026-05-02T12:15:00+00:00,12326.65
2026-05-02T12:15:00+00:00,12326.65
2026-05-02T12:15:00+00:00,12326.65
2026-05-02T12:30:00+00:00,12326.65
2026-05-02T12:30:00+00:00,12326.65
2026-05-02T12:30:00+00:00,12326.65
2026-05-02T12:45:00+00:00,12326.65
2026-05-02T12:45:00+00:00,12326.65
2026-05-02T12:45:00+00:00,12326.65
2026-05-02T13:00:00+00:00,12326.65
2026-05-02T13:00:00+00:00,12326.65
2026-05-02T13:00:00+00:00,12326.65
2026-05-02T13:15:00+00:00,12326.65
2026-05-02T13:15:00+00:00,12326.65
2026-05-02T13:15:00+00:00,12326.65
2026-05-02T13:30:00+00:00,12326.65
2026-05-02T13:30:00+00:00,12326.65
2026-05-02T13:30:00+00:00,12326.65
2026-05-02T13:45:00+00:00,12326.65
2026-05-02T13:45:00+00:00,12326.65
2026-05-02T13:45:00+00:00,12326.65
2026-05-02T14:00:00+00:00,12326.65
2026-05-02T14:00:00+00:00,12326.65
2026-05-02T14:00:00+00:00,12326.65
2026-05-02T14:15:00+00:00,12326.65
2026-05-02T14:15:00+00:00,12326.65
2026-05-02T14:15:00+00:00,12326.65
2026-05-02T14:30:00+00:00,12326.65
2026-05-02T14:30:00+00:00,12326.65
2026-05-02T14:30:00+00:00,12326.65
2026-05-02T14:45:00+00:00,12326.65
2026-05-02T14:45:00+00:00,12326.65
2026-05-02T14:45:00+00:00,12326.65
2026-05-02T15:00:00+00:00,12326.65
2026-05-02T15:00:00+00:00,12326.65
2026-05-02T15:00:00+00:00,12326.65
2026-05-02T15:15:00+00:00,12326.65
2026-05-02T15:15:00+00:00,12326.65
2026-05-02T15:15:00+00:00,12326.65
2026-05-02T15:30:00+00:00,12326.65
2026-05-02T15:30:00+00:00,12326.65
2026-05-02T15:30:00+00:00,12326.65
2026-05-02T15:45:00+00:00,12326.65
2026-05-02T15:45:00+00:00,12326.65
2026-05-02T15:45:00+00:00,12326.65
2026-05-02T16:00:00+00:00,12326.65
2026-05-02T16:00:00+00:00,12326.65
2026-05-02T16:00:00+00:00,12326.65
2026-05-02T16:15:00+00:00,12326.65
2026-05-02T16:15:00+00:00,12326.65
2026-05-02T16:15:00+00:00,12326.65
2026-05-02T16:30:00+00:00,12326.65
2026-05-02T16:30:00+00:00,12326.65
2026-05-02T16:30:00+00:00,12326.65
2026-05-02T16:45:00+00:00,12326.65
2026-05-02T16:45:00+00:00,12326.65
2026-05-02T16:45:00+00:00,12326.65
2026-05-02T17:00:00+00:00,12326.65
2026-05-02T17:00:00+00:00,12326.65
2026-05-02T17:00:00+00:00,12326.65
2026-05-02T17:15:00+00:00,12326.65
2026-05-02T17:15:00+00:00,12326.65
2026-05-02T17:15:00+00:00,12326.65
2026-05-02T17:30:00+00:00,12326.65
2026-05-02T17:30:00+00:00,12326.65
2026-05-02T17:30:00+00:00,12326.65
2026-05-02T17:45:00+00:00,12326.65
2026-05-02T17:45:00+00:00,12326.65
2026-05-02T17:45:00+00:00,12326.65
2026-05-02T18:00:00+00:00,12326.65
2026-05-02T18:00:00+00:00,12326.65
2026-05-02T18:00:00+00:00,12326.65
2026-05-02T18:15:00+00:00,12326.65
2026-05-02T18:15:00+00:00,12326.65
2026-05-02T18:15:00+00:00,12326.65
2026-05-02T18:30:00+00:00,12326.65
2026-05-02T18:30:00+00:00,12326.65
2026-05-02T18:30:00+00:00,12326.65
2026-05-02T18:45:00+00:00,12326.65
2026-05-02T18:45:00+00:00,12326.65
2026-05-02T18:45:00+00:00,12326.65
2026-05-02T19:00:00+00:00,12326.65
2026-05-02T19:00:00+00:00,12326.65
2026-05-02T19:00:00+00:00,12326.65
2026-05-02T19:15:00+00:00,12326.65
2026-05-02T19:15:00+00:00,12326.65
2026-05-02T19:15:00+00:00,12326.65
2026-05-02T19:30:00+00:00,12326.65
2026-05-02T19:30:00+00:00,12326.65
2026-05-02T19:30:00+00:00,12326.65
2026-05-02T19:45:00+00:00,12326.65
2026-05-02T19:45:00+00:00,12326.65
2026-05-02T19:45:00+00:00,12326.65
2026-05-02T20:00:00+00:00,12326.65
2026-05-02T20:00:00+00:00,12326.65
2026-05-02T20:00:00+00:00,12326.65
2026-05-02T20:15:00+00:00,12326.65
2026-05-02T20:15:00+00:00,12326.65
2026-05-02T20:15:00+00:00,12326.65
2026-05-02T20:30:00+00:00,12326.65
2026-05-02T20:30:00+00:00,12326.65
2026-05-02T20:30:00+00:00,12326.65
2026-05-02T20:45:00+00:00,12326.65
2026-05-02T20:45:00+00:00,12326.65
2026-05-02T20:45:00+00:00,12326.65
2026-05-02T21:00:00+00:00,12326.65
2026-05-02T21:00:00+00:00,12326.65
2026-05-02T21:00:00+00:00,12326.65
2026-05-02T21:15:00+00:00,12326.65
2026-05-02T21:15:00+00:00,12326.65
2026-05-02T21:15:00+00:00,12326.65
2026-05-02T21:30:00+00:00,12326.65
2026-05-02T21:30:00+00:00,12326.65
2026-05-02T21:30:00+00:00,12326.65
2026-05-02T21:45:00+00:00,12326.65
2026-05-02T21:45:00+00:00,12326.65
2026-05-02T21:45:00+00:00,12326.65
2026-05-02T22:00:00+00:00,12326.65
2026-05-02T22:00:00+00:00,12326.65
2026-05-02T22:00:00+00:00,12326.65
2026-05-02T22:15:00+00:00,12326.65
2026-05-02T22:15:00+00:00,12326.65
2026-05-02T22:15:00+00:00,12326.65
2026-05-02T22:30:00+00:00,12326.65
2026-05-02T22:30:00+00:00,12326.65
2026-05-02T22:30:00+00:00,12326.65
2026-05-02T22:45:00+00:00,12326.65
2026-05-02T22:45:00+00:00,12326.65
2026-05-02T22:45:00+00:00,12326.65
2026-05-02T23:00:00+00:00,12326.65
2026-05-02T23:00:00+00:00,12326.65
2026-05-02T23:00:00+00:00,12326.65
2026-05-02T23:15:00+00:00,12326.65
2026-05-02T23:15:00+00:00,12326.65
2026-05-02T23:15:00+00:00,12326.65
2026-05-02T23:30:00+00:00,12326.65
2026-05-02T23:30:00+00:00,12326.65
2026-05-02T23:30:00+00:00,12326.65
2026-05-02T23:45:00+00:00,12326.65
2026-05-02T23:45:00+00:00,12326.65
2026-05-02T23:45:00+00:00,12326.65
2026-05-03T00:00:00+00:00,12326.65
2026-05-03T00:00:00+00:00,12326.65
2026-05-03T00:00:00+00:00,12326.65
2026-05-03T00:15:00+00:00,12326.65
2026-05-03T00:15:00+00:00,12326.65
2026-05-03T00:15:00+00:00,12326.65
2026-05-03T00:30:00+00:00,12326.65
2026-05-03T00:30:00+00:00,12326.65
2026-05-03T00:30:00+00:00,12326.65
2026-05-03T00:45:00+00:00,12326.65
2026-05-03T00:45:00+00:00,12326.65
2026-05-03T00:45:00+00:00,12326.65
2026-05-03T01:00:00+00:00,12326.65
2026-05-03T01:00:00+00:00,12326.65
2026-05-03T01:00:00+00:00,12326.65
2026-05-03T01:15:00+00:00,12326.65
2026-05-03T01:15:00+00:00,12326.65
2026-05-03T01:15:00+00:00,12326.65
2026-05-03T01:30:00+00:00,12326.65
2026-05-03T01:30:00+00:00,12326.65
2026-05-03T01:30:00+00:00,12326.65
2026-05-03T01:45:00+00:00,12326.65
2026-05-03T01:45:00+00:00,12326.65
2026-05-03T01:45:00+00:00,12326.65
2026-05-03T02:00:00+00:00,12326.65
2026-05-03T02:00:00+00:00,12326.65
2026-05-03T02:00:00+00:00,12326.65
2026-05-03T02:15:00+00:00,12326.65
2026-05-03T02:15:00+00:00,12326.65
2026-05-03T02:15:00+00:00,12326.65
2026-05-03T02:30:00+00:00,12326.65
2026-05-03T02:30:00+00:00,12326.65
2026-05-03T02:30:00+00:00,12326.65
2026-05-03T02:45:00+00:00,12326.65
2026-05-03T02:45:00+00:00,12326.65
2026-05-03T02:45:00+00:00,12326.65
2026-05-03T03:00:00+00:00,12326.65
2026-05-03T03:00:00+00:00,12326.65
2026-05-03T03:00:00+00:00,12326.65
2026-05-03T03:15:00+00:00,12326.65
2026-05-03T03:15:00+00:00,12326.65
2026-05-03T03:15:00+00:00,12326.65
2026-05-03T03:30:00+00:00,12326.65
2026-05-03T03:30:00+00:00,12326.65
2026-05-03T03:30:00+00:00,12326.65
2026-05-03T03:45:00+00:00,12326.65
2026-05-03T03:45:00+00:00,12326.65
2026-05-03T03:45:00+00:00,12326.65
2026-05-03T04:00:00+00:00,12326.65
2026-05-03T04:00:00+00:00,12326.65
2026-05-03T04:00:00+00:00,12326.65
2026-05-03T04:15:00+00:00,12326.65
2026-05-03T04:15:00+00:00,12326.65
2026-05-03T04:15:00+00:00,12326.65
2026-05-03T04:30:00+00:00,12326.65
2026-05-03T04:30:00+00:00,12326.65
2026-05-03T04:30:00+00:00,12326.65
2026-05-03T04:45:00+00:00,12326.65
2026-05-03T04:45:00+00:00,12326.65
2026-05-03T04:45:00+00:00,12326.65
2026-05-03T05:00:00+00:00,12326.65
2026-05-03T05:00:00+00:00,12326.65
2026-05-03T05:00:00+00:00,12326.65
2026-05-03T05:15:00+00:00,12326.65
2026-05-03T05:15:00+00:00,12326.65
2026-05-03T05:15:00+00:00,12326.65
2026-05-03T05:30:00+00:00,12326.65
2026-05-03T05:30:00+00:00,12326.65
2026-05-03T05:30:00+00:00,12326.65
2026-05-03T05:45:00+00:00,12326.65
2026-05-03T05:45:00+00:00,12326.65
2026-05-03T05:45:00+00:00,12326.65
2026-05-03T06:00:00+00:00,12326.65
2026-05-03T06:00:00+00:00,12326.65
2026-05-03T06:00:00+00:00,12326.65
2026-05-03T06:15:00+00:00,12326.65
2026-05-03T06:15:00+00:00,12326.65
2026-05-03T06:15:00+00:00,12326.65
2026-05-03T06:30:00+00:00,12326.65
2026-05-03T06:30:00+00:00,12326.65
2026-05-03T06:30:00+00:00,12326.65
2026-05-03T06:45:00+00:00,12326.65
2026-05-03T06:45:00+00:00,12326.65
2026-05-03T06:45:00+00:00,12326.65
2026-05-03T07:00:00+00:00,12326.65
2026-05-03T07:00:00+00:00,12326.65
2026-05-03T07:00:00+00:00,12326.65
2026-05-03T07:15:00+00:00,12326.65
2026-05-03T07:15:00+00:00,12326.65
2026-05-03T07:15:00+00:00,12326.65
2026-05-03T07:30:00+00:00,12326.65
2026-05-03T07:30:00+00:00,12326.65
2026-05-03T07:30:00+00:00,12326.65
2026-05-03T07:45:00+00:00,12326.65
2026-05-03T07:45:00+00:00,12326.65
2026-05-03T07:45:00+00:00,12326.65
2026-05-03T08:00:00+00:00,12326.65
2026-05-03T08:00:00+00:00,12326.65
2026-05-03T08:00:00+00:00,12326.65
2026-05-03T08:15:00+00:00,12326.65
2026-05-03T08:15:00+00:00,12326.65
2026-05-03T08:15:00+00:00,12326.65
2026-05-03T08:30:00+00:00,12326.65
2026-05-03T08:30:00+00:00,12326.65
2026-05-03T08:30:00+00:00,12326.65
2026-05-03T08:45:00+00:00,12326.65
2026-05-03T08:45:00+00:00,12326.65
2026-05-03T08:45:00+00:00,12326.65
2026-05-03T09:00:00+00:00,12326.65
2026-05-03T09:00:00+00:00,12326.65
2026-05-03T09:00:00+00:00,12326.65
2026-05-03T09:15:00+00:00,12326.65
2026-05-03T09:15:00+00:00,12326.65
2026-05-03T09:15:00+00:00,12326.65
2026-05-03T09:30:00+00:00,12326.65
2026-05-03T09:30:00+00:00,12326.65
2026-05-03T09:30:00+00:00,12326.65
2026-05-03T09:45:00+00:00,12326.65
2026-05-03T09:45:00+00:00,12326.65
2026-05-03T09:45:00+00:00,12326.65
2026-05-03T10:00:00+00:00,12326.65
2026-05-03T10:00:00+00:00,12326.65
2026-05-03T10:00:00+00:00,12326.65
2026-05-03T10:15:00+00:00,12326.65
2026-05-03T10:15:00+00:00,12326.65
2026-05-03T10:15:00+00:00,12326.65
2026-05-03T10:30:00+00:00,12326.65
2026-05-03T10:30:00+00:00,12326.65
2026-05-03T10:30:00+00:00,12326.65
2026-05-03T10:45:00+00:00,12326.65
2026-05-03T10:45:00+00:00,12326.65
2026-05-03T10:45:00+00:00,12326.65
2026-05-03T11:00:00+00:00,12326.65
2026-05-03T11:00:00+00:00,12326.65
2026-05-03T11:00:00+00:00,12326.65
2026-05-03T11:15:00+00:00,12326.65
2026-05-03T11:15:00+00:00,12326.65
2026-05-03T11:15:00+00:00,12326.65
2026-05-03T11:30:00+00:00,12326.65
2026-05-03T11:30:00+00:00,12326.65
2026-05-03T11:30:00+00:00,12326.65
2026-05-03T11:45:00+00:00,12326.65
2026-05-03T11:45:00+00:00,12326.65
2026-05-03T11:45:00+00:00,12326.65
2026-05-03T12:00:00+00:00,12326.65
2026-05-03T12:00:00+00:00,12326.65
2026-05-03T12:00:00+00:00,12326.65
2026-05-03T12:15:00+00:00,12326.65
2026-05-03T12:15:00+00:00,12326.65
2026-05-03T12:15:00+00:00,12326.65
2026-05-03T12:30:00+00:00,12326.65
2026-05-03T12:30:00+00:00,12326.65
2026-05-03T12:30:00+00:00,12326.65
2026-05-03T12:45:00+00:00,12326.65
2026-05-03T12:45:00+00:00,12326.65
2026-05-03T12:45:00+00:00,12326.65
2026-05-03T13:00:00+00:00,12326.65
2026-05-03T13:00:00+00:00,12326.65
2026-05-03T13:00:00+00:00,12326.65
2026-05-03T13:15:00+00:00,12326.65
2026-05-03T13:15:00+00:00,12326.65
2026-05-03T13:15:00+00:00,12326.65
2026-05-03T13:30:00+00:00,12326.65
2026-05-03T13:30:00+00:00,12326.65
2026-05-03T13:30:00+00:00,12326.65
2026-05-03T13:45:00+00:00,12326.65
2026-05-03T13:45:00+00:00,12326.65
2026-05-03T13:45:00+00:00,12326.65
2026-05-03T14:00:00+00:00,12326.65
2026-05-03T14:00:00+00:00,12326.65
2026-05-03T14:00:00+00:00,12326.65
2026-05-03T14:15:00+00:00,12326.65
2026-05-03T14:15:00+00:00,12326.65
2026-05-03T14:15:00+00:00,12326.65
2026-05-03T14:30:00+00:00,12326.65
2026-05-03T14:30:00+00:00,12326.65
2026-05-03T14:30:00+00:00,12326.65
2026-05-03T14:45:00+00:00,12326.65
2026-05-03T14:45:00+00:00,12326.65
2026-05-03T14:45:00+00:00,12326.65
2026-05-03T15:00:00+00:00,12326.65
2026-05-03T15:00:00+00:00,12326.65
2026-05-03T15:00:00+00:00,12326.65
2026-05-03T15:15:00+00:00,12326.65
2026-05-03T15:15:00+00:00,12326.65
2026-05-03T15:15:00+00:00,12326.65
2026-05-03T15:30:00+00:00,12326.65
2026-05-03T15:30:00+00:00,12326.65
2026-05-03T15:30:00+00:00,12326.65
2026-05-03T15:45:00+00:00,12326.65
2026-05-03T15:45:00+00:00,12326.65
2026-05-03T15:45:00+00:00,12326.65
2026-05-03T16:00:00+00:00,12326.65
2026-05-03T16:00:00+00:00,12326.65
2026-05-03T16:00:00+00:00,12326.65
2026-05-03T16:15:00+00:00,12326.65
2026-05-03T16:15:00+00:00,12326.65
2026-05-03T16:15:00+00:00,12326.65
2026-05-03T16:30:00+00:00,12326.65
2026-05-03T16:30:00+00:00,12326.65
2026-05-03T16:30:00+00:00,12326.65
2026-05-03T16:45:00+00:00,12326.65
2026-05-03T16:45:00+00:00,12326.65
2026-05-03T16:45:00+00:00,12326.65
2026-05-03T17:00:00+00:00,12326.65
2026-05-03T17:00:00+00:00,12326.65
2026-05-03T17:00:00+00:00,12326.65
2026-05-03T17:15:00+00:00,12326.65
2026-05-03T17:15:00+00:00,12326.65
2026-05-03T17:15:00+00:00,12326.65
2026-05-03T17:30:00+00:00,12326.65
2026-05-03T17:30:00+00:00,12326.65
2026-05-03T17:30:00+00:00,12326.65
2026-05-03T17:45:00+00:00,12326.65
2026-05-03T17:45:00+00:00,12326.65
2026-05-03T17:45:00+00:00,12326.65
2026-05-03T18:00:00+00:00,12326.65
2026-05-03T18:00:00+00:00,12326.65
2026-05-03T18:00:00+00:00,12326.65
2026-05-03T18:15:00+00:00,12326.65
2026-05-03T18:15:00+00:00,12326.65
2026-05-03T18:15:00+00:00,12326.65
2026-05-03T18:30:00+00:00,12326.65
2026-05-03T18:30:00+00:00,12326.65
2026-05-03T18:30:00+00:00,12326.65
2026-05-03T18:45:00+00:00,12326.65
2026-05-03T18:45:00+00:00,12326.65
2026-05-03T18:45:00+00:00,12326.65
2026-05-03T19:00:00+00:00,12326.65
2026-05-03T19:00:00+00:00,12326.65
2026-05-03T19:00:00+00:00,12326.65
2026-05-03T19:15:00+00:00,12326.65
2026-05-03T19:15:00+00:00,12326.65
2026-05-03T19:15:00+00:00,12326.65
2026-05-03T19:30:00+00:00,12326.65
2026-05-03T19:30:00+00:00,12326.65
2026-05-03T19:30:00+00:00,12326.65
2026-05-03T19:45:00+00:00,12326.65
2026-05-03T19:45:00+00:00,12326.65
2026-05-03T19:45:00+00:00,12326.65
2026-05-03T20:00:00+00:00,12326.65
2026-05-03T20:00:00+00:00,12326.65
2026-05-03T20:00:00+00:00,12326.65
2026-05-03T20:15:00+00:00,12326.65
2026-05-03T20:15:00+00:00,12326.65
2026-05-03T20:15:00+00:00,12326.65
2026-05-03T20:30:00+00:00,12326.65
2026-05-03T20:30:00+00:00,12326.65
2026-05-03T20:30:00+00:00,12326.65
2026-05-03T20:45:00+00:00,12326.65
2026-05-03T20:45:00+00:00,12326.65
2026-05-03T20:45:00+00:00,12326.65
2026-05-03T21:00:00+00:00,12326.65
2026-05-03T21:00:00+00:00,12326.65
2026-05-03T21:00:00+00:00,12326.65
2026-05-03T21:15:00+00:00,12326.65
2026-05-03T21:15:00+00:00,12326.65
2026-05-03T21:15:00+00:00,12326.65
2026-05-03T21:30:00+00:00,12326.65
2026-05-03T21:30:00+00:00,12326.65
2026-05-03T21:30:00+00:00,12326.65
2026-05-03T21:45:00+00:00,12326.65
2026-05-03T21:45:00+00:00,12326.65
2026-05-03T21:45:00+00:00,12326.65
2026-05-03T22:00:00+00:00,12326.65
2026-05-03T22:00:00+00:00,12326.65
2026-05-03T22:00:00+00:00,12326.65
2026-05-03T22:15:00+00:00,12326.65
2026-05-03T22:15:00+00:00,12326.65
2026-05-03T22:15:00+00:00,12326.65
2026-05-03T22:30:00+00:00,12326.65
2026-05-03T22:30:00+00:00,12326.65
2026-05-03T22:30:00+00:00,12326.65
2026-05-03T22:45:00+00:00,12326.65
2026-05-03T22:45:00+00:00,12326.65
2026-05-03T22:45:00+00:00,12326.65
2026-05-03T23:00:00+00:00,12326.65
2026-05-03T23:00:00+00:00,12326.65
2026-05-03T23:00:00+00:00,12326.65
2026-05-03T23:15:00+00:00,12326.65
2026-05-03T23:15:00+00:00,12326.65
2026-05-03T23:15:00+00:00,12326.65
2026-05-03T23:30:00+00:00,12326.65
2026-05-03T23:30:00+00:00,12326.65
2026-05-03T23:30:00+00:00,12326.65
2026-05-03T23:45:00+00:00,12326.65
2026-05-03T23:45:00+00:00,12326.65
2026-05-03T23:45:00+00:00,12326.65
2026-05-04T00:00:00+00:00,12326.65
2026-05-04T00:00:00+00:00,12326.65
2026-05-04T00:00:00+00:00,12326.65
2026-05-04T00:15:00+00:00,12326.65
2026-05-04T00:15:00+00:00,12326.65
2026-05-04T00:15:00+00:00,12326.65
2026-05-04T00:30:00+00:00,12326.65
2026-05-04T00:30:00+00:00,12326.65
2026-05-04T00:30:00+00:00,12326.65
2026-05-04T00:45:00+00:00,12326.65
2026-05-04T00:45:00+00:00,12326.65
2026-05-04T00:45:00+00:00,12326.65
2026-05-04T01:00:00+00:00,12326.65
2026-05-04T01:00:00+00:00,12326.65
2026-05-04T01:00:00+00:00,12326.65
2026-05-04T01:15:00+00:00,12326.65
2026-05-04T01:15:00+00:00,12326.65
2026-05-04T01:15:00+00:00,12326.65
2026-05-04T01:30:00+00:00,12326.65
2026-05-04T01:30:00+00:00,12326.65
2026-05-04T01:30:00+00:00,12326.65
2026-05-04T01:45:00+00:00,12326.65
2026-05-04T01:45:00+00:00,12326.65
2026-05-04T01:45:00+00:00,12326.65
2026-05-04T02:00:00+00:00,12326.65
2026-05-04T02:00:00+00:00,12326.65
2026-05-04T02:00:00+00:00,12326.65
2026-05-04T02:15:00+00:00,12326.65
2026-05-04T02:15:00+00:00,12326.65
2026-05-04T02:15:00+00:00,12326.65
2026-05-04T02:30:00+00:00,12326.65
2026-05-04T02:30:00+00:00,12326.65
2026-05-04T02:30:00+00:00,12326.65
2026-05-04T02:45:00+00:00,12326.65
2026-05-04T02:45:00+00:00,12326.65
2026-05-04T02:45:00+00:00,12326.65
2026-05-04T03:00:00+00:00,12326.65
2026-05-04T03:00:00+00:00,12326.65
2026-05-04T03:00:00+00:00,12326.65
2026-05-04T03:15:00+00:00,12326.65
2026-05-04T03:15:00+00:00,12326.65
2026-05-04T03:15:00+00:00,12326.65
2026-05-04T03:30:00+00:00,12326.65
2026-05-04T03:30:00+00:00,12326.65
2026-05-04T03:30:00+00:00,12326.65
2026-05-04T03:45:00+00:00,12326.65
2026-05-04T03:45:00+00:00,12326.65
2026-05-04T03:45:00+00:00,12326.65
2026-05-04T04:00:00+00:00,12326.65
2026-05-04T04:00:00+00:00,12326.65
2026-05-04T04:00:00+00:00,12326.65
2026-05-04T04:15:00+00:00,12326.65
2026-05-04T04:15:00+00:00,12326.65
2026-05-04T04:15:00+00:00,12326.65
2026-05-04T04:30:00+00:00,12326.65
2026-05-04T04:30:00+00:00,12326.65
2026-05-04T04:30:00+00:00,12326.65
2026-05-04T04:45:00+00:00,12326.65
2026-05-04T04:45:00+00:00,12326.65
2026-05-04T04:45:00+00:00,12326.65
2026-05-04T05:00:00+00:00,12326.65
2026-05-04T05:00:00+00:00,12326.65
2026-05-04T05:00:00+00:00,12326.65
2026-05-04T05:15:00+00:00,12326.65
2026-05-04T05:15:00+00:00,12326.65
2026-05-04T05:15:00+00:00,12326.65
2026-05-04T05:30:00+00:00,12326.65
2026-05-04T05:30:00+00:00,12326.65
2026-05-04T05:30:00+00:00,12326.65
2026-05-04T05:45:00+00:00,12326.65
2026-05-04T05:45:00+00:00,12326.65
2026-05-04T05:45:00+00:00,12326.65
2026-05-04T06:00:00+00:00,12326.65
2026-05-04T06:00:00+00:00,12326.65
2026-05-04T06:00:00+00:00,12326.65
2026-05-04T06:15:00+00:00,12326.65
2026-05-04T06:15:00+00:00,12326.65
2026-05-04T06:15:00+00:00,12326.65
2026-05-04T06:30:00+00:00,12326.65
2026-05-04T06:30:00+00:00,12326.65
2026-05-04T06:30:00+00:00,12326.65
2026-05-04T06:45:00+00:00,12326.65
2026-05-04T06:45:00+00:00,12326.65
2026-05-04T06:45:00+00:00,12326.65
2026-05-04T07:00:00+00:00,12326.65
2026-05-04T07:00:00+00:00,12326.65
2026-05-04T07:00:00+00:00,12326.65
2026-05-04T07:15:00+00:00,12326.65
2026-05-04T07:15:00+00:00,12326.65
2026-05-04T07:15:00+00:00,12326.65
2026-05-04T07:30:00+00:00,12326.65
2026-05-04T07:30:00+00:00,12326.65
2026-05-04T07:30:00+00:00,12326.65
2026-05-04T07:45:00+00:00,12326.65
2026-05-04T07:45:00+00:00,12326.65
2026-05-04T07:45:00+00:00,12326.65
2026-05-04T08:00:00+00:00,12326.65
2026-05-04T08:00:00+00:00,12326.65
2026-05-04T08:00:00+00:00,12326.65
2026-05-04T08:15:00+00:00,12326.65
2026-05-04T08:15:00+00:00,12326.65
2026-05-04T08:15:00+00:00,12326.65
2026-05-04T08:30:00+00:00,12326.65
2026-05-04T08:30:00+00:00,12326.65
2026-05-04T08:30:00+00:00,12326.65
2026-05-04T08:45:00+00:00,12326.65
2026-05-04T08:45:00+00:00,12326.65
2026-05-04T08:45:00+00:00,12326.65
2026-05-04T09:00:00+00:00,12326.65
2026-05-04T09:00:00+00:00,12326.65
2026-05-04T09:00:00+00:00,12326.65
2026-05-04T09:15:00+00:00,12326.65
2026-05-04T09:15:00+00:00,12326.65
2026-05-04T09:15:00+00:00,12326.65
2026-05-04T09:30:00+00:00,12326.65
2026-05-04T09:30:00+00:00,12326.65
2026-05-04T09:30:00+00:00,12326.65
2026-05-04T09:45:00+00:00,12326.65
2026-05-04T09:45:00+00:00,12326.65
2026-05-04T09:45:00+00:00,12326.65
2026-05-04T10:00:00+00:00,12326.65
2026-05-04T10:00:00+00:00,12326.65
2026-05-04T10:00:00+00:00,12326.65
2026-05-04T10:15:00+00:00,12326.65
2026-05-04T10:15:00+00:00,12326.65
2026-05-04T10:15:00+00:00,12326.65
2026-05-04T10:30:00+00:00,12326.65
2026-05-04T10:30:00+00:00,12326.65
2026-05-04T10:30:00+00:00,12326.65
2026-05-04T10:45:00+00:00,12326.65
2026-05-04T10:45:00+00:00,12326.65
2026-05-04T10:45:00+00:00,12326.65
2026-05-04T11:00:00+00:00,12287.81
2026-05-04T11:00:00+00:00,12246.20
2026-05-04T11:00:00+00:00,12246.20
2026-05-04T11:15:00+00:00,12244.06
2026-05-04T11:15:00+00:00,12237.78
2026-05-04T11:15:00+00:00,12237.78
2026-05-04T11:30:00+00:00,12161.39
2026-05-04T11:30:00+00:00,12133.12
2026-05-04T11:30:00+00:00,12133.12
2026-05-04T11:45:00+00:00,12155.25
2026-05-04T11:45:00+00:00,12188.75
2026-05-04T11:45:00+00:00,12188.75
2026-05-04T12:00:00+00:00,12192.25
2026-05-04T12:00:00+00:00,12195.39
2026-05-04T12:00:00+00:00,12195.39
2026-05-04T12:15:00+00:00,12252.51
2026-05-04T12:15:00+00:00,12283.92
2026-05-04T12:15:00+00:00,12283.92
2026-05-04T12:30:00+00:00,12295.34
2026-05-04T12:30:00+00:00,12301.63
2026-05-04T12:30:00+00:00,12301.63
2026-05-04T12:45:00+00:00,12255.93
2026-05-04T12:45:00+00:00,12196.26
2026-05-04T12:45:00+00:00,12196.26
2026-05-04T13:00:00+00:00,12221.05
2026-05-04T13:00:00+00:00,12237.80
2026-05-04T13:00:00+00:00,12237.80
2026-05-04T13:15:00+00:00,12247.44
2026-05-04T13:15:00+00:00,12263.14
2026-05-04T13:15:00+00:00,12263.14
2026-05-04T13:30:00+00:00,12237.08
2026-05-04T13:30:00+00:00,12208.82
2026-05-04T13:30:00+00:00,12208.82
2026-05-04T13:45:00+00:00,12172.05
2026-05-04T13:45:00+00:00,12175.19
2026-05-04T13:45:00+00:00,12175.19
2026-05-04T14:00:00+00:00,12207.15
2026-05-04T14:00:00+00:00,12231.23
2026-05-04T14:00:00+00:00,12231.23
2026-05-04T14:15:00+00:00,12256.84
2026-05-04T14:15:00+00:00,12270.19
2026-05-04T14:15:00+00:00,12270.19
2026-05-04T14:30:00+00:00,12294.73
2026-05-04T14:30:00+00:00,12312.53
2026-05-04T14:30:00+00:00,12312.53
2026-05-04T14:45:00+00:00,12372.06
2026-05-04T14:45:00+00:00,12420.74
2026-05-04T14:45:00+00:00,12420.74
2026-05-04T15:00:00+00:00,12409.11
2026-05-04T15:00:00+00:00,12386.19
2026-05-04T15:00:00+00:00,12386.19
2026-05-04T15:15:00+00:00,12386.19
2026-05-04T15:15:00+00:00,12386.19
2026-05-04T15:15:00+00:00,12386.19
2026-05-04T15:30:00+00:00,12386.19
2026-05-04T15:30:00+00:00,12386.19
2026-05-04T15:30:00+00:00,12386.19
2026-05-04T15:45:00+00:00,12386.19
2026-05-04T15:45:00+00:00,12386.19
2026-05-04T15:45:00+00:00,12386.19
2026-05-04T16:00:00+00:00,12386.19
2026-05-04T16:00:00+00:00,12386.19
2026-05-04T16:00:00+00:00,12386.19
2026-05-04T16:15:00+00:00,12386.19
2026-05-04T16:15:00+00:00,12386.19
2026-05-04T16:15:00+00:00,12386.19
2026-05-04T16:30:00+00:00,12386.19
2026-05-04T16:30:00+00:00,12386.19
2026-05-04T16:30:00+00:00,12386.19
2026-05-04T16:45:00+00:00,12386.19
2026-05-04T16:45:00+00:00,12386.19
2026-05-04T16:45:00+00:00,12386.19
2026-05-04T17:00:00+00:00,12386.19
2026-05-04T17:00:00+00:00,12386.19
2026-05-04T17:00:00+00:00,12386.19
2026-05-04T17:15:00+00:00,12386.19
2026-05-04T17:15:00+00:00,12386.19
2026-05-04T17:15:00+00:00,12386.19
2026-05-04T17:30:00+00:00,12386.19
2026-05-04T17:30:00+00:00,12386.19
2026-05-04T17:30:00+00:00,12386.19
2026-05-04T17:45:00+00:00,12386.19
2026-05-04T17:45:00+00:00,12386.19
2026-05-04T17:45:00+00:00,12386.19
2026-05-04T18:00:00+00:00,12386.19
2026-05-04T18:00:00+00:00,12386.19
2026-05-04T18:00:00+00:00,12386.19
2026-05-04T18:15:00+00:00,12386.19
2026-05-04T18:15:00+00:00,12386.19
2026-05-04T18:15:00+00:00,12386.19
2026-05-04T18:30:00+00:00,12386.19
2026-05-04T18:30:00+00:00,12386.19
2026-05-04T18:30:00+00:00,12386.19
2026-05-04T18:45:00+00:00,12386.19
2026-05-04T18:45:00+00:00,12386.19
2026-05-04T18:45:00+00:00,12386.19
2026-05-04T19:00:00+00:00,12386.19
2026-05-04T19:00:00+00:00,12386.19
2026-05-04T19:00:00+00:00,12386.19
2026-05-04T19:15:00+00:00,12386.19
2026-05-04T19:15:00+00:00,12386.19
2026-05-04T19:15:00+00:00,12386.19
2026-05-04T19:30:00+00:00,12386.19
2026-05-04T19:30:00+00:00,12386.19
2026-05-04T19:30:00+00:00,12386.19
2026-05-04T19:45:00+00:00,12386.19
2026-05-04T19:45:00+00:00,12386.19
2026-05-04T19:45:00+00:00,12386.19
2026-05-04T20:00:00+00:00,12386.19
2026-05-04T20:00:00+00:00,12386.19
2026-05-04T20:00:00+00:00,12386.19
2026-05-04T20:15:00+00:00,12386.19
2026-05-04T20:15:00+00:00,12386.19
2026-05-04T20:15:00+00:00,12386.19
2026-05-04T20:30:00+00:00,12386.19
2026-05-04T20:30:00+00:00,12386.19
2026-05-04T20:30:00+00:00,12386.19
2026-05-04T20:45:00+00:00,12386.19
2026-05-04T20:45:00+00:00,12386.19
2026-05-04T20:45:00+00:00,12386.19
2026-05-04T21:00:00+00:00,12386.19
2026-05-04T21:00:00+00:00,12386.19
2026-05-04T21:00:00+00:00,12386.19
2026-05-04T21:15:00+00:00,12386.19
2026-05-04T21:15:00+00:00,12386.19
2026-05-04T21:15:00+00:00,12386.19
2026-05-04T21:30:00+00:00,12386.19
2026-05-04T21:30:00+00:00,12386.19
2026-05-04T21:30:00+00:00,12386.19
2026-05-04T21:45:00+00:00,12386.19
2026-05-04T21:45:00+00:00,12386.19
2026-05-04T21:45:00+00:00,12386.19
2026-05-04T22:00:00+00:00,12386.19
2026-05-04T22:00:00+00:00,12386.19
2026-05-04T22:00:00+00:00,12386.19
2026-05-04T22:15:00+00:00,12386.19
2026-05-04T22:15:00+00:00,12386.19
2026-05-04T22:15:00+00:00,12386.19
2026-05-04T22:30:00+00:00,12386.19
2026-05-04T22:30:00+00:00,12386.19
2026-05-04T22:30:00+00:00,12386.19
2026-05-04T22:45:00+00:00,12386.19
2026-05-04T22:45:00+00:00,12386.19
2026-05-04T22:45:00+00:00,12386.19
2026-05-04T23:00:00+00:00,12386.19
2026-05-04T23:00:00+00:00,12386.19
2026-05-04T23:00:00+00:00,12386.19
2026-05-04T23:15:00+00:00,12386.19
2026-05-04T23:15:00+00:00,12386.19
2026-05-04T23:15:00+00:00,12386.19
2026-05-04T23:30:00+00:00,12386.19
2026-05-04T23:30:00+00:00,12386.19
2026-05-04T23:30:00+00:00,12386.19
2026-05-04T23:45:00+00:00,12386.19
2026-05-04T23:45:00+00:00,12386.19
2026-05-04T23:45:00+00:00,12386.19
2026-05-05T00:00:00+00:00,12386.19
2026-05-05T00:00:00+00:00,12386.19
2026-05-05T00:00:00+00:00,12386.19
2026-05-05T00:15:00+00:00,12386.19
2026-05-05T00:15:00+00:00,12386.19
2026-05-05T00:15:00+00:00,12386.19
2026-05-05T00:30:00+00:00,12386.19
2026-05-05T00:30:00+00:00,12386.19
2026-05-05T00:30:00+00:00,12386.19
2026-05-05T00:45:00+00:00,12386.19
2026-05-05T00:45:00+00:00,12386.19
2026-05-05T00:45:00+00:00,12386.19
2026-05-05T01:00:00+00:00,12386.19
2026-05-05T01:00:00+00:00,12386.19
2026-05-05T01:00:00+00:00,12386.19
2026-05-05T01:15:00+00:00,12386.19
2026-05-05T01:15:00+00:00,12386.19
2026-05-05T01:15:00+00:00,12386.19
2026-05-05T01:30:00+00:00,12386.19
2026-05-05T01:30:00+00:00,12386.19
2026-05-05T01:30:00+00:00,12386.19
2026-05-05T01:45:00+00:00,12386.19
2026-05-05T01:45:00+00:00,12386.19
2026-05-05T01:45:00+00:00,12386.19
2026-05-05T02:00:00+00:00,12386.19
2026-05-05T02:00:00+00:00,12386.19
2026-05-05T02:00:00+00:00,12386.19
2026-05-05T02:15:00+00:00,12386.19
2026-05-05T02:15:00+00:00,12386.19
2026-05-05T02:15:00+00:00,12386.19
2026-05-05T02:30:00+00:00,12386.19
2026-05-05T02:30:00+00:00,12386.19
2026-05-05T02:30:00+00:00,12386.19
2026-05-05T02:45:00+00:00,12386.19
2026-05-05T02:45:00+00:00,12386.19
2026-05-05T02:45:00+00:00,12386.19
2026-05-05T03:00:00+00:00,12386.19
2026-05-05T03:00:00+00:00,12386.19
2026-05-05T03:00:00+00:00,12386.19
2026-05-05T03:15:00+00:00,12386.19
2026-05-05T03:15:00+00:00,12386.19
2026-05-05T03:15:00+00:00,12386.19
2026-05-05T03:30:00+00:00,12386.19
2026-05-05T03:30:00+00:00,12386.19
2026-05-05T03:30:00+00:00,12386.19
2026-05-05T03:45:00+00:00,12386.19
2026-05-05T03:45:00+00:00,12386.19
2026-05-05T03:45:00+00:00,12386.19
2026-05-05T04:00:00+00:00,12386.19
2026-05-05T04:00:00+00:00,12386.19
2026-05-05T04:00:00+00:00,12386.19
2026-05-05T04:15:00+00:00,12386.19
2026-05-05T04:15:00+00:00,12386.19
2026-05-05T04:15:00+00:00,12386.19
2026-05-05T04:30:00+00:00,12386.19
2026-05-05T04:30:00+00:00,12386.19
2026-05-05T04:30:00+00:00,12386.19
2026-05-05T04:45:00+00:00,12386.19
2026-05-05T04:45:00+00:00,12386.19
2026-05-05T04:45:00+00:00,12386.19
2026-05-05T05:00:00+00:00,12386.19
2026-05-05T05:00:00+00:00,12386.19
2026-05-05T05:00:00+00:00,12386.19
2026-05-05T05:15:00+00:00,12386.19
2026-05-05T05:15:00+00:00,12386.19
2026-05-05T05:15:00+00:00,12386.19
2026-05-05T05:30:00+00:00,12386.19
2026-05-05T05:30:00+00:00,12386.19
2026-05-05T05:30:00+00:00,12386.19
2026-05-05T05:45:00+00:00,12386.19
2026-05-05T05:45:00+00:00,12386.19
2026-05-05T05:45:00+00:00,12386.19
2026-05-05T06:00:00+00:00,12386.19
2026-05-05T06:00:00+00:00,12386.19
2026-05-05T06:00:00+00:00,12386.19
2026-05-05T06:15:00+00:00,12386.19
2026-05-05T06:15:00+00:00,12386.19
2026-05-05T06:15:00+00:00,12386.19
2026-05-05T06:30:00+00:00,12386.19
2026-05-05T06:30:00+00:00,12386.19
2026-05-05T06:30:00+00:00,12386.19
2026-05-05T06:45:00+00:00,12386.19
2026-05-05T06:45:00+00:00,12386.19
2026-05-05T06:45:00+00:00,12386.19
2026-05-05T07:00:00+00:00,12386.19
2026-05-05T07:00:00+00:00,12386.19
2026-05-05T07:00:00+00:00,12386.19
2026-05-05T07:15:00+00:00,12386.19
2026-05-05T07:15:00+00:00,12386.19
2026-05-05T07:15:00+00:00,12386.19
2026-05-05T07:30:00+00:00,12386.19
2026-05-05T07:30:00+00:00,12386.19
2026-05-05T07:30:00+00:00,12386.19
2026-05-05T07:45:00+00:00,12386.19
2026-05-05T07:45:00+00:00,12386.19
2026-05-05T07:45:00+00:00,12386.19
2026-05-05T08:00:00+00:00,12386.19
2026-05-05T08:00:00+00:00,12386.19
2026-05-05T08:00:00+00:00,12386.19
2026-05-05T08:15:00+00:00,12386.19
2026-05-05T08:15:00+00:00,12386.19
2026-05-05T08:15:00+00:00,12386.19
2026-05-05T08:30:00+00:00,12386.19
2026-05-05T08:30:00+00:00,12386.19
2026-05-05T08:30:00+00:00,12386.19
2026-05-05T08:45:00+00:00,12386.19
2026-05-05T08:45:00+00:00,12386.19
2026-05-05T08:45:00+00:00,12386.19
2026-05-05T09:00:00+00:00,12386.19
2026-05-05T09:00:00+00:00,12386.19
2026-05-05T09:00:00+00:00,12386.19
2026-05-05T09:15:00+00:00,12386.19
2026-05-05T09:15:00+00:00,12386.19
2026-05-05T09:15:00+00:00,12386.19
2026-05-05T09:30:00+00:00,12386.19
2026-05-05T09:30:00+00:00,12386.19
2026-05-05T09:30:00+00:00,12386.19
2026-05-05T09:45:00+00:00,12386.19
2026-05-05T09:45:00+00:00,12386.19
2026-05-05T09:45:00+00:00,12386.19
2026-05-05T10:00:00+00:00,12386.19
2026-05-05T10:00:00+00:00,12386.19
2026-05-05T10:00:00+00:00,12386.19
2026-05-05T10:15:00+00:00,12386.19
2026-05-05T10:15:00+00:00,12386.19
2026-05-05T10:15:00+00:00,12386.19
2026-05-05T10:30:00+00:00,12386.19
2026-05-05T10:30:00+00:00,12386.19
2026-05-05T10:30:00+00:00,12386.19
2026-05-05T10:45:00+00:00,12386.19
2026-05-05T10:45:00+00:00,12386.19
2026-05-05T10:45:00+00:00,12386.19
2026-05-05T11:00:00+00:00,12386.19
2026-05-05T11:00:00+00:00,12386.19
2026-05-05T11:00:00+00:00,12386.19
2026-05-05T11:15:00+00:00,12386.19
2026-05-05T11:15:00+00:00,12386.19
2026-05-05T11:15:00+00:00,12386.19
2026-05-05T11:30:00+00:00,12386.19
2026-05-05T11:30:00+00:00,12386.19
2026-05-05T11:30:00+00:00,12386.19
2026-05-05T11:45:00+00:00,12386.19
2026-05-05T11:45:00+00:00,12386.19
2026-05-05T11:45:00+00:00,12386.19
2026-05-05T12:00:00+00:00,12386.19
2026-05-05T12:00:00+00:00,12386.19
2026-05-05T12:00:00+00:00,12386.19
2026-05-05T12:15:00+00:00,12386.19
2026-05-05T12:15:00+00:00,12386.19
2026-05-05T12:15:00+00:00,12386.19
2026-05-05T12:30:00+00:00,12386.19
2026-05-05T12:30:00+00:00,12386.19
2026-05-05T12:30:00+00:00,12386.19
2026-05-05T12:45:00+00:00,12386.19
2026-05-05T12:45:00+00:00,12386.19
2026-05-05T12:45:00+00:00,12386.19
2026-05-05T13:00:00+00:00,12386.19
2026-05-05T13:00:00+00:00,12386.19
2026-05-05T13:00:00+00:00,12386.19
2026-05-05T13:15:00+00:00,12386.19
2026-05-05T13:15:00+00:00,12386.19
2026-05-05T13:15:00+00:00,12386.19
2026-05-05T13:30:00+00:00,12386.19
2026-05-05T13:30:00+00:00,12386.19
2026-05-05T13:30:00+00:00,12386.19
2026-05-05T13:45:00+00:00,12386.19
2026-05-05T13:45:00+00:00,12386.19
2026-05-05T13:45:00+00:00,12386.19
2026-05-05T14:00:00+00:00,12386.19
2026-05-05T14:00:00+00:00,12386.19
2026-05-05T14:00:00+00:00,12386.19
2026-05-05T14:15:00+00:00,12386.19
2026-05-05T14:15:00+00:00,12386.19
2026-05-05T14:15:00+00:00,12386.19
2026-05-05T14:30:00+00:00,12386.19
2026-05-05T14:30:00+00:00,12386.19
2026-05-05T14:30:00+00:00,12386.19
2026-05-05T14:45:00+00:00,12386.19
2026-05-05T14:45:00+00:00,12386.19
2026-05-05T14:45:00+00:00,12386.19
2026-05-05T15:00:00+00:00,12386.19
2026-05-05T15:00:00+00:00,12386.19
2026-05-05T15:00:00+00:00,12386.19
2026-05-05T15:15:00+00:00,12386.19
2026-05-05T15:15:00+00:00,12386.19
2026-05-05T15:15:00+00:00,12386.19
2026-05-05T15:30:00+00:00,12386.19
2026-05-05T15:30:00+00:00,12386.19
2026-05-05T15:30:00+00:00,12386.19
2026-05-05T15:45:00+00:00,12386.19
2026-05-05T15:45:00+00:00,12386.19
2026-05-05T15:45:00+00:00,12386.19
2026-05-05T16:00:00+00:00,12386.19
2026-05-05T16:00:00+00:00,12386.19
2026-05-05T16:00:00+00:00,12386.19
2026-05-05T16:15:00+00:00,12386.19
2026-05-05T16:15:00+00:00,12386.19
2026-05-05T16:15:00+00:00,12386.19
2026-05-05T16:30:00+00:00,12386.19
2026-05-05T16:30:00+00:00,12386.19
2026-05-05T16:30:00+00:00,12386.19
2026-05-05T16:45:00+00:00,12386.19
2026-05-05T16:45:00+00:00,12386.19
2026-05-05T16:45:00+00:00,12386.19
2026-05-05T17:00:00+00:00,12386.19
2026-05-05T17:00:00+00:00,12386.19
2026-05-05T17:00:00+00:00,12386.19
2026-05-05T17:15:00+00:00,12386.19
2026-05-05T17:15:00+00:00,12386.19
2026-05-05T17:15:00+00:00,12386.19
2026-05-05T17:30:00+00:00,12386.19
2026-05-05T17:30:00+00:00,12386.19
2026-05-05T17:30:00+00:00,12386.19
2026-05-05T17:45:00+00:00,12386.19
2026-05-05T17:45:00+00:00,12386.19
2026-05-05T17:45:00+00:00,12386.19
2026-05-05T18:00:00+00:00,12386.19
2026-05-05T18:00:00+00:00,12386.19
2026-05-05T18:00:00+00:00,12386.19
2026-05-05T18:15:00+00:00,12386.19
2026-05-05T18:15:00+00:00,12386.19
2026-05-05T18:15:00+00:00,12386.19
2026-05-05T18:30:00+00:00,12386.19
2026-05-05T18:30:00+00:00,12386.19
2026-05-05T18:30:00+00:00,12386.19
2026-05-05T18:45:00+00:00,12386.19
2026-05-05T18:45:00+00:00,12386.19
2026-05-05T18:45:00+00:00,12386.19
2026-05-05T19:00:00+00:00,12386.19
2026-05-05T19:00:00+00:00,12386.19
2026-05-05T19:00:00+00:00,12386.19
2026-05-05T19:15:00+00:00,12386.19
2026-05-05T19:15:00+00:00,12386.19
2026-05-05T19:15:00+00:00,12386.19
2026-05-05T19:30:00+00:00,12386.19
2026-05-05T19:30:00+00:00,12386.19
2026-05-05T19:30:00+00:00,12386.19
2026-05-05T19:45:00+00:00,12386.19
2026-05-05T19:45:00+00:00,12386.19
2026-05-05T19:45:00+00:00,12386.19
2026-05-05T20:00:00+00:00,12386.19
2026-05-05T20:00:00+00:00,12386.19
2026-05-05T20:00:00+00:00,12386.19
2026-05-05T20:15:00+00:00,12386.19
2026-05-05T20:15:00+00:00,12386.19
2026-05-05T20:15:00+00:00,12386.19
2026-05-05T20:30:00+00:00,12386.19
2026-05-05T20:30:00+00:00,12386.19
2026-05-05T20:30:00+00:00,12386.19
2026-05-05T20:45:00+00:00,12386.19
2026-05-05T20:45:00+00:00,12386.19
2026-05-05T20:45:00+00:00,12386.19
2026-05-05T21:00:00+00:00,12386.19
2026-05-05T21:00:00+00:00,12386.19
2026-05-05T21:00:00+00:00,12386.19
2026-05-05T21:15:00+00:00,12386.19
2026-05-05T21:15:00+00:00,12386.19
2026-05-05T21:15:00+00:00,12386.19
2026-05-05T21:30:00+00:00,12386.19
2026-05-05T21:30:00+00:00,12386.19
2026-05-05T21:30:00+00:00,12386.19
2026-05-05T21:45:00+00:00,12386.19
2026-05-05T21:45:00+00:00,12386.19
2026-05-05T21:45:00+00:00,12386.19
2026-05-05T22:00:00+00:00,12386.19
2026-05-05T22:00:00+00:00,12386.19
2026-05-05T22:00:00+00:00,12386.19
2026-05-05T22:15:00+00:00,12386.19
2026-05-05T22:15:00+00:00,12386.19
2026-05-05T22:15:00+00:00,12386.19
2026-05-05T22:30:00+00:00,12386.19
2026-05-05T22:30:00+00:00,12386.19
2026-05-05T22:30:00+00:00,12386.19
2026-05-05T22:45:00+00:00,12386.19
2026-05-05T22:45:00+00:00,12386.19
2026-05-05T22:45:00+00:00,12386.19
2026-05-05T23:00:00+00:00,12386.19
2026-05-05T23:00:00+00:00,12386.19
2026-05-05T23:00:00+00:00,12386.19
2026-05-05T23:15:00+00:00,12386.19
2026-05-05T23:15:00+00:00,12386.19
2026-05-05T23:15:00+00:00,12386.19
2026-05-05T23:30:00+00:00,12386.19
2026-05-05T23:30:00+00:00,12386.19
2026-05-05T23:30:00+00:00,12386.19
2026-05-05T23:45:00+00:00,12386.19
2026-05-05T23:45:00+00:00,12386.19
2026-05-05T23:45:00+00:00,12386.19
2026-05-06T00:00:00+00:00,12386.19
2026-05-06T00:00:00+00:00,12386.19
2026-05-06T00:00:00+00:00,12386.19
2026-05-06T00:15:00+00:00,12386.19
2026-05-06T00:15:00+00:00,12386.19
2026-05-06T00:15:00+00:00,12386.19
2026-05-06T00:30:00+00:00,12386.19
2026-05-06T00:30:00+00:00,12386.19
2026-05-06T00:30:00+00:00,12386.19
2026-05-06T00:45:00+00:00,12386.19
2026-05-06T00:45:00+00:00,12386.19
2026-05-06T00:45:00+00:00,12386.19
2026-05-06T01:00:00+00:00,12386.19
2026-05-06T01:00:00+00:00,12386.19
2026-05-06T01:00:00+00:00,12386.19
2026-05-06T01:15:00+00:00,12386.19
2026-05-06T01:15:00+00:00,12386.19
2026-05-06T01:15:00+00:00,12386.19
2026-05-06T01:30:00+00:00,12386.19
2026-05-06T01:30:00+00:00,12386.19
2026-05-06T01:30:00+00:00,12386.19
2026-05-06T01:45:00+00:00,12386.19
2026-05-06T01:45:00+00:00,12386.19
2026-05-06T01:45:00+00:00,12386.19
2026-05-06T02:00:00+00:00,12386.19
2026-05-06T02:00:00+00:00,12386.19
2026-05-06T02:00:00+00:00,12386.19
2026-05-06T02:15:00+00:00,12386.19
2026-05-06T02:15:00+00:00,12386.19
2026-05-06T02:15:00+00:00,12386.19
2026-05-06T02:30:00+00:00,12386.19
2026-05-06T02:30:00+00:00,12386.19
2026-05-06T02:30:00+00:00,12386.19
2026-05-06T02:45:00+00:00,12386.19
2026-05-06T02:45:00+00:00,12386.19
2026-05-06T02:45:00+00:00,12386.19
2026-05-06T03:00:00+00:00,12386.19
2026-05-06T03:00:00+00:00,12386.19
2026-05-06T03:00:00+00:00,12386.19
2026-05-06T03:15:00+00:00,12386.19
2026-05-06T03:15:00+00:00,12386.19
2026-05-06T03:15:00+00:00,12386.19
2026-05-06T03:30:00+00:00,12386.19
2026-05-06T03:30:00+00:00,12386.19
2026-05-06T03:30:00+00:00,12386.19
2026-05-06T03:45:00+00:00,12386.19
2026-05-06T03:45:00+00:00,12386.19
2026-05-06T03:45:00+00:00,12386.19
2026-05-06T04:00:00+00:00,12386.19
2026-05-06T04:00:00+00:00,12386.19
2026-05-06T04:00:00+00:00,12386.19
2026-05-06T04:15:00+00:00,12386.19
2026-05-06T04:15:00+00:00,12386.19
2026-05-06T04:15:00+00:00,12386.19
2026-05-06T04:30:00+00:00,12386.19
2026-05-06T04:30:00+00:00,12386.19
2026-05-06T04:30:00+00:00,12386.19
2026-05-06T04:45:00+00:00,12386.19
2026-05-06T04:45:00+00:00,12386.19
2026-05-06T04:45:00+00:00,12386.19
2026-05-06T05:00:00+00:00,12386.19
2026-05-06T05:00:00+00:00,12386.19
2026-05-06T05:00:00+00:00,12386.19
2026-05-06T05:15:00+00:00,12386.19
2026-05-06T05:15:00+00:00,12386.19
2026-05-06T05:15:00+00:00,12386.19
2026-05-06T05:30:00+00:00,12386.19
2026-05-06T05:30:00+00:00,12386.19
2026-05-06T05:30:00+00:00,12386.19
2026-05-06T05:45:00+00:00,12386.19
2026-05-06T05:45:00+00:00,12386.19
2026-05-06T05:45:00+00:00,12386.19
2026-05-06T06:00:00+00:00,12386.19
2026-05-06T06:00:00+00:00,12386.19
2026-05-06T06:00:00+00:00,12386.19
2026-05-06T06:15:00+00:00,12386.19
2026-05-06T06:15:00+00:00,12386.19
2026-05-06T06:15:00+00:00,12386.19
2026-05-06T06:30:00+00:00,12386.19
2026-05-06T06:30:00+00:00,12386.19
2026-05-06T06:30:00+00:00,12386.19
2026-05-06T06:45:00+00:00,12386.19
2026-05-06T06:45:00+00:00,12386.19
2026-05-06T06:45:00+00:00,12386.19
2026-05-06T07:00:00+00:00,12386.19
2026-05-06T07:00:00+00:00,12386.19
2026-05-06T07:00:00+00:00,12386.19
2026-05-06T07:15:00+00:00,12386.19
2026-05-06T07:15:00+00:00,12386.19
2026-05-06T07:15:00+00:00,12386.19
2026-05-06T07:30:00+00:00,12386.19
2026-05-06T07:30:00+00:00,12386.19
2026-05-06T07:30:00+00:00,12386.19
2026-05-06T07:45:00+00:00,12386.19
2026-05-06T07:45:00+00:00,12386.19
2026-05-06T07:45:00+00:00,12386.19
2026-05-06T08:00:00+00:00,12386.19
2026-05-06T08:00:00+00:00,12386.19
2026-05-06T08:00:00+00:00,12386.19
2026-05-06T08:15:00+00:00,12386.19
2026-05-06T08:15:00+00:00,12386.19
2026-05-06T08:15:00+00:00,12386.19
2026-05-06T08:30:00+00:00,12386.19
2026-05-06T08:30:00+00:00,12386.19
2026-05-06T08:30:00+00:00,12386.19
2026-05-06T08:45:00+00:00,12386.19
2026-05-06T08:45:00+00:00,12386.19
2026-05-06T08:45:00+00:00,12386.19
2026-05-06T09:00:00+00:00,12386.19
2026-05-06T09:00:00+00:00,12386.19
2026-05-06T09:00:00+00:00,12386.19
2026-05-06T09:15:00+00:00,12386.19
2026-05-06T09:15:00+00:00,12386.19
2026-05-06T09:15:00+00:00,12386.19
2026-05-06T09:30:00+00:00,12386.19
2026-05-06T09:30:00+00:00,12386.19
2026-05-06T09:30:00+00:00,12386.19
2026-05-06T09:45:00+00:00,12386.19
2026-05-06T09:45:00+00:00,12386.19
2026-05-06T09:45:00+00:00,12386.19
2026-05-06T10:00:00+00:00,12386.19
2026-05-06T10:00:00+00:00,12386.19
2026-05-06T10:00:00+00:00,12386.19
2026-05-06T10:15:00+00:00,12386.19
2026-05-06T10:15:00+00:00,12386.19
2026-05-06T10:15:00+00:00,12386.19
2026-05-06T10:30:00+00:00,12386.19
2026-05-06T10:30:00+00:00,12386.19
2026-05-06T10:30:00+00:00,12386.19
2026-05-06T10:45:00+00:00,12386.19
2026-05-06T10:45:00+00:00,12386.19
2026-05-06T10:45:00+00:00,12386.19
2026-05-06T11:00:00+00:00,12386.19
2026-05-06T11:00:00+00:00,12386.19
2026-05-06T11:00:00+00:00,12386.19
2026-05-06T11:15:00+00:00,12386.19
2026-05-06T11:15:00+00:00,12386.19
2026-05-06T11:15:00+00:00,12386.19
2026-05-06T11:30:00+00:00,12386.19
2026-05-06T11:30:00+00:00,12386.19
2026-05-06T11:30:00+00:00,12386.19
2026-05-06T11:45:00+00:00,12386.19
2026-05-06T11:45:00+00:00,12386.19
2026-05-06T11:45:00+00:00,12386.19
2026-05-06T12:00:00+00:00,12386.19
2026-05-06T12:00:00+00:00,12386.19
2026-05-06T12:00:00+00:00,12386.19
2026-05-06T12:15:00+00:00,12386.19
2026-05-06T12:15:00+00:00,12386.19
2026-05-06T12:15:00+00:00,12386.19
2026-05-06T12:30:00+00:00,12386.19
2026-05-06T12:30:00+00:00,12386.19
2026-05-06T12:30:00+00:00,12386.19
2026-05-06T12:45:00+00:00,12386.19
2026-05-06T12:45:00+00:00,12386.19
2026-05-06T12:45:00+00:00,12386.19
2026-05-06T13:00:00+00:00,12386.19
2026-05-06T13:00:00+00:00,12386.19
2026-05-06T13:00:00+00:00,12386.19
2026-05-06T13:15:00+00:00,12386.19
2026-05-06T13:15:00+00:00,12386.19
2026-05-06T13:15:00+00:00,12386.19
2026-05-06T13:30:00+00:00,12386.19
2026-05-06T13:30:00+00:00,12386.19
2026-05-06T13:30:00+00:00,12386.19
2026-05-06T13:45:00+00:00,12386.19
2026-05-06T13:45:00+00:00,12386.19
2026-05-06T13:45:00+00:00,12386.19
2026-05-06T14:00:00+00:00,12386.19
2026-05-06T14:00:00+00:00,12386.19
2026-05-06T14:00:00+00:00,12386.19
2026-05-06T14:15:00+00:00,12386.19
2026-05-06T14:15:00+00:00,12386.19
2026-05-06T14:15:00+00:00,12386.19
2026-05-06T14:30:00+00:00,12386.19
2026-05-06T14:30:00+00:00,12386.19
2026-05-06T14:30:00+00:00,12386.19
2026-05-06T14:45:00+00:00,12386.19
2026-05-06T14:45:00+00:00,12386.19
2026-05-06T14:45:00+00:00,12386.19
2026-05-06T15:00:00+00:00,12386.19
2026-05-06T15:00:00+00:00,12386.19
2026-05-06T15:00:00+00:00,12386.19
2026-05-06T15:15:00+00:00,12386.19
2026-05-06T15:15:00+00:00,12386.19
2026-05-06T15:15:00+00:00,12386.19
2026-05-06T15:30:00+00:00,12386.19
2026-05-06T15:30:00+00:00,12386.19
2026-05-06T15:30:00+00:00,12386.19
2026-05-06T15:45:00+00:00,12386.19
2026-05-06T15:45:00+00:00,12386.19
2026-05-06T15:45:00+00:00,12386.19
2026-05-06T16:00:00+00:00,12386.19
2026-05-06T16:00:00+00:00,12386.19
2026-05-06T16:00:00+00:00,12386.19
2026-05-06T16:15:00+00:00,12386.19
2026-05-06T16:15:00+00:00,12386.19
2026-05-06T16:15:00+00:00,12386.19
2026-05-06T16:30:00+00:00,12386.19
2026-05-06T16:30:00+00:00,12386.19
2026-05-06T16:30:00+00:00,12386.19
2026-05-06T16:45:00+00:00,12386.19
2026-05-06T16:45:00+00:00,12386.19
2026-05-06T16:45:00+00:00,12386.19
2026-05-06T17:00:00+00:00,12386.19
2026-05-06T17:00:00+00:00,12386.19
2026-05-06T17:00:00+00:00,12386.19
2026-05-06T17:15:00+00:00,12386.19
2026-05-06T17:15:00+00:00,12386.19
2026-05-06T17:15:00+00:00,12386.19
2026-05-06T17:30:00+00:00,12386.19
2026-05-06T17:30:00+00:00,12386.19
2026-05-06T17:30:00+00:00,12386.19
2026-05-06T17:45:00+00:00,12386.19
2026-05-06T17:45:00+00:00,12386.19
2026-05-06T17:45:00+00:00,12386.19
2026-05-06T18:00:00+00:00,12386.19
2026-05-06T18:00:00+00:00,12386.19
2026-05-06T18:00:00+00:00,12386.19
2026-05-06T18:15:00+00:00,12386.19
2026-05-06T18:15:00+00:00,12386.19
2026-05-06T18:15:00+00:00,12386.19
2026-05-06T18:30:00+00:00,12386.19
2026-05-06T18:30:00+00:00,12386.19
2026-05-06T18:30:00+00:00,12386.19
2026-05-06T18:45:00+00:00,12386.19
2026-05-06T18:45:00+00:00,12386.19
2026-05-06T18:45:00+00:00,12386.19
2026-05-06T19:00:00+00:00,12386.19
2026-05-06T19:00:00+00:00,12386.19
2026-05-06T19:00:00+00:00,12386.19
2026-05-06T19:15:00+00:00,12386.19
2026-05-06T19:15:00+00:00,12386.19
2026-05-06T19:15:00+00:00,12386.19
2026-05-06T19:30:00+00:00,12386.19
2026-05-06T19:30:00+00:00,12386.19
2026-05-06T19:30:00+00:00,12386.19
2026-05-06T19:45:00+00:00,12386.19
2026-05-06T19:45:00+00:00,12386.19
2026-05-06T19:45:00+00:00,12386.19
2026-05-06T20:00:00+00:00,12386.19
2026-05-06T20:00:00+00:00,12386.19
2026-05-06T20:00:00+00:00,12386.19
2026-05-06T20:15:00+00:00,12386.19
2026-05-06T20:15:00+00:00,12386.19
2026-05-06T20:15:00+00:00,12386.19
2026-05-06T20:30:00+00:00,12386.19
2026-05-06T20:30:00+00:00,12386.19
2026-05-06T20:30:00+00:00,12386.19
2026-05-06T20:45:00+00:00,12386.19
2026-05-06T20:45:00+00:00,12386.19
2026-05-06T20:45:00+00:00,12386.19
2026-05-06T21:00:00+00:00,12386.19
2026-05-06T21:00:00+00:00,12386.19
2026-05-06T21:00:00+00:00,12386.19
2026-05-06T21:15:00+00:00,12386.19
2026-05-06T21:15:00+00:00,12386.19
2026-05-06T21:15:00+00:00,12386.19
2026-05-06T21:30:00+00:00,12386.19
2026-05-06T21:30:00+00:00,12386.19
2026-05-06T21:30:00+00:00,12386.19
2026-05-06T21:45:00+00:00,12386.19
2026-05-06T21:45:00+00:00,12386.19
2026-05-06T21:45:00+00:00,12386.19
2026-05-06T22:00:00+00:00,12386.19
2026-05-06T22:00:00+00:00,12386.19
2026-05-06T22:00:00+00:00,12386.19
2026-05-06T22:15:00+00:00,12386.19
2026-05-06T22:15:00+00:00,12386.19
2026-05-06T22:15:00+00:00,12386.19
2026-05-06T22:30:00+00:00,12386.19
2026-05-06T22:30:00+00:00,12386.19
2026-05-06T22:30:00+00:00,12386.19
2026-05-06T22:45:00+00:00,12386.19
2026-05-06T22:45:00+00:00,12386.19
2026-05-06T22:45:00+00:00,12386.19
2026-05-06T23:00:00+00:00,12386.19
2026-05-06T23:00:00+00:00,12386.19
2026-05-06T23:00:00+00:00,12386.19
2026-05-06T23:15:00+00:00,12386.19
2026-05-06T23:15:00+00:00,12386.19
2026-05-06T23:15:00+00:00,12386.19
2026-05-06T23:30:00+00:00,12386.19
2026-05-06T23:30:00+00:00,12386.19
2026-05-06T23:30:00+00:00,12386.19
2026-05-06T23:45:00+00:00,12386.19
2026-05-06T23:45:00+00:00,12386.19
2026-05-06T23:45:00+00:00,12386.19
2026-05-07T00:00:00+00:00,12386.19
2026-05-07T00:00:00+00:00,12386.19
2026-05-07T00:00:00+00:00,12386.19
2026-05-07T00:15:00+00:00,12386.19
2026-05-07T00:15:00+00:00,12386.19
2026-05-07T00:15:00+00:00,12386.19
2026-05-07T00:30:00+00:00,12386.19
2026-05-07T00:30:00+00:00,12386.19
2026-05-07T00:30:00+00:00,12386.19
2026-05-07T00:45:00+00:00,12386.19
2026-05-07T00:45:00+00:00,12386.19
2026-05-07T00:45:00+00:00,12386.19
2026-05-07T01:00:00+00:00,12386.19
2026-05-07T01:00:00+00:00,12386.19
2026-05-07T01:00:00+00:00,12386.19
2026-05-07T01:15:00+00:00,12386.19
2026-05-07T01:15:00+00:00,12386.19
2026-05-07T01:15:00+00:00,12386.19
2026-05-07T01:30:00+00:00,12386.19
2026-05-07T01:30:00+00:00,12386.19
2026-05-07T01:30:00+00:00,12386.19
2026-05-07T01:45:00+00:00,12386.19
2026-05-07T01:45:00+00:00,12386.19
2026-05-07T01:45:00+00:00,12386.19
2026-05-07T02:00:00+00:00,12386.19
2026-05-07T02:00:00+00:00,12386.19
2026-05-07T02:00:00+00:00,12386.19
2026-05-07T02:15:00+00:00,12386.19
2026-05-07T02:15:00+00:00,12386.19
2026-05-07T02:15:00+00:00,12386.19
2026-05-07T02:30:00+00:00,12386.19
2026-05-07T02:30:00+00:00,12386.19
2026-05-07T02:30:00+00:00,12386.19
2026-05-07T02:45:00+00:00,12386.19
2026-05-07T02:45:00+00:00,12386.19
2026-05-07T02:45:00+00:00,12386.19
2026-05-07T03:00:00+00:00,12386.19
2026-05-07T03:00:00+00:00,12386.19
2026-05-07T03:00:00+00:00,12386.19
2026-05-07T03:15:00+00:00,12386.19
2026-05-07T03:15:00+00:00,12386.19
2026-05-07T03:15:00+00:00,12386.19
2026-05-07T03:30:00+00:00,12386.19
2026-05-07T03:30:00+00:00,12386.19
2026-05-07T03:30:00+00:00,12386.19
2026-05-07T03:45:00+00:00,12386.19
2026-05-07T03:45:00+00:00,12386.19
2026-05-07T03:45:00+00:00,12386.19
2026-05-07T04:00:00+00:00,12386.19
2026-05-07T04:00:00+00:00,12386.19
2026-05-07T04:00:00+00:00,12386.19
2026-05-07T04:15:00+00:00,12386.19
2026-05-07T04:15:00+00:00,12386.19
2026-05-07T04:15:00+00:00,12386.19
2026-05-07T04:30:00+00:00,12386.19
2026-05-07T04:30:00+00:00,12386.19
2026-05-07T04:30:00+00:00,12386.19
2026-05-07T04:45:00+00:00,12386.19
2026-05-07T04:45:00+00:00,12386.19
2026-05-07T04:45:00+00:00,12386.19
2026-05-07T05:00:00+00:00,12386.19
2026-05-07T05:00:00+00:00,12386.19
2026-05-07T05:00:00+00:00,12386.19
2026-05-07T05:15:00+00:00,12386.19
2026-05-07T05:15:00+00:00,12386.19
2026-05-07T05:15:00+00:00,12386.19
2026-05-07T05:30:00+00:00,12386.19
2026-05-07T05:30:00+00:00,12386.19
2026-05-07T05:30:00+00:00,12386.19
2026-05-07T05:45:00+00:00,12386.19
2026-05-07T05:45:00+00:00,12386.19
2026-05-07T05:45:00+00:00,12386.19
2026-05-07T06:00:00+00:00,12386.19
2026-05-07T06:00:00+00:00,12386.19
2026-05-07T06:00:00+00:00,12386.19
2026-05-07T06:15:00+00:00,12386.19
2026-05-07T06:15:00+00:00,12386.19
2026-05-07T06:15:00+00:00,12386.19
2026-05-07T06:30:00+00:00,12386.19
2026-05-07T06:30:00+00:00,12386.19
2026-05-07T06:30:00+00:00,12386.19
2026-05-07T06:45:00+00:00,12386.19
2026-05-07T06:45:00+00:00,12386.19
2026-05-07T06:45:00+00:00,12386.19
2026-05-07T07:00:00+00:00,12386.19
2026-05-07T07:00:00+00:00,12386.19
2026-05-07T07:00:00+00:00,12386.19
2026-05-07T07:15:00+00:00,12386.19
2026-05-07T07:15:00+00:00,12386.19
2026-05-07T07:15:00+00:00,12386.19
2026-05-07T07:30:00+00:00,12386.19
2026-05-07T07:30:00+00:00,12386.19
2026-05-07T07:30:00+00:00,12386.19
2026-05-07T07:45:00+00:00,12386.19
2026-05-07T07:45:00+00:00,12386.19
2026-05-07T07:45:00+00:00,12386.19
2026-05-07T08:00:00+00:00,12386.19
2026-05-07T08:00:00+00:00,12386.19
2026-05-07T08:00:00+00:00,12386.19
2026-05-07T08:15:00+00:00,12386.19
2026-05-07T08:15:00+00:00,12386.19
2026-05-07T08:15:00+00:00,12386.19
2026-05-07T08:30:00+00:00,12386.19
2026-05-07T08:30:00+00:00,12386.19
2026-05-07T08:30:00+00:00,12386.19
2026-05-07T08:45:00+00:00,12386.19
2026-05-07T08:45:00+00:00,12386.19
2026-05-07T08:45:00+00:00,12386.19
2026-05-07T09:00:00+00:00,12386.19
2026-05-07T09:00:00+00:00,12386.19
2026-05-07T09:00:00+00:00,12386.19
2026-05-07T09:15:00+00:00,12386.19
2026-05-07T09:15:00+00:00,12386.19
2026-05-07T09:15:00+00:00,12386.19
2026-05-07T09:30:00+00:00,12386.19
2026-05-07T09:30:00+00:00,12386.19
2026-05-07T09:30:00+00:00,12386.19
2026-05-07T09:45:00+00:00,12386.19
2026-05-07T09:45:00+00:00,12386.19
2026-05-07T09:45:00+00:00,12386.19
2026-05-07T10:00:00+00:00,12386.19
2026-05-07T10:00:00+00:00,12386.19
2026-05-07T10:00:00+00:00,12386.19
2026-05-07T10:15:00+00:00,12386.19
2026-05-07T10:15:00+00:00,12386.19
2026-05-07T10:15:00+00:00,12386.19
2026-05-07T10:30:00+00:00,12386.19
2026-05-07T10:30:00+00:00,12386.19
2026-05-07T10:30:00+00:00,12386.19
2026-05-07T10:45:00+00:00,12386.19
2026-05-07T10:45:00+00:00,12386.19
2026-05-07T10:45:00+00:00,12386.19
2026-05-07T11:00:00+00:00,12386.19
2026-05-07T11:00:00+00:00,12386.19
2026-05-07T11:00:00+00:00,12386.19
2026-05-07T11:15:00+00:00,12386.19
2026-05-07T11:15:00+00:00,12386.19
2026-05-07T11:15:00+00:00,12386.19
2026-05-07T11:30:00+00:00,12386.19
2026-05-07T11:30:00+00:00,12386.19
2026-05-07T11:30:00+00:00,12386.19
2026-05-07T11:45:00+00:00,12386.19
2026-05-07T11:45:00+00:00,12386.19
2026-05-07T11:45:00+00:00,12386.19
2026-05-07T12:00:00+00:00,12386.19
2026-05-07T12:00:00+00:00,12386.19
2026-05-07T12:00:00+00:00,12386.19
2026-05-07T12:15:00+00:00,12386.19
2026-05-07T12:15:00+00:00,12386.19
2026-05-07T12:15:00+00:00,12386.19
2026-05-07T12:30:00+00:00,12386.19
2026-05-07T12:30:00+00:00,12386.19
2026-05-07T12:30:00+00:00,12386.19
2026-05-07T12:45:00+00:00,12386.19
2026-05-07T12:45:00+00:00,12386.19
2026-05-07T12:45:00+00:00,12386.19
2026-05-07T13:00:00+00:00,12386.19
2026-05-07T13:00:00+00:00,12386.19
2026-05-07T13:00:00+00:00,12386.19
2026-05-07T13:15:00+00:00,12386.19
2026-05-07T13:15:00+00:00,12386.19
2026-05-07T13:15:00+00:00,12386.19
2026-05-07T13:30:00+00:00,12386.19
2026-05-07T13:30:00+00:00,12386.19
2026-05-07T13:30:00+00:00,12386.19
2026-05-07T13:45:00+00:00,12386.19
2026-05-07T13:45:00+00:00,12386.19
2026-05-07T13:45:00+00:00,12386.19
2026-05-07T14:00:00+00:00,12386.19
2026-05-07T14:00:00+00:00,12386.19
2026-05-07T14:00:00+00:00,12408.85
2026-05-07T14:15:00+00:00,12408.85
2026-05-07T14:15:00+00:00,12408.85
2026-05-07T14:15:00+00:00,12304.84
2026-05-07T14:30:00+00:00,12304.84
2026-05-07T14:30:00+00:00,12304.84
2026-05-07T14:30:00+00:00,12182.38
2026-05-07T14:45:00+00:00,12182.38
2026-05-07T14:45:00+00:00,12182.38
2026-05-07T14:45:00+00:00,12216.34
2026-05-07T15:00:00+00:00,12216.41
2026-05-07T15:00:00+00:00,12216.41
2026-05-07T15:00:00+00:00,12269.09
2026-05-07T15:15:00+00:00,12269.09
2026-05-07T15:15:00+00:00,12269.09
2026-05-07T15:15:00+00:00,12191.01
2026-05-07T15:30:00+00:00,12191.01
2026-05-07T15:30:00+00:00,12191.01
2026-05-07T15:30:00+00:00,12288.60
2026-05-07T15:45:00+00:00,12288.60
2026-05-07T15:45:00+00:00,12288.60
2026-05-07T15:45:00+00:00,12256.52
2026-05-07T16:00:00+00:00,12256.30
2026-05-07T16:00:00+00:00,12256.30
2026-05-07T16:00:00+00:00,12268.87
2026-05-07T16:15:00+00:00,12268.87
2026-05-07T16:15:00+00:00,12268.87
2026-05-07T16:15:00+00:00,12363.52
2026-05-07T16:30:00+00:00,12363.52
2026-05-07T16:30:00+00:00,12363.52
2026-05-07T16:30:00+00:00,12312.45
2026-05-07T16:45:00+00:00,12312.45
2026-05-07T16:45:00+00:00,12312.45
2026-05-07T16:45:00+00:00,12288.92
2026-05-07T17:00:00+00:00,12288.62
2026-05-07T17:00:00+00:00,12288.62
2026-05-07T17:00:00+00:00,12310.95
2026-05-07T17:15:00+00:00,12310.95
2026-05-07T17:15:00+00:00,12310.95
2026-05-07T17:15:00+00:00,12280.00
2026-05-07T17:30:00+00:00,12280.00
2026-05-07T17:30:00+00:00,12280.00
2026-05-07T17:30:00+00:00,12291.53
2026-05-07T17:45:00+00:00,12291.53
2026-05-07T17:45:00+00:00,12291.53
2026-05-07T17:45:00+00:00,12297.10
2026-05-07T18:00:00+00:00,12297.08
2026-05-07T18:00:00+00:00,12297.08
2026-05-07T18:00:00+00:00,12297.07
2026-05-07T18:15:00+00:00,12297.07
2026-05-07T18:15:00+00:00,12297.07
2026-05-07T18:15:00+00:00,12297.32
2026-05-07T18:30:00+00:00,12297.32
2026-05-07T18:30:00+00:00,12297.32
2026-05-07T18:30:00+00:00,12296.77
2026-05-07T18:45:00+00:00,12296.77
2026-05-07T18:45:00+00:00,12296.77
2026-05-07T18:45:00+00:00,12296.80
2026-05-07T19:00:00+00:00,12296.80
2026-05-07T19:00:00+00:00,12296.80
2026-05-07T19:00:00+00:00,12296.80
2026-05-07T19:15:00+00:00,12296.80
2026-05-07T19:15:00+00:00,12296.80
2026-05-07T19:15:00+00:00,12296.80
2026-05-07T19:30:00+00:00,12296.80
2026-05-07T19:30:00+00:00,12296.80
2026-05-07T19:30:00+00:00,12296.80
2026-05-07T19:45:00+00:00,12296.80
2026-05-07T19:45:00+00:00,12296.80
2026-05-07T19:45:00+00:00,12296.80
2026-05-07T20:00:00+00:00,12296.80
2026-05-07T20:00:00+00:00,12296.80
2026-05-07T20:00:00+00:00,12296.80
2026-05-07T20:15:00+00:00,12296.80
2026-05-07T20:15:00+00:00,12296.80
2026-05-07T20:15:00+00:00,12296.80
2026-05-07T20:30:00+00:00,12296.80
2026-05-07T20:30:00+00:00,12296.80
2026-05-07T20:30:00+00:00,12296.80
2026-05-07T20:45:00+00:00,12296.80
2026-05-07T20:45:00+00:00,12296.80
2026-05-07T20:45:00+00:00,12296.80
2026-05-07T21:00:00+00:00,12296.80
2026-05-07T21:00:00+00:00,12296.80
2026-05-07T21:00:00+00:00,12296.80
2026-05-07T21:15:00+00:00,12296.80
2026-05-07T21:15:00+00:00,12296.80
2026-05-07T21:15:00+00:00,12296.80
2026-05-07T21:30:00+00:00,12296.80
2026-05-07T21:30:00+00:00,12296.80
2026-05-07T21:30:00+00:00,12296.80
2026-05-07T21:45:00+00:00,12296.80
2026-05-07T21:45:00+00:00,12296.80
2026-05-07T21:45:00+00:00,12296.80
2026-05-07T22:00:00+00:00,12296.80
2026-05-07T22:00:00+00:00,12296.80
2026-05-07T22:00:00+00:00,12296.80
2026-05-07T22:15:00+00:00,12296.80
2026-05-07T22:15:00+00:00,12296.80
2026-05-07T22:15:00+00:00,12296.80
2026-05-07T22:30:00+00:00,12296.80
2026-05-07T22:30:00+00:00,12296.80
2026-05-07T22:30:00+00:00,12296.80
2026-05-07T22:45:00+00:00,12296.80
2026-05-07T22:45:00+00:00,12296.80
2026-05-07T22:45:00+00:00,12296.80
2026-05-07T23:00:00+00:00,12296.80
2026-05-07T23:00:00+00:00,12296.80
2026-05-07T23:00:00+00:00,12296.80
2026-05-07T23:15:00+00:00,12296.80
2026-05-07T23:15:00+00:00,12296.80
2026-05-07T23:15:00+00:00,12296.80
2026-05-07T23:30:00+00:00,12296.80
2026-05-07T23:30:00+00:00,12296.80
2026-05-07T23:30:00+00:00,12296.80
2026-05-07T23:45:00+00:00,12296.80
2026-05-07T23:45:00+00:00,12296.80
2026-05-07T23:45:00+00:00,12296.80
2026-05-08T00:00:00+00:00,12296.80
2026-05-08T00:00:00+00:00,12296.80
2026-05-08T00:00:00+00:00,12296.80
2026-05-08T00:15:00+00:00,12296.80
2026-05-08T00:15:00+00:00,12296.80
2026-05-08T00:15:00+00:00,12296.80
2026-05-08T00:30:00+00:00,12296.80
2026-05-08T00:30:00+00:00,12296.80
2026-05-08T00:30:00+00:00,12296.80
2026-05-08T00:45:00+00:00,12296.80
2026-05-08T00:45:00+00:00,12296.80
2026-05-08T00:45:00+00:00,12296.80
2026-05-08T01:00:00+00:00,12296.80
2026-05-08T01:00:00+00:00,12296.80
2026-05-08T01:00:00+00:00,12296.80
2026-05-08T01:15:00+00:00,12296.80
2026-05-08T01:15:00+00:00,12296.80
2026-05-08T01:15:00+00:00,12296.80
2026-05-08T01:30:00+00:00,12296.80
2026-05-08T01:30:00+00:00,12296.80
2026-05-08T01:30:00+00:00,12296.80
2026-05-08T01:45:00+00:00,12296.80
2026-05-08T01:45:00+00:00,12296.80
2026-05-08T01:45:00+00:00,12296.80
2026-05-08T02:00:00+00:00,12296.80
2026-05-08T02:00:00+00:00,12296.80
2026-05-08T02:00:00+00:00,12296.80
2026-05-08T02:15:00+00:00,12296.80
2026-05-08T02:15:00+00:00,12296.80
2026-05-08T02:15:00+00:00,12296.80
2026-05-08T02:30:00+00:00,12296.80
2026-05-08T02:30:00+00:00,12296.80
2026-05-08T02:30:00+00:00,12296.80
2026-05-08T02:45:00+00:00,12296.80
2026-05-08T02:45:00+00:00,12296.80
2026-05-08T02:45:00+00:00,12296.80
2026-05-08T03:00:00+00:00,12296.80
2026-05-08T03:00:00+00:00,12296.80
2026-05-08T03:00:00+00:00,12296.80
2026-05-08T03:15:00+00:00,12296.80
2026-05-08T03:15:00+00:00,12296.80
2026-05-08T03:15:00+00:00,12296.80
2026-05-08T03:30:00+00:00,12296.80
2026-05-08T03:30:00+00:00,12296.80
2026-05-08T03:30:00+00:00,12296.80
2026-05-08T03:45:00+00:00,12296.80
2026-05-08T03:45:00+00:00,12296.80
2026-05-08T03:45:00+00:00,12296.80
2026-05-08T04:00:00+00:00,12296.80
2026-05-08T04:00:00+00:00,12296.80
2026-05-08T04:00:00+00:00,12296.80
2026-05-08T04:15:00+00:00,12296.80
2026-05-08T04:15:00+00:00,12296.80
2026-05-08T04:15:00+00:00,12296.80
2026-05-08T04:30:00+00:00,12296.80
2026-05-08T04:30:00+00:00,12296.80
2026-05-08T04:30:00+00:00,12296.80
2026-05-08T04:45:00+00:00,12296.80
2026-05-08T04:45:00+00:00,12296.80
2026-05-08T04:45:00+00:00,12296.80
2026-05-08T05:00:00+00:00,12296.80
2026-05-08T05:00:00+00:00,12296.80
2026-05-08T05:00:00+00:00,12296.80
2026-05-08T05:15:00+00:00,12296.80
2026-05-08T05:15:00+00:00,12296.80
2026-05-08T05:15:00+00:00,12296.80
2026-05-08T05:30:00+00:00,12296.80
2026-05-08T05:30:00+00:00,12296.80
2026-05-08T05:30:00+00:00,12296.80
2026-05-08T05:45:00+00:00,12296.80
2026-05-08T05:45:00+00:00,12296.80
2026-05-08T05:45:00+00:00,12296.80
2026-05-08T06:00:00+00:00,12296.80
2026-05-08T06:00:00+00:00,12296.80
2026-05-08T06:00:00+00:00,12296.80
2026-05-08T06:15:00+00:00,12296.80
2026-05-08T06:15:00+00:00,12296.80
2026-05-08T06:15:00+00:00,12296.80
2026-05-08T06:30:00+00:00,12296.80
2026-05-08T06:30:00+00:00,12296.80
2026-05-08T06:30:00+00:00,12296.80
2026-05-08T06:45:00+00:00,12296.80
2026-05-08T06:45:00+00:00,12296.80
2026-05-08T06:45:00+00:00,12296.80
2026-05-08T07:00:00+00:00,12296.80
2026-05-08T07:00:00+00:00,12296.80
2026-05-08T07:00:00+00:00,12296.80
2026-05-08T07:15:00+00:00,12296.80
2026-05-08T07:15:00+00:00,12296.80
2026-05-08T07:15:00+00:00,12296.80
2026-05-08T07:30:00+00:00,12296.80
2026-05-08T07:30:00+00:00,12296.80
2026-05-08T07:30:00+00:00,12296.80
2026-05-08T07:45:00+00:00,12296.80
2026-05-08T07:45:00+00:00,12296.80
2026-05-08T07:45:00+00:00,12296.80
2026-05-08T08:00:00+00:00,12296.80
2026-05-08T08:00:00+00:00,12296.80
2026-05-08T08:00:00+00:00,12296.80
2026-05-08T08:15:00+00:00,12296.80
2026-05-08T08:15:00+00:00,12296.80
2026-05-08T08:15:00+00:00,12296.80
2026-05-08T08:30:00+00:00,12296.80
2026-05-08T08:30:00+00:00,12296.80
2026-05-08T08:30:00+00:00,12296.80
2026-05-08T08:45:00+00:00,12296.80
2026-05-08T08:45:00+00:00,12296.80
2026-05-08T08:45:00+00:00,12296.80
2026-05-08T09:00:00+00:00,12296.80
2026-05-08T09:00:00+00:00,12296.80
2026-05-08T09:00:00+00:00,12296.80
2026-05-08T09:15:00+00:00,12296.80
2026-05-08T09:15:00+00:00,12296.80
2026-05-08T09:15:00+00:00,12296.80
2026-05-08T09:30:00+00:00,12296.80
2026-05-08T09:30:00+00:00,12296.80
2026-05-08T09:30:00+00:00,12296.80
2026-05-08T09:45:00+00:00,12296.80
2026-05-08T09:45:00+00:00,12296.80
2026-05-08T09:45:00+00:00,12296.80
2026-05-08T10:00:00+00:00,12296.80
2026-05-08T10:00:00+00:00,12296.80
2026-05-08T10:00:00+00:00,12296.80
2026-05-08T10:15:00+00:00,12296.80
2026-05-08T10:15:00+00:00,12296.80
2026-05-08T10:15:00+00:00,12296.80
2026-05-08T10:30:00+00:00,12296.80
2026-05-08T10:30:00+00:00,12296.80
2026-05-08T10:30:00+00:00,12296.80
2026-05-08T10:45:00+00:00,12296.80
2026-05-08T10:45:00+00:00,12296.80
2026-05-08T10:45:00+00:00,12296.80
2026-05-08T11:00:00+00:00,12296.80
2026-05-08T11:00:00+00:00,12194.37
2026-05-08T11:00:00+00:00,12194.37
2026-05-08T11:15:00+00:00,12194.37
2026-05-08T11:15:00+00:00,12160.07
2026-05-08T11:15:00+00:00,12160.07
2026-05-08T11:30:00+00:00,12160.07
2026-05-08T11:30:00+00:00,12211.51
2026-05-08T11:30:00+00:00,12211.51
2026-05-08T11:45:00+00:00,12211.51
2026-05-08T11:45:00+00:00,12124.21
2026-05-08T11:45:00+00:00,12124.21
2026-05-08T12:00:00+00:00,12124.56
2026-05-08T12:00:00+00:00,12157.29
2026-05-08T12:00:00+00:00,12157.29
2026-05-08T12:15:00+00:00,12157.29
2026-05-08T12:15:00+00:00,12160.41
2026-05-08T12:15:00+00:00,12160.41
2026-05-08T12:30:00+00:00,12160.41
2026-05-08T12:30:00+00:00,12188.47
2026-05-08T12:30:00+00:00,12188.47
2026-05-08T12:45:00+00:00,12188.47
2026-05-08T12:45:00+00:00,12292.92
2026-05-08T12:45:00+00:00,12292.92
2026-05-08T13:00:00+00:00,12293.18
2026-05-08T13:00:00+00:00,12427.25
2026-05-08T13:00:00+00:00,12427.25
2026-05-08T13:15:00+00:00,12427.25
2026-05-08T13:15:00+00:00,12455.31
2026-05-08T13:15:00+00:00,12455.31
2026-05-08T13:30:00+00:00,12455.31
2026-05-08T13:30:00+00:00,12492.72
2026-05-08T13:30:00+00:00,12492.72
2026-05-08T13:45:00+00:00,12492.72
2026-05-08T13:45:00+00:00,12425.69
2026-05-08T13:45:00+00:00,12425.69
2026-05-08T14:00:00+00:00,12426.12
2026-05-08T14:00:00+00:00,12348.18
2026-05-08T14:00:00+00:00,12348.18
2026-05-08T14:15:00+00:00,12348.18
2026-05-08T14:15:00+00:00,12228.31
2026-05-08T14:15:00+00:00,12228.31
2026-05-08T14:30:00+00:00,12228.31
2026-05-08T14:30:00+00:00,12228.31
2026-05-08T14:30:00+00:00,12228.31
2026-05-08T14:45:00+00:00,12228.31
2026-05-08T14:45:00+00:00,12228.31
2026-05-08T14:45:00+00:00,12228.31
2026-05-08T15:00:00+00:00,12228.31
2026-05-08T15:00:00+00:00,12228.31
2026-05-08T15:00:00+00:00,12228.31
2026-05-08T15:15:00+00:00,12228.31
2026-05-08T15:15:00+00:00,12228.31
2026-05-08T15:15:00+00:00,12228.31
2026-05-08T15:30:00+00:00,12228.31
2026-05-08T15:30:00+00:00,12228.31
2026-05-08T15:30:00+00:00,12228.31
2026-05-08T15:45:00+00:00,12228.31
2026-05-08T15:45:00+00:00,12228.31
2026-05-08T15:45:00+00:00,12228.31
2026-05-08T16:00:00+00:00,12228.31
2026-05-08T16:00:00+00:00,12228.31
2026-05-08T16:00:00+00:00,12228.31
2026-05-08T16:15:00+00:00,12228.31
2026-05-08T16:15:00+00:00,12228.31
2026-05-08T16:15:00+00:00,12228.31
2026-05-08T16:30:00+00:00,12228.31
2026-05-08T16:30:00+00:00,12228.31
2026-05-08T16:30:00+00:00,12228.31
2026-05-08T16:45:00+00:00,12228.31
2026-05-08T16:45:00+00:00,12228.31
2026-05-08T16:45:00+00:00,12228.31
2026-05-08T17:00:00+00:00,12228.31
2026-05-08T17:00:00+00:00,12228.31
2026-05-08T17:00:00+00:00,12228.31
2026-05-08T17:15:00+00:00,12228.31
2026-05-08T17:15:00+00:00,12228.31
2026-05-08T17:15:00+00:00,12228.31
2026-05-08T17:30:00+00:00,12228.31
2026-05-08T17:30:00+00:00,12228.31
2026-05-08T17:30:00+00:00,12228.31
2026-05-08T17:45:00+00:00,12228.31
2026-05-08T17:45:00+00:00,12228.31
2026-05-08T17:45:00+00:00,12228.31
2026-05-08T18:00:00+00:00,12228.31
2026-05-08T18:00:00+00:00,12228.31
2026-05-08T18:00:00+00:00,12228.31
2026-05-08T18:15:00+00:00,12228.31
2026-05-08T18:15:00+00:00,12228.31
2026-05-08T18:15:00+00:00,12228.31
2026-05-08T18:30:00+00:00,12228.31
2026-05-08T18:30:00+00:00,12228.31
2026-05-08T18:30:00+00:00,12228.31
2026-05-08T18:45:00+00:00,12228.31
2026-05-08T18:45:00+00:00,12228.31
2026-05-08T18:45:00+00:00,12228.31
2026-05-08T19:00:00+00:00,12228.31
2026-05-08T19:00:00+00:00,12228.31
2026-05-08T19:00:00+00:00,12228.31
2026-05-08T19:15:00+00:00,12228.31
2026-05-08T19:15:00+00:00,12228.31
2026-05-08T19:15:00+00:00,12228.31
2026-05-08T19:30:00+00:00,12228.31
2026-05-08T19:30:00+00:00,12228.31
2026-05-08T19:30:00+00:00,12228.31
2026-05-08T19:45:00+00:00,12228.31
2026-05-08T19:45:00+00:00,12228.31
2026-05-08T19:45:00+00:00,12228.31
2026-05-08T20:00:00+00:00,12228.31
2026-05-08T20:00:00+00:00,12228.31
2026-05-08T20:00:00+00:00,12228.31
2026-05-08T20:15:00+00:00,12228.31
2026-05-08T20:15:00+00:00,12228.31
2026-05-08T20:15:00+00:00,12228.31
2026-05-08T20:30:00+00:00,12228.31
2026-05-08T20:30:00+00:00,12228.31
2026-05-08T20:30:00+00:00,12228.31
2026-05-08T20:45:00+00:00,12228.31
2026-05-08T20:45:00+00:00,12228.31
2026-05-08T20:45:00+00:00,12228.31
2026-05-08T21:00:00+00:00,12228.31
2026-05-08T21:00:00+00:00,12228.31
2026-05-08T21:00:00+00:00,12228.31
2026-05-08T21:15:00+00:00,12228.31
2026-05-08T21:15:00+00:00,12228.31
2026-05-08T21:15:00+00:00,12228.31
2026-05-08T21:30:00+00:00,12228.31
2026-05-08T21:30:00+00:00,12228.31
2026-05-08T21:30:00+00:00,12228.31
2026-05-08T21:45:00+00:00,12228.31
2026-05-08T21:45:00+00:00,12228.31
2026-05-08T21:45:00+00:00,12228.31
2026-05-08T22:00:00+00:00,12228.31
2026-05-08T22:00:00+00:00,12228.31
2026-05-08T22:00:00+00:00,12228.31
2026-05-08T22:15:00+00:00,12228.31
2026-05-08T22:15:00+00:00,12228.31
2026-05-08T22:15:00+00:00,12228.31
2026-05-08T22:30:00+00:00,12228.31
2026-05-08T22:30:00+00:00,12228.31
2026-05-08T22:30:00+00:00,12228.31
2026-05-08T22:45:00+00:00,12228.31
2026-05-08T22:45:00+00:00,12228.31
2026-05-08T22:45:00+00:00,12228.31
2026-05-08T23:00:00+00:00,12228.31
2026-05-08T23:00:00+00:00,12228.31
2026-05-08T23:00:00+00:00,12228.31
2026-05-08T23:15:00+00:00,12228.31
2026-05-08T23:15:00+00:00,12228.31
2026-05-08T23:15:00+00:00,12228.31
2026-05-08T23:30:00+00:00,12228.31
2026-05-08T23:30:00+00:00,12228.31
2026-05-08T23:30:00+00:00,12228.31
2026-05-08T23:45:00+00:00,12228.31
2026-05-08T23:45:00+00:00,12228.31
2026-05-08T23:45:00+00:00,12228.31
2026-05-09T00:00:00+00:00,12228.31
2026-05-09T00:00:00+00:00,12228.31
2026-05-09T00:00:00+00:00,12228.31
2026-05-09T00:15:00+00:00,12228.31
2026-05-09T00:15:00+00:00,12228.31
2026-05-09T00:15:00+00:00,12228.31
2026-05-09T00:30:00+00:00,12228.31
2026-05-09T00:30:00+00:00,12228.31
2026-05-09T00:30:00+00:00,12228.31
2026-05-09T00:45:00+00:00,12228.31
2026-05-09T00:45:00+00:00,12228.31
2026-05-09T00:45:00+00:00,12228.31
2026-05-09T01:00:00+00:00,12228.31
2026-05-09T01:00:00+00:00,12228.31
2026-05-09T01:00:00+00:00,12228.31
2026-05-09T01:15:00+00:00,12228.31
2026-05-09T01:15:00+00:00,12228.31
2026-05-09T01:15:00+00:00,12228.31
2026-05-09T01:30:00+00:00,12228.31
2026-05-09T01:30:00+00:00,12228.31
2026-05-09T01:30:00+00:00,12228.31
2026-05-09T01:45:00+00:00,12228.31
2026-05-09T01:45:00+00:00,12228.31
2026-05-09T01:45:00+00:00,12228.31
2026-05-09T02:00:00+00:00,12228.31
2026-05-09T02:00:00+00:00,12228.31
2026-05-09T02:00:00+00:00,12228.31
2026-05-09T02:15:00+00:00,12228.31
2026-05-09T02:15:00+00:00,12228.31
2026-05-09T02:15:00+00:00,12228.31
2026-05-09T02:30:00+00:00,12228.31
2026-05-09T02:30:00+00:00,12228.31
2026-05-09T02:30:00+00:00,12228.31
2026-05-09T02:45:00+00:00,12228.31
2026-05-09T02:45:00+00:00,12228.31
2026-05-09T02:45:00+00:00,12228.31
2026-05-09T03:00:00+00:00,12228.31
2026-05-09T03:00:00+00:00,12228.31
2026-05-09T03:00:00+00:00,12228.31
2026-05-09T03:15:00+00:00,12228.31
2026-05-09T03:15:00+00:00,12228.31
2026-05-09T03:15:00+00:00,12228.31
2026-05-09T03:30:00+00:00,12228.31
2026-05-09T03:30:00+00:00,12228.31
2026-05-09T03:30:00+00:00,12228.31
2026-05-09T03:45:00+00:00,12228.31
2026-05-09T03:45:00+00:00,12228.31
2026-05-09T03:45:00+00:00,12228.31
2026-05-09T04:00:00+00:00,12228.31
2026-05-09T04:00:00+00:00,12228.31
2026-05-09T04:00:00+00:00,12228.31
2026-05-09T04:15:00+00:00,12228.31
2026-05-09T04:15:00+00:00,12228.31
2026-05-09T04:15:00+00:00,12228.31
2026-05-09T04:30:00+00:00,12228.31
2026-05-09T04:30:00+00:00,12228.31
2026-05-09T04:30:00+00:00,12228.31
2026-05-09T04:45:00+00:00,12228.31
2026-05-09T04:45:00+00:00,12228.31
2026-05-09T04:45:00+00:00,12228.31
2026-05-09T05:00:00+00:00,12228.31
2026-05-09T05:00:00+00:00,12228.31
2026-05-09T05:00:00+00:00,12228.31
2026-05-09T05:15:00+00:00,12228.31
2026-05-09T05:15:00+00:00,12228.31
2026-05-09T05:15:00+00:00,12228.31
2026-05-09T05:30:00+00:00,12228.31
2026-05-09T05:30:00+00:00,12228.31
2026-05-09T05:30:00+00:00,12228.31
2026-05-09T05:45:00+00:00,12228.31
2026-05-09T05:45:00+00:00,12228.31
2026-05-09T05:45:00+00:00,12228.31
2026-05-09T06:00:00+00:00,12228.31
2026-05-09T06:00:00+00:00,12228.31
2026-05-09T06:00:00+00:00,12228.31
2026-05-09T06:15:00+00:00,12228.31
2026-05-09T06:15:00+00:00,12228.31
2026-05-09T06:15:00+00:00,12228.31
2026-05-09T06:30:00+00:00,12228.31
2026-05-09T06:30:00+00:00,12228.31
2026-05-09T06:30:00+00:00,12228.31
2026-05-09T06:45:00+00:00,12228.31
2026-05-09T06:45:00+00:00,12228.31
2026-05-09T06:45:00+00:00,12228.31
2026-05-09T07:00:00+00:00,12228.31
2026-05-09T07:00:00+00:00,12228.31
2026-05-09T07:00:00+00:00,12228.31
2026-05-09T07:15:00+00:00,12228.31
2026-05-09T07:15:00+00:00,12228.31
2026-05-09T07:15:00+00:00,12228.31
2026-05-09T07:30:00+00:00,12228.31
2026-05-09T07:30:00+00:00,12228.31
2026-05-09T07:30:00+00:00,12228.31
2026-05-09T07:45:00+00:00,12228.31
2026-05-09T07:45:00+00:00,12228.31
2026-05-09T07:45:00+00:00,12228.31
2026-05-09T08:00:00+00:00,12228.31
2026-05-09T08:00:00+00:00,12228.31
2026-05-09T08:00:00+00:00,12228.31
2026-05-09T08:15:00+00:00,12228.31
2026-05-09T08:15:00+00:00,12228.31
2026-05-09T08:15:00+00:00,12228.31
2026-05-09T08:30:00+00:00,12228.31
2026-05-09T08:30:00+00:00,12228.31
2026-05-09T08:30:00+00:00,12228.31
2026-05-09T08:45:00+00:00,12228.31
2026-05-09T08:45:00+00:00,12228.31
2026-05-09T08:45:00+00:00,12228.31
2026-05-09T09:00:00+00:00,12228.31
2026-05-09T09:00:00+00:00,12228.31
2026-05-09T09:00:00+00:00,12228.31
2026-05-09T09:15:00+00:00,12228.31
2026-05-09T09:15:00+00:00,12228.31
2026-05-09T09:15:00+00:00,12228.31
2026-05-09T09:30:00+00:00,12228.31
2026-05-09T09:30:00+00:00,12228.31
2026-05-09T09:30:00+00:00,12228.31
2026-05-09T09:45:00+00:00,12228.31
2026-05-09T09:45:00+00:00,12228.31
2026-05-09T09:45:00+00:00,12228.31
2026-05-09T10:00:00+00:00,12228.31
2026-05-09T10:00:00+00:00,12228.31
2026-05-09T10:00:00+00:00,12228.31
2026-05-09T10:15:00+00:00,12228.31
2026-05-09T10:15:00+00:00,12228.31
2026-05-09T10:15:00+00:00,12228.31
2026-05-09T10:30:00+00:00,12228.31
2026-05-09T10:30:00+00:00,12228.31
2026-05-09T10:30:00+00:00,12228.31
2026-05-09T10:45:00+00:00,12228.31
2026-05-09T10:45:00+00:00,12228.31
2026-05-09T10:45:00+00:00,12228.31
2026-05-09T11:00:00+00:00,12228.31
2026-05-09T11:00:00+00:00,12228.31
2026-05-09T11:00:00+00:00,12228.31
2026-05-09T11:15:00+00:00,12228.31
2026-05-09T11:15:00+00:00,12228.31
2026-05-09T11:15:00+00:00,12228.31
2026-05-09T11:30:00+00:00,12228.31
2026-05-09T11:30:00+00:00,12228.31
2026-05-09T11:30:00+00:00,12228.31
2026-05-09T11:45:00+00:00,12228.31
2026-05-09T11:45:00+00:00,12228.31
2026-05-09T11:45:00+00:00,12228.31
2026-05-09T12:00:00+00:00,12228.31
2026-05-09T12:00:00+00:00,12228.31
2026-05-09T12:00:00+00:00,12228.31
2026-05-09T12:15:00+00:00,12228.31
2026-05-09T12:15:00+00:00,12228.31
2026-05-09T12:15:00+00:00,12228.31
2026-05-09T12:30:00+00:00,12228.31
2026-05-09T12:30:00+00:00,12228.31
2026-05-09T12:30:00+00:00,12228.31
2026-05-09T12:45:00+00:00,12228.31
2026-05-09T12:45:00+00:00,12228.31
2026-05-09T12:45:00+00:00,12228.31
2026-05-09T13:00:00+00:00,12228.31
2026-05-09T13:00:00+00:00,12228.31
2026-05-09T13:00:00+00:00,12228.31
2026-05-09T13:15:00+00:00,12228.31
2026-05-09T13:15:00+00:00,12228.31
2026-05-09T13:15:00+00:00,12228.31
2026-05-09T13:30:00+00:00,12228.31
2026-05-09T13:30:00+00:00,12228.31
2026-05-09T13:30:00+00:00,12228.31
2026-05-09T13:45:00+00:00,12228.31
2026-05-09T13:45:00+00:00,12228.31
2026-05-09T13:45:00+00:00,12228.31
2026-05-09T14:00:00+00:00,12228.31
2026-05-09T14:00:00+00:00,12228.31
2026-05-09T14:00:00+00:00,12228.31
2026-05-09T14:15:00+00:00,12228.31
2026-05-09T14:15:00+00:00,12228.31
2026-05-09T14:15:00+00:00,12228.31
2026-05-09T14:30:00+00:00,12228.31
2026-05-09T14:30:00+00:00,12228.31
2026-05-09T14:30:00+00:00,12228.31
2026-05-09T14:45:00+00:00,12228.31
2026-05-09T14:45:00+00:00,12228.31
2026-05-09T14:45:00+00:00,12228.31
2026-05-09T15:00:00+00:00,12228.31
2026-05-09T15:00:00+00:00,12228.31
2026-05-09T15:00:00+00:00,12228.31
2026-05-09T15:15:00+00:00,12228.31
2026-05-09T15:15:00+00:00,12228.31
2026-05-09T15:15:00+00:00,12228.31
2026-05-09T15:30:00+00:00,12228.31
2026-05-09T15:30:00+00:00,12228.31
2026-05-09T15:30:00+00:00,12228.31
2026-05-09T15:45:00+00:00,12228.31
2026-05-09T15:45:00+00:00,12228.31
2026-05-09T15:45:00+00:00,12228.31
2026-05-09T16:00:00+00:00,12228.31
2026-05-09T16:00:00+00:00,12228.31
2026-05-09T16:00:00+00:00,12228.31
2026-05-09T16:15:00+00:00,12228.31
2026-05-09T16:15:00+00:00,12228.31
2026-05-09T16:15:00+00:00,12228.31
2026-05-09T16:30:00+00:00,12228.31
2026-05-09T16:30:00+00:00,12228.31
2026-05-09T16:30:00+00:00,12228.31
2026-05-09T16:45:00+00:00,12228.31
2026-05-09T16:45:00+00:00,12228.31
2026-05-09T16:45:00+00:00,12228.31
2026-05-09T17:00:00+00:00,12228.31
2026-05-09T17:00:00+00:00,12228.31
2026-05-09T17:00:00+00:00,12228.31
2026-05-09T17:15:00+00:00,12228.31
2026-05-09T17:15:00+00:00,12228.31
2026-05-09T17:15:00+00:00,12228.31
2026-05-09T17:30:00+00:00,12228.31
2026-05-09T17:30:00+00:00,12228.31
2026-05-09T17:30:00+00:00,12228.31
2026-05-09T17:45:00+00:00,12228.31
2026-05-09T17:45:00+00:00,12228.31
2026-05-09T17:45:00+00:00,12228.31
2026-05-09T18:00:00+00:00,12228.31
2026-05-09T18:00:00+00:00,12228.31
2026-05-09T18:00:00+00:00,12228.31
2026-05-09T18:15:00+00:00,12228.31
2026-05-09T18:15:00+00:00,12228.31
2026-05-09T18:15:00+00:00,12228.31
2026-05-09T18:30:00+00:00,12228.31
2026-05-09T18:30:00+00:00,12228.31
2026-05-09T18:30:00+00:00,12228.31
2026-05-09T18:45:00+00:00,12228.31
2026-05-09T18:45:00+00:00,12228.31
2026-05-09T18:45:00+00:00,12228.31
2026-05-09T19:00:00+00:00,12228.31
2026-05-09T19:00:00+00:00,12228.31
2026-05-09T19:00:00+00:00,12228.31
2026-05-09T19:15:00+00:00,12228.31
2026-05-09T19:15:00+00:00,12228.31
2026-05-09T19:15:00+00:00,12228.31
2026-05-09T19:30:00+00:00,12228.31
2026-05-09T19:30:00+00:00,12228.31
2026-05-09T19:30:00+00:00,12228.31
2026-05-09T19:45:00+00:00,12228.31
2026-05-09T19:45:00+00:00,12228.31
2026-05-09T19:45:00+00:00,12228.31
2026-05-09T20:00:00+00:00,12228.31
2026-05-09T20:00:00+00:00,12228.31
2026-05-09T20:00:00+00:00,12228.31
2026-05-09T20:15:00+00:00,12228.31
2026-05-09T20:15:00+00:00,12228.31
2026-05-09T20:15:00+00:00,12228.31
2026-05-09T20:30:00+00:00,12228.31
2026-05-09T20:30:00+00:00,12228.31
2026-05-09T20:30:00+00:00,12228.31
2026-05-09T20:45:00+00:00,12228.31
2026-05-09T20:45:00+00:00,12228.31
2026-05-09T20:45:00+00:00,12228.31
2026-05-09T21:00:00+00:00,12228.31
2026-05-09T21:00:00+00:00,12228.31
2026-05-09T21:00:00+00:00,12228.31
2026-05-09T21:15:00+00:00,12228.31
2026-05-09T21:15:00+00:00,12228.31
2026-05-09T21:15:00+00:00,12228.31
2026-05-09T21:30:00+00:00,12228.31
2026-05-09T21:30:00+00:00,12228.31
2026-05-09T21:30:00+00:00,12228.31
2026-05-09T21:45:00+00:00,12228.31
2026-05-09T21:45:00+00:00,12228.31
2026-05-09T21:45:00+00:00,12228.31
2026-05-09T22:00:00+00:00,12228.31
2026-05-09T22:00:00+00:00,12228.31
2026-05-09T22:00:00+00:00,12228.31
2026-05-09T22:15:00+00:00,12228.31
2026-05-09T22:15:00+00:00,12228.31
2026-05-09T22:15:00+00:00,12228.31
2026-05-09T22:30:00+00:00,12228.31
2026-05-09T22:30:00+00:00,12228.31
2026-05-09T22:30:00+00:00,12228.31
2026-05-09T22:45:00+00:00,12228.31
2026-05-09T22:45:00+00:00,12228.31
2026-05-09T22:45:00+00:00,12228.31
2026-05-09T23:00:00+00:00,12228.31
2026-05-09T23:00:00+00:00,12228.31
2026-05-09T23:00:00+00:00,12228.31
2026-05-09T23:15:00+00:00,12228.31
2026-05-09T23:15:00+00:00,12228.31
2026-05-09T23:15:00+00:00,12228.31
2026-05-09T23:30:00+00:00,12228.31
2026-05-09T23:30:00+00:00,12228.31
2026-05-09T23:30:00+00:00,12228.31
2026-05-09T23:45:00+00:00,12228.31
2026-05-09T23:45:00+00:00,12228.31
2026-05-09T23:45:00+00:00,12228.31
2026-05-10T00:00:00+00:00,12228.31
2026-05-10T00:00:00+00:00,12228.31
2026-05-10T00:00:00+00:00,12228.31
2026-05-10T00:15:00+00:00,12228.31
2026-05-10T00:15:00+00:00,12228.31
2026-05-10T00:15:00+00:00,12228.31
2026-05-10T00:30:00+00:00,12228.31
2026-05-10T00:30:00+00:00,12228.31
2026-05-10T00:30:00+00:00,12228.31
2026-05-10T00:45:00+00:00,12228.31
2026-05-10T00:45:00+00:00,12228.31
2026-05-10T00:45:00+00:00,12228.31
2026-05-10T01:00:00+00:00,12228.31
2026-05-10T01:00:00+00:00,12228.31
2026-05-10T01:00:00+00:00,12228.31
2026-05-10T01:15:00+00:00,12228.31
2026-05-10T01:15:00+00:00,12228.31
2026-05-10T01:15:00+00:00,12228.31
2026-05-10T01:30:00+00:00,12228.31
2026-05-10T01:30:00+00:00,12228.31
2026-05-10T01:30:00+00:00,12228.31
2026-05-10T01:45:00+00:00,12228.31
2026-05-10T01:45:00+00:00,12228.31
2026-05-10T01:45:00+00:00,12228.31
2026-05-10T02:00:00+00:00,12228.31
2026-05-10T02:00:00+00:00,12228.31
2026-05-10T02:00:00+00:00,12228.31
2026-05-10T02:15:00+00:00,12228.31
2026-05-10T02:15:00+00:00,12228.31
2026-05-10T02:15:00+00:00,12228.31
2026-05-10T02:30:00+00:00,12228.31
2026-05-10T02:30:00+00:00,12228.31
2026-05-10T02:30:00+00:00,12228.31
2026-05-10T02:45:00+00:00,12228.31
2026-05-10T02:45:00+00:00,12228.31
2026-05-10T02:45:00+00:00,12228.31
2026-05-10T03:00:00+00:00,12228.31
2026-05-10T03:00:00+00:00,12228.31
2026-05-10T03:00:00+00:00,12228.31
2026-05-10T03:15:00+00:00,12228.31
2026-05-10T03:15:00+00:00,12228.31
2026-05-10T03:15:00+00:00,12228.31
2026-05-10T03:30:00+00:00,12228.31
2026-05-10T03:30:00+00:00,12228.31
2026-05-10T03:30:00+00:00,12228.31
2026-05-10T03:45:00+00:00,12228.31
2026-05-10T03:45:00+00:00,12228.31
2026-05-10T03:45:00+00:00,12228.31
2026-05-10T04:00:00+00:00,12228.31
2026-05-10T04:00:00+00:00,12228.31
2026-05-10T04:00:00+00:00,12228.31
2026-05-10T04:15:00+00:00,12228.31
2026-05-10T04:15:00+00:00,12228.31
2026-05-10T04:15:00+00:00,12228.31
2026-05-10T04:30:00+00:00,12228.31
2026-05-10T04:30:00+00:00,12228.31
2026-05-10T04:30:00+00:00,12228.31
2026-05-10T04:45:00+00:00,12228.31
2026-05-10T04:45:00+00:00,12228.31
2026-05-10T04:45:00+00:00,12228.31
2026-05-10T05:00:00+00:00,12228.31
2026-05-10T05:00:00+00:00,12228.31
2026-05-10T05:00:00+00:00,12228.31
2026-05-10T05:15:00+00:00,12228.31
2026-05-10T05:15:00+00:00,12228.31
2026-05-10T05:15:00+00:00,12228.31
2026-05-10T05:30:00+00:00,12228.31
2026-05-10T05:30:00+00:00,12228.31
2026-05-10T05:30:00+00:00,12228.31
2026-05-10T05:45:00+00:00,12228.31
2026-05-10T05:45:00+00:00,12228.31
2026-05-10T05:45:00+00:00,12228.31
2026-05-10T06:00:00+00:00,12228.31
2026-05-10T06:00:00+00:00,12228.31
2026-05-10T06:00:00+00:00,12228.31
2026-05-10T06:15:00+00:00,12228.31
2026-05-10T06:15:00+00:00,12228.31
2026-05-10T06:15:00+00:00,12228.31
2026-05-10T06:30:00+00:00,12228.31
2026-05-10T06:30:00+00:00,12228.31
2026-05-10T06:30:00+00:00,12228.31
2026-05-10T06:45:00+00:00,12228.31
2026-05-10T06:45:00+00:00,12228.31
2026-05-10T06:45:00+00:00,12228.31
2026-05-10T07:00:00+00:00,12228.31
2026-05-10T07:00:00+00:00,12228.31
2026-05-10T07:00:00+00:00,12228.31
2026-05-10T07:15:00+00:00,12228.31
2026-05-10T07:15:00+00:00,12228.31
2026-05-10T07:15:00+00:00,12228.31
2026-05-10T07:30:00+00:00,12228.31
2026-05-10T07:30:00+00:00,12228.31
2026-05-10T07:30:00+00:00,12228.31
2026-05-10T07:45:00+00:00,12228.31
2026-05-10T07:45:00+00:00,12228.31
2026-05-10T07:45:00+00:00,12228.31
2026-05-10T08:00:00+00:00,12228.31
2026-05-10T08:00:00+00:00,12228.31
2026-05-10T08:00:00+00:00,12228.31
2026-05-10T08:15:00+00:00,12228.31
2026-05-10T08:15:00+00:00,12228.31
2026-05-10T08:15:00+00:00,12228.31
2026-05-10T08:30:00+00:00,12228.31
2026-05-10T08:30:00+00:00,12228.31
2026-05-10T08:30:00+00:00,12228.31
2026-05-10T08:45:00+00:00,12228.31
2026-05-10T08:45:00+00:00,12228.31
2026-05-10T08:45:00+00:00,12228.31
2026-05-10T09:00:00+00:00,12228.31
2026-05-10T09:00:00+00:00,12228.31
2026-05-10T09:00:00+00:00,12228.31
2026-05-10T09:15:00+00:00,12228.31
2026-05-10T09:15:00+00:00,12228.31
2026-05-10T09:15:00+00:00,12228.31
2026-05-10T09:30:00+00:00,12228.31
2026-05-10T09:30:00+00:00,12228.31
2026-05-10T09:30:00+00:00,12228.31
2026-05-10T09:45:00+00:00,12228.31
2026-05-10T09:45:00+00:00,12228.31
2026-05-10T09:45:00+00:00,12228.31
2026-05-10T10:00:00+00:00,12228.31
2026-05-10T10:00:00+00:00,12228.31
2026-05-10T10:00:00+00:00,12228.31
2026-05-10T10:15:00+00:00,12228.31
2026-05-10T10:15:00+00:00,12228.31
2026-05-10T10:15:00+00:00,12228.31
2026-05-10T10:30:00+00:00,12228.31
2026-05-10T10:30:00+00:00,12228.31
2026-05-10T10:30:00+00:00,12228.31
2026-05-10T10:45:00+00:00,12228.31
2026-05-10T10:45:00+00:00,12228.31
2026-05-10T10:45:00+00:00,12228.31
2026-05-10T11:00:00+00:00,12228.31
2026-05-10T11:00:00+00:00,12228.31
2026-05-10T11:00:00+00:00,12228.31
2026-05-10T11:15:00+00:00,12228.31
2026-05-10T11:15:00+00:00,12228.31
2026-05-10T11:15:00+00:00,12228.31
2026-05-10T11:30:00+00:00,12228.31
2026-05-10T11:30:00+00:00,12228.31
2026-05-10T11:30:00+00:00,12228.31
2026-05-10T11:45:00+00:00,12228.31
2026-05-10T11:45:00+00:00,12228.31
2026-05-10T11:45:00+00:00,12228.31
2026-05-10T12:00:00+00:00,12228.31
2026-05-10T12:00:00+00:00,12228.31
2026-05-10T12:00:00+00:00,12228.31
2026-05-10T12:15:00+00:00,12228.31
2026-05-10T12:15:00+00:00,12228.31
2026-05-10T12:15:00+00:00,12228.31
2026-05-10T12:30:00+00:00,12228.31
2026-05-10T12:30:00+00:00,12228.31
2026-05-10T12:30:00+00:00,12228.31
2026-05-10T12:45:00+00:00,12228.31
2026-05-10T12:45:00+00:00,12228.31
2026-05-10T12:45:00+00:00,12228.31
2026-05-10T13:00:00+00:00,12228.31
2026-05-10T13:00:00+00:00,12228.31
2026-05-10T13:00:00+00:00,12228.31
2026-05-10T13:15:00+00:00,12228.31
2026-05-10T13:15:00+00:00,12228.31
2026-05-10T13:15:00+00:00,12228.31
2026-05-10T13:30:00+00:00,12228.31
2026-05-10T13:30:00+00:00,12228.31
2026-05-10T13:30:00+00:00,12228.31
2026-05-10T13:45:00+00:00,12228.31
2026-05-10T13:45:00+00:00,12228.31
2026-05-10T13:45:00+00:00,12228.31
2026-05-10T14:00:00+00:00,12228.31
2026-05-10T14:00:00+00:00,12228.31
2026-05-10T14:00:00+00:00,12228.31
2026-05-10T14:15:00+00:00,12228.31
2026-05-10T14:15:00+00:00,12228.31
2026-05-10T14:15:00+00:00,12228.31
2026-05-10T14:30:00+00:00,12228.31
2026-05-10T14:30:00+00:00,12228.31
2026-05-10T14:30:00+00:00,12228.31
2026-05-10T14:45:00+00:00,12228.31
2026-05-10T14:45:00+00:00,12228.31
2026-05-10T14:45:00+00:00,12228.31
2026-05-10T15:00:00+00:00,12228.31
2026-05-10T15:00:00+00:00,12228.31
2026-05-10T15:00:00+00:00,12228.31
2026-05-10T15:15:00+00:00,12228.31
2026-05-10T15:15:00+00:00,12228.31
2026-05-10T15:15:00+00:00,12228.31
2026-05-10T15:30:00+00:00,12228.31
2026-05-10T15:30:00+00:00,12228.31
2026-05-10T15:30:00+00:00,12228.31
2026-05-10T15:45:00+00:00,12228.31
2026-05-10T15:45:00+00:00,12228.31
2026-05-10T15:45:00+00:00,12228.31
2026-05-10T16:00:00+00:00,12228.31
2026-05-10T16:00:00+00:00,12228.31
2026-05-10T16:00:00+00:00,12228.31
2026-05-10T16:15:00+00:00,12228.31
2026-05-10T16:15:00+00:00,12228.31
2026-05-10T16:15:00+00:00,12228.31
2026-05-10T16:30:00+00:00,12228.31
2026-05-10T16:30:00+00:00,12228.31
2026-05-10T16:30:00+00:00,12228.31
2026-05-10T16:45:00+00:00,12228.31
2026-05-10T16:45:00+00:00,12228.31
2026-05-10T16:45:00+00:00,12228.31
2026-05-10T17:00:00+00:00,12228.31
2026-05-10T17:00:00+00:00,12228.31
2026-05-10T17:00:00+00:00,12228.31
2026-05-10T17:15:00+00:00,12228.31
2026-05-10T17:15:00+00:00,12228.31
2026-05-10T17:15:00+00:00,12228.31
2026-05-10T17:30:00+00:00,12228.31
2026-05-10T17:30:00+00:00,12228.31
2026-05-10T17:30:00+00:00,12228.31
2026-05-10T17:45:00+00:00,12228.31
2026-05-10T17:45:00+00:00,12228.31
2026-05-10T17:45:00+00:00,12228.31
2026-05-10T18:00:00+00:00,12228.31
2026-05-10T18:00:00+00:00,12228.31
2026-05-10T18:00:00+00:00,12228.31
2026-05-10T18:15:00+00:00,12228.31
2026-05-10T18:15:00+00:00,12228.31
2026-05-10T18:15:00+00:00,12228.31
2026-05-10T18:30:00+00:00,12228.31
2026-05-10T18:30:00+00:00,12228.31
2026-05-10T18:30:00+00:00,12228.31
2026-05-10T18:45:00+00:00,12228.31
2026-05-10T18:45:00+00:00,12228.31
2026-05-10T18:45:00+00:00,12228.31
2026-05-10T19:00:00+00:00,12228.31
2026-05-10T19:00:00+00:00,12228.31
2026-05-10T19:00:00+00:00,12228.31
2026-05-10T19:15:00+00:00,12228.31
2026-05-10T19:15:00+00:00,12228.31
2026-05-10T19:15:00+00:00,12228.31
2026-05-10T19:30:00+00:00,12228.31
2026-05-10T19:30:00+00:00,12228.31
2026-05-10T19:30:00+00:00,12228.31
2026-05-10T19:45:00+00:00,12228.31
2026-05-10T19:45:00+00:00,12228.31
2026-05-10T19:45:00+00:00,12228.31
2026-05-10T20:00:00+00:00,12228.31
2026-05-10T20:00:00+00:00,12228.31
2026-05-10T20:00:00+00:00,12228.31
2026-05-10T20:15:00+00:00,12228.31
2026-05-10T20:15:00+00:00,12228.31
2026-05-10T20:15:00+00:00,12228.31
2026-05-10T20:30:00+00:00,12228.31
2026-05-10T20:30:00+00:00,12228.31
2026-05-10T20:30:00+00:00,12228.31
2026-05-10T20:45:00+00:00,12228.31
2026-05-10T20:45:00+00:00,12228.31
2026-05-10T20:45:00+00:00,12228.31
2026-05-10T21:00:00+00:00,12228.31
2026-05-10T21:00:00+00:00,12228.31
2026-05-10T21:00:00+00:00,12228.31
2026-05-10T21:15:00+00:00,12228.31
2026-05-10T21:15:00+00:00,12228.31
2026-05-10T21:15:00+00:00,12228.31
2026-05-10T21:30:00+00:00,12228.31
2026-05-10T21:30:00+00:00,12228.31
2026-05-10T21:30:00+00:00,12228.31
2026-05-10T21:45:00+00:00,12228.31
2026-05-10T21:45:00+00:00,12228.31
2026-05-10T21:45:00+00:00,12228.31
2026-05-10T22:00:00+00:00,12228.31
2026-05-10T22:00:00+00:00,12228.31
2026-05-10T22:00:00+00:00,12228.31
2026-05-10T22:15:00+00:00,12228.31
2026-05-10T22:15:00+00:00,12228.31
2026-05-10T22:15:00+00:00,12228.31
2026-05-10T22:30:00+00:00,12228.31
2026-05-10T22:30:00+00:00,12228.31
2026-05-10T22:30:00+00:00,12228.31
2026-05-10T22:45:00+00:00,12228.31
2026-05-10T22:45:00+00:00,12228.31
2026-05-10T22:45:00+00:00,12228.31
2026-05-10T23:00:00+00:00,12228.31
2026-05-10T23:00:00+00:00,12228.31
2026-05-10T23:00:00+00:00,12228.31
2026-05-10T23:15:00+00:00,12228.31
2026-05-10T23:15:00+00:00,12228.31
2026-05-10T23:15:00+00:00,12228.31
2026-05-10T23:30:00+00:00,12228.31
2026-05-10T23:30:00+00:00,12228.31
2026-05-10T23:30:00+00:00,12228.31
2026-05-10T23:45:00+00:00,12228.31
2026-05-10T23:45:00+00:00,12228.31
2026-05-10T23:45:00+00:00,12228.31
2026-05-11T00:00:00+00:00,12228.31
2026-05-11T00:00:00+00:00,12228.31
2026-05-11T00:00:00+00:00,12228.31
2026-05-11T00:15:00+00:00,12228.31
2026-05-11T00:15:00+00:00,12228.31
2026-05-11T00:15:00+00:00,12228.31
2026-05-11T00:30:00+00:00,12228.31
2026-05-11T00:30:00+00:00,12228.31
2026-05-11T00:30:00+00:00,12228.31
2026-05-11T00:45:00+00:00,12228.31
2026-05-11T00:45:00+00:00,12228.31
2026-05-11T00:45:00+00:00,12228.31
2026-05-11T01:00:00+00:00,12228.31
2026-05-11T01:00:00+00:00,12228.31
2026-05-11T01:00:00+00:00,12228.31
2026-05-11T01:15:00+00:00,12228.31
2026-05-11T01:15:00+00:00,12228.31
2026-05-11T01:15:00+00:00,12228.31
2026-05-11T01:30:00+00:00,12228.31
2026-05-11T01:30:00+00:00,12228.31
2026-05-11T01:30:00+00:00,12228.31
2026-05-11T01:45:00+00:00,12228.31
2026-05-11T01:45:00+00:00,12228.31
2026-05-11T01:45:00+00:00,12228.31
2026-05-11T02:00:00+00:00,12228.31
2026-05-11T02:00:00+00:00,12228.31
2026-05-11T02:00:00+00:00,12228.31
2026-05-11T02:15:00+00:00,12228.31
2026-05-11T02:15:00+00:00,12228.31
2026-05-11T02:15:00+00:00,12228.31
2026-05-11T02:30:00+00:00,12228.31
2026-05-11T02:30:00+00:00,12228.31
2026-05-11T02:30:00+00:00,12228.31
2026-05-11T02:45:00+00:00,12228.31
2026-05-11T02:45:00+00:00,12228.31
2026-05-11T02:45:00+00:00,12228.31
2026-05-11T03:00:00+00:00,12228.31
2026-05-11T03:00:00+00:00,12228.31
2026-05-11T03:00:00+00:00,12228.31
2026-05-11T03:15:00+00:00,12228.31
2026-05-11T03:15:00+00:00,12228.31
2026-05-11T03:15:00+00:00,12228.31
2026-05-11T03:30:00+00:00,12228.31
2026-05-11T03:30:00+00:00,12228.31
2026-05-11T03:30:00+00:00,12228.31
2026-05-11T03:45:00+00:00,12228.31
2026-05-11T03:45:00+00:00,12228.31
2026-05-11T03:45:00+00:00,12228.31
2026-05-11T04:00:00+00:00,12228.31
2026-05-11T04:00:00+00:00,12199.64
2026-05-11T04:00:00+00:00,12199.64
2026-05-11T04:15:00+00:00,12199.64
2026-05-11T04:15:00+00:00,12216.75
2026-05-11T04:15:00+00:00,12216.75
2026-05-11T04:30:00+00:00,12216.75
2026-05-11T04:30:00+00:00,12234.42
2026-05-11T04:30:00+00:00,12234.42
2026-05-11T04:45:00+00:00,12234.42
2026-05-11T04:45:00+00:00,12224.48
2026-05-11T04:45:00+00:00,12224.48
2026-05-11T05:00:00+00:00,12224.32
2026-05-11T05:00:00+00:00,12225.98
2026-05-11T05:00:00+00:00,12225.98
2026-05-11T05:15:00+00:00,12225.98
2026-05-11T05:15:00+00:00,12249.71
2026-05-11T05:15:00+00:00,12249.71
2026-05-11T05:30:00+00:00,12249.71
2026-05-11T05:30:00+00:00,12230.95
2026-05-11T05:30:00+00:00,12230.95
2026-05-11T05:45:00+00:00,12230.95
2026-05-11T05:45:00+00:00,12235.91
2026-05-11T05:45:00+00:00,12235.91
2026-05-11T06:00:00+00:00,12235.75
2026-05-11T06:00:00+00:00,12247.90
2026-05-11T06:00:00+00:00,12247.90
2026-05-11T06:15:00+00:00,12247.90
2026-05-11T06:15:00+00:00,12258.38
2026-05-11T06:15:00+00:00,12258.38
2026-05-11T06:30:00+00:00,12258.38
2026-05-11T06:30:00+00:00,12223.06
2026-05-11T06:30:00+00:00,12223.06
2026-05-11T06:45:00+00:00,12223.06
2026-05-11T06:45:00+00:00,12226.92
2026-05-11T06:45:00+00:00,12226.92
2026-05-11T07:00:00+00:00,12226.76
2026-05-11T07:00:00+00:00,12218.20
2026-05-11T07:00:00+00:00,12218.20
2026-05-11T07:15:00+00:00,12218.20
2026-05-11T07:15:00+00:00,12218.48
2026-05-11T07:15:00+00:00,12218.48
2026-05-11T07:30:00+00:00,12218.48
2026-05-11T07:30:00+00:00,12218.48
2026-05-11T07:30:00+00:00,12218.48
2026-05-11T07:45:00+00:00,12218.48
2026-05-11T07:45:00+00:00,12218.48
2026-05-11T07:45:00+00:00,12218.48
2026-05-11T08:00:00+00:00,12218.48
2026-05-11T08:00:00+00:00,12218.48
2026-05-11T08:00:00+00:00,12218.48
2026-05-11T08:15:00+00:00,12218.48
2026-05-11T08:15:00+00:00,12218.48
2026-05-11T08:15:00+00:00,12218.48
2026-05-11T08:30:00+00:00,12218.48
2026-05-11T08:30:00+00:00,12218.48
2026-05-11T08:30:00+00:00,12218.48
2026-05-11T08:45:00+00:00,12218.48
2026-05-11T08:45:00+00:00,12218.48
2026-05-11T08:45:00+00:00,12218.48
2026-05-11T09:00:00+00:00,12218.48
2026-05-11T09:00:00+00:00,12218.48
2026-05-11T09:00:00+00:00,12218.48
2026-05-11T09:15:00+00:00,12218.48
2026-05-11T09:15:00+00:00,12218.48
2026-05-11T09:15:00+00:00,12218.48
2026-05-11T09:30:00+00:00,12218.48
2026-05-11T09:30:00+00:00,12218.48
2026-05-11T09:30:00+00:00,12218.48
2026-05-11T09:45:00+00:00,12218.48
2026-05-11T09:45:00+00:00,12218.48
2026-05-11T09:45:00+00:00,12218.48
2026-05-11T10:00:00+00:00,12218.48
2026-05-11T10:00:00+00:00,12218.48
2026-05-11T10:00:00+00:00,12218.48
2026-05-11T10:15:00+00:00,12218.48
2026-05-11T10:15:00+00:00,12218.48
2026-05-11T10:15:00+00:00,12218.48
2026-05-11T10:30:00+00:00,12218.48
2026-05-11T10:30:00+00:00,12218.48
2026-05-11T10:30:00+00:00,12218.48
2026-05-11T10:45:00+00:00,12218.48
2026-05-11T10:45:00+00:00,12218.48
2026-05-11T10:45:00+00:00,12218.48
2026-05-11T11:00:00+00:00,12218.48
2026-05-11T11:00:00+00:00,12218.48
2026-05-11T11:00:00+00:00,12218.48
2026-05-11T11:15:00+00:00,12218.48
2026-05-11T11:15:00+00:00,12218.48
2026-05-11T11:15:00+00:00,12218.48
2026-05-11T11:30:00+00:00,12218.48
2026-05-11T11:30:00+00:00,12218.48
2026-05-11T11:30:00+00:00,12218.48
2026-05-11T11:45:00+00:00,12218.48
2026-05-11T11:45:00+00:00,12218.48
2026-05-11T11:45:00+00:00,12218.48
2026-05-11T12:00:00+00:00,12218.48
2026-05-11T12:00:00+00:00,12218.48
2026-05-11T12:00:00+00:00,12218.48
2026-05-11T12:15:00+00:00,12218.48
2026-05-11T12:15:00+00:00,12218.48
2026-05-11T12:15:00+00:00,12218.48
2026-05-11T12:30:00+00:00,12218.48
2026-05-11T12:30:00+00:00,12218.48
2026-05-11T12:30:00+00:00,12218.48
2026-05-11T12:45:00+00:00,12218.48
2026-05-11T12:45:00+00:00,12218.48
2026-05-11T12:45:00+00:00,12218.48
2026-05-11T13:00:00+00:00,12218.48
2026-05-11T13:00:00+00:00,12218.48
2026-05-11T13:00:00+00:00,12218.48
2026-05-11T13:15:00+00:00,12218.48
2026-05-11T13:15:00+00:00,12218.48
2026-05-11T13:15:00+00:00,12218.48
2026-05-11T13:30:00+00:00,12218.48
2026-05-11T13:30:00+00:00,12218.48
2026-05-11T13:30:00+00:00,12218.48
2026-05-11T13:45:00+00:00,12218.48
2026-05-11T13:45:00+00:00,12218.48
2026-05-11T13:45:00+00:00,12218.48
2026-05-11T14:00:00+00:00,12218.48
2026-05-11T14:00:00+00:00,12218.48
2026-05-11T14:00:00+00:00,12218.48
2026-05-11T14:15:00+00:00,12218.48
2026-05-11T14:15:00+00:00,12218.48
2026-05-11T14:15:00+00:00,12218.48
2026-05-11T14:30:00+00:00,12218.48
2026-05-11T14:30:00+00:00,12218.48
2026-05-11T14:30:00+00:00,12218.48
2026-05-11T14:45:00+00:00,12218.48
2026-05-11T14:45:00+00:00,12218.48
2026-05-11T14:45:00+00:00,12218.48
2026-05-11T15:00:00+00:00,12218.48
2026-05-11T15:00:00+00:00,12218.48
2026-05-11T15:00:00+00:00,12218.48
2026-05-11T15:15:00+00:00,12218.48
2026-05-11T15:15:00+00:00,12218.48
2026-05-11T15:15:00+00:00,12218.48
2026-05-11T15:30:00+00:00,12218.48
2026-05-11T15:30:00+00:00,12218.48
2026-05-11T15:30:00+00:00,12218.48
2026-05-11T15:45:00+00:00,12218.48
2026-05-11T15:45:00+00:00,12218.48
2026-05-11T15:45:00+00:00,12218.48
2026-05-11T16:00:00+00:00,12218.48
2026-05-11T16:00:00+00:00,12218.48
2026-05-11T16:00:00+00:00,12218.48
2026-05-11T16:15:00+00:00,12218.48
2026-05-11T16:15:00+00:00,12218.48
2026-05-11T16:15:00+00:00,12218.48
2026-05-11T16:30:00+00:00,12218.48
2026-05-11T16:30:00+00:00,12218.48
2026-05-11T16:30:00+00:00,12218.48
2026-05-11T16:45:00+00:00,12218.48
2026-05-11T16:45:00+00:00,12218.48
2026-05-11T16:45:00+00:00,12218.48
2026-05-11T17:00:00+00:00,12218.48
2026-05-11T17:00:00+00:00,12218.48
2026-05-11T17:00:00+00:00,12218.48
2026-05-11T17:15:00+00:00,12218.48
2026-05-11T17:15:00+00:00,12218.48
2026-05-11T17:15:00+00:00,12218.48
2026-05-11T17:30:00+00:00,12218.48
2026-05-11T17:30:00+00:00,12218.48
2026-05-11T17:30:00+00:00,12218.48
2026-05-11T17:45:00+00:00,12218.48
2026-05-11T17:45:00+00:00,12218.48
2026-05-11T17:45:00+00:00,12218.48
2026-05-11T18:00:00+00:00,12218.48
2026-05-11T18:00:00+00:00,12218.48
2026-05-11T18:00:00+00:00,12218.48
2026-05-11T18:15:00+00:00,12218.48
2026-05-11T18:15:00+00:00,12218.48
2026-05-11T18:15:00+00:00,12218.48
2026-05-11T18:30:00+00:00,12218.48
2026-05-11T18:30:00+00:00,12218.48
2026-05-11T18:30:00+00:00,12218.48
2026-05-11T18:45:00+00:00,12218.48
2026-05-11T18:45:00+00:00,12218.48
2026-05-11T18:45:00+00:00,12218.48
2026-05-11T19:00:00+00:00,12218.48
2026-05-11T19:00:00+00:00,12218.48
2026-05-11T19:00:00+00:00,12218.48
2026-05-11T19:15:00+00:00,12218.48
2026-05-11T19:15:00+00:00,12218.48
2026-05-11T19:15:00+00:00,12218.48
2026-05-11T19:30:00+00:00,12218.48
2026-05-11T19:30:00+00:00,12218.48
2026-05-11T19:30:00+00:00,12218.48
2026-05-11T19:45:00+00:00,12218.48
2026-05-11T19:45:00+00:00,12218.48
2026-05-11T19:45:00+00:00,12218.48
2026-05-11T20:00:00+00:00,12218.48
2026-05-11T20:00:00+00:00,12218.48
2026-05-11T20:00:00+00:00,12218.48
2026-05-11T20:15:00+00:00,12218.48
2026-05-11T20:15:00+00:00,12218.48
2026-05-11T20:15:00+00:00,12218.48
2026-05-11T20:30:00+00:00,12218.48
2026-05-11T20:30:00+00:00,12218.48
2026-05-11T20:30:00+00:00,12218.48
2026-05-11T20:45:00+00:00,12218.48
2026-05-11T20:45:00+00:00,12218.48
2026-05-11T20:45:00+00:00,12218.48
2026-05-11T21:00:00+00:00,12218.48
2026-05-11T21:00:00+00:00,12218.48
2026-05-11T21:00:00+00:00,12218.48
2026-05-11T21:15:00+00:00,12218.48
2026-05-11T21:15:00+00:00,12218.48
2026-05-11T21:15:00+00:00,12218.48
2026-05-11T21:30:00+00:00,12218.48
2026-05-11T21:30:00+00:00,12218.48
2026-05-11T21:30:00+00:00,12218.48
2026-05-11T21:45:00+00:00,12218.48
2026-05-11T21:45:00+00:00,12218.48
2026-05-11T21:45:00+00:00,12218.48
2026-05-11T22:00:00+00:00,12218.48
2026-05-11T22:00:00+00:00,12218.48
2026-05-11T22:00:00+00:00,12218.48
2026-05-11T22:15:00+00:00,12218.48
2026-05-11T22:15:00+00:00,12218.48
2026-05-11T22:15:00+00:00,12218.48
2026-05-11T22:30:00+00:00,12218.48
2026-05-11T22:30:00+00:00,12218.48
2026-05-11T22:30:00+00:00,12218.48
2026-05-11T22:45:00+00:00,12218.48
2026-05-11T22:45:00+00:00,12218.48
2026-05-11T22:45:00+00:00,12218.48
2026-05-11T23:00:00+00:00,12218.48
2026-05-11T23:00:00+00:00,12218.48
2026-05-11T23:00:00+00:00,12218.48
2026-05-11T23:15:00+00:00,12218.48
2026-05-11T23:15:00+00:00,12218.48
2026-05-11T23:15:00+00:00,12218.48
2026-05-11T23:30:00+00:00,12218.48
2026-05-11T23:30:00+00:00,12218.48
2026-05-11T23:30:00+00:00,12218.48
2026-05-11T23:45:00+00:00,12218.48
2026-05-11T23:45:00+00:00,12218.48
2026-05-11T23:45:00+00:00,12218.48
2026-05-12T00:00:00+00:00,12218.48
2026-05-12T00:00:00+00:00,12218.48
2026-05-12T00:00:00+00:00,12218.48
2026-05-12T00:15:00+00:00,12218.48
2026-05-12T00:15:00+00:00,12218.48
2026-05-12T00:15:00+00:00,12218.48
2026-05-12T00:30:00+00:00,12218.48
2026-05-12T00:30:00+00:00,12218.48
2026-05-12T00:30:00+00:00,12218.48
2026-05-12T00:45:00+00:00,12218.48
2026-05-12T00:45:00+00:00,12218.48
2026-05-12T00:45:00+00:00,12218.48
2026-05-12T01:00:00+00:00,12218.48
2026-05-12T01:00:00+00:00,12218.48
2026-05-12T01:00:00+00:00,12218.48
2026-05-12T01:15:00+00:00,12218.48
2026-05-12T01:15:00+00:00,12218.48
2026-05-12T01:15:00+00:00,12218.48
2026-05-12T01:30:00+00:00,12218.48
2026-05-12T01:30:00+00:00,12218.48
2026-05-12T01:30:00+00:00,12218.48
2026-05-12T01:45:00+00:00,12218.48
2026-05-12T01:45:00+00:00,12218.48
2026-05-12T01:45:00+00:00,12218.48
2026-05-12T02:00:00+00:00,12218.48
2026-05-12T02:00:00+00:00,12218.48
2026-05-12T02:00:00+00:00,12262.85
2026-05-12T02:15:00+00:00,12262.85
2026-05-12T02:15:00+00:00,12262.85
2026-05-12T02:15:00+00:00,12250.20
2026-05-12T02:30:00+00:00,12250.20
2026-05-12T02:30:00+00:00,12250.20
2026-05-12T02:30:00+00:00,12212.44
2026-05-12T02:45:00+00:00,12212.44
2026-05-12T02:45:00+00:00,12212.44
2026-05-12T02:45:00+00:00,12247.39
2026-05-12T03:00:00+00:00,12247.15
2026-05-12T03:00:00+00:00,12247.15
2026-05-12T03:00:00+00:00,12213.01
2026-05-12T03:15:00+00:00,12213.01
2026-05-12T03:15:00+00:00,12213.01
2026-05-12T03:15:00+00:00,12177.66
2026-05-12T03:30:00+00:00,12177.66
2026-05-12T03:30:00+00:00,12177.66
2026-05-12T03:30:00+00:00,12206.98
2026-05-12T03:45:00+00:00,12206.98
2026-05-12T03:45:00+00:00,12206.98
2026-05-12T03:45:00+00:00,12162.80
2026-05-12T04:00:00+00:00,12162.56
2026-05-12T04:00:00+00:00,12162.56
2026-05-12T04:00:00+00:00,12160.55
2026-05-12T04:15:00+00:00,12160.55
2026-05-12T04:15:00+00:00,12160.55
2026-05-12T04:15:00+00:00,12190.67
2026-05-12T04:30:00+00:00,12190.67
2026-05-12T04:30:00+00:00,12190.67
2026-05-12T04:30:00+00:00,12202.32
2026-05-12T04:45:00+00:00,12202.32
2026-05-12T04:45:00+00:00,12202.32
2026-05-12T04:45:00+00:00,12207.74
2026-05-12T05:00:00+00:00,12207.50
2026-05-12T05:00:00+00:00,12207.50
2026-05-12T05:00:00+00:00,12208.00
2026-05-12T05:15:00+00:00,12208.00
2026-05-12T05:15:00+00:00,12208.00
2026-05-12T05:15:00+00:00,12221.36
2026-05-12T05:30:00+00:00,12221.36
2026-05-12T05:30:00+00:00,12221.36
2026-05-12T05:30:00+00:00,12221.86
2026-05-12T05:45:00+00:00,12221.86
2026-05-12T05:45:00+00:00,12221.86
2026-05-12T05:45:00+00:00,12218.90
2026-05-12T06:00:00+00:00,12218.84
2026-05-12T06:00:00+00:00,12218.84
2026-05-12T06:00:00+00:00,12221.75
2026-05-12T06:15:00+00:00,12221.75
2026-05-12T06:15:00+00:00,12221.75
2026-05-12T06:15:00+00:00,12222.93
2026-05-12T06:30:00+00:00,12222.93
2026-05-12T06:30:00+00:00,12222.93
2026-05-12T06:30:00+00:00,12213.72
2026-05-12T06:45:00+00:00,12213.72
2026-05-12T06:45:00+00:00,12213.72
2026-05-12T06:45:00+00:00,12211.34
2026-05-12T07:00:00+00:00,12211.33
2026-05-12T07:00:00+00:00,12211.33
2026-05-12T07:00:00+00:00,12211.30
2026-05-12T07:15:00+00:00,12211.30
2026-05-12T07:15:00+00:00,12211.30
2026-05-12T07:15:00+00:00,12211.30
2026-05-12T07:30:00+00:00,12211.30
2026-05-12T07:30:00+00:00,12211.30
2026-05-12T07:30:00+00:00,12211.30
2026-05-12T07:45:00+00:00,12211.30
2026-05-12T07:45:00+00:00,12211.30
2026-05-12T07:45:00+00:00,12211.30
2026-05-12T08:00:00+00:00,12211.30
2026-05-12T08:00:00+00:00,12211.30
2026-05-12T08:00:00+00:00,12211.30
2026-05-12T08:15:00+00:00,12211.30
2026-05-12T08:15:00+00:00,12211.30
2026-05-12T08:15:00+00:00,12211.30
2026-05-12T08:30:00+00:00,12211.30
2026-05-12T08:30:00+00:00,12211.30
2026-05-12T08:30:00+00:00,12211.30
2026-05-12T08:45:00+00:00,12211.30
2026-05-12T08:45:00+00:00,12211.30
2026-05-12T08:45:00+00:00,12211.30
2026-05-12T09:00:00+00:00,12211.30
2026-05-12T09:00:00+00:00,12211.30
2026-05-12T09:00:00+00:00,12211.30
2026-05-12T09:15:00+00:00,12211.30
2026-05-12T09:15:00+00:00,12211.30
2026-05-12T09:15:00+00:00,12211.30
2026-05-12T09:30:00+00:00,12211.30
2026-05-12T09:30:00+00:00,12211.30
2026-05-12T09:30:00+00:00,12211.30
2026-05-12T09:45:00+00:00,12211.30
2026-05-12T09:45:00+00:00,12211.30
2026-05-12T09:45:00+00:00,12211.30
2026-05-12T10:00:00+00:00,12211.30
2026-05-12T10:00:00+00:00,12211.30
2026-05-12T10:00:00+00:00,12211.30
2026-05-12T10:15:00+00:00,12211.30
2026-05-12T10:15:00+00:00,12211.30
2026-05-12T10:15:00+00:00,12211.30
2026-05-12T10:30:00+00:00,12211.30
2026-05-12T10:30:00+00:00,12211.30
2026-05-12T10:30:00+00:00,12211.30
2026-05-12T10:45:00+00:00,12211.30
2026-05-12T10:45:00+00:00,12211.30
2026-05-12T10:45:00+00:00,12211.30
2026-05-12T11:00:00+00:00,12211.30
2026-05-12T11:00:00+00:00,12211.30
2026-05-12T11:00:00+00:00,12211.30
2026-05-12T11:15:00+00:00,12211.30
2026-05-12T11:15:00+00:00,12211.30
2026-05-12T11:15:00+00:00,12211.30
2026-05-12T11:30:00+00:00,12211.30
2026-05-12T11:30:00+00:00,12211.30
2026-05-12T11:30:00+00:00,12211.30
2026-05-12T11:45:00+00:00,12211.30
2026-05-12T11:45:00+00:00,12211.30
2026-05-12T11:45:00+00:00,12211.30
2026-05-12T12:00:00+00:00,12211.30
2026-05-12T12:00:00+00:00,12211.30
2026-05-12T12:00:00+00:00,12211.30
2026-05-12T12:15:00+00:00,12211.30
2026-05-12T12:15:00+00:00,12211.30
2026-05-12T12:15:00+00:00,12211.30
2026-05-12T12:30:00+00:00,12211.30
2026-05-12T12:30:00+00:00,12211.30
2026-05-12T12:30:00+00:00,12211.30
2026-05-12T12:45:00+00:00,12211.30
2026-05-12T12:45:00+00:00,12211.30
2026-05-12T12:45:00+00:00,12211.30
2026-05-12T13:00:00+00:00,12211.30
2026-05-12T13:00:00+00:00,12211.30
2026-05-12T13:00:00+00:00,12211.30
2026-05-12T13:15:00+00:00,12211.30
2026-05-12T13:15:00+00:00,12211.30
2026-05-12T13:15:00+00:00,12211.30
2026-05-12T13:30:00+00:00,12211.30
2026-05-12T13:30:00+00:00,12211.30
2026-05-12T13:30:00+00:00,12211.30
2026-05-12T13:45:00+00:00,12211.30
2026-05-12T13:45:00+00:00,12211.30
2026-05-12T13:45:00+00:00,12211.30
2026-05-12T14:00:00+00:00,12211.30
2026-05-12T14:00:00+00:00,12211.30
2026-05-12T14:00:00+00:00,12211.30
2026-05-12T14:15:00+00:00,12211.30
2026-05-12T14:15:00+00:00,12211.30
2026-05-12T14:15:00+00:00,12211.30
2026-05-12T14:30:00+00:00,12211.30
2026-05-12T14:30:00+00:00,12211.30
2026-05-12T14:30:00+00:00,12211.30
2026-05-12T14:45:00+00:00,12211.30
2026-05-12T14:45:00+00:00,12211.30
2026-05-12T14:45:00+00:00,12211.30
2026-05-12T15:00:00+00:00,12211.30
2026-05-12T15:00:00+00:00,12211.30
2026-05-12T15:00:00+00:00,12211.30
2026-05-12T15:15:00+00:00,12211.30
2026-05-12T15:15:00+00:00,12211.30
2026-05-12T15:15:00+00:00,12211.30
2026-05-12T15:30:00+00:00,12211.30
2026-05-12T15:30:00+00:00,12211.30
2026-05-12T15:30:00+00:00,12211.30
2026-05-12T15:45:00+00:00,12211.30
2026-05-12T15:45:00+00:00,12211.30
2026-05-12T15:45:00+00:00,12211.30
2026-05-12T16:00:00+00:00,12211.30
2026-05-12T16:00:00+00:00,12211.30
2026-05-12T16:00:00+00:00,12211.30
2026-05-12T16:15:00+00:00,12211.30
2026-05-12T16:15:00+00:00,12211.30
2026-05-12T16:15:00+00:00,12211.30
2026-05-12T16:30:00+00:00,12211.30
2026-05-12T16:30:00+00:00,12211.30
2026-05-12T16:30:00+00:00,12211.30
2026-05-12T16:45:00+00:00,12211.30
2026-05-12T16:45:00+00:00,12211.30
2026-05-12T16:45:00+00:00,12211.30
2026-05-12T17:00:00+00:00,12211.30
2026-05-12T17:00:00+00:00,12211.30
2026-05-12T17:00:00+00:00,12211.30
2026-05-12T17:15:00+00:00,12211.30
2026-05-12T17:15:00+00:00,12211.30
2026-05-12T17:15:00+00:00,12211.30
2026-05-12T17:30:00+00:00,12211.30
2026-05-12T17:30:00+00:00,12211.30
2026-05-12T17:30:00+00:00,12211.30
2026-05-12T17:45:00+00:00,12211.30
2026-05-12T17:45:00+00:00,12211.30
2026-05-12T17:45:00+00:00,12211.30
2026-05-12T18:00:00+00:00,12211.30
2026-05-12T18:00:00+00:00,12211.30
2026-05-12T18:00:00+00:00,12211.30
2026-05-12T18:15:00+00:00,12211.30
2026-05-12T18:15:00+00:00,12211.30
2026-05-12T18:15:00+00:00,12211.30
2026-05-12T18:30:00+00:00,12211.30
2026-05-12T18:30:00+00:00,12211.30
2026-05-12T18:30:00+00:00,12211.30
2026-05-12T18:45:00+00:00,12211.30
2026-05-12T18:45:00+00:00,12211.30
2026-05-12T18:45:00+00:00,12211.30
2026-05-12T19:00:00+00:00,12211.30
2026-05-12T19:00:00+00:00,12211.30
2026-05-12T19:00:00+00:00,12211.30
2026-05-12T19:15:00+00:00,12211.30
2026-05-12T19:15:00+00:00,12211.30
2026-05-12T19:15:00+00:00,12211.30
2026-05-12T19:30:00+00:00,12211.30
2026-05-12T19:30:00+00:00,12211.30
2026-05-12T19:30:00+00:00,12211.30
2026-05-12T19:45:00+00:00,12211.30
2026-05-12T19:45:00+00:00,12211.30
2026-05-12T19:45:00+00:00,12211.30
2026-05-12T20:00:00+00:00,12211.30
2026-05-12T20:00:00+00:00,12211.30
2026-05-12T20:00:00+00:00,12211.30
2026-05-12T20:15:00+00:00,12211.30
2026-05-12T20:15:00+00:00,12211.30
2026-05-12T20:15:00+00:00,12211.30
2026-05-12T20:30:00+00:00,12211.30
2026-05-12T20:30:00+00:00,12211.30
2026-05-12T20:30:00+00:00,12211.30
2026-05-12T20:45:00+00:00,12211.30
2026-05-12T20:45:00+00:00,12211.30
2026-05-12T20:45:00+00:00,12211.30
2026-05-12T21:00:00+00:00,12211.30
2026-05-12T21:00:00+00:00,12211.30
2026-05-12T21:00:00+00:00,12211.30
2026-05-12T21:15:00+00:00,12211.30
2026-05-12T21:15:00+00:00,12211.30
2026-05-12T21:15:00+00:00,12211.30
2026-05-12T21:30:00+00:00,12211.30
2026-05-12T21:30:00+00:00,12211.30
2026-05-12T21:30:00+00:00,12211.30
2026-05-12T21:45:00+00:00,12211.30
2026-05-12T21:45:00+00:00,12211.30
2026-05-12T21:45:00+00:00,12211.30
2026-05-12T22:00:00+00:00,12211.30
2026-05-12T22:00:00+00:00,12211.30
2026-05-12T22:00:00+00:00,12211.30
2026-05-12T22:15:00+00:00,12211.30
2026-05-12T22:15:00+00:00,12211.30
2026-05-12T22:15:00+00:00,12211.30
2026-05-12T22:30:00+00:00,12211.30
2026-05-12T22:30:00+00:00,12211.30
2026-05-12T22:30:00+00:00,12211.30
2026-05-12T22:45:00+00:00,12211.30
2026-05-12T22:45:00+00:00,12211.30
2026-05-12T22:45:00+00:00,12211.30
2026-05-12T23:00:00+00:00,12211.30
2026-05-12T23:00:00+00:00,12211.30
2026-05-12T23:00:00+00:00,12211.30
2026-05-12T23:15:00+00:00,12211.30
2026-05-12T23:15:00+00:00,12211.30
2026-05-12T23:15:00+00:00,12211.30
2026-05-12T23:30:00+00:00,12211.30
2026-05-12T23:30:00+00:00,12211.30
2026-05-12T23:30:00+00:00,12211.30
2026-05-12T23:45:00+00:00,12211.30
2026-05-12T23:45:00+00:00,12211.30
2026-05-12T23:45:00+00:00,12211.30
2026-05-13T00:00:00+00:00,12211.30
2026-05-13T00:00:00+00:00,12211.30
2026-05-13T00:00:00+00:00,12211.30
2026-05-13T00:15:00+00:00,12211.30
2026-05-13T00:15:00+00:00,12211.30
2026-05-13T00:15:00+00:00,12211.30
2026-05-13T00:30:00+00:00,12211.30
2026-05-13T00:30:00+00:00,12211.30
2026-05-13T00:30:00+00:00,12211.30
2026-05-13T00:45:00+00:00,12211.30
2026-05-13T00:45:00+00:00,12211.30
2026-05-13T00:45:00+00:00,12211.30
2026-05-13T01:00:00+00:00,12211.30
2026-05-13T01:00:00+00:00,12211.30
2026-05-13T01:00:00+00:00,12211.30
2026-05-13T01:15:00+00:00,12211.30
2026-05-13T01:15:00+00:00,12211.30
2026-05-13T01:15:00+00:00,12211.30
2026-05-13T01:30:00+00:00,12211.30
2026-05-13T01:30:00+00:00,12211.30
2026-05-13T01:30:00+00:00,12211.30
2026-05-13T01:45:00+00:00,12211.30
2026-05-13T01:45:00+00:00,12211.30
2026-05-13T01:45:00+00:00,12211.30
2026-05-13T02:00:00+00:00,12211.30
2026-05-13T02:00:00+00:00,12211.30
2026-05-13T02:00:00+00:00,12211.30
2026-05-13T02:15:00+00:00,12211.30
2026-05-13T02:15:00+00:00,12211.30
2026-05-13T02:15:00+00:00,12211.30
2026-05-13T02:30:00+00:00,12211.30
2026-05-13T02:30:00+00:00,12211.30
2026-05-13T02:30:00+00:00,12211.30
2026-05-13T02:45:00+00:00,12211.30
2026-05-13T02:45:00+00:00,12211.30
2026-05-13T02:45:00+00:00,12211.30
2026-05-13T03:00:00+00:00,12211.30
2026-05-13T03:00:00+00:00,12211.30
2026-05-13T03:00:00+00:00,12211.30
2026-05-13T03:15:00+00:00,12211.30
2026-05-13T03:15:00+00:00,12211.30
2026-05-13T03:15:00+00:00,12211.30
2026-05-13T03:30:00+00:00,12211.30
2026-05-13T03:30:00+00:00,12211.30
2026-05-13T03:30:00+00:00,12211.30
2026-05-13T03:45:00+00:00,12211.30
2026-05-13T03:45:00+00:00,12211.30
2026-05-13T03:45:00+00:00,12211.30
2026-05-13T04:00:00+00:00,12211.30
2026-05-13T04:00:00+00:00,12211.30
2026-05-13T04:00:00+00:00,12211.30
2026-05-13T04:15:00+00:00,12211.30
2026-05-13T04:15:00+00:00,12211.30
2026-05-13T04:15:00+00:00,12211.30
2026-05-13T04:30:00+00:00,12211.30
2026-05-13T04:30:00+00:00,12211.30
2026-05-13T04:30:00+00:00,12211.30
2026-05-13T04:45:00+00:00,12211.30
2026-05-13T04:45:00+00:00,12211.30
2026-05-13T04:45:00+00:00,12211.30
2026-05-13T05:00:00+00:00,12211.30
2026-05-13T05:00:00+00:00,12211.30
2026-05-13T05:00:00+00:00,12211.30
2026-05-13T05:15:00+00:00,12211.30
2026-05-13T05:15:00+00:00,12211.30
2026-05-13T05:15:00+00:00,12211.30
2026-05-13T05:30:00+00:00,12211.30
2026-05-13T05:30:00+00:00,12211.30
2026-05-13T05:30:00+00:00,12211.30
2026-05-13T05:45:00+00:00,12211.30
2026-05-13T05:45:00+00:00,12211.30
2026-05-13T05:45:00+00:00,12211.30
2026-05-13T06:00:00+00:00,12211.30
2026-05-13T06:00:00+00:00,12211.30
2026-05-13T06:00:00+00:00,12211.30
2026-05-13T06:15:00+00:00,12211.30
2026-05-13T06:15:00+00:00,12211.30
2026-05-13T06:15:00+00:00,12211.30
2026-05-13T06:30:00+00:00,12211.30
2026-05-13T06:30:00+00:00,12211.30
2026-05-13T06:30:00+00:00,12211.30
2026-05-13T06:45:00+00:00,12211.30
2026-05-13T06:45:00+00:00,12211.30
2026-05-13T06:45:00+00:00,12211.30
2026-05-13T07:00:00+00:00,12211.30
2026-05-13T07:00:00+00:00,12211.30
2026-05-13T07:00:00+00:00,12211.30
2026-05-13T07:15:00+00:00,12211.30
2026-05-13T07:15:00+00:00,12211.30
2026-05-13T07:15:00+00:00,12211.30
2026-05-13T07:30:00+00:00,12211.30
2026-05-13T07:30:00+00:00,12211.30
2026-05-13T07:30:00+00:00,12211.30
2026-05-13T07:45:00+00:00,12211.30
2026-05-13T07:45:00+00:00,12211.30
2026-05-13T07:45:00+00:00,12211.30
2026-05-13T08:00:00+00:00,12211.30
2026-05-13T08:00:00+00:00,12211.30
2026-05-13T08:00:00+00:00,12211.30
2026-05-13T08:15:00+00:00,12211.30
2026-05-13T08:15:00+00:00,12211.30
2026-05-13T08:15:00+00:00,12211.30
2026-05-13T08:30:00+00:00,12211.30
2026-05-13T08:30:00+00:00,12211.30
2026-05-13T08:30:00+00:00,12211.30
2026-05-13T08:45:00+00:00,12211.30
2026-05-13T08:45:00+00:00,12211.30
2026-05-13T08:45:00+00:00,12211.30
2026-05-13T09:00:00+00:00,12211.30
2026-05-13T09:00:00+00:00,12211.30
2026-05-13T09:00:00+00:00,12211.30
2026-05-13T09:15:00+00:00,12211.30
2026-05-13T09:15:00+00:00,12211.30
2026-05-13T09:15:00+00:00,12211.30
2026-05-13T09:30:00+00:00,12211.30
2026-05-13T09:30:00+00:00,12211.30
2026-05-13T09:30:00+00:00,12211.30
2026-05-13T09:45:00+00:00,12211.30
2026-05-13T09:45:00+00:00,12211.30
2026-05-13T09:45:00+00:00,12211.30
2026-05-13T10:00:00+00:00,12211.30
2026-05-13T10:00:00+00:00,12211.30
2026-05-13T10:00:00+00:00,12211.30
2026-05-13T10:15:00+00:00,12211.30
2026-05-13T10:15:00+00:00,12211.30
2026-05-13T10:15:00+00:00,12211.30
2026-05-13T10:30:00+00:00,12211.30
2026-05-13T10:30:00+00:00,12211.30
2026-05-13T10:30:00+00:00,12211.30
2026-05-13T10:45:00+00:00,12211.30
2026-05-13T10:45:00+00:00,12211.30
2026-05-13T10:45:00+00:00,12211.30
2026-05-13T11:00:00+00:00,12211.30
2026-05-13T11:00:00+00:00,12211.30
2026-05-13T11:00:00+00:00,12211.30
2026-05-13T11:15:00+00:00,12211.30
2026-05-13T11:15:00+00:00,12211.30
2026-05-13T11:15:00+00:00,12211.30
2026-05-13T11:30:00+00:00,12211.30
2026-05-13T11:30:00+00:00,12211.30
2026-05-13T11:30:00+00:00,12211.30
2026-05-13T11:45:00+00:00,12211.30
2026-05-13T11:45:00+00:00,12211.30
2026-05-13T11:45:00+00:00,12211.30
2026-05-13T12:00:00+00:00,12211.30
2026-05-13T12:00:00+00:00,12211.30
2026-05-13T12:00:00+00:00,12211.30
2026-05-13T12:15:00+00:00,12211.30
2026-05-13T12:15:00+00:00,12211.30
2026-05-13T12:15:00+00:00,12211.30
2026-05-13T12:30:00+00:00,12211.30
2026-05-13T12:30:00+00:00,12211.30
2026-05-13T12:30:00+00:00,12211.30
2026-05-13T12:45:00+00:00,12211.30
2026-05-13T12:45:00+00:00,12211.30
2026-05-13T12:45:00+00:00,12211.30
2026-05-13T13:00:00+00:00,12211.30
2026-05-13T13:00:00+00:00,12211.30
2026-05-13T13:00:00+00:00,12211.30
2026-05-13T13:15:00+00:00,12211.30
2026-05-13T13:15:00+00:00,12211.30
2026-05-13T13:15:00+00:00,12211.30
2026-05-13T13:30:00+00:00,12211.30
2026-05-13T13:30:00+00:00,12211.30
2026-05-13T13:30:00+00:00,12211.30
2026-05-13T13:45:00+00:00,12211.30
2026-05-13T13:45:00+00:00,12211.30
2026-05-13T13:45:00+00:00,12211.30
2026-05-13T14:00:00+00:00,12211.30
2026-05-13T14:00:00+00:00,12211.30
2026-05-13T14:00:00+00:00,12211.30
2026-05-13T14:15:00+00:00,12211.30
2026-05-13T14:15:00+00:00,12211.30
2026-05-13T14:15:00+00:00,12211.30
2026-05-13T14:30:00+00:00,12211.30
2026-05-13T14:30:00+00:00,12211.30
2026-05-13T14:30:00+00:00,12211.30
2026-05-13T14:45:00+00:00,12211.30
2026-05-13T14:45:00+00:00,12211.30
2026-05-13T14:45:00+00:00,12211.30
2026-05-13T15:00:00+00:00,12211.30
2026-05-13T15:00:00+00:00,12211.30
2026-05-13T15:00:00+00:00,12211.30
2026-05-13T15:15:00+00:00,12211.30
2026-05-13T15:15:00+00:00,12211.30
2026-05-13T15:15:00+00:00,12211.30
2026-05-13T15:30:00+00:00,12211.30
2026-05-13T15:30:00+00:00,12211.30
2026-05-13T15:30:00+00:00,12211.30
2026-05-13T15:45:00+00:00,12211.30
2026-05-13T15:45:00+00:00,12211.30
2026-05-13T15:45:00+00:00,12211.30
2026-05-13T16:00:00+00:00,12211.30
2026-05-13T16:00:00+00:00,12211.30
2026-05-13T16:00:00+00:00,12211.30
2026-05-13T16:15:00+00:00,12211.30
2026-05-13T16:15:00+00:00,12211.30
2026-05-13T16:15:00+00:00,12211.30
2026-05-13T16:30:00+00:00,12211.30
2026-05-13T16:30:00+00:00,12211.30
2026-05-13T16:30:00+00:00,12211.30
2026-05-13T16:45:00+00:00,12211.30
2026-05-13T16:45:00+00:00,12211.30
2026-05-13T16:45:00+00:00,12211.30
2026-05-13T17:00:00+00:00,12211.30
2026-05-13T17:00:00+00:00,12211.30
2026-05-13T17:00:00+00:00,12211.30
2026-05-13T17:15:00+00:00,12211.30
2026-05-13T17:15:00+00:00,12211.30
2026-05-13T17:15:00+00:00,12211.30
2026-05-13T17:30:00+00:00,12211.30
2026-05-13T17:30:00+00:00,12211.30
2026-05-13T17:30:00+00:00,12211.30
2026-05-13T17:45:00+00:00,12211.30
2026-05-13T17:45:00+00:00,12211.30
2026-05-13T17:45:00+00:00,12211.30
2026-05-13T18:00:00+00:00,12211.30
2026-05-13T18:00:00+00:00,12211.30
2026-05-13T18:00:00+00:00,12211.30
2026-05-13T18:15:00+00:00,12211.30
2026-05-13T18:15:00+00:00,12211.30
2026-05-13T18:15:00+00:00,12211.30
2026-05-13T18:30:00+00:00,12211.30
2026-05-13T18:30:00+00:00,12211.30
2026-05-13T18:30:00+00:00,12211.30
2026-05-13T18:45:00+00:00,12211.30
2026-05-13T18:45:00+00:00,12211.30
2026-05-13T18:45:00+00:00,12211.30
2026-05-13T19:00:00+00:00,12211.30
2026-05-13T19:00:00+00:00,12211.30
2026-05-13T19:00:00+00:00,12211.30
2026-05-13T19:15:00+00:00,12211.30
2026-05-13T19:15:00+00:00,12211.30
2026-05-13T19:15:00+00:00,12211.30
2026-05-13T19:30:00+00:00,12211.30
2026-05-13T19:30:00+00:00,12211.30
2026-05-13T19:30:00+00:00,12211.30
2026-05-13T19:45:00+00:00,12211.30
2026-05-13T19:45:00+00:00,12211.30
2026-05-13T19:45:00+00:00,12211.30
2026-05-13T20:00:00+00:00,12211.30
2026-05-13T20:00:00+00:00,12211.30
2026-05-13T20:00:00+00:00,12211.30
2026-05-13T20:15:00+00:00,12211.30
2026-05-13T20:15:00+00:00,12211.30
2026-05-13T20:15:00+00:00,12211.30
2026-05-13T20:30:00+00:00,12211.30
2026-05-13T20:30:00+00:00,12211.30
2026-05-13T20:30:00+00:00,12211.30
2026-05-13T20:45:00+00:00,12211.30
2026-05-13T20:45:00+00:00,12211.30
2026-05-13T20:45:00+00:00,12211.30
2026-05-13T21:00:00+00:00,12211.30
2026-05-13T21:00:00+00:00,12211.30
2026-05-13T21:00:00+00:00,12211.30
2026-05-13T21:15:00+00:00,12211.30
2026-05-13T21:15:00+00:00,12211.30
2026-05-13T21:15:00+00:00,12211.30
2026-05-13T21:30:00+00:00,12211.30
2026-05-13T21:30:00+00:00,12211.30
2026-05-13T21:30:00+00:00,12211.30
2026-05-13T21:45:00+00:00,12211.30
2026-05-13T21:45:00+00:00,12211.30
2026-05-13T21:45:00+00:00,12211.30
2026-05-13T22:00:00+00:00,12211.30
2026-05-13T22:00:00+00:00,12211.30
2026-05-13T22:00:00+00:00,12211.30
2026-05-13T22:15:00+00:00,12211.30
2026-05-13T22:15:00+00:00,12211.30
2026-05-13T22:15:00+00:00,12211.30
2026-05-13T22:30:00+00:00,12211.30
2026-05-13T22:30:00+00:00,12211.30
2026-05-13T22:30:00+00:00,12211.30
2026-05-13T22:45:00+00:00,12211.30
2026-05-13T22:45:00+00:00,12211.30
2026-05-13T22:45:00+00:00,12211.30
2026-05-13T23:00:00+00:00,12211.30
2026-05-13T23:00:00+00:00,12211.30
2026-05-13T23:00:00+00:00,12211.30
2026-05-13T23:15:00+00:00,12211.30
2026-05-13T23:15:00+00:00,12211.30
2026-05-13T23:15:00+00:00,12211.30
2026-05-13T23:30:00+00:00,12211.30
2026-05-13T23:30:00+00:00,12211.30
2026-05-13T23:30:00+00:00,12211.30
2026-05-13T23:45:00+00:00,12211.30
2026-05-13T23:45:00+00:00,12211.30
2026-05-13T23:45:00+00:00,12211.30
2026-05-14T00:00:00+00:00,12211.30
2026-05-14T00:00:00+00:00,12211.30
2026-05-14T00:00:00+00:00,12211.30
2026-05-14T00:15:00+00:00,12211.30
2026-05-14T00:15:00+00:00,12211.30
2026-05-14T00:15:00+00:00,12211.30
2026-05-14T00:30:00+00:00,12211.30
2026-05-14T00:30:00+00:00,12211.30
2026-05-14T00:30:00+00:00,12211.30
2026-05-14T00:45:00+00:00,12211.30
2026-05-14T00:45:00+00:00,12211.30
2026-05-14T00:45:00+00:00,12211.30
2026-05-14T01:00:00+00:00,12211.30
2026-05-14T01:00:00+00:00,12211.30
2026-05-14T01:00:00+00:00,12211.30
2026-05-14T01:15:00+00:00,12211.30
2026-05-14T01:15:00+00:00,12211.30
2026-05-14T01:15:00+00:00,12211.30
2026-05-14T01:30:00+00:00,12211.30
2026-05-14T01:30:00+00:00,12211.30
2026-05-14T01:30:00+00:00,12211.30
2026-05-14T01:45:00+00:00,12211.30
2026-05-14T01:45:00+00:00,12211.30
2026-05-14T01:45:00+00:00,12211.30
2026-05-14T02:00:00+00:00,12211.30
2026-05-14T02:00:00+00:00,12211.30
2026-05-14T02:00:00+00:00,12211.30
2026-05-14T02:15:00+00:00,12211.30
2026-05-14T02:15:00+00:00,12211.30
2026-05-14T02:15:00+00:00,12211.30
2026-05-14T02:30:00+00:00,12211.30
2026-05-14T02:30:00+00:00,12211.30
2026-05-14T02:30:00+00:00,12211.30
2026-05-14T02:45:00+00:00,12211.30
2026-05-14T02:45:00+00:00,12211.30
2026-05-14T02:45:00+00:00,12211.30
2026-05-14T03:00:00+00:00,12211.30
2026-05-14T03:00:00+00:00,12211.30
2026-05-14T03:00:00+00:00,12211.30
2026-05-14T03:15:00+00:00,12211.30
2026-05-14T03:15:00+00:00,12211.30
2026-05-14T03:15:00+00:00,12211.30
2026-05-14T03:30:00+00:00,12211.30
2026-05-14T03:30:00+00:00,12211.30
2026-05-14T03:30:00+00:00,12211.30
2026-05-14T03:45:00+00:00,12211.30
2026-05-14T03:45:00+00:00,12211.30
2026-05-14T03:45:00+00:00,12211.30
2026-05-14T04:00:00+00:00,12211.30
2026-05-14T04:00:00+00:00,12211.30
2026-05-14T04:00:00+00:00,12211.30
2026-05-14T04:15:00+00:00,12211.30
2026-05-14T04:15:00+00:00,12211.30
2026-05-14T04:15:00+00:00,12211.30
2026-05-14T04:30:00+00:00,12211.30
2026-05-14T04:30:00+00:00,12211.30
2026-05-14T04:30:00+00:00,12211.30
2026-05-14T04:45:00+00:00,12211.30
2026-05-14T04:45:00+00:00,12211.30
2026-05-14T04:45:00+00:00,12211.30
2026-05-14T05:00:00+00:00,12211.30
2026-05-14T05:00:00+00:00,12211.30
2026-05-14T05:00:00+00:00,12211.30
2026-05-14T05:15:00+00:00,12211.30
2026-05-14T05:15:00+00:00,12211.30
2026-05-14T05:15:00+00:00,12211.30
2026-05-14T05:30:00+00:00,12211.30
2026-05-14T05:30:00+00:00,12211.30
2026-05-14T05:30:00+00:00,12211.30
2026-05-14T05:45:00+00:00,12211.30
2026-05-14T05:45:00+00:00,12211.30
2026-05-14T05:45:00+00:00,12211.30
2026-05-14T06:00:00+00:00,12211.30
2026-05-14T06:00:00+00:00,12211.30
2026-05-14T06:00:00+00:00,12211.30
2026-05-14T06:15:00+00:00,12211.30
2026-05-14T06:15:00+00:00,12211.30
2026-05-14T06:15:00+00:00,12211.30
2026-05-14T06:30:00+00:00,12211.30
2026-05-14T06:30:00+00:00,12211.30
2026-05-14T06:30:00+00:00,12211.30
2026-05-14T06:45:00+00:00,12211.30
2026-05-14T06:45:00+00:00,12211.30
2026-05-14T06:45:00+00:00,12211.30
2026-05-14T07:00:00+00:00,12211.30
2026-05-14T07:00:00+00:00,12211.30
2026-05-14T07:00:00+00:00,12211.30
2026-05-14T07:15:00+00:00,12211.30
2026-05-14T07:15:00+00:00,12211.30
2026-05-14T07:15:00+00:00,12211.30
2026-05-14T07:30:00+00:00,12211.30
2026-05-14T07:30:00+00:00,12211.30
2026-05-14T07:30:00+00:00,12211.30
2026-05-14T07:45:00+00:00,12211.30
2026-05-14T07:45:00+00:00,12211.30
2026-05-14T07:45:00+00:00,12211.30
2026-05-14T08:00:00+00:00,12211.30
2026-05-14T08:00:00+00:00,12211.30
2026-05-14T08:00:00+00:00,12211.30
2026-05-14T08:15:00+00:00,12211.30
2026-05-14T08:15:00+00:00,12211.30
2026-05-14T08:15:00+00:00,12211.30
2026-05-14T08:30:00+00:00,12211.30
2026-05-14T08:30:00+00:00,12211.30
2026-05-14T08:30:00+00:00,12211.30
2026-05-14T08:45:00+00:00,12211.30
2026-05-14T08:45:00+00:00,12211.30
2026-05-14T08:45:00+00:00,12211.30
2026-05-14T09:00:00+00:00,12211.30
2026-05-14T09:00:00+00:00,12211.30
2026-05-14T09:00:00+00:00,12211.30
2026-05-14T09:15:00+00:00,12211.30
2026-05-14T09:15:00+00:00,12211.30
2026-05-14T09:15:00+00:00,12211.30
2026-05-14T09:30:00+00:00,12211.30
2026-05-14T09:30:00+00:00,12211.30
2026-05-14T09:30:00+00:00,12211.30
2026-05-14T09:45:00+00:00,12211.30
2026-05-14T09:45:00+00:00,12211.30
2026-05-14T09:45:00+00:00,12211.30
2026-05-14T10:00:00+00:00,12211.30
2026-05-14T10:00:00+00:00,12211.30
2026-05-14T10:00:00+00:00,12211.30
2026-05-14T10:15:00+00:00,12211.30
2026-05-14T10:15:00+00:00,12211.30
2026-05-14T10:15:00+00:00,12211.30
2026-05-14T10:30:00+00:00,12211.30
2026-05-14T10:30:00+00:00,12211.30
2026-05-14T10:30:00+00:00,12211.30
2026-05-14T10:45:00+00:00,12211.30
2026-05-14T10:45:00+00:00,12211.30
2026-05-14T10:45:00+00:00,12211.30
2026-05-14T11:00:00+00:00,12211.30
2026-05-14T11:00:00+00:00,12211.30
2026-05-14T11:00:00+00:00,12211.30
2026-05-14T11:15:00+00:00,12211.30
2026-05-14T11:15:00+00:00,12211.30
2026-05-14T11:15:00+00:00,12211.30
2026-05-14T11:30:00+00:00,12211.30
2026-05-14T11:30:00+00:00,12211.30
2026-05-14T11:30:00+00:00,12211.30
2026-05-14T11:45:00+00:00,12211.30
2026-05-14T11:45:00+00:00,12211.30
2026-05-14T11:45:00+00:00,12211.30
2026-05-14T12:00:00+00:00,12211.30
2026-05-14T12:00:00+00:00,12211.30
2026-05-14T12:00:00+00:00,12211.30
2026-05-14T12:15:00+00:00,12211.30
2026-05-14T12:15:00+00:00,12211.30
2026-05-14T12:15:00+00:00,12211.30
2026-05-14T12:30:00+00:00,12211.30
2026-05-14T12:30:00+00:00,12211.30
2026-05-14T12:30:00+00:00,12211.30
2026-05-14T12:45:00+00:00,12211.30
2026-05-14T12:45:00+00:00,12211.30
2026-05-14T12:45:00+00:00,12211.30
2026-05-14T13:00:00+00:00,12211.30
2026-05-14T13:00:00+00:00,12211.30
2026-05-14T13:00:00+00:00,12211.30
2026-05-14T13:15:00+00:00,12211.30
2026-05-14T13:15:00+00:00,12211.30
2026-05-14T13:15:00+00:00,12211.30
2026-05-14T13:30:00+00:00,12211.30
2026-05-14T13:30:00+00:00,12211.30
2026-05-14T13:30:00+00:00,12211.30
2026-05-14T13:45:00+00:00,12211.30
2026-05-14T13:45:00+00:00,12211.30
2026-05-14T13:45:00+00:00,12211.30
2026-05-14T14:00:00+00:00,12211.30
2026-05-14T14:00:00+00:00,12211.30
2026-05-14T14:00:00+00:00,12211.30
2026-05-14T14:15:00+00:00,12211.30
2026-05-14T14:15:00+00:00,12211.30
2026-05-14T14:15:00+00:00,12211.30
2026-05-14T14:30:00+00:00,12211.30
2026-05-14T14:30:00+00:00,12211.30
2026-05-14T14:30:00+00:00,12211.30
2026-05-14T14:45:00+00:00,12211.30
2026-05-14T14:45:00+00:00,12211.30
2026-05-14T14:45:00+00:00,12211.30
2026-05-14T15:00:00+00:00,12211.30
2026-05-14T15:00:00+00:00,12211.30
2026-05-14T15:00:00+00:00,12211.30
2026-05-14T15:15:00+00:00,12211.30
2026-05-14T15:15:00+00:00,12211.30
2026-05-14T15:15:00+00:00,12211.30
2026-05-14T15:30:00+00:00,12211.30
2026-05-14T15:30:00+00:00,12211.30
2026-05-14T15:30:00+00:00,12211.30
2026-05-14T15:45:00+00:00,12211.30
2026-05-14T15:45:00+00:00,12211.30
2026-05-14T15:45:00+00:00,12211.30
2026-05-14T16:00:00+00:00,12211.30
2026-05-14T16:00:00+00:00,12211.30
2026-05-14T16:00:00+00:00,12211.30
2026-05-14T16:15:00+00:00,12211.30
2026-05-14T16:15:00+00:00,12211.30
2026-05-14T16:15:00+00:00,12211.30
2026-05-14T16:30:00+00:00,12211.30
2026-05-14T16:30:00+00:00,12211.30
2026-05-14T16:30:00+00:00,12211.30
2026-05-14T16:45:00+00:00,12211.30
2026-05-14T16:45:00+00:00,12211.30
2026-05-14T16:45:00+00:00,12211.30
2026-05-14T17:00:00+00:00,12211.30
2026-05-14T17:00:00+00:00,12211.30
2026-05-14T17:00:00+00:00,12211.30
2026-05-14T17:15:00+00:00,12211.30
2026-05-14T17:15:00+00:00,12211.30
2026-05-14T17:15:00+00:00,12211.30
2026-05-14T17:30:00+00:00,12211.30
2026-05-14T17:30:00+00:00,12211.30
2026-05-14T17:30:00+00:00,12211.30
2026-05-14T17:45:00+00:00,12211.30
2026-05-14T17:45:00+00:00,12211.30
2026-05-14T17:45:00+00:00,12211.30
2026-05-14T18:00:00+00:00,12211.30
2026-05-14T18:00:00+00:00,12211.30
2026-05-14T18:00:00+00:00,12211.30
2026-05-14T18:15:00+00:00,12211.30
2026-05-14T18:15:00+00:00,12211.30
2026-05-14T18:15:00+00:00,12211.30
2026-05-14T18:30:00+00:00,12211.30
2026-05-14T18:30:00+00:00,12211.30
2026-05-14T18:30:00+00:00,12211.30
2026-05-14T18:45:00+00:00,12211.30
2026-05-14T18:45:00+00:00,12211.30
2026-05-14T18:45:00+00:00,12211.30
2026-05-14T19:00:00+00:00,12211.30
2026-05-14T19:00:00+00:00,12211.30
2026-05-14T19:00:00+00:00,12211.30
2026-05-14T19:15:00+00:00,12211.30
2026-05-14T19:15:00+00:00,12211.30
2026-05-14T19:15:00+00:00,12211.30
2026-05-14T19:30:00+00:00,12211.30
2026-05-14T19:30:00+00:00,12211.30
2026-05-14T19:30:00+00:00,12211.30
2026-05-14T19:45:00+00:00,12211.30
2026-05-14T19:45:00+00:00,12211.30
2026-05-14T19:45:00+00:00,12211.30
2026-05-14T20:00:00+00:00,12211.30
2026-05-14T20:00:00+00:00,12211.30
2026-05-14T20:00:00+00:00,12211.30
2026-05-14T20:15:00+00:00,12211.30
2026-05-14T20:15:00+00:00,12211.30
2026-05-14T20:15:00+00:00,12211.30
2026-05-14T20:30:00+00:00,12211.30
2026-05-14T20:30:00+00:00,12211.30
2026-05-14T20:30:00+00:00,12211.30
2026-05-14T20:45:00+00:00,12211.30
2026-05-14T20:45:00+00:00,12211.30
2026-05-14T20:45:00+00:00,12211.30
2026-05-14T21:00:00+00:00,12211.30
2026-05-14T21:00:00+00:00,12211.30
2026-05-14T21:00:00+00:00,12211.30
2026-05-14T21:15:00+00:00,12211.30
2026-05-14T21:15:00+00:00,12211.30
2026-05-14T21:15:00+00:00,12211.30
2026-05-14T21:30:00+00:00,12211.30
2026-05-14T21:30:00+00:00,12211.30
2026-05-14T21:30:00+00:00,12211.30
2026-05-14T21:45:00+00:00,12211.30
2026-05-14T21:45:00+00:00,12211.30
2026-05-14T21:45:00+00:00,12211.30
2026-05-14T22:00:00+00:00,12211.30
2026-05-14T22:00:00+00:00,12211.30
2026-05-14T22:00:00+00:00,12211.30
2026-05-14T22:15:00+00:00,12211.30
2026-05-14T22:15:00+00:00,12211.30
2026-05-14T22:15:00+00:00,12211.30
2026-05-14T22:30:00+00:00,12211.30
2026-05-14T22:30:00+00:00,12211.30
2026-05-14T22:30:00+00:00,12211.30
2026-05-14T22:45:00+00:00,12211.30
2026-05-14T22:45:00+00:00,12211.30
2026-05-14T22:45:00+00:00,12211.30
2026-05-14T23:00:00+00:00,12211.30
2026-05-14T23:00:00+00:00,12211.30
2026-05-14T23:00:00+00:00,12211.30
2026-05-14T23:15:00+00:00,12211.30
2026-05-14T23:15:00+00:00,12211.30
2026-05-14T23:15:00+00:00,12211.30
2026-05-14T23:30:00+00:00,12211.30
2026-05-14T23:30:00+00:00,12211.30
2026-05-14T23:30:00+00:00,12211.30
2026-05-14T23:45:00+00:00,12211.30
2026-05-14T23:45:00+00:00,12211.30
2026-05-14T23:45:00+00:00,12211.30
2026-05-15T00:00:00+00:00,12211.30
2026-05-15T00:00:00+00:00,12211.30
2026-05-15T00:00:00+00:00,12211.30
2026-05-15T00:15:00+00:00,12211.30
2026-05-15T00:15:00+00:00,12211.30
2026-05-15T00:15:00+00:00,12211.30
2026-05-15T00:30:00+00:00,12211.30
2026-05-15T00:30:00+00:00,12211.30
2026-05-15T00:30:00+00:00,12211.30
2026-05-15T00:45:00+00:00,12211.30
2026-05-15T00:45:00+00:00,12211.30
2026-05-15T00:45:00+00:00,12211.30
2026-05-15T01:00:00+00:00,12211.30
2026-05-15T01:00:00+00:00,12211.30
2026-05-15T01:00:00+00:00,12211.30
2026-05-15T01:15:00+00:00,12211.30
2026-05-15T01:15:00+00:00,12211.30
2026-05-15T01:15:00+00:00,12211.30
2026-05-15T01:30:00+00:00,12211.30
2026-05-15T01:30:00+00:00,12211.30
2026-05-15T01:30:00+00:00,12211.30
2026-05-15T01:45:00+00:00,12211.30
2026-05-15T01:45:00+00:00,12211.30
2026-05-15T01:45:00+00:00,12211.30
2026-05-15T02:00:00+00:00,12211.30
2026-05-15T02:00:00+00:00,12211.30
2026-05-15T02:00:00+00:00,12211.30
2026-05-15T02:15:00+00:00,12211.30
2026-05-15T02:15:00+00:00,12211.30
2026-05-15T02:15:00+00:00,12211.30
2026-05-15T02:30:00+00:00,12211.30
2026-05-15T02:30:00+00:00,12211.30
2026-05-15T02:30:00+00:00,12211.30
2026-05-15T02:45:00+00:00,12211.30
2026-05-15T02:45:00+00:00,12211.30
2026-05-15T02:45:00+00:00,12211.30
2026-05-15T03:00:00+00:00,12211.30
2026-05-15T03:00:00+00:00,12211.30
2026-05-15T03:00:00+00:00,12211.30
2026-05-15T03:15:00+00:00,12211.30
2026-05-15T03:15:00+00:00,12211.30
2026-05-15T03:15:00+00:00,12211.30
2026-05-15T03:30:00+00:00,12211.30
2026-05-15T03:30:00+00:00,12211.30
2026-05-15T03:30:00+00:00,12211.30
2026-05-15T03:45:00+00:00,12211.30
2026-05-15T03:45:00+00:00,12211.30
2026-05-15T03:45:00+00:00,12211.30
2026-05-15T04:00:00+00:00,12211.30
2026-05-15T04:00:00+00:00,12211.30
2026-05-15T04:00:00+00:00,12211.30
2026-05-15T04:15:00+00:00,12211.30
2026-05-15T04:15:00+00:00,12211.30
2026-05-15T04:15:00+00:00,12211.30
2026-05-15T04:30:00+00:00,12211.30
2026-05-15T04:30:00+00:00,12211.30
2026-05-15T04:30:00+00:00,12211.30
2026-05-15T04:45:00+00:00,12211.30
2026-05-15T04:45:00+00:00,12211.30
2026-05-15T04:45:00+00:00,12211.30
2026-05-15T05:00:00+00:00,12211.30
2026-05-15T05:00:00+00:00,12211.30
2026-05-15T05:00:00+00:00,12211.30
2026-05-15T05:15:00+00:00,12211.30
2026-05-15T05:15:00+00:00,12211.30
2026-05-15T05:15:00+00:00,12211.30
2026-05-15T05:30:00+00:00,12211.30
2026-05-15T05:30:00+00:00,12211.30
2026-05-15T05:30:00+00:00,12211.30
2026-05-15T05:45:00+00:00,12211.30
2026-05-15T05:45:00+00:00,12211.30
2026-05-15T05:45:00+00:00,12211.30
2026-05-15T06:00:00+00:00,12211.30
2026-05-15T06:00:00+00:00,12211.30
2026-05-15T06:00:00+00:00,12211.30
2026-05-15T06:15:00+00:00,12211.30
2026-05-15T06:15:00+00:00,12211.30
2026-05-15T06:15:00+00:00,12211.30
2026-05-15T06:30:00+00:00,12211.30
2026-05-15T06:30:00+00:00,12211.30
2026-05-15T06:30:00+00:00,12211.30
2026-05-15T06:45:00+00:00,12211.30
2026-05-15T06:45:00+00:00,12211.30
2026-05-15T06:45:00+00:00,12211.30
2026-05-15T07:00:00+00:00,12211.30
2026-05-15T07:00:00+00:00,12211.30
2026-05-15T07:00:00+00:00,12211.30
2026-05-15T07:15:00+00:00,12211.30
2026-05-15T07:15:00+00:00,12211.30
2026-05-15T07:15:00+00:00,12211.30
2026-05-15T07:30:00+00:00,12211.30
2026-05-15T07:30:00+00:00,12211.30
2026-05-15T07:30:00+00:00,12211.30
2026-05-15T07:45:00+00:00,12211.30
2026-05-15T07:45:00+00:00,12211.30
2026-05-15T07:45:00+00:00,12211.30
2026-05-15T08:00:00+00:00,12211.30
2026-05-15T08:00:00+00:00,12211.30
2026-05-15T08:00:00+00:00,12211.30
2026-05-15T08:15:00+00:00,12211.30
2026-05-15T08:15:00+00:00,12211.30
2026-05-15T08:15:00+00:00,12211.30
2026-05-15T08:30:00+00:00,12211.30
2026-05-15T08:30:00+00:00,12211.30
2026-05-15T08:30:00+00:00,12211.30
2026-05-15T08:45:00+00:00,12211.30
2026-05-15T08:45:00+00:00,12211.30
2026-05-15T08:45:00+00:00,12211.30
2026-05-15T09:00:00+00:00,12211.30
2026-05-15T09:00:00+00:00,12211.30
2026-05-15T09:00:00+00:00,12211.30
2026-05-15T09:15:00+00:00,12211.30
2026-05-15T09:15:00+00:00,12211.30
2026-05-15T09:15:00+00:00,12211.30
2026-05-15T09:30:00+00:00,12211.30
2026-05-15T09:30:00+00:00,12211.30
2026-05-15T09:30:00+00:00,12211.30
2026-05-15T09:45:00+00:00,12211.30
2026-05-15T09:45:00+00:00,12211.30
2026-05-15T09:45:00+00:00,12211.30
2026-05-15T10:00:00+00:00,12211.30
2026-05-15T10:00:00+00:00,12211.30
2026-05-15T10:00:00+00:00,12211.30
2026-05-15T10:15:00+00:00,12211.30
2026-05-15T10:15:00+00:00,12211.30
2026-05-15T10:15:00+00:00,12211.30
2026-05-15T10:30:00+00:00,12211.30
2026-05-15T10:30:00+00:00,12211.30
2026-05-15T10:30:00+00:00,12211.30
2026-05-15T10:45:00+00:00,12211.30
2026-05-15T10:45:00+00:00,12211.30
2026-05-15T10:45:00+00:00,12211.30
2026-05-15T11:00:00+00:00,12211.30
2026-05-15T11:00:00+00:00,12211.30
2026-05-15T11:00:00+00:00,12211.30
2026-05-15T11:15:00+00:00,12211.30
2026-05-15T11:15:00+00:00,12211.30
2026-05-15T11:15:00+00:00,12211.30
2026-05-15T11:30:00+00:00,12211.30
2026-05-15T11:30:00+00:00,12211.30
2026-05-15T11:30:00+00:00,12211.30
2026-05-15T11:45:00+00:00,12211.30
2026-05-15T11:45:00+00:00,12211.30
2026-05-15T11:45:00+00:00,12211.30
2026-05-15T12:00:00+00:00,12211.30
2026-05-15T12:00:00+00:00,12211.30
2026-05-15T12:00:00+00:00,12211.30
2026-05-15T12:15:00+00:00,12211.30
2026-05-15T12:15:00+00:00,12211.30
2026-05-15T12:15:00+00:00,12211.30
2026-05-15T12:30:00+00:00,12211.30
2026-05-15T12:30:00+00:00,12211.30
2026-05-15T12:30:00+00:00,12211.30
2026-05-15T12:45:00+00:00,12211.30
2026-05-15T12:45:00+00:00,12211.30
2026-05-15T12:45:00+00:00,12211.30
2026-05-15T13:00:00+00:00,12211.30
2026-05-15T13:00:00+00:00,12211.30
2026-05-15T13:00:00+00:00,12211.30
2026-05-15T13:15:00+00:00,12211.30
2026-05-15T13:15:00+00:00,12211.30
2026-05-15T13:15:00+00:00,12211.30
2026-05-15T13:30:00+00:00,12211.30
2026-05-15T13:30:00+00:00,12211.30
2026-05-15T13:30:00+00:00,12211.30
2026-05-15T13:45:00+00:00,12211.30
2026-05-15T13:45:00+00:00,12211.30
2026-05-15T13:45:00+00:00,12211.30
2026-05-15T14:00:00+00:00,12211.30
2026-05-15T14:00:00+00:00,12211.30
2026-05-15T14:00:00+00:00,12211.30
2026-05-15T14:15:00+00:00,12211.30
2026-05-15T14:15:00+00:00,12211.30
2026-05-15T14:15:00+00:00,12211.30
2026-05-15T14:30:00+00:00,12211.30
2026-05-15T14:30:00+00:00,12211.30
2026-05-15T14:30:00+00:00,12211.30
2026-05-15T14:45:00+00:00,12211.30
2026-05-15T14:45:00+00:00,12211.30
2026-05-15T14:45:00+00:00,12211.30
2026-05-15T15:00:00+00:00,12211.30
2026-05-15T15:00:00+00:00,12211.30
2026-05-15T15:00:00+00:00,12211.30
2026-05-15T15:15:00+00:00,12211.30
2026-05-15T15:15:00+00:00,12211.30
2026-05-15T15:15:00+00:00,12211.30
2026-05-15T15:30:00+00:00,12211.30
2026-05-15T15:30:00+00:00,12211.30
2026-05-15T15:30:00+00:00,12211.30
2026-05-15T15:45:00+00:00,12211.30
2026-05-15T15:45:00+00:00,12211.30
2026-05-15T15:45:00+00:00,12211.30
2026-05-15T16:00:00+00:00,12211.30
2026-05-15T16:00:00+00:00,12211.30
2026-05-15T16:00:00+00:00,12211.30
2026-05-15T16:15:00+00:00,12211.30
2026-05-15T16:15:00+00:00,12211.30
2026-05-15T16:15:00+00:00,12211.30
2026-05-15T16:30:00+00:00,12211.30
2026-05-15T16:30:00+00:00,12211.30
2026-05-15T16:30:00+00:00,12211.30
2026-05-15T16:45:00+00:00,12211.30
2026-05-15T16:45:00+00:00,12211.30
2026-05-15T16:45:00+00:00,12211.30
2026-05-15T17:00:00+00:00,12211.30
2026-05-15T17:00:00+00:00,12211.30
2026-05-15T17:00:00+00:00,12211.30
2026-05-15T17:15:00+00:00,12211.30
2026-05-15T17:15:00+00:00,12211.30
2026-05-15T17:15:00+00:00,12211.30
2026-05-15T17:30:00+00:00,12211.30
2026-05-15T17:30:00+00:00,12211.30
2026-05-15T17:30:00+00:00,12211.30
2026-05-15T17:45:00+00:00,12211.30
2026-05-15T17:45:00+00:00,12211.30
2026-05-15T17:45:00+00:00,12211.30
2026-05-15T18:00:00+00:00,12211.30
2026-05-15T18:00:00+00:00,12211.30
2026-05-15T18:00:00+00:00,12211.30
2026-05-15T18:15:00+00:00,12211.30
2026-05-15T18:15:00+00:00,12211.30
2026-05-15T18:15:00+00:00,12211.30
2026-05-15T18:30:00+00:00,12211.30
2026-05-15T18:30:00+00:00,12211.30
2026-05-15T18:30:00+00:00,12211.30
2026-05-15T18:45:00+00:00,12211.30
2026-05-15T18:45:00+00:00,12211.30
2026-05-15T18:45:00+00:00,12211.30
2026-05-15T19:00:00+00:00,12211.30
2026-05-15T19:00:00+00:00,12211.30
2026-05-15T19:00:00+00:00,12211.30
2026-05-15T19:15:00+00:00,12211.30
2026-05-15T19:15:00+00:00,12211.30
2026-05-15T19:15:00+00:00,12211.30
2026-05-15T19:30:00+00:00,12211.30
2026-05-15T19:30:00+00:00,12211.30
2026-05-15T19:30:00+00:00,12211.30
2026-05-15T19:45:00+00:00,12211.30
2026-05-15T19:45:00+00:00,12211.30
2026-05-15T19:45:00+00:00,12211.30
2026-05-15T20:00:00+00:00,12211.30
2026-05-15T20:00:00+00:00,12211.30
2026-05-15T20:00:00+00:00,12211.30
2026-05-15T20:15:00+00:00,12211.30
2026-05-15T20:15:00+00:00,12211.30
2026-05-15T20:15:00+00:00,12211.30
2026-05-15T20:30:00+00:00,12211.30
2026-05-15T20:30:00+00:00,12211.30
2026-05-15T20:30:00+00:00,12211.30
2026-05-15T20:45:00+00:00,12211.30
2026-05-15T20:45:00+00:00,12211.30
2026-05-15T20:45:00+00:00,12211.30
2026-05-15T21:00:00+00:00,12211.30
2026-05-15T21:00:00+00:00,12211.30
2026-05-15T21:00:00+00:00,12211.30
2026-05-15T21:15:00+00:00,12211.30
2026-05-15T21:15:00+00:00,12211.30
2026-05-15T21:15:00+00:00,12211.30
2026-05-15T21:30:00+00:00,12211.30
2026-05-15T21:30:00+00:00,12211.30
2026-05-15T21:30:00+00:00,12211.30
2026-05-15T21:45:00+00:00,12211.30
2026-05-15T21:45:00+00:00,12211.30
2026-05-15T21:45:00+00:00,12211.30
2026-05-15T22:00:00+00:00,12211.30
2026-05-15T22:00:00+00:00,12211.30
2026-05-15T22:00:00+00:00,12211.30
2026-05-15T22:15:00+00:00,12211.30
2026-05-15T22:15:00+00:00,12211.30
2026-05-15T22:15:00+00:00,12211.30
2026-05-15T22:30:00+00:00,12211.30
2026-05-15T22:30:00+00:00,12211.30
2026-05-15T22:30:00+00:00,12211.30
2026-05-15T22:45:00+00:00,12211.30
2026-05-15T22:45:00+00:00,12211.30
2026-05-15T22:45:00+00:00,12211.30
2026-05-15T23:00:00+00:00,12211.30
2026-05-15T23:00:00+00:00,12211.30
2026-05-15T23:00:00+00:00,12211.30
2026-05-15T23:15:00+00:00,12211.30
2026-05-15T23:15:00+00:00,12211.30
2026-05-15T23:15:00+00:00,12211.30
2026-05-15T23:30:00+00:00,12211.30
2026-05-15T23:30:00+00:00,12211.30
2026-05-15T23:30:00+00:00,12211.30
2026-05-15T23:45:00+00:00,12211.30
2026-05-15T23:45:00+00:00,12211.30
2026-05-15T23:45:00+00:00,12211.30
2026-05-16T00:00:00+00:00,12211.30
2026-05-16T00:00:00+00:00,12211.30
2026-05-16T00:00:00+00:00,12211.30
2026-05-16T00:15:00+00:00,12211.30
2026-05-16T00:15:00+00:00,12211.30
2026-05-16T00:15:00+00:00,12211.30
2026-05-16T00:30:00+00:00,12211.30
2026-05-16T00:30:00+00:00,12211.30
2026-05-16T00:30:00+00:00,12211.30
2026-05-16T00:45:00+00:00,12211.30
2026-05-16T00:45:00+00:00,12211.30
2026-05-16T00:45:00+00:00,12211.30
2026-05-16T01:00:00+00:00,12211.30
2026-05-16T01:00:00+00:00,12211.30
2026-05-16T01:00:00+00:00,12211.30
2026-05-16T01:15:00+00:00,12211.30
2026-05-16T01:15:00+00:00,12211.30
2026-05-16T01:15:00+00:00,12211.30
2026-05-16T01:30:00+00:00,12211.30
2026-05-16T01:30:00+00:00,12211.30
2026-05-16T01:30:00+00:00,12211.30
2026-05-16T01:45:00+00:00,12211.30
2026-05-16T01:45:00+00:00,12211.30
2026-05-16T01:45:00+00:00,12211.30
2026-05-16T02:00:00+00:00,12211.30
2026-05-16T02:00:00+00:00,12211.30
2026-05-16T02:00:00+00:00,12211.30
2026-05-16T02:15:00+00:00,12211.30
2026-05-16T02:15:00+00:00,12211.30
2026-05-16T02:15:00+00:00,12211.30
2026-05-16T02:30:00+00:00,12211.30
2026-05-16T02:30:00+00:00,12211.30
2026-05-16T02:30:00+00:00,12211.30
2026-05-16T02:45:00+00:00,12211.30
2026-05-16T02:45:00+00:00,12211.30
2026-05-16T02:45:00+00:00,12211.30
2026-05-16T03:00:00+00:00,12211.30
2026-05-16T03:00:00+00:00,12211.30
2026-05-16T03:00:00+00:00,12211.30
2026-05-16T03:15:00+00:00,12211.30
2026-05-16T03:15:00+00:00,12211.30
2026-05-16T03:15:00+00:00,12211.30
2026-05-16T03:30:00+00:00,12211.30
2026-05-16T03:30:00+00:00,12211.30
2026-05-16T03:30:00+00:00,12211.30
2026-05-16T03:45:00+00:00,12211.30
2026-05-16T03:45:00+00:00,12211.30
2026-05-16T03:45:00+00:00,12211.30
2026-05-16T04:00:00+00:00,12211.30
2026-05-16T04:00:00+00:00,12189.88
2026-05-16T04:00:00+00:00,12189.88
2026-05-16T04:15:00+00:00,12189.88
2026-05-16T04:15:00+00:00,12207.76
2026-05-16T04:15:00+00:00,12207.76
2026-05-16T04:30:00+00:00,12207.76
2026-05-16T04:30:00+00:00,12241.74
2026-05-16T04:30:00+00:00,12241.74
2026-05-16T04:45:00+00:00,12241.74
2026-05-16T04:45:00+00:00,12197.03
2026-05-16T04:45:00+00:00,12197.03
2026-05-16T05:00:00+00:00,12197.22
2026-05-16T05:00:00+00:00,12200.80
2026-05-16T05:00:00+00:00,12200.80
2026-05-16T05:15:00+00:00,12200.80
2026-05-16T05:15:00+00:00,12181.13
2026-05-16T05:15:00+00:00,12181.13
2026-05-16T05:30:00+00:00,12181.13
2026-05-16T05:30:00+00:00,12199.01
2026-05-16T05:30:00+00:00,12199.01
2026-05-16T05:45:00+00:00,12199.01
2026-05-16T05:45:00+00:00,12204.37
2026-05-16T05:45:00+00:00,12204.37
2026-05-16T06:00:00+00:00,12204.33
2026-05-16T06:00:00+00:00,12250.82
2026-05-16T06:00:00+00:00,12250.82
2026-05-16T06:15:00+00:00,12250.82
2026-05-16T06:15:00+00:00,12299.10
2026-05-16T06:15:00+00:00,12299.10
2026-05-16T06:30:00+00:00,12299.10
2026-05-16T06:30:00+00:00,12365.26
2026-05-16T06:30:00+00:00,12365.26
2026-05-16T06:45:00+00:00,12365.26
2026-05-16T06:45:00+00:00,12386.72
2026-05-16T06:45:00+00:00,12386.72
2026-05-16T07:00:00+00:00,12386.66
2026-05-16T07:00:00+00:00,12806.86
2026-05-16T07:00:00+00:00,12806.86
2026-05-16T07:15:00+00:00,12806.86
2026-05-16T07:15:00+00:00,12805.43
2026-05-16T07:15:00+00:00,12805.43
2026-05-16T07:30:00+00:00,12805.43
2026-05-16T07:30:00+00:00,12790.68
2026-05-16T07:30:00+00:00,12790.68
2026-05-16T07:45:00+00:00,12790.68
2026-05-16T07:45:00+00:00,12799.79
2026-05-16T07:45:00+00:00,12799.79
2026-05-16T08:00:00+00:00,12799.77
2026-05-16T08:00:00+00:00,12801.38
2026-05-16T08:00:00+00:00,12801.38
2026-05-16T08:15:00+00:00,12801.38
2026-05-16T08:15:00+00:00,12799.50
2026-05-16T08:15:00+00:00,12799.50
2026-05-16T08:30:00+00:00,12799.50
2026-05-16T08:30:00+00:00,12799.77
2026-05-16T08:30:00+00:00,12799.77
2026-05-16T08:45:00+00:00,12799.77
2026-05-16T08:45:00+00:00,12803.79
2026-05-16T08:45:00+00:00,12803.79
2026-05-16T09:00:00+00:00,12803.76
2026-05-16T09:00:00+00:00,12823.07
2026-05-16T09:00:00+00:00,12823.07
2026-05-16T09:15:00+00:00,12823.07
2026-05-16T09:15:00+00:00,12865.45
2026-05-16T09:15:00+00:00,12865.45
2026-05-16T09:30:00+00:00,12865.45
2026-05-16T09:30:00+00:00,12851.50
2026-05-16T09:30:00+00:00,12851.50
2026-05-16T09:45:00+00:00,12851.50
2026-05-16T09:45:00+00:00,12856.86
2026-05-16T09:45:00+00:00,12856.86
2026-05-16T10:00:00+00:00,12856.87
2026-05-16T10:00:00+00:00,12862.23
2026-05-16T10:00:00+00:00,12862.23
2026-05-16T10:15:00+00:00,12862.23
2026-05-16T10:15:00+00:00,12874.03
2026-05-16T10:15:00+00:00,12874.03
2026-05-16T10:30:00+00:00,12874.03
2026-05-16T10:30:00+00:00,12862.77
2026-05-16T10:30:00+00:00,12862.77
2026-05-16T10:45:00+00:00,12862.77
2026-05-16T10:45:00+00:00,12855.79
2026-05-16T10:45:00+00:00,12855.79
2026-05-16T11:00:00+00:00,12855.80
2026-05-16T11:00:00+00:00,12848.94
2026-05-16T11:00:00+00:00,12848.94
2026-05-16T11:15:00+00:00,12848.94
2026-05-16T11:15:00+00:00,12848.94
2026-05-16T11:15:00+00:00,12848.94
2026-05-16T11:30:00+00:00,12848.94
2026-05-16T11:30:00+00:00,12848.94
2026-05-16T11:30:00+00:00,12848.94
2026-05-16T11:45:00+00:00,12848.94
2026-05-16T11:45:00+00:00,12848.94
2026-05-16T11:45:00+00:00,12848.94
2026-05-16T12:00:00+00:00,12848.94
2026-05-16T12:00:00+00:00,12848.94
2026-05-16T12:00:00+00:00,12848.94
2026-05-16T12:15:00+00:00,12848.94
2026-05-16T12:15:00+00:00,12848.94
2026-05-16T12:15:00+00:00,12848.94
2026-05-16T12:30:00+00:00,12848.94
2026-05-16T12:30:00+00:00,12848.94
2026-05-16T12:30:00+00:00,12848.94
2026-05-16T12:45:00+00:00,12848.94
2026-05-16T12:45:00+00:00,12848.94
2026-05-16T12:45:00+00:00,12848.94
2026-05-16T13:00:00+00:00,12848.94
2026-05-16T13:00:00+00:00,12848.94
2026-05-16T13:00:00+00:00,12848.94
2026-05-16T13:15:00+00:00,12848.94
2026-05-16T13:15:00+00:00,12848.94
2026-05-16T13:15:00+00:00,12848.94
2026-05-16T13:30:00+00:00,12848.94
2026-05-16T13:30:00+00:00,12848.94
2026-05-16T13:30:00+00:00,12848.94
2026-05-16T13:45:00+00:00,12848.94
2026-05-16T13:45:00+00:00,12848.94
2026-05-16T13:45:00+00:00,12848.94
2026-05-16T14:00:00+00:00,12848.94
2026-05-16T14:00:00+00:00,12848.94
2026-05-16T14:00:00+00:00,12848.94
2026-05-16T14:15:00+00:00,12848.94
2026-05-16T14:15:00+00:00,12848.94
2026-05-16T14:15:00+00:00,12848.94
2026-05-16T14:30:00+00:00,12848.94
2026-05-16T14:30:00+00:00,12848.94
2026-05-16T14:30:00+00:00,12848.94
2026-05-16T14:45:00+00:00,12848.94
2026-05-16T14:45:00+00:00,12848.94
2026-05-16T14:45:00+00:00,12848.94
2026-05-16T15:00:00+00:00,12848.94
2026-05-16T15:00:00+00:00,12848.94
2026-05-16T15:00:00+00:00,12848.94
2026-05-16T15:15:00+00:00,12848.94
2026-05-16T15:15:00+00:00,12848.94
2026-05-16T15:15:00+00:00,12848.94
2026-05-16T15:30:00+00:00,12848.94
2026-05-16T15:30:00+00:00,12848.94
2026-05-16T15:30:00+00:00,12848.94
2026-05-16T15:45:00+00:00,12848.94
2026-05-16T15:45:00+00:00,12848.94
2026-05-16T15:45:00+00:00,12848.94
2026-05-16T16:00:00+00:00,12848.94
2026-05-16T16:00:00+00:00,12848.94
2026-05-16T16:00:00+00:00,12848.94
2026-05-16T16:15:00+00:00,12848.94
2026-05-16T16:15:00+00:00,12848.94
2026-05-16T16:15:00+00:00,12848.94
2026-05-16T16:30:00+00:00,12848.94
2026-05-16T16:30:00+00:00,12848.94
2026-05-16T16:30:00+00:00,12848.94
2026-05-16T16:45:00+00:00,12848.94
2026-05-16T16:45:00+00:00,12848.94
2026-05-16T16:45:00+00:00,12848.94
2026-05-16T17:00:00+00:00,12848.94
2026-05-16T17:00:00+00:00,12848.94
2026-05-16T17:00:00+00:00,12848.94
2026-05-16T17:15:00+00:00,12848.94
2026-05-16T17:15:00+00:00,12848.94
2026-05-16T17:15:00+00:00,12848.94
2026-05-16T17:30:00+00:00,12848.94
2026-05-16T17:30:00+00:00,12848.94
2026-05-16T17:30:00+00:00,12848.94
2026-05-16T17:45:00+00:00,12848.94
2026-05-16T17:45:00+00:00,12848.94
2026-05-16T17:45:00+00:00,12848.94
2026-05-16T18:00:00+00:00,12848.94
2026-05-16T18:00:00+00:00,12848.94
2026-05-16T18:00:00+00:00,12848.94
2026-05-16T18:15:00+00:00,12848.94
2026-05-16T18:15:00+00:00,12848.94
2026-05-16T18:15:00+00:00,12848.94
2026-05-16T18:30:00+00:00,12848.94
2026-05-16T18:30:00+00:00,12848.94
2026-05-16T18:30:00+00:00,12848.94
2026-05-16T18:45:00+00:00,12848.94
2026-05-16T18:45:00+00:00,12848.94
2026-05-16T18:45:00+00:00,12848.94
2026-05-16T19:00:00+00:00,12848.94
2026-05-16T19:00:00+00:00,12848.94
2026-05-16T19:00:00+00:00,12848.94
2026-05-16T19:15:00+00:00,12848.94
2026-05-16T19:15:00+00:00,12848.94
2026-05-16T19:15:00+00:00,12848.94
2026-05-16T19:30:00+00:00,12848.94
2026-05-16T19:30:00+00:00,12848.94
2026-05-16T19:30:00+00:00,12848.94
2026-05-16T19:45:00+00:00,12848.94
2026-05-16T19:45:00+00:00,12848.94
2026-05-16T19:45:00+00:00,12848.94
2026-05-16T20:00:00+00:00,12848.94
2026-05-16T20:00:00+00:00,12848.94
2026-05-16T20:00:00+00:00,12848.94
2026-05-16T20:15:00+00:00,12848.94
2026-05-16T20:15:00+00:00,12848.94
2026-05-16T20:15:00+00:00,12848.94
2026-05-16T20:30:00+00:00,12848.94
2026-05-16T20:30:00+00:00,12848.94
2026-05-16T20:30:00+00:00,12848.94
2026-05-16T20:45:00+00:00,12848.94
2026-05-16T20:45:00+00:00,12848.94
2026-05-16T20:45:00+00:00,12848.94
2026-05-16T21:00:00+00:00,12848.94
2026-05-16T21:00:00+00:00,12848.94
2026-05-16T21:00:00+00:00,12848.94
2026-05-16T21:15:00+00:00,12848.94
2026-05-16T21:15:00+00:00,12848.94
2026-05-16T21:15:00+00:00,12848.94
2026-05-16T21:30:00+00:00,12848.94
2026-05-16T21:30:00+00:00,12848.94
2026-05-16T21:30:00+00:00,12848.94
2026-05-16T21:45:00+00:00,12848.94
2026-05-16T21:45:00+00:00,12848.94
2026-05-16T21:45:00+00:00,12848.94
2026-05-16T22:00:00+00:00,12848.94
2026-05-16T22:00:00+00:00,12848.94
2026-05-16T22:00:00+00:00,12848.94
2026-05-16T22:15:00+00:00,12848.94
2026-05-16T22:15:00+00:00,12848.94
2026-05-16T22:15:00+00:00,12848.94
2026-05-16T22:30:00+00:00,12848.94
2026-05-16T22:30:00+00:00,12848.94
2026-05-16T22:30:00+00:00,12848.94
2026-05-16T22:45:00+00:00,12848.94
2026-05-16T22:45:00+00:00,12848.94
2026-05-16T22:45:00+00:00,12848.94
2026-05-16T23:00:00+00:00,12848.94
2026-05-16T23:00:00+00:00,12848.94
2026-05-16T23:00:00+00:00,12848.94
2026-05-16T23:15:00+00:00,12848.94
2026-05-16T23:15:00+00:00,12848.94
2026-05-16T23:15:00+00:00,12848.94
2026-05-16T23:30:00+00:00,12848.94
2026-05-16T23:30:00+00:00,12848.94
2026-05-16T23:30:00+00:00,12848.94
2026-05-16T23:45:00+00:00,12848.94
2026-05-16T23:45:00+00:00,12848.94
2026-05-16T23:45:00+00:00,12848.94
2026-05-17T00:00:00+00:00,12848.94
2026-05-17T00:00:00+00:00,12848.94
2026-05-17T00:00:00+00:00,12848.94
2026-05-17T00:15:00+00:00,12848.94
2026-05-17T00:15:00+00:00,12848.94
2026-05-17T00:15:00+00:00,12848.94
2026-05-17T00:30:00+00:00,12848.94
2026-05-17T00:30:00+00:00,12848.94
2026-05-17T00:30:00+00:00,12848.94
2026-05-17T00:45:00+00:00,12848.94
2026-05-17T00:45:00+00:00,12848.94
2026-05-17T00:45:00+00:00,12848.94
2026-05-17T01:00:00+00:00,12848.94
2026-05-17T01:00:00+00:00,12848.94
2026-05-17T01:00:00+00:00,12848.94
2026-05-17T01:15:00+00:00,12848.94
2026-05-17T01:15:00+00:00,12848.94
2026-05-17T01:15:00+00:00,12848.94
2026-05-17T01:30:00+00:00,12848.94
2026-05-17T01:30:00+00:00,12848.94
2026-05-17T01:30:00+00:00,12848.94
2026-05-17T01:45:00+00:00,12848.94
2026-05-17T01:45:00+00:00,12848.94
2026-05-17T01:45:00+00:00,12848.94
2026-05-17T02:00:00+00:00,12848.94
2026-05-17T02:00:00+00:00,12848.94
2026-05-17T02:00:00+00:00,12848.94
2026-05-17T02:15:00+00:00,12848.94
2026-05-17T02:15:00+00:00,12848.94
2026-05-17T02:15:00+00:00,12848.94
2026-05-17T02:30:00+00:00,12848.94
2026-05-17T02:30:00+00:00,12848.94
2026-05-17T02:30:00+00:00,12848.94
2026-05-17T02:45:00+00:00,12848.94
2026-05-17T02:45:00+00:00,12848.94
2026-05-17T02:45:00+00:00,12848.94
2026-05-17T03:00:00+00:00,12848.94
2026-05-17T03:00:00+00:00,12848.94
2026-05-17T03:00:00+00:00,12848.94
2026-05-17T03:15:00+00:00,12848.94
2026-05-17T03:15:00+00:00,12848.94
2026-05-17T03:15:00+00:00,12848.94
2026-05-17T03:30:00+00:00,12848.94
2026-05-17T03:30:00+00:00,12848.94
2026-05-17T03:30:00+00:00,12848.94
2026-05-17T03:45:00+00:00,12848.94
2026-05-17T03:45:00+00:00,12848.94
2026-05-17T03:45:00+00:00,12848.94
2026-05-17T04:00:00+00:00,12848.94
2026-05-17T04:00:00+00:00,12848.94
2026-05-17T04:00:00+00:00,12848.94
2026-05-17T04:15:00+00:00,12848.94
2026-05-17T04:15:00+00:00,12848.94
2026-05-17T04:15:00+00:00,12848.94
2026-05-17T04:30:00+00:00,12848.94
2026-05-17T04:30:00+00:00,12848.94
2026-05-17T04:30:00+00:00,12848.94
2026-05-17T04:45:00+00:00,12848.94
2026-05-17T04:45:00+00:00,12848.94
2026-05-17T04:45:00+00:00,12848.94
2026-05-17T05:00:00+00:00,12848.94
2026-05-17T05:00:00+00:00,12848.94
2026-05-17T05:00:00+00:00,12848.94
2026-05-17T05:15:00+00:00,12848.94
2026-05-17T05:15:00+00:00,12848.94
2026-05-17T05:15:00+00:00,12848.94
2026-05-17T05:30:00+00:00,12848.94
2026-05-17T05:30:00+00:00,12848.94
2026-05-17T05:30:00+00:00,12848.94
2026-05-17T05:45:00+00:00,12848.94
2026-05-17T05:45:00+00:00,12848.94
2026-05-17T05:45:00+00:00,12848.94
2026-05-17T06:00:00+00:00,12848.94
2026-05-17T06:00:00+00:00,12848.94
2026-05-17T06:00:00+00:00,12848.94
2026-05-17T06:15:00+00:00,12848.94
2026-05-17T06:15:00+00:00,12848.94
2026-05-17T06:15:00+00:00,12848.94
2026-05-17T06:30:00+00:00,12848.94
2026-05-17T06:30:00+00:00,12848.94
2026-05-17T06:30:00+00:00,12848.94
2026-05-17T06:45:00+00:00,12848.94
2026-05-17T06:45:00+00:00,12848.94
2026-05-17T06:45:00+00:00,12848.94
2026-05-17T07:00:00+00:00,12848.94
2026-05-17T07:00:00+00:00,12848.94
2026-05-17T07:00:00+00:00,12848.94
2026-05-17T07:15:00+00:00,12848.94
2026-05-17T07:15:00+00:00,12848.94
2026-05-17T07:15:00+00:00,12848.94
2026-05-17T07:30:00+00:00,12848.94
2026-05-17T07:30:00+00:00,12848.94
2026-05-17T07:30:00+00:00,12848.94
2026-05-17T07:45:00+00:00,12848.94
2026-05-17T07:45:00+00:00,12848.94
2026-05-17T07:45:00+00:00,12848.94
2026-05-17T08:00:00+00:00,12848.94
2026-05-17T08:00:00+00:00,12848.94
2026-05-17T08:00:00+00:00,12848.94
2026-05-17T08:15:00+00:00,12848.94
2026-05-17T08:15:00+00:00,12848.94
2026-05-17T08:15:00+00:00,12848.94
2026-05-17T08:30:00+00:00,12848.94
2026-05-17T08:30:00+00:00,12848.94
2026-05-17T08:30:00+00:00,12848.94
2026-05-17T08:45:00+00:00,12848.94
2026-05-17T08:45:00+00:00,12848.94
2026-05-17T08:45:00+00:00,12848.94
2026-05-17T09:00:00+00:00,12848.94
2026-05-17T09:00:00+00:00,12848.94
2026-05-17T09:00:00+00:00,12848.94
2026-05-17T09:15:00+00:00,12848.94
2026-05-17T09:15:00+00:00,12848.94
2026-05-17T09:15:00+00:00,12848.94
2026-05-17T09:30:00+00:00,12848.94
2026-05-17T09:30:00+00:00,12848.94
2026-05-17T09:30:00+00:00,12848.94
2026-05-17T09:45:00+00:00,12848.94
2026-05-17T09:45:00+00:00,12848.94
2026-05-17T09:45:00+00:00,12848.94
2026-05-17T10:00:00+00:00,12848.94
2026-05-17T10:00:00+00:00,12848.94
2026-05-17T10:00:00+00:00,12848.94
2026-05-17T10:15:00+00:00,12848.94
2026-05-17T10:15:00+00:00,12848.94
2026-05-17T10:15:00+00:00,12848.94
2026-05-17T10:30:00+00:00,12848.94
2026-05-17T10:30:00+00:00,12848.94
2026-05-17T10:30:00+00:00,12848.94
2026-05-17T10:45:00+00:00,12848.94
2026-05-17T10:45:00+00:00,12848.94
2026-05-17T10:45:00+00:00,12848.94
2026-05-17T11:00:00+00:00,12848.94
2026-05-17T11:00:00+00:00,12848.94
2026-05-17T11:00:00+00:00,12848.94
2026-05-17T11:15:00+00:00,12848.94
2026-05-17T11:15:00+00:00,12848.94
2026-05-17T11:15:00+00:00,12848.94
2026-05-17T11:30:00+00:00,12848.94
2026-05-17T11:30:00+00:00,12848.94
2026-05-17T11:30:00+00:00,12848.94
2026-05-17T11:45:00+00:00,12848.94
2026-05-17T11:45:00+00:00,12848.94
2026-05-17T11:45:00+00:00,12848.94
2026-05-17T12:00:00+00:00,12848.94
2026-05-17T12:00:00+00:00,12848.94
2026-05-17T12:00:00+00:00,12848.94
2026-05-17T12:15:00+00:00,12848.94
2026-05-17T12:15:00+00:00,12848.94
2026-05-17T12:15:00+00:00,12848.94
2026-05-17T12:30:00+00:00,12848.94
2026-05-17T12:30:00+00:00,12848.94
2026-05-17T12:30:00+00:00,12848.94
2026-05-17T12:45:00+00:00,12848.94
2026-05-17T12:45:00+00:00,12848.94
2026-05-17T12:45:00+00:00,12848.94
2026-05-17T13:00:00+00:00,12848.94
2026-05-17T13:00:00+00:00,12848.94
2026-05-17T13:00:00+00:00,12848.94
2026-05-17T13:15:00+00:00,12848.94
2026-05-17T13:15:00+00:00,12848.94
2026-05-17T13:15:00+00:00,12848.94
2026-05-17T13:30:00+00:00,12848.94
2026-05-17T13:30:00+00:00,12848.94
2026-05-17T13:30:00+00:00,12848.94
2026-05-17T13:45:00+00:00,12848.94
2026-05-17T13:45:00+00:00,12848.94
2026-05-17T13:45:00+00:00,12848.94
2026-05-17T14:00:00+00:00,12848.94
2026-05-17T14:00:00+00:00,12848.94
2026-05-17T14:00:00+00:00,12848.94
2026-05-17T14:15:00+00:00,12848.94
2026-05-17T14:15:00+00:00,12848.94
2026-05-17T14:15:00+00:00,12848.94
2026-05-17T14:30:00+00:00,12848.94
2026-05-17T14:30:00+00:00,12848.94
2026-05-17T14:30:00+00:00,12848.94
2026-05-17T14:45:00+00:00,12848.94
2026-05-17T14:45:00+00:00,12848.94
2026-05-17T14:45:00+00:00,12848.94
2026-05-17T15:00:00+00:00,12848.94
2026-05-17T15:00:00+00:00,12848.94
2026-05-17T15:00:00+00:00,12848.94
2026-05-17T15:15:00+00:00,12848.94
2026-05-17T15:15:00+00:00,12848.94
2026-05-17T15:15:00+00:00,12848.94
2026-05-17T15:30:00+00:00,12848.94
2026-05-17T15:30:00+00:00,12848.94
2026-05-17T15:30:00+00:00,12848.94
2026-05-17T15:45:00+00:00,12848.94
2026-05-17T15:45:00+00:00,12848.94
2026-05-17T15:45:00+00:00,12848.94
2026-05-17T16:00:00+00:00,12848.94
2026-05-17T16:00:00+00:00,12848.94
2026-05-17T16:00:00+00:00,12848.94
2026-05-17T16:15:00+00:00,12848.94
2026-05-17T16:15:00+00:00,12848.94
2026-05-17T16:15:00+00:00,12848.94
2026-05-17T16:30:00+00:00,12848.94
2026-05-17T16:30:00+00:00,12848.94
2026-05-17T16:30:00+00:00,12848.94
2026-05-17T16:45:00+00:00,12848.94
2026-05-17T16:45:00+00:00,12848.94
2026-05-17T16:45:00+00:00,12848.94
2026-05-17T17:00:00+00:00,12848.94
2026-05-17T17:00:00+00:00,12848.94
2026-05-17T17:00:00+00:00,12848.94
2026-05-17T17:15:00+00:00,12848.94
2026-05-17T17:15:00+00:00,12848.94
2026-05-17T17:15:00+00:00,12848.94
2026-05-17T17:30:00+00:00,12848.94
2026-05-17T17:30:00+00:00,12848.94
2026-05-17T17:30:00+00:00,12848.94
2026-05-17T17:45:00+00:00,12848.94
2026-05-17T17:45:00+00:00,12848.94
2026-05-17T17:45:00+00:00,12848.94
2026-05-17T18:00:00+00:00,12848.94
2026-05-17T18:00:00+00:00,12848.94
2026-05-17T18:00:00+00:00,12848.94
2026-05-17T18:15:00+00:00,12848.94
2026-05-17T18:15:00+00:00,12848.94
2026-05-17T18:15:00+00:00,12848.94
2026-05-17T18:30:00+00:00,12848.94
2026-05-17T18:30:00+00:00,12848.94
2026-05-17T18:30:00+00:00,12848.94
2026-05-17T18:45:00+00:00,12848.94
2026-05-17T18:45:00+00:00,12848.94
2026-05-17T18:45:00+00:00,12848.94
2026-05-17T19:00:00+00:00,12848.94
2026-05-17T19:00:00+00:00,12848.94
2026-05-17T19:00:00+00:00,12848.94
2026-05-17T19:15:00+00:00,12848.94
2026-05-17T19:15:00+00:00,12848.94
2026-05-17T19:15:00+00:00,12848.94
2026-05-17T19:30:00+00:00,12848.94
2026-05-17T19:30:00+00:00,12848.94
2026-05-17T19:30:00+00:00,12848.94
2026-05-17T19:45:00+00:00,12848.94
2026-05-17T19:45:00+00:00,12848.94
2026-05-17T19:45:00+00:00,12848.94
2026-05-17T20:00:00+00:00,12848.94
2026-05-17T20:00:00+00:00,12848.94
2026-05-17T20:00:00+00:00,12848.94
2026-05-17T20:15:00+00:00,12848.94
2026-05-17T20:15:00+00:00,12848.94
2026-05-17T20:15:00+00:00,12848.94
2026-05-17T20:30:00+00:00,12848.94
2026-05-17T20:30:00+00:00,12848.94
2026-05-17T20:30:00+00:00,12848.94
2026-05-17T20:45:00+00:00,12848.94
2026-05-17T20:45:00+00:00,12848.94
2026-05-17T20:45:00+00:00,12848.94
2026-05-17T21:00:00+00:00,12848.94
2026-05-17T21:00:00+00:00,12848.94
2026-05-17T21:00:00+00:00,12848.94
2026-05-17T21:15:00+00:00,12848.94
2026-05-17T21:15:00+00:00,12848.94
2026-05-17T21:15:00+00:00,12848.94
2026-05-17T21:30:00+00:00,12848.94
2026-05-17T21:30:00+00:00,12848.94
2026-05-17T21:30:00+00:00,12848.94
2026-05-17T21:45:00+00:00,12848.94
2026-05-17T21:45:00+00:00,12848.94
2026-05-17T21:45:00+00:00,12848.94
2026-05-17T22:00:00+00:00,12848.94
2026-05-17T22:00:00+00:00,12848.94
2026-05-17T22:00:00+00:00,12848.94
2026-05-17T22:15:00+00:00,12848.94
2026-05-17T22:15:00+00:00,12848.94
2026-05-17T22:15:00+00:00,12848.94
2026-05-17T22:30:00+00:00,12848.94
2026-05-17T22:30:00+00:00,12848.94
2026-05-17T22:30:00+00:00,12848.94
2026-05-17T22:45:00+00:00,12848.94
2026-05-17T22:45:00+00:00,12848.94
2026-05-17T22:45:00+00:00,12848.94
2026-05-17T23:00:00+00:00,12848.94
2026-05-17T23:00:00+00:00,12848.94
2026-05-17T23:00:00+00:00,12848.94
2026-05-17T23:15:00+00:00,12848.94
2026-05-17T23:15:00+00:00,12848.94
2026-05-17T23:15:00+00:00,12848.94
2026-05-17T23:30:00+00:00,12848.94
2026-05-17T23:30:00+00:00,12848.94
2026-05-17T23:30:00+00:00,12848.94
2026-05-17T23:45:00+00:00,12848.94
2026-05-17T23:45:00+00:00,12848.94
2026-05-17T23:45:00+00:00,12848.94
2026-05-18T00:00:00+00:00,12848.94
2026-05-18T00:00:00+00:00,12848.94
2026-05-18T00:00:00+00:00,12848.94
2026-05-18T00:15:00+00:00,12848.94
2026-05-18T00:15:00+00:00,12848.94
2026-05-18T00:15:00+00:00,12848.94
2026-05-18T00:30:00+00:00,12848.94
2026-05-18T00:30:00+00:00,12848.94
2026-05-18T00:30:00+00:00,12848.94
2026-05-18T00:45:00+00:00,12848.94
2026-05-18T00:45:00+00:00,12848.94
2026-05-18T00:45:00+00:00,12848.94
2026-05-18T01:00:00+00:00,12848.94
2026-05-18T01:00:00+00:00,12848.94
2026-05-18T01:00:00+00:00,12848.94
2026-05-18T01:15:00+00:00,12848.94
2026-05-18T01:15:00+00:00,12848.94
2026-05-18T01:15:00+00:00,12848.94
2026-05-18T01:30:00+00:00,12848.94
2026-05-18T01:30:00+00:00,12848.94
2026-05-18T01:30:00+00:00,12848.94
2026-05-18T01:45:00+00:00,12848.94
2026-05-18T01:45:00+00:00,12848.94
2026-05-18T01:45:00+00:00,12848.94
2026-05-18T02:00:00+00:00,12848.94
2026-05-18T02:00:00+00:00,12848.94
2026-05-18T02:00:00+00:00,12848.94
2026-05-18T02:15:00+00:00,12848.94
2026-05-18T02:15:00+00:00,12848.94
2026-05-18T02:15:00+00:00,12848.94
2026-05-18T02:30:00+00:00,12848.94
2026-05-18T02:30:00+00:00,12848.94
2026-05-18T02:30:00+00:00,12848.94
2026-05-18T02:45:00+00:00,12848.94
2026-05-18T02:45:00+00:00,12848.94
2026-05-18T02:45:00+00:00,12848.94
2026-05-18T03:00:00+00:00,12848.94
2026-05-18T03:00:00+00:00,12848.94
2026-05-18T03:00:00+00:00,12848.94
2026-05-18T03:15:00+00:00,12848.94
2026-05-18T03:15:00+00:00,12848.94
2026-05-18T03:15:00+00:00,12848.94
2026-05-18T03:30:00+00:00,12848.94
2026-05-18T03:30:00+00:00,12848.94
2026-05-18T03:30:00+00:00,12848.94
2026-05-18T03:45:00+00:00,12848.94
2026-05-18T03:45:00+00:00,12848.94
2026-05-18T03:45:00+00:00,12848.94
2026-05-18T04:00:00+00:00,12848.94
2026-05-18T04:00:00+00:00,12848.94
2026-05-18T04:00:00+00:00,12848.94
2026-05-18T04:15:00+00:00,12848.94
2026-05-18T04:15:00+00:00,12848.94
2026-05-18T04:15:00+00:00,12848.94
2026-05-18T04:30:00+00:00,12848.94
2026-05-18T04:30:00+00:00,12848.94
2026-05-18T04:30:00+00:00,12848.94
2026-05-18T04:45:00+00:00,12848.94
2026-05-18T04:45:00+00:00,12848.94
2026-05-18T04:45:00+00:00,12848.94
2026-05-18T05:00:00+00:00,12848.94
2026-05-18T05:00:00+00:00,12848.94
2026-05-18T05:00:00+00:00,12848.94
2026-05-18T05:15:00+00:00,12848.94
2026-05-18T05:15:00+00:00,12848.94
2026-05-18T05:15:00+00:00,12848.94
2026-05-18T05:30:00+00:00,12848.94
2026-05-18T05:30:00+00:00,12848.94
2026-05-18T05:30:00+00:00,12848.94
2026-05-18T05:45:00+00:00,12848.94
2026-05-18T05:45:00+00:00,12848.94
2026-05-18T05:45:00+00:00,12848.94
2026-05-18T06:00:00+00:00,12848.94
2026-05-18T06:00:00+00:00,12848.94
2026-05-18T06:00:00+00:00,12848.94
2026-05-18T06:15:00+00:00,12848.94
2026-05-18T06:15:00+00:00,12848.94
2026-05-18T06:15:00+00:00,12848.94
2026-05-18T06:30:00+00:00,12848.94
2026-05-18T06:30:00+00:00,12848.94
2026-05-18T06:30:00+00:00,12848.94
2026-05-18T06:45:00+00:00,12848.94
2026-05-18T06:45:00+00:00,12848.94
2026-05-18T06:45:00+00:00,12848.94
2026-05-18T07:00:00+00:00,12848.94
2026-05-18T07:00:00+00:00,12848.94
2026-05-18T07:00:00+00:00,12848.94
2026-05-18T07:15:00+00:00,12848.94
2026-05-18T07:15:00+00:00,12848.94
2026-05-18T07:15:00+00:00,12848.94
2026-05-18T07:30:00+00:00,12848.94
2026-05-18T07:30:00+00:00,12848.94
2026-05-18T07:30:00+00:00,12848.94
2026-05-18T07:45:00+00:00,12848.94
2026-05-18T07:45:00+00:00,12848.94
2026-05-18T07:45:00+00:00,12848.94
2026-05-18T08:00:00+00:00,12848.94
2026-05-18T08:00:00+00:00,12848.94
2026-05-18T08:00:00+00:00,12848.94
2026-05-18T08:15:00+00:00,12848.94
2026-05-18T08:15:00+00:00,12848.94
2026-05-18T08:15:00+00:00,12848.94
2026-05-18T08:30:00+00:00,12848.94
2026-05-18T08:30:00+00:00,12848.94
2026-05-18T08:30:00+00:00,12848.94
2026-05-18T08:45:00+00:00,12848.94
2026-05-18T08:45:00+00:00,12848.94
2026-05-18T08:45:00+00:00,12848.94
2026-05-18T09:00:00+00:00,12848.94
2026-05-18T09:00:00+00:00,12848.94
2026-05-18T09:00:00+00:00,12848.94
2026-05-18T09:15:00+00:00,12848.94
2026-05-18T09:15:00+00:00,12848.94
2026-05-18T09:15:00+00:00,12848.94
2026-05-18T09:30:00+00:00,12848.94
2026-05-18T09:30:00+00:00,12848.94
2026-05-18T09:30:00+00:00,12848.94
2026-05-18T09:45:00+00:00,12848.94
2026-05-18T09:45:00+00:00,12848.94
2026-05-18T09:45:00+00:00,12848.94
2026-05-18T10:00:00+00:00,12848.94
2026-05-18T10:00:00+00:00,12848.94
2026-05-18T10:00:00+00:00,12848.94
2026-05-18T10:15:00+00:00,12848.94
2026-05-18T10:15:00+00:00,12848.94
2026-05-18T10:15:00+00:00,12848.94
2026-05-18T10:30:00+00:00,12848.94
2026-05-18T10:30:00+00:00,12848.94
2026-05-18T10:30:00+00:00,12848.94
2026-05-18T10:45:00+00:00,12848.94
2026-05-18T10:45:00+00:00,12848.94
2026-05-18T10:45:00+00:00,12848.94
2026-05-18T11:00:00+00:00,12848.94
2026-05-18T11:00:00+00:00,12848.94
2026-05-18T11:00:00+00:00,12848.94
2026-05-18T11:15:00+00:00,12848.94
2026-05-18T11:15:00+00:00,12848.94
2026-05-18T11:15:00+00:00,12848.94
2026-05-18T11:30:00+00:00,12848.94
2026-05-18T11:30:00+00:00,12848.94
2026-05-18T11:30:00+00:00,12848.94
2026-05-18T11:45:00+00:00,12848.94
2026-05-18T11:45:00+00:00,12848.94
2026-05-18T11:45:00+00:00,12848.94
2026-05-18T12:00:00+00:00,12848.94
2026-05-18T12:00:00+00:00,12848.94
2026-05-18T12:00:00+00:00,12848.94
2026-05-18T12:15:00+00:00,12848.94
2026-05-18T12:15:00+00:00,12848.94
2026-05-18T12:15:00+00:00,12848.94
2026-05-18T12:30:00+00:00,12848.94
2026-05-18T12:30:00+00:00,12848.94
2026-05-18T12:30:00+00:00,12848.94
2026-05-18T12:45:00+00:00,12848.94
2026-05-18T12:45:00+00:00,12848.94
2026-05-18T12:45:00+00:00,12848.94
2026-05-18T13:00:00+00:00,12848.94
2026-05-18T13:00:00+00:00,12848.94
2026-05-18T13:00:00+00:00,12848.94
2026-05-18T13:15:00+00:00,12848.94
2026-05-18T13:15:00+00:00,12848.94
2026-05-18T13:15:00+00:00,12848.94
2026-05-18T13:30:00+00:00,12848.94
2026-05-18T13:30:00+00:00,12848.94
2026-05-18T13:30:00+00:00,12848.94
2026-05-18T13:45:00+00:00,12848.94
2026-05-18T13:45:00+00:00,12848.94
2026-05-18T13:45:00+00:00,12848.94
2026-05-18T14:00:00+00:00,12848.94
2026-05-18T14:00:00+00:00,12848.94
2026-05-18T14:00:00+00:00,12848.94
2026-05-18T14:15:00+00:00,12848.94
2026-05-18T14:15:00+00:00,12848.94
2026-05-18T14:15:00+00:00,12848.94
2026-05-18T14:30:00+00:00,12848.94
2026-05-18T14:30:00+00:00,12848.94
2026-05-18T14:30:00+00:00,12848.94
2026-05-18T14:45:00+00:00,12848.94
2026-05-18T14:45:00+00:00,12848.94
2026-05-18T14:45:00+00:00,12848.94
2026-05-18T15:00:00+00:00,12848.94
2026-05-18T15:00:00+00:00,12848.94
2026-05-18T15:00:00+00:00,12848.94
2026-05-18T15:15:00+00:00,12848.94
2026-05-18T15:15:00+00:00,12848.94
2026-05-18T15:15:00+00:00,12848.94
2026-05-18T15:30:00+00:00,12848.94
2026-05-18T15:30:00+00:00,12848.94
2026-05-18T15:30:00+00:00,12848.94
2026-05-18T15:45:00+00:00,12848.94
2026-05-18T15:45:00+00:00,12848.94
2026-05-18T15:45:00+00:00,12848.94
2026-05-18T16:00:00+00:00,12848.94
2026-05-18T16:00:00+00:00,12848.94
2026-05-18T16:00:00+00:00,12848.94
2026-05-18T16:15:00+00:00,12848.94
2026-05-18T16:15:00+00:00,12848.94
2026-05-18T16:15:00+00:00,12848.94
2026-05-18T16:30:00+00:00,12848.94
2026-05-18T16:30:00+00:00,12848.94
2026-05-18T16:30:00+00:00,12848.94
2026-05-18T16:45:00+00:00,12848.94
2026-05-18T16:45:00+00:00,12848.94
2026-05-18T16:45:00+00:00,12848.94
2026-05-18T17:00:00+00:00,12848.94
2026-05-18T17:00:00+00:00,12848.94
2026-05-18T17:00:00+00:00,12848.94
2026-05-18T17:15:00+00:00,12848.94
2026-05-18T17:15:00+00:00,12848.94
2026-05-18T17:15:00+00:00,12848.94
2026-05-18T17:30:00+00:00,12848.94
2026-05-18T17:30:00+00:00,12848.94
2026-05-18T17:30:00+00:00,12848.94
2026-05-18T17:45:00+00:00,12848.94
2026-05-18T17:45:00+00:00,12848.94
2026-05-18T17:45:00+00:00,12848.94
2026-05-18T18:00:00+00:00,12848.94
2026-05-18T18:00:00+00:00,12848.94
2026-05-18T18:00:00+00:00,12848.94
2026-05-18T18:15:00+00:00,12848.94
2026-05-18T18:15:00+00:00,12848.94
2026-05-18T18:15:00+00:00,12848.94
2026-05-18T18:30:00+00:00,12848.94
2026-05-18T18:30:00+00:00,12848.94
2026-05-18T18:30:00+00:00,12848.94
2026-05-18T18:45:00+00:00,12848.94
2026-05-18T18:45:00+00:00,12848.94
2026-05-18T18:45:00+00:00,12848.94
2026-05-18T19:00:00+00:00,12848.94
2026-05-18T19:00:00+00:00,12848.94
2026-05-18T19:00:00+00:00,12848.94
2026-05-18T19:15:00+00:00,12848.94
2026-05-18T19:15:00+00:00,12848.94
2026-05-18T19:15:00+00:00,12848.94
2026-05-18T19:30:00+00:00,12848.94
2026-05-18T19:30:00+00:00,12848.94
2026-05-18T19:30:00+00:00,12848.94
2026-05-18T19:45:00+00:00,12848.94
2026-05-18T19:45:00+00:00,12848.94
2026-05-18T19:45:00+00:00,12848.94
2026-05-18T20:00:00+00:00,12848.94
2026-05-18T20:00:00+00:00,12848.94
2026-05-18T20:00:00+00:00,12848.94
2026-05-18T20:15:00+00:00,12848.94
2026-05-18T20:15:00+00:00,12848.94
2026-05-18T20:15:00+00:00,12848.94
2026-05-18T20:30:00+00:00,12848.94
2026-05-18T20:30:00+00:00,12848.94
2026-05-18T20:30:00+00:00,12848.94
2026-05-18T20:45:00+00:00,12848.94
2026-05-18T20:45:00+00:00,12848.94
2026-05-18T20:45:00+00:00,12848.94
2026-05-18T21:00:00+00:00,12848.94
2026-05-18T21:00:00+00:00,12848.94
2026-05-18T21:00:00+00:00,12848.94
2026-05-18T21:15:00+00:00,12848.94
2026-05-18T21:15:00+00:00,12848.94
2026-05-18T21:15:00+00:00,12848.94
2026-05-18T21:30:00+00:00,12848.94
2026-05-18T21:30:00+00:00,12848.94
2026-05-18T21:30:00+00:00,12848.94
2026-05-18T21:45:00+00:00,12848.94
2026-05-18T21:45:00+00:00,12848.94
2026-05-18T21:45:00+00:00,12848.94
2026-05-18T22:00:00+00:00,12848.94
2026-05-18T22:00:00+00:00,12848.94
2026-05-18T22:00:00+00:00,12848.94
2026-05-18T22:15:00+00:00,12848.94
2026-05-18T22:15:00+00:00,12848.94
2026-05-18T22:15:00+00:00,12848.94
2026-05-18T22:30:00+00:00,12848.94
2026-05-18T22:30:00+00:00,12848.94
2026-05-18T22:30:00+00:00,12848.94
2026-05-18T22:45:00+00:00,12848.94
2026-05-18T22:45:00+00:00,12848.94
2026-05-18T22:45:00+00:00,12848.94
2026-05-18T23:00:00+00:00,12848.94
2026-05-18T23:00:00+00:00,12848.94
2026-05-18T23:00:00+00:00,12848.94
2026-05-18T23:15:00+00:00,12848.94
2026-05-18T23:15:00+00:00,12848.94
2026-05-18T23:15:00+00:00,12848.94
2026-05-18T23:30:00+00:00,12848.94
2026-05-18T23:30:00+00:00,12848.94
2026-05-18T23:30:00+00:00,12848.94
2026-05-18T23:45:00+00:00,12848.94
2026-05-18T23:45:00+00:00,12848.94
2026-05-18T23:45:00+00:00,12848.94
2026-05-19T00:00:00+00:00,12848.94
2026-05-19T00:00:00+00:00,12848.94
2026-05-19T00:00:00+00:00,12848.94
2026-05-19T00:15:00+00:00,12848.94
2026-05-19T00:15:00+00:00,12848.94
2026-05-19T00:15:00+00:00,12848.94
2026-05-19T00:30:00+00:00,12848.94
2026-05-19T00:30:00+00:00,12848.94
2026-05-19T00:30:00+00:00,12848.94
2026-05-19T00:45:00+00:00,12848.94
2026-05-19T00:45:00+00:00,12848.94
2026-05-19T00:45:00+00:00,12848.94
2026-05-19T01:00:00+00:00,12848.94
2026-05-19T01:00:00+00:00,12848.94
2026-05-19T01:00:00+00:00,12848.94
2026-05-19T01:15:00+00:00,12848.94
2026-05-19T01:15:00+00:00,12848.94
2026-05-19T01:15:00+00:00,12848.94
2026-05-19T01:30:00+00:00,12848.94
2026-05-19T01:30:00+00:00,12848.94
2026-05-19T01:30:00+00:00,12848.94
2026-05-19T01:45:00+00:00,12848.94
2026-05-19T01:45:00+00:00,12848.94
2026-05-19T01:45:00+00:00,12848.94
2026-05-19T02:00:00+00:00,12848.94
2026-05-19T02:00:00+00:00,12848.94
2026-05-19T02:00:00+00:00,12848.94
2026-05-19T02:15:00+00:00,12848.94
2026-05-19T02:15:00+00:00,12848.94
2026-05-19T02:15:00+00:00,12848.94
2026-05-19T02:30:00+00:00,12848.94
2026-05-19T02:30:00+00:00,12848.94
2026-05-19T02:30:00+00:00,12848.94
2026-05-19T02:45:00+00:00,12848.94
2026-05-19T02:45:00+00:00,12848.94
2026-05-19T02:45:00+00:00,12848.94
2026-05-19T03:00:00+00:00,12848.94
2026-05-19T03:00:00+00:00,12848.94
2026-05-19T03:00:00+00:00,12848.94
2026-05-19T03:15:00+00:00,12848.94
2026-05-19T03:15:00+00:00,12848.94
2026-05-19T03:15:00+00:00,12848.94
2026-05-19T03:30:00+00:00,12848.94
2026-05-19T03:30:00+00:00,12848.94
2026-05-19T03:30:00+00:00,12848.94
2026-05-19T03:45:00+00:00,12848.94
2026-05-19T03:45:00+00:00,12848.94
2026-05-19T03:45:00+00:00,12848.94
2026-05-19T04:00:00+00:00,12848.94
2026-05-19T04:00:00+00:00,12848.94
2026-05-19T04:00:00+00:00,12848.94
2026-05-19T04:15:00+00:00,12848.94
2026-05-19T04:15:00+00:00,12848.94
2026-05-19T04:15:00+00:00,12848.94
2026-05-19T04:30:00+00:00,12848.94
2026-05-19T04:30:00+00:00,12848.94
2026-05-19T04:30:00+00:00,12848.94
2026-05-19T04:45:00+00:00,12848.94
2026-05-19T04:45:00+00:00,12848.94
2026-05-19T04:45:00+00:00,12848.94
2026-05-19T05:00:00+00:00,12848.94
2026-05-19T05:00:00+00:00,12848.94
2026-05-19T05:00:00+00:00,12848.94
2026-05-19T05:15:00+00:00,12848.94
2026-05-19T05:15:00+00:00,12848.94
2026-05-19T05:15:00+00:00,12848.94
2026-05-19T05:30:00+00:00,12848.94
2026-05-19T05:30:00+00:00,12848.94
2026-05-19T05:30:00+00:00,12848.94
2026-05-19T05:45:00+00:00,12848.94
2026-05-19T05:45:00+00:00,12848.94
2026-05-19T05:45:00+00:00,12848.94
2026-05-19T06:00:00+00:00,12848.94
2026-05-19T06:00:00+00:00,12848.94
2026-05-19T06:00:00+00:00,12848.94
2026-05-19T06:15:00+00:00,12848.94
2026-05-19T06:15:00+00:00,12848.94
2026-05-19T06:15:00+00:00,12848.94
2026-05-19T06:30:00+00:00,12848.94
2026-05-19T06:30:00+00:00,12848.94
2026-05-19T06:30:00+00:00,12848.94
2026-05-19T06:45:00+00:00,12848.94
2026-05-19T06:45:00+00:00,12848.94
2026-05-19T06:45:00+00:00,12848.94
2026-05-19T07:00:00+00:00,12848.94
2026-05-19T07:00:00+00:00,12848.94
2026-05-19T07:00:00+00:00,12848.94
2026-05-19T07:15:00+00:00,12848.94
2026-05-19T07:15:00+00:00,12848.94
2026-05-19T07:15:00+00:00,12848.94
2026-05-19T07:30:00+00:00,12848.94
2026-05-19T07:30:00+00:00,12848.94
2026-05-19T07:30:00+00:00,12848.94
2026-05-19T07:45:00+00:00,12848.94
2026-05-19T07:45:00+00:00,12848.94
2026-05-19T07:45:00+00:00,12848.94
2026-05-19T08:00:00+00:00,12848.94
2026-05-19T08:00:00+00:00,12848.94
2026-05-19T08:00:00+00:00,12848.94
2026-05-19T08:15:00+00:00,12848.94
2026-05-19T08:15:00+00:00,12848.94
2026-05-19T08:15:00+00:00,12848.94
2026-05-19T08:30:00+00:00,12848.94
2026-05-19T08:30:00+00:00,12848.94
2026-05-19T08:30:00+00:00,12848.94
2026-05-19T08:45:00+00:00,12848.94
2026-05-19T08:45:00+00:00,12848.94
2026-05-19T08:45:00+00:00,12848.94
2026-05-19T09:00:00+00:00,12848.94
2026-05-19T09:00:00+00:00,12848.94
2026-05-19T09:00:00+00:00,12848.94
2026-05-19T09:15:00+00:00,12848.94
2026-05-19T09:15:00+00:00,12848.94
2026-05-19T09:15:00+00:00,12848.94
2026-05-19T09:30:00+00:00,12848.94
2026-05-19T09:30:00+00:00,12848.94
2026-05-19T09:30:00+00:00,12848.94
2026-05-19T09:45:00+00:00,12848.94
2026-05-19T09:45:00+00:00,12848.94
2026-05-19T09:45:00+00:00,12848.94
2026-05-19T10:00:00+00:00,12848.94
2026-05-19T10:00:00+00:00,12848.94
2026-05-19T10:00:00+00:00,12848.94
2026-05-19T10:15:00+00:00,12848.94
2026-05-19T10:15:00+00:00,12848.94
2026-05-19T10:15:00+00:00,12848.94
2026-05-19T10:30:00+00:00,12848.94
2026-05-19T10:30:00+00:00,12848.94
2026-05-19T10:30:00+00:00,12848.94
2026-05-19T10:45:00+00:00,12848.94
2026-05-19T10:45:00+00:00,12848.94
2026-05-19T10:45:00+00:00,12848.94
2026-05-19T11:00:00+00:00,12848.94
2026-05-19T11:00:00+00:00,12848.94
2026-05-19T11:00:00+00:00,12848.94
2026-05-19T11:15:00+00:00,12848.94
2026-05-19T11:15:00+00:00,12848.94
2026-05-19T11:15:00+00:00,12848.94
2026-05-19T11:30:00+00:00,12848.94
2026-05-19T11:30:00+00:00,12848.94
2026-05-19T11:30:00+00:00,12848.94
2026-05-19T11:45:00+00:00,12848.94
2026-05-19T11:45:00+00:00,12848.94
2026-05-19T11:45:00+00:00,12848.94
2026-05-19T12:00:00+00:00,12848.94
2026-05-19T12:00:00+00:00,12848.94
2026-05-19T12:00:00+00:00,12848.94
2026-05-19T12:15:00+00:00,12848.94
2026-05-19T12:15:00+00:00,12848.94
2026-05-19T12:15:00+00:00,12848.94
2026-05-19T12:30:00+00:00,12848.94
2026-05-19T12:30:00+00:00,12848.94
2026-05-19T12:30:00+00:00,12848.94
2026-05-19T12:45:00+00:00,12848.94
2026-05-19T12:45:00+00:00,12848.94
2026-05-19T12:45:00+00:00,12848.94
2026-05-19T13:00:00+00:00,12848.94
2026-05-19T13:00:00+00:00,12848.94
2026-05-19T13:00:00+00:00,12848.94
2026-05-19T13:15:00+00:00,12848.94
2026-05-19T13:15:00+00:00,12848.94
2026-05-19T13:15:00+00:00,12848.94
2026-05-19T13:30:00+00:00,12848.94
2026-05-19T13:30:00+00:00,12848.94
2026-05-19T13:30:00+00:00,12848.94
2026-05-19T13:45:00+00:00,12848.94
2026-05-19T13:45:00+00:00,12848.94
2026-05-19T13:45:00+00:00,12848.94
2026-05-19T14:00:00+00:00,12848.94
2026-05-19T14:00:00+00:00,12848.94
2026-05-19T14:00:00+00:00,12848.94
2026-05-19T14:15:00+00:00,12848.94
2026-05-19T14:15:00+00:00,12848.94
2026-05-19T14:15:00+00:00,12848.94
2026-05-19T14:30:00+00:00,12848.94
2026-05-19T14:30:00+00:00,12848.94
2026-05-19T14:30:00+00:00,12848.94
2026-05-19T14:45:00+00:00,12848.94
2026-05-19T14:45:00+00:00,12848.94
2026-05-19T14:45:00+00:00,12848.94
2026-05-19T15:00:00+00:00,12848.94
2026-05-19T15:00:00+00:00,12848.94
2026-05-19T15:00:00+00:00,12848.94
2026-05-19T15:15:00+00:00,12848.94
2026-05-19T15:15:00+00:00,12848.94
2026-05-19T15:15:00+00:00,12848.94
2026-05-19T15:30:00+00:00,12848.94
2026-05-19T15:30:00+00:00,12848.94
2026-05-19T15:30:00+00:00,12848.94
2026-05-19T15:45:00+00:00,12848.94
2026-05-19T15:45:00+00:00,12848.94
2026-05-19T15:45:00+00:00,12848.94
2026-05-19T16:00:00+00:00,12848.94
2026-05-19T16:00:00+00:00,12848.94
2026-05-19T16:00:00+00:00,12848.94
2026-05-19T16:15:00+00:00,12848.94
2026-05-19T16:15:00+00:00,12848.94
2026-05-19T16:15:00+00:00,12848.94
2026-05-19T16:30:00+00:00,12848.94
2026-05-19T16:30:00+00:00,12848.94
2026-05-19T16:30:00+00:00,12848.94
2026-05-19T16:45:00+00:00,12848.94
2026-05-19T16:45:00+00:00,12848.94
2026-05-19T16:45:00+00:00,12848.94
2026-05-19T17:00:00+00:00,12848.94
2026-05-19T17:00:00+00:00,12848.94
2026-05-19T17:00:00+00:00,12848.94
2026-05-19T17:15:00+00:00,12848.94
2026-05-19T17:15:00+00:00,12848.94
2026-05-19T17:15:00+00:00,12848.94
2026-05-19T17:30:00+00:00,12848.94
2026-05-19T17:30:00+00:00,12848.94
2026-05-19T17:30:00+00:00,12848.94
2026-05-19T17:45:00+00:00,12848.94
2026-05-19T17:45:00+00:00,12848.94
2026-05-19T17:45:00+00:00,12848.94
2026-05-19T18:00:00+00:00,12848.94
2026-05-19T18:00:00+00:00,12848.94
2026-05-19T18:00:00+00:00,12848.94
2026-05-19T18:15:00+00:00,12848.94
2026-05-19T18:15:00+00:00,12848.94
2026-05-19T18:15:00+00:00,12848.94
2026-05-19T18:30:00+00:00,12848.94
2026-05-19T18:30:00+00:00,12848.94
2026-05-19T18:30:00+00:00,12848.94
2026-05-19T18:45:00+00:00,12848.94
2026-05-19T18:45:00+00:00,12848.94
2026-05-19T18:45:00+00:00,12848.94
2026-05-19T19:00:00+00:00,12848.94
2026-05-19T19:00:00+00:00,12848.94
2026-05-19T19:00:00+00:00,12848.94
2026-05-19T19:15:00+00:00,12848.94
2026-05-19T19:15:00+00:00,12848.94
2026-05-19T19:15:00+00:00,12848.94
2026-05-19T19:30:00+00:00,12848.94
2026-05-19T19:30:00+00:00,12848.94
2026-05-19T19:30:00+00:00,12848.94
2026-05-19T19:45:00+00:00,12848.94
2026-05-19T19:45:00+00:00,12848.94
2026-05-19T19:45:00+00:00,12848.94
2026-05-19T20:00:00+00:00,12848.94
2026-05-19T20:00:00+00:00,12848.94
2026-05-19T20:00:00+00:00,12848.94
2026-05-19T20:15:00+00:00,12848.94
2026-05-19T20:15:00+00:00,12848.94
2026-05-19T20:15:00+00:00,12848.94
2026-05-19T20:30:00+00:00,12848.94
2026-05-19T20:30:00+00:00,12848.94
2026-05-19T20:30:00+00:00,12848.94
2026-05-19T20:45:00+00:00,12848.94
2026-05-19T20:45:00+00:00,12848.94
2026-05-19T20:45:00+00:00,12848.94
2026-05-19T21:00:00+00:00,12848.94
2026-05-19T21:00:00+00:00,12848.94
2026-05-19T21:00:00+00:00,12848.94
2026-05-19T21:15:00+00:00,12848.94
2026-05-19T21:15:00+00:00,12848.94
2026-05-19T21:15:00+00:00,12848.94
2026-05-19T21:30:00+00:00,12848.94
2026-05-19T21:30:00+00:00,12848.94
2026-05-19T21:30:00+00:00,12848.94
2026-05-19T21:45:00+00:00,12848.94
2026-05-19T21:45:00+00:00,12848.94
2026-05-19T21:45:00+00:00,12848.94
2026-05-19T22:00:00+00:00,12848.94
2026-05-19T22:00:00+00:00,12848.94
2026-05-19T22:00:00+00:00,12848.94
2026-05-19T22:15:00+00:00,12848.94
2026-05-19T22:15:00+00:00,12848.94
2026-05-19T22:15:00+00:00,12848.94
2026-05-19T22:30:00+00:00,12848.94
2026-05-19T22:30:00+00:00,12848.94
2026-05-19T22:30:00+00:00,12848.94
2026-05-19T22:45:00+00:00,12848.94
2026-05-19T22:45:00+00:00,12848.94
2026-05-19T22:45:00+00:00,12848.94
2026-05-19T23:00:00+00:00,12848.94
2026-05-19T23:00:00+00:00,12848.94
2026-05-19T23:00:00+00:00,12848.94
2026-05-19T23:15:00+00:00,12848.94
2026-05-19T23:15:00+00:00,12848.94
2026-05-19T23:15:00+00:00,12848.94
2026-05-19T23:30:00+00:00,12848.94
2026-05-19T23:30:00+00:00,12848.94
2026-05-19T23:30:00+00:00,12848.94
2026-05-19T23:45:00+00:00,12848.94
2026-05-19T23:45:00+00:00,12848.94
2026-05-19T23:45:00+00:00,12848.94
2026-05-20T00:00:00+00:00,12848.94
2026-05-20T00:00:00+00:00,12848.94
2026-05-20T00:00:00+00:00,12848.94
2026-05-20T00:15:00+00:00,12848.94
2026-05-20T00:15:00+00:00,12848.94
2026-05-20T00:15:00+00:00,12848.94
2026-05-20T00:30:00+00:00,12848.94
2026-05-20T00:30:00+00:00,12848.94
2026-05-20T00:30:00+00:00,12848.94
2026-05-20T00:45:00+00:00,12848.94
2026-05-20T00:45:00+00:00,12848.94
2026-05-20T00:45:00+00:00,12848.94
2026-05-20T01:00:00+00:00,12848.94
2026-05-20T01:00:00+00:00,12848.94
2026-05-20T01:00:00+00:00,12848.94
2026-05-20T01:15:00+00:00,12848.94
2026-05-20T01:15:00+00:00,12848.94
2026-05-20T01:15:00+00:00,12848.94
2026-05-20T01:30:00+00:00,12848.94
2026-05-20T01:30:00+00:00,12848.94
2026-05-20T01:30:00+00:00,12848.94
2026-05-20T01:45:00+00:00,12848.94
2026-05-20T01:45:00+00:00,12848.94
2026-05-20T01:45:00+00:00,12848.94
2026-05-20T02:00:00+00:00,12848.94
2026-05-20T02:00:00+00:00,12848.94
2026-05-20T02:00:00+00:00,12848.94
2026-05-20T02:15:00+00:00,12848.94
2026-05-20T02:15:00+00:00,12848.94
2026-05-20T02:15:00+00:00,12848.94
2026-05-20T02:30:00+00:00,12848.94
2026-05-20T02:30:00+00:00,12848.94
2026-05-20T02:30:00+00:00,12848.94
2026-05-20T02:45:00+00:00,12848.94
2026-05-20T02:45:00+00:00,12848.94
2026-05-20T02:45:00+00:00,12848.94
2026-05-20T03:00:00+00:00,12848.94
2026-05-20T03:00:00+00:00,12848.94
2026-05-20T03:00:00+00:00,12848.94
2026-05-20T03:15:00+00:00,12848.94
2026-05-20T03:15:00+00:00,12848.94
2026-05-20T03:15:00+00:00,12848.94
2026-05-20T03:30:00+00:00,12848.94
2026-05-20T03:30:00+00:00,12848.94
2026-05-20T03:30:00+00:00,12848.94
2026-05-20T03:45:00+00:00,12848.94
2026-05-20T03:45:00+00:00,12848.94
2026-05-20T03:45:00+00:00,12848.94
2026-05-20T04:00:00+00:00,12848.94
2026-05-20T04:00:00+00:00,12848.94
2026-05-20T04:00:00+00:00,12848.94
2026-05-20T04:15:00+00:00,12848.94
2026-05-20T04:15:00+00:00,12848.94
2026-05-20T04:15:00+00:00,12848.94
2026-05-20T04:30:00+00:00,12848.94
2026-05-20T04:30:00+00:00,12848.94
2026-05-20T04:30:00+00:00,12848.94
2026-05-20T04:45:00+00:00,12848.94
2026-05-20T04:45:00+00:00,12848.94
2026-05-20T04:45:00+00:00,12848.94
2026-05-20T05:00:00+00:00,12848.94
2026-05-20T05:00:00+00:00,12848.94
2026-05-20T05:00:00+00:00,12848.94
2026-05-20T05:15:00+00:00,12848.94
2026-05-20T05:15:00+00:00,12848.94
2026-05-20T05:15:00+00:00,12848.94
2026-05-20T05:30:00+00:00,12848.94
2026-05-20T05:30:00+00:00,12848.94
2026-05-20T05:30:00+00:00,12848.94
2026-05-20T05:45:00+00:00,12848.94
2026-05-20T05:45:00+00:00,12848.94
2026-05-20T05:45:00+00:00,12848.94
2026-05-20T06:00:00+00:00,12848.94
2026-05-20T06:00:00+00:00,12848.94
2026-05-20T06:00:00+00:00,12848.94
2026-05-20T06:15:00+00:00,12848.94
2026-05-20T06:15:00+00:00,12848.94
2026-05-20T06:15:00+00:00,12848.94
2026-05-20T06:30:00+00:00,12848.94
2026-05-20T06:30:00+00:00,12848.94
2026-05-20T06:30:00+00:00,12848.94
2026-05-20T06:45:00+00:00,12848.94
2026-05-20T06:45:00+00:00,12848.94
2026-05-20T06:45:00+00:00,12848.94
2026-05-20T07:00:00+00:00,12848.94
2026-05-20T07:00:00+00:00,12848.94
2026-05-20T07:00:00+00:00,12848.94
2026-05-20T07:15:00+00:00,12848.94
2026-05-20T07:15:00+00:00,12848.94
2026-05-20T07:15:00+00:00,12848.94
2026-05-20T07:30:00+00:00,12848.94
2026-05-20T07:30:00+00:00,12848.94
2026-05-20T07:30:00+00:00,12848.94
2026-05-20T07:45:00+00:00,12848.94
2026-05-20T07:45:00+00:00,12848.94
2026-05-20T07:45:00+00:00,12848.94
2026-05-20T08:00:00+00:00,12848.94
2026-05-20T08:00:00+00:00,12848.94
2026-05-20T08:00:00+00:00,12848.94
2026-05-20T08:15:00+00:00,12848.94
2026-05-20T08:15:00+00:00,12848.94
2026-05-20T08:15:00+00:00,12848.94
2026-05-20T08:30:00+00:00,12848.94
2026-05-20T08:30:00+00:00,12848.94
2026-05-20T08:30:00+00:00,12848.94
2026-05-20T08:45:00+00:00,12848.94
2026-05-20T08:45:00+00:00,12848.94
2026-05-20T08:45:00+00:00,12848.94
2026-05-20T09:00:00+00:00,12848.94
2026-05-20T09:00:00+00:00,12848.94
2026-05-20T09:00:00+00:00,12848.94
2026-05-20T09:15:00+00:00,12848.94
2026-05-20T09:15:00+00:00,12848.94
2026-05-20T09:15:00+00:00,12848.94
2026-05-20T09:30:00+00:00,12848.94
2026-05-20T09:30:00+00:00,12848.94
2026-05-20T09:30:00+00:00,12848.94
2026-05-20T09:45:00+00:00,12848.94
2026-05-20T09:45:00+00:00,12848.94
2026-05-20T09:45:00+00:00,12848.94
2026-05-20T10:00:00+00:00,12848.94
2026-05-20T10:00:00+00:00,12848.94
2026-05-20T10:00:00+00:00,12848.94
2026-05-20T10:15:00+00:00,12848.94
2026-05-20T10:15:00+00:00,12848.94
2026-05-20T10:15:00+00:00,12848.94
2026-05-20T10:30:00+00:00,12848.94
2026-05-20T10:30:00+00:00,12848.94
2026-05-20T10:30:00+00:00,12848.94
2026-05-20T10:45:00+00:00,12848.94
2026-05-20T10:45:00+00:00,12848.94
2026-05-20T10:45:00+00:00,12848.94
2026-05-20T11:00:00+00:00,12848.94
2026-05-20T11:00:00+00:00,12848.94
2026-05-20T11:00:00+00:00,12848.94
2026-05-20T11:15:00+00:00,12848.94
2026-05-20T11:15:00+00:00,12848.94
2026-05-20T11:15:00+00:00,12848.94
2026-05-20T11:30:00+00:00,12848.94
2026-05-20T11:30:00+00:00,12848.94
2026-05-20T11:30:00+00:00,12848.94
2026-05-20T11:45:00+00:00,12848.94
2026-05-20T11:45:00+00:00,12848.94
2026-05-20T11:45:00+00:00,12848.94
2026-05-20T12:00:00+00:00,12848.94
2026-05-20T12:00:00+00:00,12848.94
2026-05-20T12:00:00+00:00,12848.94
2026-05-20T12:15:00+00:00,12848.94
2026-05-20T12:15:00+00:00,12848.94
2026-05-20T12:15:00+00:00,12848.94
2026-05-20T12:30:00+00:00,12848.94
2026-05-20T12:30:00+00:00,12848.94
2026-05-20T12:30:00+00:00,12848.94
2026-05-20T12:45:00+00:00,12848.94
2026-05-20T12:45:00+00:00,12848.94
2026-05-20T12:45:00+00:00,12848.94
2026-05-20T13:00:00+00:00,12848.94
2026-05-20T13:00:00+00:00,12848.94
2026-05-20T13:00:00+00:00,12848.94
2026-05-20T13:15:00+00:00,12848.94
2026-05-20T13:15:00+00:00,12848.94
2026-05-20T13:15:00+00:00,12848.94
2026-05-20T13:30:00+00:00,12848.94
2026-05-20T13:30:00+00:00,12848.94
2026-05-20T13:30:00+00:00,12848.94
2026-05-20T13:45:00+00:00,12848.94
2026-05-20T13:45:00+00:00,12848.94
2026-05-20T13:45:00+00:00,12848.94
2026-05-20T14:00:00+00:00,12848.94
2026-05-20T14:00:00+00:00,12848.94
2026-05-20T14:00:00+00:00,12848.94
2026-05-20T14:15:00+00:00,12848.94
2026-05-20T14:15:00+00:00,12848.94
2026-05-20T14:15:00+00:00,12848.94
2026-05-20T14:30:00+00:00,12848.94
2026-05-20T14:30:00+00:00,12848.94
2026-05-20T14:30:00+00:00,12848.94
2026-05-20T14:45:00+00:00,12848.94
2026-05-20T14:45:00+00:00,12848.94
2026-05-20T14:45:00+00:00,12848.94
2026-05-20T15:00:00+00:00,12848.94
2026-05-20T15:00:00+00:00,12848.94
2026-05-20T15:00:00+00:00,12848.94
2026-05-20T15:15:00+00:00,12848.94
2026-05-20T15:15:00+00:00,12848.94
2026-05-20T15:15:00+00:00,12848.94
2026-05-20T15:30:00+00:00,12848.94
2026-05-20T15:30:00+00:00,12848.94
2026-05-20T15:30:00+00:00,12848.94
2026-05-20T15:45:00+00:00,12848.94
2026-05-20T15:45:00+00:00,12848.94
2026-05-20T15:45:00+00:00,12848.94
2026-05-20T16:00:00+00:00,12848.94
2026-05-20T16:00:00+00:00,12848.94
2026-05-20T16:00:00+00:00,12848.94
2026-05-20T16:15:00+00:00,12848.94
2026-05-20T16:15:00+00:00,12848.94
2026-05-20T16:15:00+00:00,12848.94
2026-05-20T16:30:00+00:00,12848.94
2026-05-20T16:30:00+00:00,12848.94
2026-05-20T16:30:00+00:00,12848.94
2026-05-20T16:45:00+00:00,12848.94
2026-05-20T16:45:00+00:00,12848.94
2026-05-20T16:45:00+00:00,12848.94
2026-05-20T17:00:00+00:00,12848.94
2026-05-20T17:00:00+00:00,12848.94
2026-05-20T17:00:00+00:00,12848.94
2026-05-20T17:15:00+00:00,12848.94
2026-05-20T17:15:00+00:00,12848.94
2026-05-20T17:15:00+00:00,12848.94
2026-05-20T17:30:00+00:00,12848.94
2026-05-20T17:30:00+00:00,12848.94
2026-05-20T17:30:00+00:00,12848.94
2026-05-20T17:45:00+00:00,12848.94
2026-05-20T17:45:00+00:00,12848.94
2026-05-20T17:45:00+00:00,12848.94
2026-05-20T18:00:00+00:00,12848.94
2026-05-20T18:00:00+00:00,12848.94
2026-05-20T18:00:00+00:00,12848.94
2026-05-20T18:15:00+00:00,12848.94
2026-05-20T18:15:00+00:00,12848.94
2026-05-20T18:15:00+00:00,12848.94
2026-05-20T18:30:00+00:00,12848.94
2026-05-20T18:30:00+00:00,12848.94
2026-05-20T18:30:00+00:00,12848.94
2026-05-20T18:45:00+00:00,12848.94
2026-05-20T18:45:00+00:00,12848.94
2026-05-20T18:45:00+00:00,12848.94
2026-05-20T19:00:00+00:00,12848.94
2026-05-20T19:00:00+00:00,12848.94
2026-05-20T19:00:00+00:00,12848.94
2026-05-20T19:15:00+00:00,12848.94
2026-05-20T19:15:00+00:00,12848.94
2026-05-20T19:15:00+00:00,12848.94
2026-05-20T19:30:00+00:00,12848.94
2026-05-20T19:30:00+00:00,12848.94
2026-05-20T19:30:00+00:00,12848.94
2026-05-20T19:45:00+00:00,12848.94
2026-05-20T19:45:00+00:00,12848.94
2026-05-20T19:45:00+00:00,12848.94
2026-05-20T20:00:00+00:00,12848.94
2026-05-20T20:00:00+00:00,12848.94
2026-05-20T20:00:00+00:00,12848.94
2026-05-20T20:15:00+00:00,12848.94
2026-05-20T20:15:00+00:00,12848.94
2026-05-20T20:15:00+00:00,12848.94
2026-05-20T20:30:00+00:00,12848.94
2026-05-20T20:30:00+00:00,12848.94
2026-05-20T20:30:00+00:00,12848.94
2026-05-20T20:45:00+00:00,12848.94
2026-05-20T20:45:00+00:00,12848.94
2026-05-20T20:45:00+00:00,12848.94
2026-05-20T21:00:00+00:00,12848.94
2026-05-20T21:00:00+00:00,12848.94
2026-05-20T21:00:00+00:00,12848.94
2026-05-20T21:15:00+00:00,12848.94
2026-05-20T21:15:00+00:00,12848.94
2026-05-20T21:15:00+00:00,12848.94
2026-05-20T21:30:00+00:00,12848.94
2026-05-20T21:30:00+00:00,12848.94
2026-05-20T21:30:00+00:00,12848.94
2026-05-20T21:45:00+00:00,12848.94
2026-05-20T21:45:00+00:00,12848.94
2026-05-20T21:45:00+00:00,12848.94
2026-05-20T22:00:00+00:00,12848.94
2026-05-20T22:00:00+00:00,12848.94
2026-05-20T22:00:00+00:00,12848.94
2026-05-20T22:15:00+00:00,12848.94
2026-05-20T22:15:00+00:00,12848.94
2026-05-20T22:15:00+00:00,12848.94
2026-05-20T22:30:00+00:00,12848.94
2026-05-20T22:30:00+00:00,12848.94
2026-05-20T22:30:00+00:00,12848.94
2026-05-20T22:45:00+00:00,12848.94
2026-05-20T22:45:00+00:00,12848.94
2026-05-20T22:45:00+00:00,12848.94
2026-05-20T23:00:00+00:00,12848.94
2026-05-20T23:00:00+00:00,12848.94
2026-05-20T23:00:00+00:00,12848.94
2026-05-20T23:15:00+00:00,12848.94
2026-05-20T23:15:00+00:00,12848.94
2026-05-20T23:15:00+00:00,12848.94
2026-05-20T23:30:00+00:00,12848.94
2026-05-20T23:30:00+00:00,12848.94
2026-05-20T23:30:00+00:00,12848.94
2026-05-20T23:45:00+00:00,12848.94
2026-05-20T23:45:00+00:00,12848.94
2026-05-20T23:45:00+00:00,12848.94
2026-05-21T00:00:00+00:00,12848.94
2026-05-21T00:00:00+00:00,12848.94
2026-05-21T00:00:00+00:00,12848.94
2026-05-21T00:15:00+00:00,12848.94
2026-05-21T00:15:00+00:00,12848.94
2026-05-21T00:15:00+00:00,12848.94
2026-05-21T00:30:00+00:00,12848.94
2026-05-21T00:30:00+00:00,12848.94
2026-05-21T00:30:00+00:00,12848.94
2026-05-21T00:45:00+00:00,12848.94
2026-05-21T00:45:00+00:00,12848.94
2026-05-21T00:45:00+00:00,12848.94
2026-05-21T01:00:00+00:00,12848.94
2026-05-21T01:00:00+00:00,12848.94
2026-05-21T01:00:00+00:00,12848.94
2026-05-21T01:15:00+00:00,12848.94
2026-05-21T01:15:00+00:00,12848.94
2026-05-21T01:15:00+00:00,12848.94
2026-05-21T01:30:00+00:00,12848.94
2026-05-21T01:30:00+00:00,12848.94
2026-05-21T01:30:00+00:00,12848.94
2026-05-21T01:45:00+00:00,12848.94
2026-05-21T01:45:00+00:00,12848.94
2026-05-21T01:45:00+00:00,12848.94
2026-05-21T02:00:00+00:00,12848.94
2026-05-21T02:00:00+00:00,12848.94
2026-05-21T02:00:00+00:00,12848.94
2026-05-21T02:15:00+00:00,12848.94
2026-05-21T02:15:00+00:00,12848.94
2026-05-21T02:15:00+00:00,12848.94
2026-05-21T02:30:00+00:00,12848.94
2026-05-21T02:30:00+00:00,12848.94
2026-05-21T02:30:00+00:00,12848.94
2026-05-21T02:45:00+00:00,12848.94
2026-05-21T02:45:00+00:00,12848.94
2026-05-21T02:45:00+00:00,12848.94
2026-05-21T03:00:00+00:00,12848.94
2026-05-21T03:00:00+00:00,12848.94
2026-05-21T03:00:00+00:00,12808.33
2026-05-21T03:15:00+00:00,12808.33
2026-05-21T03:15:00+00:00,12808.33
2026-05-21T03:15:00+00:00,12752.04
2026-05-21T03:30:00+00:00,12752.04
2026-05-21T03:30:00+00:00,12752.04
2026-05-21T03:30:00+00:00,12756.62
2026-05-21T03:45:00+00:00,12756.62
2026-05-21T03:45:00+00:00,12756.62
2026-05-21T03:45:00+00:00,12733.39
2026-05-21T04:00:00+00:00,12733.74
2026-05-21T04:00:00+00:00,12733.74
2026-05-21T04:00:00+00:00,12717.05
2026-05-21T04:15:00+00:00,12717.05
2026-05-21T04:15:00+00:00,12717.05
2026-05-21T04:15:00+00:00,12698.72
2026-05-21T04:30:00+00:00,12698.72
2026-05-21T04:30:00+00:00,12698.72
2026-05-21T04:30:00+00:00,12678.11
2026-05-21T04:45:00+00:00,12678.11
2026-05-21T04:45:00+00:00,12678.11
2026-05-21T04:45:00+00:00,12686.61
2026-05-21T05:00:00+00:00,12686.97
2026-05-21T05:00:00+00:00,12686.97
2026-05-21T05:00:00+00:00,12756.68
2026-05-21T05:15:00+00:00,12756.68
2026-05-21T05:15:00+00:00,12756.68
2026-05-21T05:15:00+00:00,12799.22
2026-05-21T05:30:00+00:00,12799.22
2026-05-21T05:30:00+00:00,12799.22
2026-05-21T05:30:00+00:00,12803.48
2026-05-21T05:45:00+00:00,12803.48
2026-05-21T05:45:00+00:00,12803.48
2026-05-21T05:45:00+00:00,12848.97
2026-05-21T06:00:00+00:00,12849.32
2026-05-21T06:00:00+00:00,12849.32
2026-05-21T06:00:00+00:00,12865.19
2026-05-21T06:15:00+00:00,12865.19
2026-05-21T06:15:00+00:00,12865.19
2026-05-21T06:15:00+00:00,12851.12
2026-05-21T06:30:00+00:00,12851.12
2026-05-21T06:30:00+00:00,12851.12
2026-05-21T06:30:00+00:00,12862.66
2026-05-21T06:45:00+00:00,12862.66
2026-05-21T06:45:00+00:00,12862.66
2026-05-21T06:45:00+00:00,12865.03
2026-05-21T07:00:00+00:00,12865.12
2026-05-21T07:00:00+00:00,12865.12
2026-05-21T07:00:00+00:00,12856.44
2026-05-21T07:15:00+00:00,12856.44
2026-05-21T07:15:00+00:00,12856.44
2026-05-21T07:15:00+00:00,12854.40
2026-05-21T07:30:00+00:00,12854.40
2026-05-21T07:30:00+00:00,12854.40
2026-05-21T07:30:00+00:00,12851.92
2026-05-21T07:45:00+00:00,12851.92
2026-05-21T07:45:00+00:00,12851.92
2026-05-21T07:45:00+00:00,12851.59
2026-05-21T08:00:00+00:00,12851.60
2026-05-21T08:00:00+00:00,12851.60
2026-05-21T08:00:00+00:00,12851.59
2026-05-21T08:15:00+00:00,12851.59
2026-05-21T08:15:00+00:00,12851.59
2026-05-21T08:15:00+00:00,12851.59
2026-05-21T08:30:00+00:00,12851.59
2026-05-21T08:30:00+00:00,12851.59
2026-05-21T08:30:00+00:00,12851.59
2026-05-21T08:45:00+00:00,12851.59
2026-05-21T08:45:00+00:00,12851.59
2026-05-21T08:45:00+00:00,12851.59
2026-05-21T09:00:00+00:00,12851.59
2026-05-21T09:00:00+00:00,12851.59
2026-05-21T09:00:00+00:00,12851.59
2026-05-21T09:15:00+00:00,12851.59
2026-05-21T09:15:00+00:00,12851.59
2026-05-21T09:15:00+00:00,12851.59
2026-05-21T09:30:00+00:00,12851.59
2026-05-21T09:30:00+00:00,12851.59
2026-05-21T09:30:00+00:00,12851.59
2026-05-21T09:45:00+00:00,12851.59
2026-05-21T09:45:00+00:00,12851.59
2026-05-21T09:45:00+00:00,12851.59
2026-05-21T10:00:00+00:00,12851.59
2026-05-21T10:00:00+00:00,12851.59
2026-05-21T10:00:00+00:00,12851.59
2026-05-21T10:15:00+00:00,12851.59
2026-05-21T10:15:00+00:00,12851.59
2026-05-21T10:15:00+00:00,12851.59
2026-05-21T10:30:00+00:00,12851.59
2026-05-21T10:30:00+00:00,12851.59
2026-05-21T10:30:00+00:00,12851.59
2026-05-21T10:45:00+00:00,12851.59
2026-05-21T10:45:00+00:00,12851.59
2026-05-21T10:45:00+00:00,12851.59
2026-05-21T11:00:00+00:00,12851.59
2026-05-21T11:00:00+00:00,12851.59
2026-05-21T11:00:00+00:00,12851.59
2026-05-21T11:15:00+00:00,12851.59
2026-05-21T11:15:00+00:00,12851.59
2026-05-21T11:15:00+00:00,12851.59
2026-05-21T11:30:00+00:00,12851.59
2026-05-21T11:30:00+00:00,12851.59
2026-05-21T11:30:00+00:00,12851.59
2026-05-21T11:45:00+00:00,12851.59
2026-05-21T11:45:00+00:00,12851.59
2026-05-21T11:45:00+00:00,12851.59
2026-05-21T12:00:00+00:00,12851.59
2026-05-21T12:00:00+00:00,12851.59
2026-05-21T12:00:00+00:00,12851.59
2026-05-21T12:15:00+00:00,12851.59
2026-05-21T12:15:00+00:00,12851.59
2026-05-21T12:15:00+00:00,12851.59
2026-05-21T12:30:00+00:00,12851.59
2026-05-21T12:30:00+00:00,12851.59
2026-05-21T12:30:00+00:00,12851.59
2026-05-21T12:45:00+00:00,12851.59
2026-05-21T12:45:00+00:00,12851.59
2026-05-21T12:45:00+00:00,12851.59
2026-05-21T13:00:00+00:00,12851.59
2026-05-21T13:00:00+00:00,12851.59
2026-05-21T13:00:00+00:00,12851.59
2026-05-21T13:15:00+00:00,12851.59
2026-05-21T13:15:00+00:00,12851.59
2026-05-21T13:15:00+00:00,12851.59
2026-05-21T13:30:00+00:00,12851.59
2026-05-21T13:30:00+00:00,12851.59
2026-05-21T13:30:00+00:00,12851.59
2026-05-21T13:45:00+00:00,12851.59
2026-05-21T13:45:00+00:00,12851.59
2026-05-21T13:45:00+00:00,12851.59
2026-05-21T14:00:00+00:00,12851.59
2026-05-21T14:00:00+00:00,12851.59
2026-05-21T14:00:00+00:00,12851.59
2026-05-21T14:15:00+00:00,12851.59
2026-05-21T14:15:00+00:00,12851.59
2026-05-21T14:15:00+00:00,12851.59
2026-05-21T14:30:00+00:00,12851.59
2026-05-21T14:30:00+00:00,12851.59
2026-05-21T14:30:00+00:00,12851.59
2026-05-21T14:45:00+00:00,12851.59
2026-05-21T14:45:00+00:00,12851.59
2026-05-21T14:45:00+00:00,12851.59
2026-05-21T15:00:00+00:00,12851.59
2026-05-21T15:00:00+00:00,12851.59
2026-05-21T15:00:00+00:00,12851.59
2026-05-21T15:15:00+00:00,12851.59
2026-05-21T15:15:00+00:00,12851.59
2026-05-21T15:15:00+00:00,12851.59
2026-05-21T15:30:00+00:00,12851.59
2026-05-21T15:30:00+00:00,12851.59
2026-05-21T15:30:00+00:00,12851.59
2026-05-21T15:45:00+00:00,12851.59
2026-05-21T15:45:00+00:00,12851.59
2026-05-21T15:45:00+00:00,12851.59
2026-05-21T16:00:00+00:00,12851.59
2026-05-21T16:00:00+00:00,12851.59
2026-05-21T16:00:00+00:00,12851.59
2026-05-21T16:15:00+00:00,12851.59
2026-05-21T16:15:00+00:00,12851.59
2026-05-21T16:15:00+00:00,12851.59
2026-05-21T16:30:00+00:00,12851.59
2026-05-21T16:30:00+00:00,12851.59
2026-05-21T16:30:00+00:00,12851.59
2026-05-21T16:45:00+00:00,12851.59
2026-05-21T16:45:00+00:00,12851.59
2026-05-21T16:45:00+00:00,12851.59
2026-05-21T17:00:00+00:00,12851.59
2026-05-21T17:00:00+00:00,12851.59
2026-05-21T17:00:00+00:00,12851.59
2026-05-21T17:15:00+00:00,12851.59
2026-05-21T17:15:00+00:00,12851.59
2026-05-21T17:15:00+00:00,12851.59
2026-05-21T17:30:00+00:00,12851.59
2026-05-21T17:30:00+00:00,12851.59
2026-05-21T17:30:00+00:00,12851.59
2026-05-21T17:45:00+00:00,12851.59
2026-05-21T17:45:00+00:00,12851.59
2026-05-21T17:45:00+00:00,12851.59
2026-05-21T18:00:00+00:00,12851.59
2026-05-21T18:00:00+00:00,12851.59
2026-05-21T18:00:00+00:00,12851.59
2026-05-21T18:15:00+00:00,12851.59
2026-05-21T18:15:00+00:00,12851.59
2026-05-21T18:15:00+00:00,12851.59
2026-05-21T18:30:00+00:00,12851.59
2026-05-21T18:30:00+00:00,12851.59
2026-05-21T18:30:00+00:00,12851.59
2026-05-21T18:45:00+00:00,12851.59
2026-05-21T18:45:00+00:00,12851.59
2026-05-21T18:45:00+00:00,12851.59
2026-05-21T19:00:00+00:00,12851.59
2026-05-21T19:00:00+00:00,12851.59
2026-05-21T19:00:00+00:00,12851.59
2026-05-21T19:15:00+00:00,12851.59
2026-05-21T19:15:00+00:00,12851.59
2026-05-21T19:15:00+00:00,12851.59
2026-05-21T19:30:00+00:00,12851.59
2026-05-21T19:30:00+00:00,12851.59
2026-05-21T19:30:00+00:00,12851.59
2026-05-21T19:45:00+00:00,12851.59
2026-05-21T19:45:00+00:00,12851.59
2026-05-21T19:45:00+00:00,12851.59
2026-05-21T20:00:00+00:00,12851.59
2026-05-21T20:00:00+00:00,12851.59
2026-05-21T20:00:00+00:00,12851.59
2026-05-21T20:15:00+00:00,12851.59
2026-05-21T20:15:00+00:00,12851.59
2026-05-21T20:15:00+00:00,12851.59
2026-05-21T20:30:00+00:00,12851.59
2026-05-21T20:30:00+00:00,12851.59
2026-05-21T20:30:00+00:00,12851.59
2026-05-21T20:45:00+00:00,12851.59
2026-05-21T20:45:00+00:00,12851.59
2026-05-21T20:45:00+00:00,12851.59
2026-05-21T21:00:00+00:00,12851.59
2026-05-21T21:00:00+00:00,12851.59
2026-05-21T21:00:00+00:00,12851.59
2026-05-21T21:15:00+00:00,12851.59
2026-05-21T21:15:00+00:00,12851.59
2026-05-21T21:15:00+00:00,12851.59
2026-05-21T21:30:00+00:00,12851.59
2026-05-21T21:30:00+00:00,12851.59
2026-05-21T21:30:00+00:00,12851.59
2026-05-21T21:45:00+00:00,12851.59
2026-05-21T21:45:00+00:00,12851.59
2026-05-21T21:45:00+00:00,12851.59
2026-05-21T22:00:00+00:00,12851.59
2026-05-21T22:00:00+00:00,12851.59
2026-05-21T22:00:00+00:00,12851.59
2026-05-21T22:15:00+00:00,12851.59
2026-05-21T22:15:00+00:00,12851.59
2026-05-21T22:15:00+00:00,12851.59
2026-05-21T22:30:00+00:00,12851.59
2026-05-21T22:30:00+00:00,12851.59
2026-05-21T22:30:00+00:00,12851.59
2026-05-21T22:45:00+00:00,12851.59
2026-05-21T22:45:00+00:00,12851.59
2026-05-21T22:45:00+00:00,12851.59
2026-05-21T23:00:00+00:00,12851.59
2026-05-21T23:00:00+00:00,12851.59
2026-05-21T23:00:00+00:00,12851.59
2026-05-21T23:15:00+00:00,12851.59
2026-05-21T23:15:00+00:00,12851.59
2026-05-21T23:15:00+00:00,12851.59
2026-05-21T23:30:00+00:00,12851.59
2026-05-21T23:30:00+00:00,12851.59
2026-05-21T23:30:00+00:00,12851.59
2026-05-21T23:45:00+00:00,12851.59
2026-05-21T23:45:00+00:00,12851.59
2026-05-21T23:45:00+00:00,12851.59
2026-05-22T00:00:00+00:00,12851.59
2026-05-22T00:00:00+00:00,12851.59
2026-05-22T00:00:00+00:00,12851.59
2026-05-22T00:15:00+00:00,12851.59
2026-05-22T00:15:00+00:00,12851.59
2026-05-22T00:15:00+00:00,12851.59
2026-05-22T00:30:00+00:00,12851.59
2026-05-22T00:30:00+00:00,12851.59
2026-05-22T00:30:00+00:00,12851.59
2026-05-22T00:45:00+00:00,12851.59
2026-05-22T00:45:00+00:00,12851.59
2026-05-22T00:45:00+00:00,12851.59
2026-05-22T01:00:00+00:00,12851.59
2026-05-22T01:00:00+00:00,12851.59
2026-05-22T01:00:00+00:00,12851.59
2026-05-22T01:15:00+00:00,12851.59
2026-05-22T01:15:00+00:00,12851.59
2026-05-22T01:15:00+00:00,12851.59
2026-05-22T01:30:00+00:00,12851.59
2026-05-22T01:30:00+00:00,12851.59
2026-05-22T01:30:00+00:00,12851.59
2026-05-22T01:45:00+00:00,12851.59
2026-05-22T01:45:00+00:00,12851.59
2026-05-22T01:45:00+00:00,12851.59
2026-05-22T02:00:00+00:00,12851.59
2026-05-22T02:00:00+00:00,12851.59
2026-05-22T02:00:00+00:00,12851.59
2026-05-22T02:15:00+00:00,12851.59
2026-05-22T02:15:00+00:00,12851.59
2026-05-22T02:15:00+00:00,12851.59
2026-05-22T02:30:00+00:00,12851.59
2026-05-22T02:30:00+00:00,12851.59
2026-05-22T02:30:00+00:00,12851.59
2026-05-22T02:45:00+00:00,12851.59
2026-05-22T02:45:00+00:00,12851.59
2026-05-22T02:45:00+00:00,12851.59
2026-05-22T03:00:00+00:00,12851.59
2026-05-22T03:00:00+00:00,12851.59
2026-05-22T03:00:00+00:00,12851.59
2026-05-22T03:15:00+00:00,12851.59
2026-05-22T03:15:00+00:00,12851.59
2026-05-22T03:15:00+00:00,12851.59
2026-05-22T03:30:00+00:00,12851.59
2026-05-22T03:30:00+00:00,12851.59
2026-05-22T03:30:00+00:00,12851.59
2026-05-22T03:45:00+00:00,12851.59
2026-05-22T03:45:00+00:00,12851.59
2026-05-22T03:45:00+00:00,12851.59
2026-05-22T04:00:00+00:00,12851.59
2026-05-22T04:00:00+00:00,12851.59
2026-05-22T04:00:00+00:00,12851.59
2026-05-22T04:15:00+00:00,12851.59
2026-05-22T04:15:00+00:00,12851.59
2026-05-22T04:15:00+00:00,12851.59
2026-05-22T04:30:00+00:00,12851.59
2026-05-22T04:30:00+00:00,12851.59
2026-05-22T04:30:00+00:00,12851.59
2026-05-22T04:45:00+00:00,12851.59
2026-05-22T04:45:00+00:00,12851.59
2026-05-22T04:45:00+00:00,12851.59
2026-05-22T05:00:00+00:00,12851.59
2026-05-22T05:00:00+00:00,12851.59
2026-05-22T05:00:00+00:00,12851.59
2026-05-22T05:15:00+00:00,12851.59
2026-05-22T05:15:00+00:00,12851.59
2026-05-22T05:15:00+00:00,12851.59
2026-05-22T05:30:00+00:00,12851.59
2026-05-22T05:30:00+00:00,12851.59
2026-05-22T05:30:00+00:00,12851.59
2026-05-22T05:45:00+00:00,12851.59
2026-05-22T05:45:00+00:00,12851.59
2026-05-22T05:45:00+00:00,12851.59
2026-05-22T06:00:00+00:00,12851.59
2026-05-22T06:00:00+00:00,12851.59
2026-05-22T06:00:00+00:00,12851.59
2026-05-22T06:15:00+00:00,12851.59
2026-05-22T06:15:00+00:00,12851.59
2026-05-22T06:15:00+00:00,12851.59
2026-05-22T06:30:00+00:00,12851.59
2026-05-22T06:30:00+00:00,12851.59
2026-05-22T06:30:00+00:00,12851.59
2026-05-22T06:45:00+00:00,12851.59
2026-05-22T06:45:00+00:00,12851.59
2026-05-22T06:45:00+00:00,12851.59
2026-05-22T07:00:00+00:00,12851.59
2026-05-22T07:00:00+00:00,12851.59
2026-05-22T07:00:00+00:00,12851.59
2026-05-22T07:15:00+00:00,12851.59
2026-05-22T07:15:00+00:00,12851.59
2026-05-22T07:15:00+00:00,12851.59
2026-05-22T07:30:00+00:00,12851.59
2026-05-22T07:30:00+00:00,12851.59
2026-05-22T07:30:00+00:00,12851.59
2026-05-22T07:45:00+00:00,12851.59
2026-05-22T07:45:00+00:00,12851.59
2026-05-22T07:45:00+00:00,12851.59
2026-05-22T08:00:00+00:00,12851.59
2026-05-22T08:00:00+00:00,12851.59
2026-05-22T08:00:00+00:00,12851.59
2026-05-22T08:15:00+00:00,12851.59
2026-05-22T08:15:00+00:00,12851.59
2026-05-22T08:15:00+00:00,12851.59
2026-05-22T08:30:00+00:00,12851.59
2026-05-22T08:30:00+00:00,12851.59
2026-05-22T08:30:00+00:00,12851.59
2026-05-22T08:45:00+00:00,12851.59
2026-05-22T08:45:00+00:00,12851.59
2026-05-22T08:45:00+00:00,12851.59
2026-05-22T09:00:00+00:00,12851.59
2026-05-22T09:00:00+00:00,12851.59
2026-05-22T09:00:00+00:00,12851.59
2026-05-22T09:15:00+00:00,12851.59
2026-05-22T09:15:00+00:00,12851.59
2026-05-22T09:15:00+00:00,12851.59
2026-05-22T09:30:00+00:00,12851.59
2026-05-22T09:30:00+00:00,12851.59
2026-05-22T09:30:00+00:00,12851.59
2026-05-22T09:45:00+00:00,12851.59
2026-05-22T09:45:00+00:00,12851.59
2026-05-22T09:45:00+00:00,12851.59
2026-05-22T10:00:00+00:00,12851.59
2026-05-22T10:00:00+00:00,12851.59
2026-05-22T10:00:00+00:00,12851.59
2026-05-22T10:15:00+00:00,12851.59
2026-05-22T10:15:00+00:00,12851.59
2026-05-22T10:15:00+00:00,12851.59
2026-05-22T10:30:00+00:00,12851.59
2026-05-22T10:30:00+00:00,12851.59
2026-05-22T10:30:00+00:00,12851.59
2026-05-22T10:45:00+00:00,12851.59
2026-05-22T10:45:00+00:00,12851.59
2026-05-22T10:45:00+00:00,12851.59
2026-05-22T11:00:00+00:00,12851.59
2026-05-22T11:00:00+00:00,12851.59
2026-05-22T11:00:00+00:00,12851.59
2026-05-22T11:15:00+00:00,12851.59
2026-05-22T11:15:00+00:00,12851.59
2026-05-22T11:15:00+00:00,12851.59
2026-05-22T11:30:00+00:00,12851.59
2026-05-22T11:30:00+00:00,12851.59
2026-05-22T11:30:00+00:00,12851.59
2026-05-22T11:45:00+00:00,12851.59
2026-05-22T11:45:00+00:00,12851.59
2026-05-22T11:45:00+00:00,12851.59
2026-05-22T12:00:00+00:00,12851.59
2026-05-22T12:00:00+00:00,12851.59
2026-05-22T12:00:00+00:00,12851.59
2026-05-22T12:15:00+00:00,12851.59
2026-05-22T12:15:00+00:00,12851.59
2026-05-22T12:15:00+00:00,12851.59
2026-05-22T12:30:00+00:00,12851.59
2026-05-22T12:30:00+00:00,12851.59
2026-05-22T12:30:00+00:00,12851.59
2026-05-22T12:45:00+00:00,12851.59
2026-05-22T12:45:00+00:00,12851.59
2026-05-22T12:45:00+00:00,12851.59
2026-05-22T13:00:00+00:00,12851.59
2026-05-22T13:00:00+00:00,12851.59
2026-05-22T13:00:00+00:00,12851.59
2026-05-22T13:15:00+00:00,12851.59
2026-05-22T13:15:00+00:00,12851.59
2026-05-22T13:15:00+00:00,12851.59
2026-05-22T13:30:00+00:00,12851.59
2026-05-22T13:30:00+00:00,12851.59
2026-05-22T13:30:00+00:00,12851.59
2026-05-22T13:45:00+00:00,12851.59
2026-05-22T13:45:00+00:00,12851.59
2026-05-22T13:45:00+00:00,12851.59
2026-05-22T14:00:00+00:00,12851.59
2026-05-22T14:00:00+00:00,12851.59
2026-05-22T14:00:00+00:00,12851.59
2026-05-22T14:15:00+00:00,12851.59
2026-05-22T14:15:00+00:00,12851.59
2026-05-22T14:15:00+00:00,12851.59
2026-05-22T14:30:00+00:00,12851.59
2026-05-22T14:30:00+00:00,12851.59
2026-05-22T14:30:00+00:00,12851.59
2026-05-22T14:45:00+00:00,12851.59
2026-05-22T14:45:00+00:00,12851.59
2026-05-22T14:45:00+00:00,12851.59
2026-05-22T15:00:00+00:00,12851.59
2026-05-22T15:00:00+00:00,12851.59
2026-05-22T15:00:00+00:00,12851.59
2026-05-22T15:15:00+00:00,12851.59
2026-05-22T15:15:00+00:00,12851.59
2026-05-22T15:15:00+00:00,12851.59
2026-05-22T15:30:00+00:00,12851.59
2026-05-22T15:30:00+00:00,12851.59
2026-05-22T15:30:00+00:00,12851.59
2026-05-22T15:45:00+00:00,12851.59
2026-05-22T15:45:00+00:00,12851.59
2026-05-22T15:45:00+00:00,12851.59
2026-05-22T16:00:00+00:00,12851.59
2026-05-22T16:00:00+00:00,12851.59
2026-05-22T16:00:00+00:00,12851.59
2026-05-22T16:15:00+00:00,12851.59
2026-05-22T16:15:00+00:00,12851.59
2026-05-22T16:15:00+00:00,12851.59
2026-05-22T16:30:00+00:00,12851.59
2026-05-22T16:30:00+00:00,12851.59
2026-05-22T16:30:00+00:00,12851.59
2026-05-22T16:45:00+00:00,12851.59
2026-05-22T16:45:00+00:00,12851.59
2026-05-22T16:45:00+00:00,12851.59
2026-05-22T17:00:00+00:00,12851.59
2026-05-22T17:00:00+00:00,12851.59
2026-05-22T17:00:00+00:00,12851.59
2026-05-22T17:15:00+00:00,12851.59
2026-05-22T17:15:00+00:00,12851.59
2026-05-22T17:15:00+00:00,12851.59
2026-05-22T17:30:00+00:00,12851.59
2026-05-22T17:30:00+00:00,12851.59
2026-05-22T17:30:00+00:00,12851.59
2026-05-22T17:45:00+00:00,12851.59
2026-05-22T17:45:00+00:00,12851.59
2026-05-22T17:45:00+00:00,12851.59
2026-05-22T18:00:00+00:00,12851.59
2026-05-22T18:00:00+00:00,12851.59
2026-05-22T18:00:00+00:00,12851.59
2026-05-22T18:15:00+00:00,12851.59
2026-05-22T18:15:00+00:00,12851.59
2026-05-22T18:15:00+00:00,12851.59
2026-05-22T18:30:00+00:00,12851.59
2026-05-22T18:30:00+00:00,12851.59
2026-05-22T18:30:00+00:00,12851.59
2026-05-22T18:45:00+00:00,12851.59
2026-05-22T18:45:00+00:00,12851.59
2026-05-22T18:45:00+00:00,12851.59
2026-05-22T19:00:00+00:00,12851.59
2026-05-22T19:00:00+00:00,12851.59
2026-05-22T19:00:00+00:00,12851.59
2026-05-22T19:15:00+00:00,12851.59
2026-05-22T19:15:00+00:00,12851.59
2026-05-22T19:15:00+00:00,12851.59
2026-05-22T19:30:00+00:00,12851.59
2026-05-22T19:30:00+00:00,12851.59
2026-05-22T19:30:00+00:00,12851.59
2026-05-22T19:45:00+00:00,12851.59
2026-05-22T19:45:00+00:00,12851.59
2026-05-22T19:45:00+00:00,12851.59
2026-05-22T20:00:00+00:00,12851.59
2026-05-22T20:00:00+00:00,12851.59
2026-05-22T20:00:00+00:00,12851.59
2026-05-22T20:15:00+00:00,12851.59
2026-05-22T20:15:00+00:00,12851.59
2026-05-22T20:15:00+00:00,12851.59
2026-05-22T20:30:00+00:00,12851.59
2026-05-22T20:30:00+00:00,12851.59
2026-05-22T20:30:00+00:00,12851.59
2026-05-22T20:45:00+00:00,12851.59
2026-05-22T20:45:00+00:00,12851.59
2026-05-22T20:45:00+00:00,12851.59
2026-05-22T21:00:00+00:00,12851.59
2026-05-22T21:00:00+00:00,12851.59
2026-05-22T21:00:00+00:00,12851.59
2026-05-22T21:15:00+00:00,12851.59
2026-05-22T21:15:00+00:00,12851.59
2026-05-22T21:15:00+00:00,12851.59
2026-05-22T21:30:00+00:00,12851.59
2026-05-22T21:30:00+00:00,12851.59
2026-05-22T21:30:00+00:00,12851.59
2026-05-22T21:45:00+00:00,12851.59
2026-05-22T21:45:00+00:00,12851.59
2026-05-22T21:45:00+00:00,12851.59
2026-05-22T22:00:00+00:00,12851.59
2026-05-22T22:00:00+00:00,12851.59
2026-05-22T22:00:00+00:00,12851.59
2026-05-22T22:15:00+00:00,12851.59
2026-05-22T22:15:00+00:00,12851.59
2026-05-22T22:15:00+00:00,12851.59
2026-05-22T22:30:00+00:00,12851.59
2026-05-22T22:30:00+00:00,12851.59
2026-05-22T22:30:00+00:00,12851.59
2026-05-22T22:45:00+00:00,12851.59
2026-05-22T22:45:00+00:00,12851.59
2026-05-22T22:45:00+00:00,12851.59
2026-05-22T23:00:00+00:00,12851.59
2026-05-22T23:00:00+00:00,12851.59
2026-05-22T23:00:00+00:00,12851.59
2026-05-22T23:15:00+00:00,12851.59
2026-05-22T23:15:00+00:00,12851.59
2026-05-22T23:15:00+00:00,12851.59
2026-05-22T23:30:00+00:00,12851.59
2026-05-22T23:30:00+00:00,12851.59
2026-05-22T23:30:00+00:00,12851.59
2026-05-22T23:45:00+00:00,12851.59
2026-05-22T23:45:00+00:00,12851.59
2026-05-22T23:45:00+00:00,12851.59
2026-05-23T00:00:00+00:00,12851.59
2026-05-23T00:00:00+00:00,12851.59
2026-05-23T00:00:00+00:00,12851.59
2026-05-23T00:15:00+00:00,12851.59
2026-05-23T00:15:00+00:00,12851.59
2026-05-23T00:15:00+00:00,12851.59
2026-05-23T00:30:00+00:00,12851.59
2026-05-23T00:30:00+00:00,12851.59
2026-05-23T00:30:00+00:00,12851.59
2026-05-23T00:45:00+00:00,12851.59
2026-05-23T00:45:00+00:00,12851.59
2026-05-23T00:45:00+00:00,12851.59
2026-05-23T01:00:00+00:00,12851.59
2026-05-23T01:00:00+00:00,12851.59
2026-05-23T01:00:00+00:00,12851.59
2026-05-23T01:15:00+00:00,12851.59
2026-05-23T01:15:00+00:00,12851.59
2026-05-23T01:15:00+00:00,12851.59
2026-05-23T01:30:00+00:00,12851.59
2026-05-23T01:30:00+00:00,12851.59
2026-05-23T01:30:00+00:00,12851.59
2026-05-23T01:45:00+00:00,12851.59
2026-05-23T01:45:00+00:00,12851.59
2026-05-23T01:45:00+00:00,12851.59
2026-05-23T02:00:00+00:00,12851.59
2026-05-23T02:00:00+00:00,12851.59
2026-05-23T02:00:00+00:00,12851.59
2026-05-23T02:15:00+00:00,12851.59
2026-05-23T02:15:00+00:00,12851.59
2026-05-23T02:15:00+00:00,12851.59
2026-05-23T02:30:00+00:00,12851.59
2026-05-23T02:30:00+00:00,12851.59
2026-05-23T02:30:00+00:00,12851.59
2026-05-23T02:45:00+00:00,12851.59
2026-05-23T02:45:00+00:00,12851.59
2026-05-23T02:45:00+00:00,12851.59
2026-05-23T03:00:00+00:00,12851.59
2026-05-23T03:00:00+00:00,12851.59
2026-05-23T03:00:00+00:00,12851.59
2026-05-23T03:15:00+00:00,12851.59
2026-05-23T03:15:00+00:00,12851.59
2026-05-23T03:15:00+00:00,12851.59
2026-05-23T03:30:00+00:00,12851.59
2026-05-23T03:30:00+00:00,12851.59
2026-05-23T03:30:00+00:00,12851.59
2026-05-23T03:45:00+00:00,12851.59
2026-05-23T03:45:00+00:00,12851.59
2026-05-23T03:45:00+00:00,12851.59
2026-05-23T04:00:00+00:00,12851.59
2026-05-23T04:00:00+00:00,12851.59
2026-05-23T04:00:00+00:00,12851.59
2026-05-23T04:15:00+00:00,12851.59
2026-05-23T04:15:00+00:00,12851.59
2026-05-23T04:15:00+00:00,12851.59
2026-05-23T04:30:00+00:00,12851.59
2026-05-23T04:30:00+00:00,12851.59
2026-05-23T04:30:00+00:00,12851.59
2026-05-23T04:45:00+00:00,12851.59
2026-05-23T04:45:00+00:00,12851.59
2026-05-23T04:45:00+00:00,12851.59
2026-05-23T05:00:00+00:00,12851.59
2026-05-23T05:00:00+00:00,12851.59
2026-05-23T05:00:00+00:00,12851.59
2026-05-23T05:15:00+00:00,12851.59
2026-05-23T05:15:00+00:00,12851.59
2026-05-23T05:15:00+00:00,12851.59
2026-05-23T05:30:00+00:00,12851.59
2026-05-23T05:30:00+00:00,12851.59
2026-05-23T05:30:00+00:00,12851.59
2026-05-23T05:45:00+00:00,12851.59
2026-05-23T05:45:00+00:00,12851.59
2026-05-23T05:45:00+00:00,12851.59
2026-05-23T06:00:00+00:00,12851.59
2026-05-23T06:00:00+00:00,12851.59
2026-05-23T06:00:00+00:00,12851.59
2026-05-23T06:15:00+00:00,12851.59
2026-05-23T06:15:00+00:00,12851.59
2026-05-23T06:15:00+00:00,12851.59
2026-05-23T06:30:00+00:00,12851.59
2026-05-23T06:30:00+00:00,12851.59
2026-05-23T06:30:00+00:00,12851.59
2026-05-23T06:45:00+00:00,12851.59
2026-05-23T06:45:00+00:00,12851.59
2026-05-23T06:45:00+00:00,12851.59
2026-05-23T07:00:00+00:00,12851.59
2026-05-23T07:00:00+00:00,12851.59
2026-05-23T07:00:00+00:00,12851.59
2026-05-23T07:15:00+00:00,12851.59
2026-05-23T07:15:00+00:00,12851.59
2026-05-23T07:15:00+00:00,12851.59
2026-05-23T07:30:00+00:00,12851.59
2026-05-23T07:30:00+00:00,12851.59
2026-05-23T07:30:00+00:00,12851.59
2026-05-23T07:45:00+00:00,12851.59
2026-05-23T07:45:00+00:00,12851.59
2026-05-23T07:45:00+00:00,12851.59
2026-05-23T08:00:00+00:00,12851.59
2026-05-23T08:00:00+00:00,12851.59
2026-05-23T08:00:00+00:00,12851.59
2026-05-23T08:15:00+00:00,12851.59
2026-05-23T08:15:00+00:00,12851.59
2026-05-23T08:15:00+00:00,12851.59
2026-05-23T08:30:00+00:00,12851.59
2026-05-23T08:30:00+00:00,12851.59
2026-05-23T08:30:00+00:00,12851.59
2026-05-23T08:45:00+00:00,12851.59
2026-05-23T08:45:00+00:00,12851.59
2026-05-23T08:45:00+00:00,12851.59
2026-05-23T09:00:00+00:00,12851.59
2026-05-23T09:00:00+00:00,12851.59
2026-05-23T09:00:00+00:00,12851.59
2026-05-23T09:15:00+00:00,12851.59
2026-05-23T09:15:00+00:00,12851.59
2026-05-23T09:15:00+00:00,12851.59
2026-05-23T09:30:00+00:00,12851.59
2026-05-23T09:30:00+00:00,12851.59
2026-05-23T09:30:00+00:00,12851.59
2026-05-23T09:45:00+00:00,12851.59
2026-05-23T09:45:00+00:00,12851.59
2026-05-23T09:45:00+00:00,12851.59
2026-05-23T10:00:00+00:00,12851.59
2026-05-23T10:00:00+00:00,12851.59
2026-05-23T10:00:00+00:00,12851.59
2026-05-23T10:15:00+00:00,12851.59
2026-05-23T10:15:00+00:00,12851.59
2026-05-23T10:15:00+00:00,12851.59
2026-05-23T10:30:00+00:00,12851.59
2026-05-23T10:30:00+00:00,12851.59
2026-05-23T10:30:00+00:00,12851.59
2026-05-23T10:45:00+00:00,12851.59
2026-05-23T10:45:00+00:00,12851.59
2026-05-23T10:45:00+00:00,12851.59
2026-05-23T11:00:00+00:00,12851.59
2026-05-23T11:00:00+00:00,12851.59
2026-05-23T11:00:00+00:00,12851.59
2026-05-23T11:15:00+00:00,12851.59
2026-05-23T11:15:00+00:00,12851.59
2026-05-23T11:15:00+00:00,12851.59
2026-05-23T11:30:00+00:00,12851.59
2026-05-23T11:30:00+00:00,12851.59
2026-05-23T11:30:00+00:00,12851.59
2026-05-23T11:45:00+00:00,12851.59
2026-05-23T11:45:00+00:00,12851.59
2026-05-23T11:45:00+00:00,12851.59
2026-05-23T12:00:00+00:00,12851.59
2026-05-23T12:00:00+00:00,12851.59
2026-05-23T12:00:00+00:00,12851.59
2026-05-23T12:15:00+00:00,12851.59
2026-05-23T12:15:00+00:00,12851.59
2026-05-23T12:15:00+00:00,12851.59
2026-05-23T12:30:00+00:00,12851.59
2026-05-23T12:30:00+00:00,12851.59
2026-05-23T12:30:00+00:00,12851.59
2026-05-23T12:45:00+00:00,12851.59
2026-05-23T12:45:00+00:00,12851.59
2026-05-23T12:45:00+00:00,12851.59
2026-05-23T13:00:00+00:00,12851.59
2026-05-23T13:00:00+00:00,12851.59
2026-05-23T13:00:00+00:00,12851.59
2026-05-23T13:15:00+00:00,12851.59
2026-05-23T13:15:00+00:00,12851.59
2026-05-23T13:15:00+00:00,12851.59
2026-05-23T13:30:00+00:00,12851.59
2026-05-23T13:30:00+00:00,12851.59
2026-05-23T13:30:00+00:00,12851.59
2026-05-23T13:45:00+00:00,12851.59
2026-05-23T13:45:00+00:00,12851.59
2026-05-23T13:45:00+00:00,12851.59
2026-05-23T14:00:00+00:00,12851.59
2026-05-23T14:00:00+00:00,12851.59
2026-05-23T14:00:00+00:00,12851.59
2026-05-23T14:15:00+00:00,12851.59
2026-05-23T14:15:00+00:00,12851.59
2026-05-23T14:15:00+00:00,12851.59
2026-05-23T14:30:00+00:00,12851.59
2026-05-23T14:30:00+00:00,12851.59
2026-05-23T14:30:00+00:00,12851.59
2026-05-23T14:45:00+00:00,12851.59
2026-05-23T14:45:00+00:00,12851.59
2026-05-23T14:45:00+00:00,12851.59
2026-05-23T15:00:00+00:00,12851.59
2026-05-23T15:00:00+00:00,12851.59
2026-05-23T15:00:00+00:00,12851.59
2026-05-23T15:15:00+00:00,12851.59
2026-05-23T15:15:00+00:00,12851.59
2026-05-23T15:15:00+00:00,12851.59
2026-05-23T15:30:00+00:00,12851.59
2026-05-23T15:30:00+00:00,12851.59
2026-05-23T15:30:00+00:00,12851.59
2026-05-23T15:45:00+00:00,12851.59
2026-05-23T15:45:00+00:00,12851.59
2026-05-23T15:45:00+00:00,12851.59
2026-05-23T16:00:00+00:00,12851.59
2026-05-23T16:00:00+00:00,12851.59
2026-05-23T16:00:00+00:00,12851.59
2026-05-23T16:15:00+00:00,12851.59
2026-05-23T16:15:00+00:00,12851.59
2026-05-23T16:15:00+00:00,12851.59
2026-05-23T16:30:00+00:00,12851.59
2026-05-23T16:30:00+00:00,12851.59
2026-05-23T16:30:00+00:00,12851.59
2026-05-23T16:45:00+00:00,12851.59
2026-05-23T16:45:00+00:00,12851.59
2026-05-23T16:45:00+00:00,12851.59
2026-05-23T17:00:00+00:00,12851.59
2026-05-23T17:00:00+00:00,12851.59
2026-05-23T17:00:00+00:00,12851.59
2026-05-23T17:15:00+00:00,12851.59
2026-05-23T17:15:00+00:00,12851.59
2026-05-23T17:15:00+00:00,12851.59
2026-05-23T17:30:00+00:00,12851.59
2026-05-23T17:30:00+00:00,12851.59
2026-05-23T17:30:00+00:00,12851.59
2026-05-23T17:45:00+00:00,12851.59
2026-05-23T17:45:00+00:00,12851.59
2026-05-23T17:45:00+00:00,12851.59
2026-05-23T18:00:00+00:00,12851.59
2026-05-23T18:00:00+00:00,12851.59
2026-05-23T18:00:00+00:00,12851.59
2026-05-23T18:15:00+00:00,12851.59
2026-05-23T18:15:00+00:00,12851.59
2026-05-23T18:15:00+00:00,12851.59
2026-05-23T18:30:00+00:00,12851.59
2026-05-23T18:30:00+00:00,12851.59
2026-05-23T18:30:00+00:00,12851.59
2026-05-23T18:45:00+00:00,12851.59
2026-05-23T18:45:00+00:00,12851.59
2026-05-23T18:45:00+00:00,12851.59
2026-05-23T19:00:00+00:00,12851.59
2026-05-23T19:00:00+00:00,12851.59
2026-05-23T19:00:00+00:00,12851.59
2026-05-23T19:15:00+00:00,12851.59
2026-05-23T19:15:00+00:00,12851.59
2026-05-23T19:15:00+00:00,12851.59
2026-05-23T19:30:00+00:00,12851.59
2026-05-23T19:30:00+00:00,12851.59
2026-05-23T19:30:00+00:00,12851.59
2026-05-23T19:45:00+00:00,12851.59
2026-05-23T19:45:00+00:00,12851.59
2026-05-23T19:45:00+00:00,12851.59
2026-05-23T20:00:00+00:00,12851.59
2026-05-23T20:00:00+00:00,12851.59
2026-05-23T20:00:00+00:00,12851.59
2026-05-23T20:15:00+00:00,12851.59
2026-05-23T20:15:00+00:00,12851.59
2026-05-23T20:15:00+00:00,12851.59
2026-05-23T20:30:00+00:00,12851.59
2026-05-23T20:30:00+00:00,12851.59
2026-05-23T20:30:00+00:00,12851.59
2026-05-23T20:45:00+00:00,12851.59
2026-05-23T20:45:00+00:00,12851.59
2026-05-23T20:45:00+00:00,12851.59
2026-05-23T21:00:00+00:00,12851.59
2026-05-23T21:00:00+00:00,12851.59
2026-05-23T21:00:00+00:00,12851.59
2026-05-23T21:15:00+00:00,12851.59
2026-05-23T21:15:00+00:00,12851.59
2026-05-23T21:15:00+00:00,12851.59
2026-05-23T21:30:00+00:00,12851.59
2026-05-23T21:30:00+00:00,12851.59
2026-05-23T21:30:00+00:00,12851.59
2026-05-23T21:45:00+00:00,12851.59
2026-05-23T21:45:00+00:00,12851.59
2026-05-23T21:45:00+00:00,12851.59
2026-05-23T22:00:00+00:00,12851.59
2026-05-23T22:00:00+00:00,12851.59
2026-05-23T22:00:00+00:00,12851.59
2026-05-23T22:15:00+00:00,12851.59
2026-05-23T22:15:00+00:00,12851.59
2026-05-23T22:15:00+00:00,12851.59
2026-05-23T22:30:00+00:00,12851.59
2026-05-23T22:30:00+00:00,12851.59
2026-05-23T22:30:00+00:00,12851.59
2026-05-23T22:45:00+00:00,12851.59
2026-05-23T22:45:00+00:00,12851.59
2026-05-23T22:45:00+00:00,12851.59
2026-05-23T23:00:00+00:00,12851.59
2026-05-23T23:00:00+00:00,12851.59
2026-05-23T23:00:00+00:00,12851.59
2026-05-23T23:15:00+00:00,12851.59
2026-05-23T23:15:00+00:00,12851.59
2026-05-23T23:15:00+00:00,12851.59
2026-05-23T23:30:00+00:00,12851.59
2026-05-23T23:30:00+00:00,12851.59
2026-05-23T23:30:00+00:00,12851.59
2026-05-23T23:45:00+00:00,12851.59
2026-05-23T23:45:00+00:00,12851.59
2026-05-23T23:45:00+00:00,12851.59
