{
  "accepted": [],
  "rejected": [],
  "final_score": 0.8031430651705782,
  "base_score": 0.8031430651705782,
  "rounds": 1,
  "elapsed_seconds": 16.10470414161682
}