{
  "accepted": [],
  "rejected": [],
  "final_score": 0.7932293052240618,
  "base_score": 0.7932293052240618,
  "rounds": 1,
  "elapsed_seconds": 18.303414344787598
}