{
  "accepted": [],
  "rejected": [],
  "final_score": 0.8250532253282759,
  "base_score": 0.8250532253282759,
  "rounds": 1,
  "elapsed_seconds": 13.53022050857544
}