{
  "round": 3,
  "output_dir": "C:\\Users\\sehyu\\Documents\\Other\\Projects\\crypto_trader\\output\\trend\\round_3",
  "completed_phases": [
    1,
    2,
    3,
    4,
    5,
    6
  ],
  "baseline_score": 0.7393303359244823,
  "baseline_metrics": {
    "net_profit": 3319.248500002326,
    "net_return_pct": 33.19248500002326,
    "realized_pnl_net": 3319.2485000023134,
    "terminal_mark_pnl_net": 0.0,
    "terminal_mark_count": 0.0,
    "total_trades": 43.0,
    "win_rate": 55.81395348837209,
    "avg_winner_r": 0.9572697689385418,
    "avg_loser_r": -0.3277399762787677,
    "expectancy_r": 0.3894747652378701,
    "profit_factor": 3.2814176915555637,
    "max_drawdown_pct": 5.7460528950946665,
    "max_drawdown_duration": 4508.0,
    "sharpe_ratio": 5.747288891103925,
    "sortino_ratio": 13.982473604391648,
    "calmar_ratio": 5.776571431905764,
    "avg_bars_held": 17.627906976744185,
    "avg_mae_r": -0.2951015901709907,
    "avg_mfe_r": 1.0658687146841175,
    "exit_efficiency": 0.5656874103740764,
    "a_setup_win_rate": 100.0,
    "b_setup_win_rate": 54.761904761904766,
    "long_win_rate": 53.333333333333336,
    "short_win_rate": 61.53846153846154,
    "funding_cost_total": 11.264019762985251,
    "edge_ratio": 3.611870454735677,
    "payoff_ratio": 2.5977890058148216,
    "recovery_factor": 5.776571431905764,
    "max_consecutive_losses": 4.0
  },
  "mutations": {
    "symbol_filter.btc_direction": "long_only",
    "entry.mode": "confirm_preferred",
    "confirmation.require_volume_confirm": true,
    "confirmation.enforce_volume_on_trigger": true,
    "confirmation.volume_threshold_mult": 1.05,
    "setup.orderly_max_countertrend_volume_ratio": 1.0,
    "setup.orderly_max_body_frac": 0.9,
    "setup.pullback_max_bars": 18,
    "regime.h1_min_adx": 20.0
  },
  "final_metrics": {
    "net_profit": 4128.57212085573,
    "net_return_pct": 41.2857212085573,
    "realized_pnl_net": 4128.572120855769,
    "terminal_mark_pnl_net": 0.0,
    "terminal_mark_count": 0.0,
    "total_trades": 43.0,
    "win_rate": 58.139534883720934,
    "avg_winner_r": 0.9857074200288296,
    "avg_loser_r": -0.2770528046839887,
    "expectancy_r": 0.4571101166606731,
    "profit_factor": 4.449750235347399,
    "max_drawdown_pct": 4.271713124764525,
    "max_drawdown_duration": 3229.0,
    "sharpe_ratio": 6.552150392285775,
    "sortino_ratio": 19.95481420867744,
    "calmar_ratio": 9.664909604816485,
    "avg_bars_held": 18.372093023255815,
    "avg_mae_r": -0.3032317371032841,
    "avg_mfe_r": 1.129501528916304,
    "exit_efficiency": 0.5690948990513928,
    "a_setup_win_rate": 100.0,
    "b_setup_win_rate": 57.14285714285714,
    "long_win_rate": 56.666666666666664,
    "short_win_rate": 61.53846153846154,
    "funding_cost_total": 11.660590646030915,
    "edge_ratio": 3.72487899751596,
    "payoff_ratio": 3.203820169450128,
    "recovery_factor": 9.664909604816485,
    "max_consecutive_losses": 4.0
  },
  "measurement_start": "2026-02-25",
  "measurement_end": "2026-04-20"
}