{
  "accepted": [
    "tp1_025_trail_009"
  ],
  "rejected": [
    "tp1_frac_025",
    "tp1_frac_035",
    "tp1_frac_040",
    "trail_tight_009",
    "trail_tight_095",
    "tp1_040_trail_009",
    "quick_exit_on"
  ],
  "final_score": 0.7361446106058224,
  "base_score": 0.6745201352843322,
  "rounds": 2,
  "elapsed_seconds": 0.0
}