{
  "accepted": [
    "scratch_plus_reduce"
  ],
  "rejected": [],
  "final_score": 0.7921807391720943,
  "base_score": 0.7598335546660965,
  "rounds": 2,
  "elapsed_seconds": 25.319639205932617
}