{
  "accepted": [],
  "rejected": [],
  "final_score": 0.8361981027292837,
  "base_score": 0.8361981027292837,
  "rounds": 1,
  "elapsed_seconds": 13.855547904968262
}