{
  "accepted": [
    "strict_orderly"
  ],
  "rejected": [
    "weighted_score_tight",
    "strict_quality_bundle"
  ],
  "final_score": 0.7978581741432245,
  "base_score": 0.6003556800615231,
  "rounds": 1,
  "elapsed_seconds": 16.00055766105652
}