{
  "accepted": [
    "trail_tight_0_2"
  ],
  "rejected": [],
  "final_score": 0.8259217574638248,
  "base_score": 0.8161300567028044,
  "rounds": 2,
  "elapsed_seconds": 33.31521153450012
}