{
  "round": 2,
  "output_dir": "C:\\Users\\sehyu\\Documents\\Other\\Projects\\crypto_trader\\output\\trend\\round_2",
  "completed_phases": [
    1,
    2,
    3,
    4,
    5,
    6
  ],
  "baseline_score": 0.6056556071581958,
  "baseline_metrics": {
    "net_profit": 2102.4908034668406,
    "net_return_pct": 21.024908034668403,
    "realized_pnl_net": 2102.490803466849,
    "terminal_mark_pnl_net": 0.0,
    "terminal_mark_count": 0.0,
    "total_trades": 87.0,
    "win_rate": 54.02298850574713,
    "avg_winner_r": 0.756600216099567,
    "avg_loser_r": -0.5358154600937051,
    "expectancy_r": 0.16238611210266024,
    "profit_factor": 1.4011137597763723,
    "max_drawdown_pct": 11.058319232831975,
    "max_drawdown_duration": 4562.0,
    "sharpe_ratio": 2.830142671581567,
    "sortino_ratio": 5.853477765935062,
    "calmar_ratio": 1.90127519309135,
    "avg_bars_held": 13.873563218390805,
    "avg_mae_r": -0.3826057680279017,
    "avg_mfe_r": 0.8547356685193035,
    "exit_efficiency": 0.4903571878404255,
    "a_setup_win_rate": 0.0,
    "b_setup_win_rate": 54.02298850574713,
    "long_win_rate": 50.0,
    "short_win_rate": 60.0,
    "funding_cost_total": -5.240129723661261,
    "edge_ratio": 2.233985318425653,
    "payoff_ratio": 1.1924372423628702,
    "recovery_factor": 1.90127519309135,
    "max_consecutive_losses": 7.0
  },
  "mutations": {
    "setup.strict_orderly_pullback": true,
    "exits.scratch_exit_enabled": true,
    "exits.scratch_peak_r": 0.25,
    "exits.scratch_floor_r": 0.0,
    "exits.scratch_min_bars": 4,
    "exits.time_stop_bars": 12,
    "exits.time_stop_action": "reduce",
    "exits.time_stop_min_progress_r": 0.2,
    "trail.trail_buffer_tight": 0.2
  },
  "final_metrics": {
    "net_profit": 3237.5300648046705,
    "net_return_pct": 32.375300648046704,
    "realized_pnl_net": 3237.5300648046696,
    "terminal_mark_pnl_net": 0.0,
    "terminal_mark_count": 0.0,
    "total_trades": 53.0,
    "win_rate": 50.943396226415096,
    "avg_winner_r": 0.9103043606770455,
    "avg_loser_r": -0.3198191127038428,
    "expectancy_r": 0.30684756241472294,
    "profit_factor": 2.676235240547323,
    "max_drawdown_pct": 6.458861354769637,
    "max_drawdown_duration": 4489.0,
    "sharpe_ratio": 5.1604573351984975,
    "sortino_ratio": 10.758586918651226,
    "calmar_ratio": 5.0125399617285025,
    "avg_bars_held": 16.169811320754718,
    "avg_mae_r": -0.29005475921887397,
    "avg_mfe_r": 0.9259010653231371,
    "exit_efficiency": 0.6426164677979057,
    "a_setup_win_rate": 0.0,
    "b_setup_win_rate": 50.943396226415096,
    "long_win_rate": 47.22222222222222,
    "short_win_rate": 58.82352941176471,
    "funding_cost_total": 5.834362060307974,
    "edge_ratio": 3.192159535036129,
    "payoff_ratio": 2.5771154168233483,
    "recovery_factor": 5.0125399617285025,
    "max_consecutive_losses": 4.0
  },
  "measurement_start": "2026-02-25",
  "measurement_end": "2026-04-20"
}
