{
  "current_phase": 2,
  "completed_phases": [
    1
  ],
  "cumulative_mutations": {
    "profile.lookback_bars": 36,
    "risk.risk_pct_b": 0.02645
  },
  "phase_metrics": {
    "1": {
      "net_profit": 363.4391568542451,
      "net_return_pct": 3.634391568542451,
      "realized_pnl_net": 363.43915685424065,
      "terminal_mark_pnl_net": 0.0,
      "terminal_mark_count": 0.0,
      "total_trades": 20.0,
      "win_rate": 65.0,
      "avg_winner_r": 0.512157373770042,
      "avg_loser_r": -0.6350837362300029,
      "expectancy_r": 0.11062298527002627,
      "profit_factor": 1.348578913049355,
      "max_drawdown_pct": 6.934357645132895,
      "max_drawdown_duration": 6758.0,
      "sharpe_ratio": 0.985316391065154,
      "sortino_ratio": 0.6687611868577868,
      "calmar_ratio": 0.5241136604907258,
      "avg_bars_held": 5.5,
      "avg_mae_r": -0.3577598032331714,
      "avg_mfe_r": 0.7420782047392721,
      "exit_efficiency": 0.46849821027663285,
      "a_setup_win_rate": 75.0,
      "b_setup_win_rate": 62.5,
      "long_win_rate": 60.0,
      "short_win_rate": 70.0,
      "funding_cost_total": -1.291157886087143,
      "edge_ratio": 2.0742358365386835,
      "payoff_ratio": 0.7261578762573451,
      "recovery_factor": 0.5241136604907258,
      "max_consecutive_losses": 3.0
    }
  },
  "round_name": "",
  "scoring_retries": {},
  "diagnostic_retries": {},
  "retry_count": {},
  "phase_results": {
    "1": {
      "focus": "Return + Frequency Union",
      "base_mutations": {},
      "final_mutations": {
        "profile.lookback_bars": 36,
        "risk.risk_pct_b": 0.02645
      },
      "base_score": 0.31460300222296517,
      "final_score": 0.5959478948510505,
      "kept_features": [
        "profile__lookback_bars__36",
        "risk__risk_pct_b__0_02645"
      ],
      "rounds": [
        {
          "round_num": 1,
          "best_name": "profile__lookback_bars__36",
          "best_score": 0.4756339220012215,
          "kept": true
        },
        {
          "round_num": 2,
          "best_name": "risk__risk_pct_b__0_02645",
          "best_score": 0.5959478948510505,
          "kept": true
        }
      ],
      "final_metrics": {
        "net_profit": 363.4391568542451,
        "net_return_pct": 3.634391568542451,
        "realized_pnl_net": 363.43915685424065,
        "terminal_mark_pnl_net": 0.0,
        "terminal_mark_count": 0.0,
        "total_trades": 20.0,
        "win_rate": 65.0,
        "avg_winner_r": 0.512157373770042,
        "avg_loser_r": -0.6350837362300029,
        "expectancy_r": 0.11062298527002627,
        "profit_factor": 1.348578913049355,
        "max_drawdown_pct": 6.934357645132895,
        "max_drawdown_duration": 6758.0,
        "sharpe_ratio": 0.985316391065154,
        "sortino_ratio": 0.6687611868577868,
        "calmar_ratio": 0.5241136604907258,
        "avg_bars_held": 5.5,
        "avg_mae_r": -0.3577598032331714,
        "avg_mfe_r": 0.7420782047392721,
        "exit_efficiency": 0.46849821027663285,
        "a_setup_win_rate": 75.0,
        "b_setup_win_rate": 62.5,
        "long_win_rate": 60.0,
        "short_win_rate": 70.0,
        "funding_cost_total": -1.291157886087143,
        "edge_ratio": 2.0742358365386835,
        "payoff_ratio": 0.7261578762573451,
        "recovery_factor": 0.5241136604907258,
        "max_consecutive_losses": 3.0
      },
      "accepted_count": 2,
      "new_mutations": {
        "profile.lookback_bars": 36,
        "risk.risk_pct_b": 0.02645
      },
      "suggested_experiments": []
    }
  },
  "phase_gate_results": {
    "1": {
      "passed": true,
      "failure_reasons": [],
      "failure_category": null
    }
  },
  "phase_timestamps": {
    "1": {
      "started": "2026-04-21T02:48:17.501442+00:00",
      "completed": "2026-04-21T02:52:59.365228+00:00"
    }
  }
}